Time,Driver,DriverNumber,LapNumber,LapTime,Sector1Time,Sector2Time,Sector3Time,Stint,Compound,TyreLife,FreshTyre,Team,TrackStatus,Position,IsAccurate,SpeedI1,SpeedI2,SpeedFL,SpeedST,PitOutTime,PitInTime,Deleted,DeletedReason,FastF1Generated
3486.903,GAS,10,1.0,102.591,,30.332,42.559,1.0,MEDIUM,1.0,True,Alpine,12,5.0,False,283.0,265.0,272.0,337.0,,,False,,False
3585.82,GAS,10,2.0,98.917,26.232,30.273,42.412,1.0,MEDIUM,2.0,True,Alpine,1,5.0,True,275.0,261.0,268.0,320.0,,,False,,False
3684.743,GAS,10,3.0,98.923,26.327,30.046,42.55,1.0,MEDIUM,3.0,True,Alpine,1,5.0,True,272.0,261.0,265.0,314.0,,,False,,False
3783.46,GAS,10,4.0,98.717,26.278,29.879,42.56,1.0,MEDIUM,4.0,True,Alpine,1,5.0,True,274.0,260.0,269.0,314.0,,,False,,False
3881.934,GAS,10,5.0,98.474,26.142,29.826,42.506,1.0,MEDIUM,5.0,True,Alpine,1,5.0,True,272.0,259.0,269.0,312.0,,,False,,False
3980.232,GAS,10,6.0,98.298,26.134,29.798,42.366,1.0,MEDIUM,6.0,True,Alpine,1,5.0,True,272.0,262.0,271.0,314.0,,,False,,False
4078.867,GAS,10,7.0,98.635,26.039,30.089,42.507,1.0,MEDIUM,7.0,True,Alpine,1,5.0,True,272.0,258.0,268.0,313.0,,,False,,False
4177.294,GAS,10,8.0,98.427,26.03,29.874,42.523,1.0,MEDIUM,8.0,True,Alpine,1,5.0,True,272.0,258.0,267.0,312.0,,,False,,False
4275.903,GAS,10,9.0,98.609,26.192,29.903,42.514,1.0,MEDIUM,9.0,True,Alpine,1,5.0,True,272.0,257.0,268.0,311.0,,,False,,False
4388.897,GAS,10,10.0,112.994,26.099,29.86,57.035,1.0,MEDIUM,10.0,True,Alpine,124,5.0,False,271.0,258.0,,215.0,,4387.031,False,,False
4547.651,GAS,10,11.0,,54.68,40.781,63.178,2.0,HARD,1.0,True,Alpine,4,9.0,False,238.0,221.0,203.0,257.0,4410.471,,False,,False
4697.634,GAS,10,12.0,,42.739,44.215,63.121,2.0,HARD,2.0,True,Alpine,4,9.0,False,207.0,200.0,157.0,154.0,,,False,,False
4843.193,GAS,10,13.0,145.559,36.457,45.437,63.665,2.0,HARD,3.0,True,Alpine,41,9.0,False,207.0,183.0,250.0,184.0,,,False,,False
4943.601,GAS,10,14.0,100.408,27.047,30.627,42.734,2.0,HARD,4.0,True,Alpine,1,10.0,True,279.0,264.0,266.0,328.0,,,False,,False
5042.484,GAS,10,15.0,98.883,26.131,30.252,42.5,2.0,HARD,5.0,True,Alpine,1,10.0,True,282.0,272.0,268.0,353.0,,,False,,False
5141.128,GAS,10,16.0,98.644,26.058,30.253,42.333,2.0,HARD,6.0,True,Alpine,1,9.0,True,287.0,270.0,274.0,338.0,,,False,,False
5239.366,GAS,10,17.0,98.238,25.803,30.3,42.135,2.0,HARD,7.0,True,Alpine,1,8.0,True,286.0,269.0,271.0,337.0,,,False,,False
5336.959,GAS,10,18.0,97.593,25.714,29.545,42.334,2.0,HARD,8.0,True,Alpine,12,8.0,True,282.0,263.0,255.0,343.0,,,False,,False
5436.284,GAS,10,19.0,99.325,26.154,30.545,42.626,2.0,HARD,9.0,True,Alpine,1,8.0,True,280.0,259.0,271.0,327.0,,,False,,False
5535.788,GAS,10,20.0,99.504,27.158,30.103,42.243,2.0,HARD,10.0,True,Alpine,1,9.0,True,280.0,266.0,273.0,332.0,,,False,,False
5634.996,GAS,10,21.0,99.208,26.059,30.115,43.034,2.0,HARD,11.0,True,Alpine,1,9.0,True,284.0,272.0,248.0,343.0,,,False,,False
5734.334,GAS,10,22.0,99.338,26.564,30.393,42.381,2.0,HARD,12.0,True,Alpine,1,10.0,True,277.0,268.0,274.0,333.0,,,False,,False
5832.401,GAS,10,23.0,98.067,25.759,30.001,42.307,2.0,HARD,13.0,True,Alpine,1,9.0,True,291.0,269.0,273.0,328.0,,,False,,False
5930.774,GAS,10,24.0,98.373,25.781,29.894,42.698,2.0,HARD,14.0,True,Alpine,1,9.0,True,283.0,269.0,267.0,336.0,,,False,,False
6029.342,GAS,10,25.0,98.568,26.28,30.069,42.219,2.0,HARD,15.0,True,Alpine,1,9.0,True,280.0,265.0,276.0,335.0,,,False,,False
6127.162,GAS,10,26.0,97.82,25.953,29.802,42.065,2.0,HARD,16.0,True,Alpine,1,9.0,True,280.0,270.0,274.0,333.0,,,False,,False
6225.325,GAS,10,27.0,98.163,25.744,29.934,42.485,2.0,HARD,17.0,True,Alpine,12,9.0,True,286.0,270.0,271.0,332.0,,,False,,False
6323.55,GAS,10,28.0,98.225,25.886,29.866,42.473,2.0,HARD,18.0,True,Alpine,21,8.0,True,284.0,269.0,268.0,335.0,,,False,,False
6421.116,GAS,10,29.0,97.566,25.857,29.475,42.234,2.0,HARD,19.0,True,Alpine,1,7.0,True,273.0,258.0,271.0,312.0,,,False,,False
6519.248,GAS,10,30.0,98.132,25.679,29.518,42.935,2.0,HARD,20.0,True,Alpine,1,7.0,True,272.0,260.0,270.0,311.0,,,False,,False
6616.882,GAS,10,31.0,97.634,25.811,29.447,42.376,2.0,HARD,21.0,True,Alpine,1,7.0,True,273.0,259.0,270.0,309.0,,,False,,False
6714.135,GAS,10,32.0,97.253,25.75,29.413,42.09,2.0,HARD,22.0,True,Alpine,1,7.0,True,273.0,260.0,273.0,313.0,,,False,,False
6811.258,GAS,10,33.0,97.123,25.649,29.312,42.162,2.0,HARD,23.0,True,Alpine,12,7.0,True,273.0,260.0,272.0,313.0,,,False,,False
6908.451,GAS,10,34.0,97.193,25.703,29.32,42.17,2.0,HARD,24.0,True,Alpine,1,7.0,True,273.0,258.0,271.0,313.0,,,False,,False
7005.744,GAS,10,35.0,97.293,25.72,29.432,42.141,2.0,HARD,25.0,True,Alpine,1,7.0,True,274.0,260.0,271.0,312.0,,,False,,False
7102.847,GAS,10,36.0,97.103,25.743,29.398,41.962,2.0,HARD,26.0,True,Alpine,1,7.0,True,273.0,261.0,273.0,313.0,,,False,,False
7199.599,GAS,10,37.0,96.752,25.561,29.247,41.944,2.0,HARD,27.0,True,Alpine,1,7.0,True,274.0,261.0,274.0,314.0,,,False,,False
7296.271,GAS,10,38.0,96.672,25.579,29.221,41.872,2.0,HARD,28.0,True,Alpine,1,7.0,True,274.0,261.0,274.0,313.0,,,False,,False
7393.025,GAS,10,39.0,96.754,25.596,29.263,41.895,2.0,HARD,29.0,True,Alpine,1,7.0,True,275.0,263.0,273.0,313.0,,,False,,False
7489.89,GAS,10,40.0,96.865,25.632,29.297,41.936,2.0,HARD,30.0,True,Alpine,1,7.0,True,275.0,261.0,273.0,314.0,,,False,,False
7587.104,GAS,10,41.0,97.214,25.596,29.407,42.211,2.0,HARD,31.0,True,Alpine,1,7.0,True,277.0,260.0,275.0,315.0,,,False,,False
7684.13,GAS,10,42.0,97.026,25.53,29.337,42.159,2.0,HARD,32.0,True,Alpine,1,7.0,True,275.0,261.0,274.0,314.0,,,False,,False
7781.007,GAS,10,43.0,96.877,25.507,29.286,42.084,2.0,HARD,33.0,True,Alpine,1,7.0,True,276.0,261.0,275.0,313.0,,,False,,False
7877.771,GAS,10,44.0,96.764,25.497,29.267,42.0,2.0,HARD,34.0,True,Alpine,1,7.0,True,276.0,265.0,274.0,315.0,,,False,,False
7974.666,GAS,10,45.0,96.895,25.484,29.296,42.115,2.0,HARD,35.0,True,Alpine,1,6.0,True,277.0,262.0,275.0,313.0,,,False,,False
8071.414,GAS,10,46.0,96.748,25.528,29.293,41.927,2.0,HARD,36.0,True,Alpine,1,6.0,True,276.0,262.0,273.0,314.0,,,False,,False
8168.998,GAS,10,47.0,97.584,25.608,29.299,42.677,2.0,HARD,37.0,True,Alpine,1,6.0,True,277.0,262.0,274.0,316.0,,,False,,False
8266.008,GAS,10,48.0,97.01,25.56,29.288,42.162,2.0,HARD,38.0,True,Alpine,1,6.0,True,275.0,261.0,275.0,312.0,,,False,,False
8362.76,GAS,10,49.0,96.752,25.496,29.22,42.036,2.0,HARD,39.0,True,Alpine,1,6.0,True,278.0,263.0,277.0,319.0,,,False,,False
8459.8,GAS,10,50.0,97.04,25.51,29.456,42.074,2.0,HARD,40.0,True,Alpine,1,6.0,True,279.0,268.0,275.0,328.0,,,False,,False
8556.553,GAS,10,51.0,96.753,25.517,29.221,42.015,2.0,HARD,41.0,True,Alpine,1,6.0,True,277.0,263.0,276.0,312.0,,,False,,False
8653.195,GAS,10,52.0,96.642,25.469,29.305,41.868,2.0,HARD,42.0,True,Alpine,1,6.0,True,278.0,264.0,277.0,315.0,,,False,,False
8749.7,GAS,10,53.0,96.505,25.388,29.218,41.899,2.0,HARD,43.0,True,Alpine,12,6.0,True,278.0,263.0,277.0,316.0,,,False,,False
8846.382,GAS,10,54.0,96.682,25.356,29.236,42.09,2.0,HARD,44.0,True,Alpine,1,6.0,True,280.0,263.0,277.0,316.0,,,False,,False
8943.02,GAS,10,55.0,96.638,25.449,29.222,41.967,2.0,HARD,45.0,True,Alpine,1,6.0,True,278.0,263.0,278.0,318.0,,,False,,False
9039.589,GAS,10,56.0,96.569,25.321,29.355,41.893,2.0,HARD,46.0,True,Alpine,1,6.0,True,276.0,262.0,270.0,326.0,,,False,,False
3499.401,PER,11,1.0,115.089,,30.88,43.334,1.0,MEDIUM,1.0,True,Cadillac,12,17.0,False,261.0,244.0,268.0,323.0,,,False,,False
3600.467,PER,11,2.0,101.066,26.586,30.736,43.744,1.0,MEDIUM,2.0,True,Cadillac,1,17.0,True,262.0,248.0,268.0,309.0,,,False,,False
3701.691,PER,11,3.0,101.224,26.559,31.121,43.544,1.0,MEDIUM,3.0,True,Cadillac,1,17.0,True,263.0,247.0,268.0,306.0,,,False,,False
3802.625,PER,11,4.0,100.934,26.488,30.989,43.457,1.0,MEDIUM,4.0,True,Cadillac,1,17.0,True,272.0,253.0,269.0,313.0,,,False,,False
3903.603,PER,11,5.0,100.978,26.428,30.987,43.563,1.0,MEDIUM,5.0,True,Cadillac,1,17.0,True,271.0,251.0,270.0,312.0,,,False,,False
4004.16,PER,11,6.0,100.557,26.336,30.959,43.262,1.0,MEDIUM,6.0,True,Cadillac,1,17.0,True,271.0,253.0,271.0,308.0,,,False,,False
4105.078,PER,11,7.0,100.918,26.521,30.988,43.409,1.0,MEDIUM,7.0,True,Cadillac,1,17.0,True,268.0,251.0,269.0,311.0,,,False,,False
4206.181,PER,11,8.0,101.103,26.456,31.044,43.603,1.0,MEDIUM,8.0,True,Cadillac,1,17.0,True,273.0,253.0,271.0,309.0,,,False,,False
4307.962,PER,11,9.0,101.781,26.681,31.251,43.849,1.0,MEDIUM,9.0,True,Cadillac,1,17.0,True,268.0,252.0,270.0,307.0,,,False,,False
4429.579,PER,11,10.0,121.617,26.909,39.427,55.281,1.0,MEDIUM,10.0,True,Cadillac,124,13.0,False,271.0,145.0,201.0,276.0,,,False,,False
4568.298,PER,11,11.0,138.719,34.918,41.413,62.388,1.0,MEDIUM,11.0,True,Cadillac,4,12.0,False,237.0,169.0,,243.0,,4566.575,False,,False
4706.233,PER,11,12.0,137.935,57.392,32.169,48.374,2.0,HARD,1.0,True,Cadillac,4,16.0,False,225.0,265.0,226.0,272.0,4592.816,,False,,False
4845.899,PER,11,13.0,139.666,35.216,45.492,58.958,2.0,HARD,2.0,True,Cadillac,41,16.0,False,242.0,137.0,268.0,182.0,,,False,,False
4947.658,PER,11,14.0,101.759,26.987,31.116,43.656,2.0,HARD,3.0,True,Cadillac,1,17.0,True,279.0,269.0,273.0,335.0,,,False,,False
5047.662,PER,11,15.0,100.004,26.319,30.887,42.798,2.0,HARD,4.0,True,Cadillac,1,16.0,True,275.0,268.0,272.0,330.0,,,False,,False
5147.283,PER,11,16.0,99.621,26.132,30.683,42.806,2.0,HARD,5.0,True,Cadillac,1,16.0,True,280.0,259.0,273.0,323.0,,,False,,False
5249.486,PER,11,17.0,102.203,26.208,30.702,45.293,2.0,HARD,6.0,True,Cadillac,12,17.0,True,279.0,257.0,273.0,298.0,,,False,,False
5348.807,PER,11,18.0,99.321,25.941,30.765,42.615,2.0,HARD,7.0,True,Cadillac,21,16.0,True,276.0,262.0,270.0,321.0,,,False,,False
5448.538,PER,11,19.0,99.731,26.312,30.675,42.744,2.0,HARD,8.0,True,Cadillac,1,16.0,True,275.0,256.0,270.0,318.0,,,False,,False
5548.672,PER,11,20.0,100.134,26.383,30.892,42.859,2.0,HARD,9.0,True,Cadillac,1,16.0,True,269.0,244.0,272.0,316.0,,,False,,False
5648.354,PER,11,21.0,99.682,26.359,30.577,42.746,2.0,HARD,10.0,True,Cadillac,1,16.0,True,272.0,254.0,272.0,313.0,,,False,,False
5747.976,PER,11,22.0,99.622,26.152,30.638,42.832,2.0,HARD,11.0,True,Cadillac,1,16.0,True,271.0,252.0,274.0,316.0,,,False,,False
5847.726,PER,11,23.0,99.75,26.358,30.59,42.802,2.0,HARD,12.0,True,Cadillac,1,16.0,True,272.0,255.0,272.0,316.0,,,False,,False
5947.462,PER,11,24.0,99.736,26.357,30.633,42.746,2.0,HARD,13.0,True,Cadillac,1,16.0,True,276.0,258.0,248.0,314.0,,,False,,False
6048.004,PER,11,25.0,100.542,26.847,30.729,42.966,2.0,HARD,14.0,True,Cadillac,1,16.0,True,275.0,255.0,272.0,315.0,,,False,,False
6148.014,PER,11,26.0,100.01,26.277,30.698,43.035,2.0,HARD,15.0,True,Cadillac,1,16.0,True,273.0,254.0,262.0,313.0,,,False,,False
6248.321,PER,11,27.0,100.307,26.514,30.639,43.154,2.0,HARD,16.0,True,Cadillac,12,16.0,True,275.0,257.0,273.0,312.0,,,False,,False
6347.904,PER,11,28.0,99.583,26.26,30.643,42.68,2.0,HARD,17.0,True,Cadillac,1,16.0,True,273.0,259.0,274.0,314.0,,,False,,False
6448.341,PER,11,29.0,100.437,26.772,30.723,42.942,2.0,HARD,18.0,True,Cadillac,1,16.0,True,274.0,254.0,272.0,313.0,,,False,,False
6548.357,PER,11,30.0,100.016,26.215,30.594,43.207,2.0,HARD,19.0,True,Cadillac,1,16.0,True,272.0,257.0,275.0,319.0,,,False,,False
6648.334,PER,11,31.0,99.977,26.262,30.789,42.926,2.0,HARD,20.0,True,Cadillac,1,16.0,True,274.0,254.0,273.0,312.0,,,False,,False
6748.133,PER,11,32.0,99.799,26.198,30.662,42.939,2.0,HARD,21.0,True,Cadillac,1,16.0,True,273.0,256.0,273.0,308.0,,,False,,False
6848.239,PER,11,33.0,100.106,26.641,30.644,42.821,2.0,HARD,22.0,True,Cadillac,12,15.0,True,270.0,254.0,274.0,313.0,,,False,,False
6948.424,PER,11,34.0,100.185,26.291,30.552,43.342,2.0,HARD,23.0,True,Cadillac,1,16.0,True,275.0,254.0,272.0,314.0,,,False,,False
7047.904,PER,11,35.0,99.48,26.407,30.29,42.783,2.0,HARD,24.0,True,Cadillac,1,16.0,True,270.0,258.0,271.0,315.0,,,False,,False
7147.455,PER,11,36.0,99.551,26.468,30.285,42.798,2.0,HARD,25.0,True,Cadillac,1,15.0,True,270.0,256.0,275.0,311.0,,,False,,False
7247.061,PER,11,37.0,99.606,26.342,30.306,42.958,2.0,HARD,26.0,True,Cadillac,1,15.0,True,274.0,260.0,275.0,308.0,,,False,,False
7347.172,PER,11,38.0,100.111,26.365,30.884,42.862,2.0,HARD,27.0,True,Cadillac,1,16.0,True,273.0,257.0,276.0,310.0,,,False,,False
7446.788,PER,11,39.0,99.616,26.153,30.091,43.372,2.0,HARD,28.0,True,Cadillac,1,16.0,True,275.0,260.0,275.0,312.0,,,False,,False
7546.379,PER,11,40.0,99.591,26.116,30.593,42.882,2.0,HARD,29.0,True,Cadillac,1,16.0,True,282.0,261.0,276.0,324.0,,,False,,False
7646.936,PER,11,41.0,100.557,26.3,31.333,42.924,2.0,HARD,30.0,True,Cadillac,1,16.0,True,279.0,258.0,276.0,320.0,,,False,,False
7746.063,PER,11,42.0,99.127,26.152,30.113,42.862,2.0,HARD,31.0,True,Cadillac,1,16.0,True,278.0,260.0,273.0,309.0,,,False,,False
7847.214,PER,11,43.0,101.151,26.347,30.691,44.113,2.0,HARD,32.0,True,Cadillac,1,16.0,True,303.0,252.0,241.0,301.0,,,False,,False
7951.178,PER,11,44.0,103.964,27.444,31.827,44.693,2.0,HARD,33.0,True,Cadillac,1,16.0,True,273.0,259.0,227.0,319.0,,,False,,False
8060.012,PER,11,45.0,108.834,27.735,32.714,48.385,2.0,HARD,34.0,True,Cadillac,1,16.0,True,259.0,235.0,222.0,283.0,,,False,,False
8160.995,PER,11,46.0,100.983,27.8,30.164,43.019,2.0,HARD,35.0,True,Cadillac,1,15.0,True,273.0,258.0,268.0,303.0,,,False,,False
8260.875,PER,11,47.0,99.88,26.586,30.248,43.046,2.0,HARD,36.0,True,Cadillac,1,14.0,True,263.0,250.0,274.0,302.0,,,False,,False
8361.102,PER,11,48.0,100.227,26.179,30.484,43.564,2.0,HARD,37.0,True,Cadillac,1,14.0,True,271.0,225.0,278.0,313.0,,,False,,False
8460.564,PER,11,49.0,99.462,25.877,29.944,43.641,2.0,HARD,38.0,True,Cadillac,1,14.0,True,283.0,259.0,275.0,292.0,,,False,,False
8559.087,PER,11,50.0,98.523,26.09,30.068,42.365,2.0,HARD,39.0,True,Cadillac,1,14.0,True,281.0,262.0,272.0,317.0,,,False,,False
8658.101,PER,11,51.0,99.014,26.099,30.095,42.82,2.0,HARD,40.0,True,Cadillac,1,14.0,True,276.0,259.0,272.0,306.0,,,False,,False
8757.627,PER,11,52.0,99.526,26.156,30.006,43.364,2.0,HARD,41.0,True,Cadillac,12,15.0,True,276.0,258.0,274.0,307.0,,,False,,False
8856.586,PER,11,53.0,98.959,26.227,30.218,42.514,2.0,HARD,42.0,True,Cadillac,1,15.0,True,283.0,265.0,271.0,314.0,,,False,,False
8955.662,PER,11,54.0,99.076,26.347,29.989,42.74,2.0,HARD,43.0,True,Cadillac,1,15.0,True,278.0,258.0,274.0,308.0,,,False,,False
9054.56,PER,11,55.0,98.898,26.235,29.94,42.723,2.0,HARD,44.0,True,Cadillac,1,15.0,True,275.0,257.0,276.0,307.0,,,False,,False
3484.449,ANT,12,1.0,100.137,,29.788,41.977,1.0,MEDIUM,1.0,True,Mercedes,12,2.0,False,298.0,264.0,270.0,325.0,,,False,,False
3582.754,ANT,12,2.0,98.305,26.129,30.278,41.898,1.0,MEDIUM,2.0,True,Mercedes,1,1.0,True,278.0,263.0,266.0,316.0,,,False,,False
3680.767,ANT,12,3.0,98.013,25.948,29.572,42.493,1.0,MEDIUM,3.0,True,Mercedes,1,1.0,True,267.0,257.0,266.0,304.0,,,False,,False
3778.161,ANT,12,4.0,97.394,26.003,29.327,42.064,1.0,MEDIUM,4.0,True,Mercedes,1,1.0,True,269.0,259.0,267.0,306.0,,,False,,False
3875.696,ANT,12,5.0,97.535,25.859,29.51,42.166,1.0,MEDIUM,5.0,True,Mercedes,1,1.0,True,270.0,257.0,267.0,307.0,,,False,,False
3972.868,ANT,12,6.0,97.172,25.696,29.434,42.042,1.0,MEDIUM,6.0,True,Mercedes,1,1.0,True,270.0,258.0,267.0,307.0,,,False,,False
4070.28,ANT,12,7.0,97.412,25.891,29.467,42.054,1.0,MEDIUM,7.0,True,Mercedes,1,1.0,True,271.0,258.0,267.0,306.0,,,False,,False
4167.602,ANT,12,8.0,97.322,25.807,29.454,42.061,1.0,MEDIUM,8.0,True,Mercedes,1,1.0,True,271.0,257.0,266.0,307.0,,,False,,False
4264.958,ANT,12,9.0,97.356,25.839,29.585,41.932,1.0,MEDIUM,9.0,True,Mercedes,1,1.0,True,269.0,256.0,269.0,309.0,,,False,,False
4371.629,ANT,12,10.0,106.671,25.717,29.56,51.394,1.0,MEDIUM,10.0,True,Mercedes,124,1.0,False,270.0,257.0,,307.0,,4369.922,False,,False
4538.818,ANT,12,11.0,,57.422,45.272,64.528,2.0,HARD,1.0,True,Mercedes,4,1.0,False,174.0,158.0,204.0,210.0,4392.979,,False,,False
4688.728,ANT,12,12.0,149.91,43.356,43.386,63.168,2.0,HARD,2.0,True,Mercedes,4,1.0,False,164.0,182.0,214.0,186.0,,,False,,False
4839.246,ANT,12,13.0,,37.267,44.242,69.012,2.0,HARD,3.0,True,Mercedes,41,1.0,False,178.0,138.0,264.0,158.0,,,False,,False
4938.203,ANT,12,14.0,98.957,26.203,30.021,42.733,2.0,HARD,4.0,True,Mercedes,1,1.0,True,277.0,271.0,266.0,309.0,,,False,,False
5036.425,ANT,12,15.0,98.222,26.027,29.867,42.328,2.0,HARD,5.0,True,Mercedes,1,1.0,True,272.0,257.0,271.0,308.0,,,False,,False
5133.029,ANT,12,16.0,96.604,25.324,29.229,42.051,2.0,HARD,6.0,True,Mercedes,1,1.0,True,269.0,255.0,268.0,305.0,,,False,,False
5229.584,ANT,12,17.0,96.555,25.593,29.128,41.834,2.0,HARD,7.0,True,Mercedes,1,1.0,True,273.0,260.0,269.0,309.0,,,False,,False
5326.643,ANT,12,18.0,97.059,25.595,29.513,41.951,2.0,HARD,8.0,True,Mercedes,12,1.0,True,273.0,259.0,270.0,309.0,,,False,,False
5423.459,ANT,12,19.0,96.816,25.574,29.505,41.737,2.0,HARD,9.0,True,Mercedes,1,1.0,True,270.0,258.0,270.0,308.0,,,False,,False
5520.221,ANT,12,20.0,96.762,25.551,29.411,41.8,2.0,HARD,10.0,True,Mercedes,1,1.0,True,272.0,258.0,271.0,308.0,,,False,,False
5617.15,ANT,12,21.0,96.929,25.652,29.348,41.929,2.0,HARD,11.0,True,Mercedes,1,1.0,True,273.0,258.0,271.0,307.0,,,False,,False
5713.762,ANT,12,22.0,96.612,25.668,29.194,41.75,2.0,HARD,12.0,True,Mercedes,1,1.0,True,273.0,259.0,270.0,308.0,,,False,,False
5810.568,ANT,12,23.0,96.806,25.681,29.239,41.886,2.0,HARD,13.0,True,Mercedes,1,1.0,True,272.0,258.0,271.0,307.0,,,False,,False
5907.081,ANT,12,24.0,96.513,25.539,29.189,41.785,2.0,HARD,14.0,True,Mercedes,1,1.0,True,272.0,258.0,271.0,308.0,,,False,,False
6003.595,ANT,12,25.0,96.514,25.495,29.19,41.829,2.0,HARD,15.0,True,Mercedes,1,1.0,True,272.0,258.0,272.0,307.0,,,False,,False
6100.183,ANT,12,26.0,96.588,25.55,29.207,41.831,2.0,HARD,16.0,True,Mercedes,1,1.0,True,272.0,259.0,272.0,308.0,,,False,,False
6196.773,ANT,12,27.0,96.59,25.515,29.2,41.875,2.0,HARD,17.0,True,Mercedes,1,1.0,True,272.0,259.0,272.0,309.0,,,False,,False
6293.362,ANT,12,28.0,96.589,25.536,29.177,41.876,2.0,HARD,18.0,True,Mercedes,12,1.0,True,272.0,259.0,272.0,308.0,,,False,,False
6389.743,ANT,12,29.0,96.381,25.583,29.116,41.682,2.0,HARD,19.0,True,Mercedes,1,1.0,True,273.0,260.0,273.0,310.0,,,False,,False
6485.909,ANT,12,30.0,96.166,25.389,29.103,41.674,2.0,HARD,20.0,True,Mercedes,1,1.0,True,273.0,260.0,273.0,311.0,,,False,,False
6582.017,ANT,12,31.0,96.108,25.417,28.996,41.695,2.0,HARD,21.0,True,Mercedes,1,1.0,True,272.0,259.0,272.0,308.0,,,False,,False
6678.0,ANT,12,32.0,95.983,25.328,28.984,41.671,2.0,HARD,22.0,True,Mercedes,1,1.0,True,273.0,260.0,271.0,311.0,,,False,,False
6774.443,ANT,12,33.0,96.443,25.615,29.163,41.665,2.0,HARD,23.0,True,Mercedes,12,1.0,True,274.0,258.0,271.0,309.0,,,False,,False
6870.464,ANT,12,34.0,96.021,25.454,29.002,41.565,2.0,HARD,24.0,True,Mercedes,1,1.0,True,272.0,260.0,271.0,312.0,,,False,,False
6966.501,ANT,12,35.0,96.037,25.515,28.991,41.531,2.0,HARD,25.0,True,Mercedes,1,1.0,True,273.0,259.0,272.0,309.0,,,False,,False
7062.515,ANT,12,36.0,96.014,25.48,28.908,41.626,2.0,HARD,26.0,True,Mercedes,1,1.0,True,274.0,261.0,273.0,311.0,,,False,,False
7158.674,ANT,12,37.0,96.159,25.497,28.938,41.724,2.0,HARD,27.0,True,Mercedes,1,1.0,True,274.0,261.0,273.0,312.0,,,False,,False
7254.2,ANT,12,38.0,95.526,25.283,28.807,41.436,2.0,HARD,28.0,True,Mercedes,1,1.0,True,274.0,261.0,273.0,314.0,,,False,,False
7349.694,ANT,12,39.0,95.494,25.3,28.82,41.374,2.0,HARD,29.0,True,Mercedes,1,1.0,True,273.0,261.0,274.0,316.0,,,False,,False
7445.844,ANT,12,40.0,96.15,25.342,29.022,41.786,2.0,HARD,30.0,True,Mercedes,1,1.0,True,275.0,267.0,273.0,332.0,,,False,,False
7541.187,ANT,12,41.0,95.343,25.291,28.839,41.213,2.0,HARD,31.0,True,Mercedes,1,1.0,True,277.0,261.0,274.0,321.0,,,False,,False
7637.117,ANT,12,42.0,95.93,25.261,28.909,41.76,2.0,HARD,32.0,True,Mercedes,1,1.0,True,275.0,262.0,274.0,318.0,,,False,,False
7733.053,ANT,12,43.0,95.936,25.295,29.031,41.61,2.0,HARD,33.0,True,Mercedes,1,1.0,True,276.0,264.0,277.0,324.0,,,False,,False
7828.385,ANT,12,44.0,95.332,25.253,28.719,41.36,2.0,HARD,34.0,True,Mercedes,1,1.0,True,278.0,261.0,274.0,314.0,,,False,,False
7923.913,ANT,12,45.0,95.528,25.211,28.83,41.487,2.0,HARD,35.0,True,Mercedes,1,1.0,True,274.0,261.0,274.0,308.0,,,False,,False
8019.195,ANT,12,46.0,95.282,25.14,28.694,41.448,2.0,HARD,36.0,True,Mercedes,1,1.0,True,275.0,261.0,275.0,310.0,,,False,,False
8114.696,ANT,12,47.0,95.501,25.25,28.612,41.639,2.0,HARD,37.0,True,Mercedes,1,1.0,True,273.0,259.0,273.0,309.0,,,False,,False
8210.402,ANT,12,48.0,95.706,25.262,28.55,41.894,2.0,HARD,38.0,True,Mercedes,1,1.0,True,274.0,260.0,271.0,308.0,,,False,,False
8305.925,ANT,12,49.0,95.523,25.319,28.58,41.624,2.0,HARD,39.0,True,Mercedes,1,1.0,True,274.0,260.0,276.0,309.0,,,False,,False
8401.584,ANT,12,50.0,95.659,25.223,28.659,41.777,2.0,HARD,40.0,True,Mercedes,1,1.0,True,275.0,264.0,275.0,316.0,,,False,,False
8497.595,ANT,12,51.0,96.011,25.263,28.96,41.788,2.0,HARD,41.0,True,Mercedes,1,1.0,True,276.0,259.0,273.0,307.0,,,False,,False
8592.87,ANT,12,52.0,95.275,25.295,28.532,41.448,2.0,HARD,42.0,True,Mercedes,1,1.0,True,274.0,260.0,273.0,306.0,,,False,,False
8690.4,ANT,12,53.0,97.53,25.235,28.462,43.833,2.0,HARD,43.0,True,Mercedes,12,1.0,True,275.0,260.0,271.0,306.0,,,True,TRACK LIMITS AT TURN 14 LAP 53 ,False
8786.576,ANT,12,54.0,96.176,25.478,28.787,41.911,2.0,HARD,44.0,True,Mercedes,1,1.0,True,274.0,261.0,272.0,307.0,,,False,,False
8882.954,ANT,12,55.0,96.378,25.56,28.886,41.932,2.0,HARD,45.0,True,Mercedes,1,1.0,True,274.0,260.0,271.0,308.0,,,False,,False
8979.883,ANT,12,56.0,96.929,25.314,28.861,42.754,2.0,HARD,46.0,True,Mercedes,1,1.0,True,274.0,259.0,217.0,306.0,,,False,,False
3491.542,ALO,14,1.0,107.23,,31.309,44.412,1.0,HARD,1.0,True,Aston Martin,12,10.0,False,286.0,268.0,261.0,323.0,,,False,,False
3593.833,ALO,14,2.0,102.291,26.719,31.646,43.926,1.0,HARD,2.0,True,Aston Martin,1,13.0,True,287.0,253.0,265.0,325.0,,,False,,False
3695.421,ALO,14,3.0,101.588,26.6,31.151,43.837,1.0,HARD,3.0,True,Aston Martin,1,14.0,True,263.0,250.0,263.0,309.0,,,False,,False
3795.892,ALO,14,4.0,100.471,26.212,30.81,43.449,1.0,HARD,4.0,True,Aston Martin,1,14.0,True,274.0,251.0,263.0,312.0,,,False,,False
3897.446,ALO,14,5.0,101.554,26.535,31.007,44.012,1.0,HARD,5.0,True,Aston Martin,1,14.0,True,255.0,247.0,263.0,306.0,,,False,,False
3999.27,ALO,14,6.0,101.824,26.393,31.047,44.384,1.0,HARD,6.0,True,Aston Martin,1,15.0,True,256.0,249.0,260.0,302.0,,,False,,False
4100.929,ALO,14,7.0,101.659,26.579,31.303,43.777,1.0,HARD,7.0,True,Aston Martin,1,15.0,True,267.0,248.0,265.0,316.0,,,False,,False
4202.042,ALO,14,8.0,101.113,26.389,31.171,43.553,1.0,HARD,8.0,True,Aston Martin,1,15.0,True,258.0,250.0,263.0,315.0,,,False,,False
4303.673,ALO,14,9.0,101.631,26.658,31.46,43.513,1.0,HARD,9.0,True,Aston Martin,1,15.0,True,255.0,247.0,265.0,310.0,,,False,,False
4423.592,ALO,14,10.0,119.919,26.504,37.346,56.069,1.0,HARD,10.0,True,Aston Martin,124,11.0,False,255.0,200.0,166.0,226.0,,,False,,False
4558.985,ALO,14,11.0,135.393,37.207,40.635,57.551,1.0,HARD,11.0,True,Aston Martin,4,11.0,False,170.0,218.0,216.0,250.0,,,False,,False
4699.983,ALO,14,12.0,140.998,36.95,40.579,63.469,1.0,HARD,12.0,True,Aston Martin,4,11.0,False,238.0,180.0,124.0,124.0,,,False,,False
4843.729,ALO,14,13.0,143.746,35.617,45.735,62.394,1.0,HARD,13.0,True,Aston Martin,41,11.0,False,213.0,189.0,262.0,196.0,,,False,,False
4947.229,ALO,14,14.0,103.5,27.411,31.734,44.355,1.0,HARD,14.0,True,Aston Martin,1,16.0,True,267.0,252.0,269.0,325.0,,,False,,False
5048.412,ALO,14,15.0,101.183,26.24,30.898,44.045,1.0,HARD,15.0,True,Aston Martin,1,17.0,True,280.0,255.0,267.0,317.0,,,False,,False
5148.672,ALO,14,16.0,100.26,26.131,30.815,43.314,1.0,HARD,16.0,True,Aston Martin,1,17.0,True,276.0,250.0,266.0,313.0,,,False,,False
5249.035,ALO,14,17.0,100.363,26.281,30.849,43.233,1.0,HARD,17.0,True,Aston Martin,12,16.0,True,260.0,248.0,265.0,315.0,,,False,,False
5350.276,ALO,14,18.0,101.241,27.183,30.854,43.204,1.0,HARD,18.0,True,Aston Martin,21,17.0,True,257.0,253.0,266.0,313.0,,,False,,False
5450.632,ALO,14,19.0,100.356,26.15,30.915,43.291,1.0,HARD,19.0,True,Aston Martin,1,17.0,True,258.0,247.0,265.0,310.0,,,False,,False
5550.886,ALO,14,20.0,100.254,26.25,30.766,43.238,1.0,HARD,20.0,True,Aston Martin,1,17.0,True,256.0,252.0,266.0,307.0,,,False,,False
5650.698,ALO,14,21.0,99.812,26.203,30.635,42.974,1.0,HARD,21.0,True,Aston Martin,1,17.0,True,256.0,251.0,266.0,306.0,,,False,,False
5750.636,ALO,14,22.0,99.938,26.218,30.615,43.105,1.0,HARD,22.0,True,Aston Martin,1,17.0,True,257.0,248.0,264.0,305.0,,,False,,False
5850.437,ALO,14,23.0,99.801,26.192,30.561,43.048,1.0,HARD,23.0,True,Aston Martin,1,17.0,True,257.0,252.0,266.0,305.0,,,False,,False
5950.204,ALO,14,24.0,99.767,26.222,30.534,43.011,1.0,HARD,24.0,True,Aston Martin,1,17.0,True,256.0,249.0,268.0,304.0,,,False,,False
6049.925,ALO,14,25.0,99.721,26.187,30.538,42.996,1.0,HARD,25.0,True,Aston Martin,1,17.0,True,257.0,253.0,266.0,306.0,,,False,,False
6149.68,ALO,14,26.0,99.755,26.207,30.556,42.992,1.0,HARD,26.0,True,Aston Martin,1,17.0,True,256.0,251.0,270.0,305.0,,,False,,False
6249.922,ALO,14,27.0,100.242,26.259,30.598,43.385,1.0,HARD,27.0,True,Aston Martin,12,17.0,True,257.0,250.0,267.0,301.0,,,False,,False
6349.667,ALO,14,28.0,99.745,26.146,30.566,43.033,1.0,HARD,28.0,True,Aston Martin,1,17.0,True,257.0,253.0,267.0,308.0,,,False,,False
6449.612,ALO,14,29.0,99.945,26.276,30.659,43.01,1.0,HARD,29.0,True,Aston Martin,1,17.0,True,256.0,251.0,268.0,311.0,,,False,,False
6549.961,ALO,14,30.0,100.349,26.136,30.955,43.258,1.0,HARD,30.0,True,Aston Martin,1,17.0,True,260.0,252.0,269.0,312.0,,,False,,False
6656.38,ALO,14,31.0,106.419,26.45,30.953,49.016,1.0,HARD,31.0,True,Aston Martin,1,17.0,False,258.0,249.0,,308.0,,6654.634,False,,False
6783.895,ALO,14,32.0,127.515,45.832,31.686,49.997,2.0,MEDIUM,1.0,True,Aston Martin,12,17.0,False,255.0,251.0,,305.0,6677.946,6782.232,False,,False
3485.376,LEC,16,1.0,101.064,,30.192,42.302,1.0,MEDIUM,1.0,True,Ferrari,12,3.0,False,292.0,256.0,271.0,320.0,,,False,,False
3583.934,LEC,16,2.0,98.558,25.954,29.998,42.606,1.0,MEDIUM,2.0,True,Ferrari,1,3.0,True,276.0,267.0,266.0,314.0,,,False,,False
3683.082,LEC,16,3.0,99.148,26.669,29.902,42.577,1.0,MEDIUM,3.0,True,Ferrari,1,4.0,True,265.0,255.0,272.0,324.0,,,False,,False
3780.917,LEC,16,4.0,97.835,25.914,29.661,42.26,1.0,MEDIUM,4.0,True,Ferrari,1,4.0,True,272.0,256.0,274.0,314.0,,,False,,False
3878.78,LEC,16,5.0,97.863,25.914,29.632,42.317,1.0,MEDIUM,5.0,True,Ferrari,1,4.0,True,265.0,255.0,268.0,320.0,,,False,,False
3976.916,LEC,16,6.0,98.136,26.144,29.86,42.132,1.0,MEDIUM,6.0,True,Ferrari,1,4.0,True,266.0,254.0,271.0,312.0,,,False,,False
4074.91,LEC,16,7.0,97.994,25.894,29.733,42.367,1.0,MEDIUM,7.0,True,Ferrari,1,4.0,True,267.0,255.0,270.0,311.0,,,False,,False
4172.704,LEC,16,8.0,97.794,25.841,29.734,42.219,1.0,MEDIUM,8.0,True,Ferrari,1,4.0,True,272.0,251.0,264.0,314.0,,,False,,False
4270.834,LEC,16,9.0,98.13,26.108,29.872,42.15,1.0,MEDIUM,9.0,True,Ferrari,1,4.0,True,276.0,252.0,273.0,314.0,,,False,,False
4383.231,LEC,16,10.0,112.397,26.115,30.067,56.215,1.0,MEDIUM,10.0,True,Ferrari,124,4.0,False,267.0,251.0,,238.0,,4381.547,False,,False
4545.025,LEC,16,11.0,,57.124,41.154,63.455,2.0,HARD,1.0,True,Ferrari,4,7.0,False,252.0,220.0,217.0,235.0,4407.065,,False,,False
4695.13,LEC,16,12.0,,42.91,44.533,62.739,2.0,HARD,2.0,True,Ferrari,4,7.0,False,137.0,180.0,193.0,154.0,,,False,,False
4841.616,LEC,16,13.0,146.486,37.128,45.067,64.291,2.0,HARD,3.0,True,Ferrari,41,7.0,False,223.0,167.0,271.0,174.0,,,False,,False
4941.467,LEC,16,14.0,99.851,26.409,30.888,42.554,2.0,HARD,4.0,True,Ferrari,1,6.0,True,283.0,261.0,277.0,336.0,,,False,,False
5038.672,LEC,16,15.0,97.205,25.671,29.86,41.674,2.0,HARD,5.0,True,Ferrari,1,4.0,True,267.0,257.0,274.0,329.0,,,False,,False
5135.978,LEC,16,16.0,97.306,25.684,29.518,42.104,2.0,HARD,6.0,True,Ferrari,1,3.0,True,263.0,253.0,269.0,310.0,,,False,,False
5232.855,LEC,16,17.0,96.877,25.833,29.22,41.824,2.0,HARD,7.0,True,Ferrari,1,3.0,True,262.0,251.0,273.0,306.0,,,False,,False
5329.454,LEC,16,18.0,96.599,25.407,29.314,41.878,2.0,HARD,8.0,True,Ferrari,12,3.0,True,264.0,253.0,269.0,307.0,,,False,,False
5426.315,LEC,16,19.0,96.861,25.435,29.322,42.104,2.0,HARD,9.0,True,Ferrari,1,3.0,True,269.0,252.0,271.0,307.0,,,False,,False
5523.148,LEC,16,20.0,96.833,25.608,29.339,41.886,2.0,HARD,10.0,True,Ferrari,1,3.0,True,264.0,253.0,273.0,308.0,,,False,,False
5619.853,LEC,16,21.0,96.705,25.423,29.23,42.052,2.0,HARD,11.0,True,Ferrari,1,3.0,True,267.0,253.0,269.0,308.0,,,False,,False
5716.496,LEC,16,22.0,96.643,25.59,29.215,41.838,2.0,HARD,12.0,True,Ferrari,1,3.0,True,271.0,255.0,274.0,311.0,,,False,,False
5813.309,LEC,16,23.0,96.813,25.616,29.24,41.957,2.0,HARD,13.0,True,Ferrari,1,3.0,True,267.0,260.0,275.0,321.0,,,False,,False
5910.586,LEC,16,24.0,97.277,25.656,29.4,42.221,2.0,HARD,14.0,True,Ferrari,1,2.0,True,269.0,254.0,266.0,331.0,,,False,,False
6008.267,LEC,16,25.0,97.681,26.054,29.422,42.205,2.0,HARD,15.0,True,Ferrari,1,2.0,True,262.0,249.0,269.0,299.0,,,False,,False
6105.841,LEC,16,26.0,97.574,25.771,29.158,42.645,2.0,HARD,16.0,True,Ferrari,1,3.0,True,261.0,252.0,275.0,303.0,,,False,,False
6203.713,LEC,16,27.0,97.872,25.711,30.036,42.125,2.0,HARD,17.0,True,Ferrari,1,2.0,True,265.0,246.0,270.0,303.0,,,False,,False
6300.789,LEC,16,28.0,97.076,25.691,29.208,42.177,2.0,HARD,18.0,True,Ferrari,12,2.0,True,262.0,252.0,274.0,302.0,,,False,,False
6397.896,LEC,16,29.0,97.107,25.517,29.109,42.481,2.0,HARD,19.0,True,Ferrari,1,3.0,True,261.0,252.0,275.0,300.0,,,False,,False
6494.693,LEC,16,30.0,96.797,25.699,29.408,41.69,2.0,HARD,20.0,True,Ferrari,1,3.0,True,270.0,257.0,274.0,317.0,,,False,,False
6591.102,LEC,16,31.0,96.409,25.405,29.148,41.856,2.0,HARD,21.0,True,Ferrari,1,3.0,True,270.0,260.0,258.0,319.0,,,False,,False
6687.726,LEC,16,32.0,96.624,25.841,29.185,41.598,2.0,HARD,22.0,True,Ferrari,1,3.0,True,268.0,255.0,276.0,318.0,,,False,,False
6784.276,LEC,16,33.0,96.55,25.393,29.223,41.934,2.0,HARD,23.0,True,Ferrari,12,3.0,True,266.0,254.0,271.0,307.0,,,False,,False
6881.005,LEC,16,34.0,96.729,25.656,29.08,41.993,2.0,HARD,24.0,True,Ferrari,1,3.0,True,264.0,253.0,272.0,305.0,,,False,,False
6979.516,LEC,16,35.0,98.511,25.494,29.203,43.814,2.0,HARD,25.0,True,Ferrari,1,4.0,True,268.0,253.0,275.0,303.0,,,False,,False
7076.763,LEC,16,36.0,97.247,25.858,29.426,41.963,2.0,HARD,26.0,True,Ferrari,1,4.0,True,266.0,257.0,256.0,327.0,,,False,,False
7173.53,LEC,16,37.0,96.767,25.901,29.213,41.653,2.0,HARD,27.0,True,Ferrari,1,4.0,True,273.0,260.0,278.0,310.0,,,False,,False
7270.289,LEC,16,38.0,96.759,25.516,29.349,41.894,2.0,HARD,28.0,True,Ferrari,1,4.0,True,273.0,256.0,276.0,316.0,,,False,,False
7367.282,LEC,16,39.0,96.993,25.561,29.25,42.182,2.0,HARD,29.0,True,Ferrari,1,3.0,True,278.0,265.0,270.0,329.0,,,False,,False
7465.538,LEC,16,40.0,98.256,26.043,29.941,42.272,2.0,HARD,30.0,True,Ferrari,1,4.0,True,274.0,253.0,278.0,308.0,,,False,,False
7562.378,LEC,16,41.0,96.84,25.517,29.252,42.071,2.0,HARD,31.0,True,Ferrari,1,4.0,True,273.0,260.0,273.0,311.0,,,False,,False
7659.173,LEC,16,42.0,96.795,25.544,29.158,42.093,2.0,HARD,32.0,True,Ferrari,1,4.0,True,273.0,257.0,277.0,304.0,,,False,,False
7755.757,LEC,16,43.0,96.584,25.335,29.135,42.114,2.0,HARD,33.0,True,Ferrari,1,4.0,True,268.0,257.0,274.0,303.0,,,False,,False
7852.406,LEC,16,44.0,96.649,25.554,29.115,41.98,2.0,HARD,34.0,True,Ferrari,1,4.0,True,267.0,255.0,275.0,305.0,,,False,,False
7949.63,LEC,16,45.0,97.224,25.414,29.223,42.587,2.0,HARD,35.0,True,Ferrari,1,4.0,True,268.0,268.0,276.0,304.0,,,False,,False
8045.901,LEC,16,46.0,96.271,25.203,29.112,41.956,2.0,HARD,36.0,True,Ferrari,1,4.0,True,271.0,255.0,275.0,304.0,,,False,,False
8142.105,LEC,16,47.0,96.204,25.441,29.151,41.612,2.0,HARD,37.0,True,Ferrari,1,4.0,True,270.0,263.0,277.0,316.0,,,False,,False
8238.333,LEC,16,48.0,96.228,25.151,29.049,42.028,2.0,HARD,38.0,True,Ferrari,1,4.0,True,274.0,256.0,274.0,302.0,,,False,,False
8334.664,LEC,16,49.0,96.331,25.332,28.967,42.032,2.0,HARD,39.0,True,Ferrari,1,4.0,True,271.0,257.0,276.0,302.0,,,False,,False
8431.051,LEC,16,50.0,96.387,25.34,29.021,42.026,2.0,HARD,40.0,True,Ferrari,1,4.0,True,271.0,256.0,278.0,303.0,,,False,,False
8527.795,LEC,16,51.0,96.744,25.22,28.931,42.593,2.0,HARD,41.0,True,Ferrari,1,4.0,True,271.0,257.0,274.0,303.0,,,False,,False
8624.119,LEC,16,52.0,96.324,25.373,28.989,41.962,2.0,HARD,42.0,True,Ferrari,1,4.0,True,269.0,262.0,278.0,303.0,,,False,,False
8720.439,LEC,16,53.0,96.32,25.134,29.028,42.158,2.0,HARD,43.0,True,Ferrari,12,4.0,True,271.0,255.0,276.0,302.0,,,False,,False
8816.652,LEC,16,54.0,96.213,25.197,28.969,42.047,2.0,HARD,44.0,True,Ferrari,1,4.0,True,271.0,257.0,279.0,304.0,,,False,,False
8912.786,LEC,16,55.0,96.134,25.047,29.019,42.068,2.0,HARD,45.0,True,Ferrari,1,4.0,True,273.0,258.0,276.0,303.0,,,False,,False
9008.797,LEC,16,56.0,96.011,25.129,28.862,42.02,2.0,HARD,46.0,True,Ferrari,1,4.0,True,273.0,260.0,277.0,303.0,,,False,,False
3493.783,STR,18,1.0,109.471,,31.291,44.166,1.0,HARD,1.0,True,Aston Martin,12,16.0,False,270.0,269.0,266.0,321.0,,,False,,False
3595.613,STR,18,2.0,101.83,26.76,31.498,43.572,1.0,HARD,2.0,True,Aston Martin,1,16.0,True,278.0,250.0,267.0,312.0,,,False,,False
3697.411,STR,18,3.0,101.798,26.812,31.468,43.518,1.0,HARD,3.0,True,Aston Martin,1,16.0,True,261.0,250.0,265.0,308.0,,,False,,False
3799.265,STR,18,4.0,101.854,26.814,31.671,43.369,1.0,HARD,4.0,True,Aston Martin,1,16.0,True,255.0,246.0,266.0,303.0,,,False,,False
3900.257,STR,18,5.0,100.992,26.536,31.071,43.385,1.0,HARD,5.0,True,Aston Martin,1,16.0,True,255.0,248.0,265.0,305.0,,,False,,False
4001.228,STR,18,6.0,100.971,26.716,30.917,43.338,1.0,HARD,6.0,True,Aston Martin,1,16.0,True,255.0,248.0,266.0,302.0,,,False,,False
4102.184,STR,18,7.0,100.956,26.685,30.942,43.329,1.0,HARD,7.0,True,Aston Martin,1,16.0,True,255.0,247.0,264.0,307.0,,,False,,False
4203.358,STR,18,8.0,101.174,26.692,31.176,43.306,1.0,HARD,8.0,True,Aston Martin,1,16.0,True,256.0,246.0,266.0,304.0,,,False,,False
4304.241,STR,18,9.0,100.883,26.575,30.832,43.476,1.0,HARD,9.0,True,Aston Martin,1,16.0,True,258.0,253.0,263.0,320.0,,,False,,False
4454.241,STR,18,10.0,,,,,1.0,HARD,10.0,True,Aston Martin,124,,False,,,,,,,False,,True
3493.031,HUL,27,1.0,108.719,,32.022,43.88,1.0,HARD,1.0,True,Audi,12,15.0,False,268.0,262.0,273.0,336.0,,,False,,False
3594.665,HUL,27,2.0,101.634,26.751,31.478,43.405,1.0,HARD,2.0,True,Audi,1,15.0,True,289.0,270.0,271.0,342.0,,,False,,False
3694.572,HUL,27,3.0,99.907,26.275,30.985,42.647,1.0,HARD,3.0,True,Audi,1,13.0,True,287.0,263.0,269.0,329.0,,,False,,False
3794.089,HUL,27,4.0,99.517,26.06,30.528,42.929,1.0,HARD,4.0,True,Audi,1,13.0,True,273.0,263.0,268.0,312.0,,,False,,False
3893.353,HUL,27,5.0,99.264,26.036,30.403,42.825,1.0,HARD,5.0,True,Audi,1,13.0,True,274.0,263.0,269.0,313.0,,,False,,False
3992.128,HUL,27,6.0,98.775,25.939,30.17,42.666,1.0,HARD,6.0,True,Audi,1,13.0,True,276.0,267.0,267.0,329.0,,,False,,False
4091.518,HUL,27,7.0,99.39,26.174,30.54,42.676,1.0,HARD,7.0,True,Audi,1,12.0,True,284.0,269.0,268.0,329.0,,,False,,False
4190.545,HUL,27,8.0,99.027,26.119,30.173,42.735,1.0,HARD,8.0,True,Audi,1,12.0,True,272.0,263.0,270.0,314.0,,,False,,False
4289.709,HUL,27,9.0,99.164,25.939,30.387,42.838,1.0,HARD,9.0,True,Audi,1,10.0,True,272.0,267.0,267.0,323.0,,,False,,False
4403.518,HUL,27,10.0,113.809,25.977,30.406,57.426,1.0,HARD,10.0,True,Audi,124,9.0,False,276.0,266.0,188.0,260.0,,,False,,False
4545.516,HUL,27,11.0,141.998,38.541,40.272,63.185,1.0,HARD,11.0,True,Audi,4,8.0,False,232.0,242.0,231.0,245.0,,,False,,False
4696.434,HUL,27,12.0,,42.774,44.575,63.508,1.0,HARD,12.0,True,Audi,4,8.0,False,149.0,158.0,181.0,178.0,,,False,,False
4842.042,HUL,27,13.0,145.608,36.536,45.081,63.991,1.0,HARD,13.0,True,Audi,41,8.0,False,207.0,128.0,270.0,186.0,,,False,,False
4942.987,HUL,27,14.0,100.945,26.559,30.703,43.683,1.0,HARD,14.0,True,Audi,1,9.0,True,284.0,274.0,269.0,341.0,,,False,,False
5042.185,HUL,27,15.0,99.198,26.218,30.306,42.674,1.0,HARD,15.0,True,Audi,1,9.0,True,280.0,272.0,266.0,344.0,,,False,,False
5141.751,HUL,27,16.0,99.566,26.1,30.176,43.29,1.0,HARD,16.0,True,Audi,1,10.0,True,279.0,265.0,264.0,333.0,,,False,,False
5240.986,HUL,27,17.0,99.235,26.467,30.212,42.556,1.0,HARD,17.0,True,Audi,12,11.0,True,276.0,268.0,272.0,328.0,,,False,,False
5339.86,HUL,27,18.0,98.874,26.034,30.284,42.556,1.0,HARD,18.0,True,Audi,21,11.0,True,280.0,270.0,269.0,339.0,,,False,,False
5438.242,HUL,27,19.0,98.382,26.016,30.329,42.037,1.0,HARD,19.0,True,Audi,1,10.0,True,278.0,268.0,268.0,336.0,,,False,,False
5537.066,HUL,27,20.0,98.824,26.054,30.067,42.703,1.0,HARD,20.0,True,Audi,1,10.0,True,273.0,265.0,272.0,315.0,,,False,,False
5635.46,HUL,27,21.0,98.394,25.954,29.926,42.514,1.0,HARD,21.0,True,Audi,1,10.0,True,275.0,266.0,275.0,320.0,,,False,,False
5733.903,HUL,27,22.0,98.443,25.997,30.156,42.29,1.0,HARD,22.0,True,Audi,1,9.0,True,273.0,265.0,271.0,340.0,,,False,,False
5833.399,HUL,27,23.0,99.496,26.054,30.781,42.661,1.0,HARD,23.0,True,Audi,1,10.0,True,288.0,267.0,271.0,321.0,,,False,,False
5932.111,HUL,27,24.0,98.712,25.934,30.123,42.655,1.0,HARD,24.0,True,Audi,1,10.0,True,274.0,264.0,273.0,309.0,,,False,,False
6030.699,HUL,27,25.0,98.588,25.959,30.15,42.479,1.0,HARD,25.0,True,Audi,1,10.0,True,277.0,267.0,274.0,315.0,,,False,,False
6129.001,HUL,27,26.0,98.302,25.749,29.901,42.652,1.0,HARD,26.0,True,Audi,1,10.0,True,277.0,269.0,275.0,312.0,,,False,,False
6226.96,HUL,27,27.0,97.959,25.666,29.778,42.515,1.0,HARD,27.0,True,Audi,12,10.0,True,278.0,269.0,274.0,312.0,,,False,,False
6325.11,HUL,27,28.0,98.15,25.75,29.903,42.497,1.0,HARD,28.0,True,Audi,21,10.0,True,277.0,268.0,271.0,318.0,,,False,,False
6423.787,HUL,27,29.0,98.677,26.029,30.152,42.496,1.0,HARD,29.0,True,Audi,1,9.0,True,279.0,270.0,271.0,328.0,,,False,,False
6521.646,HUL,27,30.0,97.859,25.774,29.835,42.25,1.0,HARD,30.0,True,Audi,1,9.0,True,275.0,266.0,273.0,319.0,,,False,,False
6619.408,HUL,27,31.0,97.762,25.658,29.921,42.183,1.0,HARD,31.0,True,Audi,1,9.0,True,277.0,268.0,271.0,327.0,,,False,,False
6717.704,HUL,27,32.0,98.296,25.866,29.87,42.56,1.0,HARD,32.0,True,Audi,1,8.0,True,275.0,266.0,271.0,313.0,,,False,,False
6816.367,HUL,27,33.0,98.663,25.833,29.84,42.99,1.0,HARD,33.0,True,Audi,12,8.0,True,271.0,262.0,257.0,305.0,,,False,,False
6914.794,HUL,27,34.0,98.427,26.029,29.572,42.826,1.0,HARD,34.0,True,Audi,1,8.0,True,272.0,262.0,270.0,303.0,,,False,,False
7019.707,HUL,27,35.0,104.913,25.9,30.099,48.914,1.0,HARD,35.0,True,Audi,1,10.0,False,272.0,261.0,,318.0,,7017.832,False,,False
7151.917,HUL,27,36.0,132.21,59.719,30.117,42.374,2.0,MEDIUM,1.0,True,Audi,1,16.0,False,268.0,264.0,272.0,305.0,7055.057,,False,,False
7248.537,HUL,27,37.0,96.62,25.673,29.278,41.669,2.0,MEDIUM,2.0,True,Audi,1,16.0,True,276.0,268.0,278.0,315.0,,,False,,False
7344.717,HUL,27,38.0,96.18,25.049,29.479,41.652,2.0,MEDIUM,3.0,True,Audi,1,14.0,True,301.0,268.0,272.0,340.0,,,False,,False
7441.833,HUL,27,39.0,97.116,25.51,29.206,42.4,2.0,MEDIUM,4.0,True,Audi,1,14.0,True,271.0,262.0,273.0,304.0,,,False,,False
7538.706,HUL,27,40.0,96.873,25.544,29.074,42.255,2.0,MEDIUM,5.0,True,Audi,1,14.0,True,271.0,263.0,274.0,306.0,,,False,,False
7635.331,HUL,27,41.0,96.625,25.476,29.107,42.042,2.0,MEDIUM,6.0,True,Audi,1,14.0,True,273.0,264.0,273.0,308.0,,,False,,False
7734.006,HUL,27,42.0,98.675,25.518,29.563,43.594,2.0,MEDIUM,7.0,True,Audi,1,14.0,True,275.0,268.0,275.0,251.0,,,False,,False
7830.767,HUL,27,43.0,96.761,25.464,29.118,42.179,2.0,MEDIUM,8.0,True,Audi,1,12.0,True,304.0,264.0,273.0,304.0,,,False,,False
7927.635,HUL,27,44.0,96.868,25.48,29.178,42.21,2.0,MEDIUM,9.0,True,Audi,1,12.0,True,271.0,263.0,275.0,303.0,,,False,,False
8024.536,HUL,27,45.0,96.901,25.475,29.157,42.269,2.0,MEDIUM,10.0,True,Audi,1,11.0,True,274.0,264.0,274.0,302.0,,,False,,False
8121.521,HUL,27,46.0,96.985,25.488,29.2,42.297,2.0,MEDIUM,11.0,True,Audi,1,11.0,True,274.0,263.0,274.0,302.0,,,False,,False
8220.284,HUL,27,47.0,98.763,25.609,29.393,43.761,2.0,MEDIUM,12.0,True,Audi,1,11.0,True,274.0,265.0,275.0,291.0,,,False,,False
8317.06,HUL,27,48.0,96.776,25.604,29.334,41.838,2.0,MEDIUM,13.0,True,Audi,1,11.0,True,279.0,270.0,266.0,332.0,,,False,,False
8415.124,HUL,27,49.0,98.064,25.828,29.409,42.827,2.0,MEDIUM,14.0,True,Audi,1,11.0,True,273.0,263.0,273.0,298.0,,,False,,False
8512.82,HUL,27,50.0,97.696,25.661,29.684,42.351,2.0,MEDIUM,15.0,True,Audi,1,11.0,True,273.0,265.0,274.0,303.0,,,False,,False
8610.325,HUL,27,51.0,97.505,25.573,29.393,42.539,2.0,MEDIUM,16.0,True,Audi,1,11.0,True,275.0,264.0,274.0,301.0,,,False,,False
8707.939,HUL,27,52.0,97.614,25.659,29.366,42.589,2.0,MEDIUM,17.0,True,Audi,12,11.0,True,275.0,264.0,273.0,300.0,,,False,,False
8805.909,HUL,27,53.0,97.97,25.787,29.547,42.636,2.0,MEDIUM,18.0,True,Audi,1,11.0,True,274.0,264.0,274.0,300.0,,,False,,False
8903.518,HUL,27,54.0,97.609,25.605,29.479,42.525,2.0,MEDIUM,19.0,True,Audi,1,11.0,True,274.0,264.0,274.0,301.0,,,False,,False
9001.089,HUL,27,55.0,97.571,25.677,29.426,42.468,2.0,MEDIUM,20.0,True,Audi,1,11.0,True,274.0,262.0,266.0,307.0,,,False,,False
3492.231,VER,3,1.0,107.91,,31.169,43.911,1.0,SOFT,4.0,False,Red Bull Racing,12,13.0,False,291.0,267.0,271.0,341.0,,,False,,False
3592.526,VER,3,2.0,100.295,26.205,31.087,43.003,1.0,SOFT,5.0,False,Red Bull Racing,1,10.0,True,281.0,255.0,271.0,322.0,,,False,,False
3691.606,VER,3,3.0,99.08,25.992,30.619,42.469,1.0,SOFT,6.0,False,Red Bull Racing,1,10.0,True,264.0,259.0,277.0,321.0,,,False,,False
3790.726,VER,3,4.0,99.12,26.144,30.322,42.654,1.0,SOFT,7.0,False,Red Bull Racing,1,10.0,True,270.0,262.0,277.0,325.0,,,False,,False
3890.308,VER,3,5.0,99.582,26.651,30.4,42.531,1.0,SOFT,8.0,False,Red Bull Racing,1,10.0,True,269.0,260.0,275.0,324.0,,,True,TRACK LIMITS AT TURN 2 LAP 5 ,False
3989.514,VER,3,6.0,99.206,26.14,30.474,42.592,1.0,SOFT,9.0,False,Red Bull Racing,1,10.0,True,272.0,267.0,277.0,328.0,,,False,,False
4089.088,VER,3,7.0,99.574,26.111,30.64,42.823,1.0,SOFT,10.0,False,Red Bull Racing,1,10.0,True,273.0,259.0,275.0,325.0,,,False,,False
4188.553,VER,3,8.0,99.465,26.042,30.748,42.675,1.0,SOFT,11.0,False,Red Bull Racing,1,10.0,True,272.0,265.0,274.0,322.0,,,False,,False
4294.078,VER,3,9.0,105.525,26.282,30.798,48.445,1.0,SOFT,12.0,False,Red Bull Racing,1,12.0,False,272.0,263.0,,323.0,,4292.287,False,,False
4437.23,VER,3,10.0,143.152,46.287,39.105,57.76,2.0,HARD,1.0,True,Red Bull Racing,124,15.0,False,266.0,154.0,217.0,223.0,4316.003,,False,,False
4572.298,VER,3,11.0,135.068,35.451,40.422,59.195,2.0,HARD,2.0,True,Red Bull Racing,4,14.0,False,226.0,225.0,219.0,253.0,,,False,,False
4701.967,VER,3,12.0,129.669,32.207,34.84,62.622,2.0,HARD,3.0,True,Red Bull Racing,4,13.0,False,235.0,214.0,120.0,106.0,,,False,,False
4844.314,VER,3,13.0,142.347,35.686,45.94,60.721,2.0,HARD,4.0,True,Red Bull Racing,41,13.0,False,225.0,204.0,270.0,205.0,,,False,,False
4943.887,VER,3,14.0,99.573,26.178,30.957,42.438,2.0,HARD,5.0,True,Red Bull Racing,1,11.0,True,309.0,261.0,274.0,325.0,,,False,,False
5042.955,VER,3,15.0,99.068,25.966,30.709,42.393,2.0,HARD,6.0,True,Red Bull Racing,1,11.0,True,300.0,264.0,276.0,322.0,,,False,,False
5141.908,VER,3,16.0,98.953,26.214,30.102,42.637,2.0,HARD,7.0,True,Red Bull Racing,1,11.0,True,274.0,269.0,280.0,320.0,,,False,,False
5240.175,VER,3,17.0,98.267,25.735,30.129,42.403,2.0,HARD,8.0,True,Red Bull Racing,12,10.0,True,274.0,263.0,279.0,328.0,,,False,,False
5337.525,VER,3,18.0,97.35,25.558,29.953,41.839,2.0,HARD,9.0,True,Red Bull Racing,21,9.0,True,276.0,265.0,276.0,323.0,,,False,,False
5436.56,VER,3,19.0,99.035,25.661,30.788,42.586,2.0,HARD,10.0,True,Red Bull Racing,1,9.0,True,302.0,269.0,262.0,340.0,,,False,,False
5535.091,VER,3,20.0,98.531,26.528,29.882,42.121,2.0,HARD,11.0,True,Red Bull Racing,1,8.0,True,274.0,266.0,279.0,327.0,,,False,,False
5633.859,VER,3,21.0,98.768,25.933,30.162,42.673,2.0,HARD,12.0,True,Red Bull Racing,1,7.0,True,306.0,264.0,269.0,323.0,,,False,,False
5732.006,VER,3,22.0,98.147,25.68,29.815,42.652,2.0,HARD,13.0,True,Red Bull Racing,1,6.0,True,309.0,255.0,255.0,304.0,,,False,,False
5830.045,VER,3,23.0,98.039,26.181,29.738,42.12,2.0,HARD,14.0,True,Red Bull Racing,1,6.0,True,269.0,258.0,275.0,313.0,,,False,,False
5927.925,VER,3,24.0,97.88,25.854,29.807,42.219,2.0,HARD,15.0,True,Red Bull Racing,1,6.0,True,267.0,258.0,270.0,311.0,,,False,,False
6025.794,VER,3,25.0,97.869,25.976,29.754,42.139,2.0,HARD,16.0,True,Red Bull Racing,1,6.0,True,269.0,262.0,276.0,312.0,,,False,,False
6123.174,VER,3,26.0,97.38,25.716,29.645,42.019,2.0,HARD,17.0,True,Red Bull Racing,1,6.0,True,269.0,265.0,275.0,312.0,,,False,,False
6220.819,VER,3,27.0,97.645,25.876,29.73,42.039,2.0,HARD,18.0,True,Red Bull Racing,1,6.0,True,270.0,262.0,277.0,309.0,,,False,,False
6318.187,VER,3,28.0,97.368,25.679,29.705,41.984,2.0,HARD,19.0,True,Red Bull Racing,12,6.0,True,268.0,259.0,276.0,313.0,,,False,,False
6415.859,VER,3,29.0,97.672,25.829,29.805,42.038,2.0,HARD,20.0,True,Red Bull Racing,1,6.0,True,268.0,261.0,277.0,313.0,,,False,,False
6513.446,VER,3,30.0,97.587,25.687,29.767,42.133,2.0,HARD,21.0,True,Red Bull Racing,1,6.0,True,270.0,260.0,275.0,312.0,,,False,,False
6610.964,VER,3,31.0,97.518,25.758,29.78,41.98,2.0,HARD,22.0,True,Red Bull Racing,1,6.0,True,270.0,260.0,275.0,313.0,,,False,,False
6708.724,VER,3,32.0,97.76,25.833,29.936,41.991,2.0,HARD,23.0,True,Red Bull Racing,1,6.0,True,269.0,260.0,278.0,312.0,,,False,,False
6806.105,VER,3,33.0,97.381,25.69,29.705,41.986,2.0,HARD,24.0,True,Red Bull Racing,12,6.0,True,269.0,263.0,274.0,312.0,,,False,,False
6903.515,VER,3,34.0,97.41,25.748,29.64,42.022,2.0,HARD,25.0,True,Red Bull Racing,1,6.0,True,269.0,261.0,274.0,313.0,,,False,,False
7001.005,VER,3,35.0,97.49,25.741,29.682,42.067,2.0,HARD,26.0,True,Red Bull Racing,1,6.0,True,269.0,262.0,277.0,310.0,,,False,,False
7098.234,VER,3,36.0,97.229,25.652,29.627,41.95,2.0,HARD,27.0,True,Red Bull Racing,1,6.0,True,271.0,262.0,277.0,314.0,,,False,,False
7195.384,VER,3,37.0,97.15,25.592,29.668,41.89,2.0,HARD,28.0,True,Red Bull Racing,1,6.0,True,273.0,262.0,276.0,315.0,,,False,,False
7292.447,VER,3,38.0,97.063,25.681,29.517,41.865,2.0,HARD,29.0,True,Red Bull Racing,1,6.0,True,270.0,262.0,279.0,313.0,,,False,,False
7389.493,VER,3,39.0,97.046,25.612,29.585,41.849,2.0,HARD,30.0,True,Red Bull Racing,1,6.0,True,270.0,262.0,276.0,312.0,,,False,,False
7486.748,VER,3,40.0,97.255,25.589,29.596,42.07,2.0,HARD,31.0,True,Red Bull Racing,1,6.0,True,273.0,263.0,276.0,313.0,,,False,,False
7584.153,VER,3,41.0,97.405,25.665,29.626,42.114,2.0,HARD,32.0,True,Red Bull Racing,1,6.0,True,275.0,262.0,278.0,315.0,,,False,,False
7681.536,VER,3,42.0,97.383,25.581,29.634,42.168,2.0,HARD,33.0,True,Red Bull Racing,1,6.0,True,272.0,263.0,278.0,310.0,,,False,,False
7778.659,VER,3,43.0,97.123,25.642,29.518,41.963,2.0,HARD,34.0,True,Red Bull Racing,1,6.0,True,273.0,265.0,279.0,312.0,,,False,,False
7875.751,VER,3,44.0,97.092,25.525,29.52,42.047,2.0,HARD,35.0,True,Red Bull Racing,1,6.0,True,276.0,267.0,279.0,314.0,,,False,,False
8030.686,VER,3,45.0,,25.784,54.024,75.059,2.0,HARD,36.0,True,Red Bull Racing,1,13.0,False,277.0,129.0,,143.0,,8028.93,False,,False
3490.396,LAW,30,1.0,106.084,,31.35,43.622,1.0,MEDIUM,1.0,True,Racing Bulls,12,7.0,False,285.0,260.0,269.0,345.0,,,False,,False
3590.194,LAW,30,2.0,99.798,26.269,30.557,42.972,1.0,MEDIUM,2.0,True,Racing Bulls,1,7.0,True,266.0,260.0,271.0,318.0,,,False,,False
3689.141,LAW,30,3.0,98.947,26.007,30.129,42.811,1.0,MEDIUM,3.0,True,Racing Bulls,1,7.0,True,268.0,262.0,272.0,318.0,,,False,,False
3788.255,LAW,30,4.0,99.114,26.045,30.283,42.786,1.0,MEDIUM,4.0,True,Racing Bulls,1,7.0,True,270.0,260.0,274.0,318.0,,,False,,False
3888.31,LAW,30,5.0,100.055,26.168,30.359,43.528,1.0,MEDIUM,5.0,True,Racing Bulls,1,8.0,True,266.0,259.0,270.0,312.0,,,False,,False
3987.82,LAW,30,6.0,99.51,26.2,30.544,42.766,1.0,MEDIUM,6.0,True,Racing Bulls,1,8.0,True,272.0,260.0,274.0,319.0,,,False,,False
4087.529,LAW,30,7.0,99.709,26.055,30.472,43.182,1.0,MEDIUM,7.0,True,Racing Bulls,1,8.0,True,270.0,263.0,271.0,314.0,,,False,,False
4187.407,LAW,30,8.0,99.878,26.311,30.4,43.167,1.0,MEDIUM,8.0,True,Racing Bulls,1,8.0,True,268.0,263.0,272.0,314.0,,,False,,False
4293.586,LAW,30,9.0,106.179,26.345,30.669,49.165,1.0,MEDIUM,9.0,True,Racing Bulls,1,11.0,False,266.0,255.0,,310.0,,4291.865,False,,False
4435.724,LAW,30,10.0,142.138,45.558,39.863,56.717,2.0,HARD,1.0,True,Racing Bulls,124,14.0,False,266.0,152.0,197.0,198.0,4314.818,,False,,False
4570.893,LAW,30,11.0,135.169,35.409,40.895,58.865,2.0,HARD,2.0,True,Racing Bulls,4,13.0,False,220.0,193.0,209.0,216.0,,,False,,False
4701.477,LAW,30,12.0,130.584,33.054,34.546,62.984,2.0,HARD,3.0,True,Racing Bulls,4,12.0,False,231.0,177.0,121.0,111.0,,,False,,False
4843.894,LAW,30,13.0,142.417,35.431,45.931,61.055,2.0,HARD,4.0,True,Racing Bulls,41,12.0,False,225.0,191.0,274.0,206.0,,,False,,False
4944.673,LAW,30,14.0,100.779,26.543,31.232,43.004,2.0,HARD,5.0,True,Racing Bulls,1,12.0,True,289.0,269.0,274.0,339.0,,,False,,False
5043.693,LAW,30,15.0,99.02,26.023,30.415,42.582,2.0,HARD,6.0,True,Racing Bulls,1,12.0,True,279.0,256.0,272.0,335.0,,,False,,False
5143.13,LAW,30,16.0,99.437,26.171,30.308,42.958,2.0,HARD,7.0,True,Racing Bulls,1,12.0,True,266.0,260.0,272.0,319.0,,,False,,False
5242.039,LAW,30,17.0,98.909,25.953,30.137,42.819,2.0,HARD,8.0,True,Racing Bulls,12,12.0,True,277.0,264.0,274.0,321.0,,,False,,False
5340.748,LAW,30,18.0,98.709,26.021,30.077,42.611,2.0,HARD,9.0,True,Racing Bulls,21,12.0,True,275.0,262.0,272.0,322.0,,,False,,False
5439.737,LAW,30,19.0,98.989,26.058,30.253,42.678,2.0,HARD,10.0,True,Racing Bulls,1,12.0,True,274.0,266.0,272.0,320.0,,,False,,False
5538.924,LAW,30,20.0,99.187,26.148,30.308,42.731,2.0,HARD,11.0,True,Racing Bulls,1,12.0,True,271.0,267.0,273.0,322.0,,,False,,False
5637.415,LAW,30,21.0,98.491,25.84,30.036,42.615,2.0,HARD,12.0,True,Racing Bulls,1,11.0,True,279.0,268.0,272.0,334.0,,,False,,False
5736.215,LAW,30,22.0,98.8,26.023,29.99,42.787,2.0,HARD,13.0,True,Racing Bulls,1,11.0,True,276.0,265.0,272.0,315.0,,,False,,False
5834.767,LAW,30,23.0,98.552,26.069,29.916,42.567,2.0,HARD,14.0,True,Racing Bulls,1,11.0,True,274.0,261.0,273.0,318.0,,,False,,False
5933.313,LAW,30,24.0,98.546,25.936,30.014,42.596,2.0,HARD,15.0,True,Racing Bulls,1,11.0,True,274.0,265.0,271.0,318.0,,,False,,False
6031.912,LAW,30,25.0,98.599,25.955,30.06,42.584,2.0,HARD,16.0,True,Racing Bulls,1,11.0,True,277.0,265.0,276.0,319.0,,,False,,False
6130.357,LAW,30,26.0,98.445,25.844,29.994,42.607,2.0,HARD,17.0,True,Racing Bulls,1,11.0,True,277.0,266.0,272.0,319.0,,,False,,False
6228.715,LAW,30,27.0,98.358,25.779,29.938,42.641,2.0,HARD,18.0,True,Racing Bulls,12,11.0,True,281.0,267.0,274.0,314.0,,,False,,False
6327.104,LAW,30,28.0,98.389,25.79,29.893,42.706,2.0,HARD,19.0,True,Racing Bulls,21,11.0,True,278.0,262.0,270.0,315.0,,,False,,False
6425.412,LAW,30,29.0,98.308,25.917,29.943,42.448,2.0,HARD,20.0,True,Racing Bulls,1,10.0,True,276.0,265.0,277.0,319.0,,,False,,False
6523.306,LAW,30,30.0,97.894,25.74,29.884,42.27,2.0,HARD,21.0,True,Racing Bulls,1,10.0,True,280.0,263.0,275.0,319.0,,,False,,False
6621.39,LAW,30,31.0,98.084,25.748,29.851,42.485,2.0,HARD,22.0,True,Racing Bulls,1,10.0,True,278.0,262.0,273.0,318.0,,,False,,False
6719.349,LAW,30,32.0,97.959,25.802,29.723,42.434,2.0,HARD,23.0,True,Racing Bulls,1,9.0,True,278.0,264.0,276.0,318.0,,,False,,False
6817.247,LAW,30,33.0,97.898,25.657,29.768,42.473,2.0,HARD,24.0,True,Racing Bulls,12,9.0,True,281.0,264.0,276.0,319.0,,,False,,False
6915.471,LAW,30,34.0,98.224,25.826,29.894,42.504,2.0,HARD,25.0,True,Racing Bulls,1,9.0,True,285.0,265.0,274.0,319.0,,,False,,False
7013.48,LAW,30,35.0,98.009,25.786,30.09,42.133,2.0,HARD,26.0,True,Racing Bulls,1,8.0,True,281.0,269.0,272.0,330.0,,,False,,False
7111.461,LAW,30,36.0,97.981,25.804,29.62,42.557,2.0,HARD,27.0,True,Racing Bulls,1,8.0,True,277.0,262.0,270.0,309.0,,,False,,False
7209.433,LAW,30,37.0,97.972,26.089,29.555,42.328,2.0,HARD,28.0,True,Racing Bulls,1,8.0,True,278.0,264.0,275.0,312.0,,,False,,False
7307.001,LAW,30,38.0,97.568,25.79,29.497,42.281,2.0,HARD,29.0,True,Racing Bulls,1,8.0,True,273.0,264.0,275.0,310.0,,,False,,False
7404.764,LAW,30,39.0,97.763,25.824,29.535,42.404,2.0,HARD,30.0,True,Racing Bulls,1,8.0,True,274.0,262.0,273.0,310.0,,,False,,False
7502.574,LAW,30,40.0,97.81,26.032,29.449,42.329,2.0,HARD,31.0,True,Racing Bulls,1,8.0,True,275.0,262.0,273.0,311.0,,,False,,False
7600.19,LAW,30,41.0,97.616,25.711,29.404,42.501,2.0,HARD,32.0,True,Racing Bulls,1,8.0,True,279.0,264.0,274.0,305.0,,,False,,False
7697.746,LAW,30,42.0,97.556,25.758,29.421,42.377,2.0,HARD,33.0,True,Racing Bulls,1,8.0,True,278.0,267.0,275.0,305.0,,,False,,False
7795.307,LAW,30,43.0,97.561,25.734,29.425,42.402,2.0,HARD,34.0,True,Racing Bulls,1,8.0,True,280.0,264.0,276.0,305.0,,,False,,False
7892.661,LAW,30,44.0,97.354,25.636,29.449,42.269,2.0,HARD,35.0,True,Racing Bulls,1,8.0,True,278.0,265.0,275.0,308.0,,,False,,False
7990.208,LAW,30,45.0,97.547,25.595,29.5,42.452,2.0,HARD,36.0,True,Racing Bulls,1,7.0,True,279.0,264.0,276.0,305.0,,,False,,False
8087.577,LAW,30,46.0,97.369,25.556,29.476,42.337,2.0,HARD,37.0,True,Racing Bulls,1,7.0,True,280.0,262.0,276.0,307.0,,,False,,False
8184.875,LAW,30,47.0,97.298,25.579,29.339,42.38,2.0,HARD,38.0,True,Racing Bulls,1,7.0,True,279.0,267.0,274.0,309.0,,,False,,False
8282.318,LAW,30,48.0,97.443,25.642,29.43,42.371,2.0,HARD,39.0,True,Racing Bulls,1,7.0,True,283.0,268.0,275.0,308.0,,,False,,False
8379.775,LAW,30,49.0,97.457,25.599,29.495,42.363,2.0,HARD,40.0,True,Racing Bulls,1,7.0,True,279.0,260.0,277.0,307.0,,,False,,False
8476.976,LAW,30,50.0,97.201,25.469,29.437,42.295,2.0,HARD,41.0,True,Racing Bulls,1,7.0,True,281.0,266.0,276.0,309.0,,,False,,False
8574.369,LAW,30,51.0,97.393,25.586,29.535,42.272,2.0,HARD,42.0,True,Racing Bulls,1,7.0,True,281.0,265.0,275.0,310.0,,,False,,False
8671.693,LAW,30,52.0,97.324,25.544,29.481,42.299,2.0,HARD,43.0,True,Racing Bulls,1,7.0,True,282.0,265.0,275.0,307.0,,,False,,False
8769.043,LAW,30,53.0,97.35,25.602,29.408,42.34,2.0,HARD,44.0,True,Racing Bulls,12,7.0,True,283.0,264.0,277.0,309.0,,,False,,False
8866.245,LAW,30,54.0,97.202,25.555,29.431,42.216,2.0,HARD,45.0,True,Racing Bulls,1,7.0,True,282.0,265.0,277.0,310.0,,,False,,False
8963.411,LAW,30,55.0,97.166,25.444,29.481,42.241,2.0,HARD,46.0,True,Racing Bulls,1,7.0,True,281.0,264.0,276.0,310.0,,,False,,False
9060.507,LAW,30,56.0,97.096,25.458,29.543,42.095,2.0,HARD,47.0,True,Racing Bulls,1,7.0,True,282.0,264.0,280.0,310.0,,,False,,False
3491.005,OCO,31,1.0,106.693,,32.187,43.509,1.0,HARD,1.0,True,Haas F1 Team,12,9.0,False,269.0,266.0,273.0,333.0,,,False,,False
3590.741,OCO,31,2.0,99.736,26.498,30.518,42.72,1.0,HARD,2.0,True,Haas F1 Team,1,8.0,True,283.0,259.0,268.0,317.0,,,False,,False
3689.823,OCO,31,3.0,99.082,26.297,30.078,42.707,1.0,HARD,3.0,True,Haas F1 Team,1,8.0,True,266.0,259.0,268.0,321.0,,,False,,False
3788.925,OCO,31,4.0,99.102,26.051,30.22,42.831,1.0,HARD,4.0,True,Haas F1 Team,1,8.0,True,270.0,261.0,268.0,325.0,,,False,,False
3887.771,OCO,31,5.0,98.846,26.059,30.26,42.527,1.0,HARD,5.0,True,Haas F1 Team,1,7.0,True,269.0,258.0,265.0,324.0,,,False,,False
3986.529,OCO,31,6.0,98.758,26.082,29.95,42.726,1.0,HARD,6.0,True,Haas F1 Team,1,7.0,True,263.0,257.0,267.0,305.0,,,False,,False
4085.615,OCO,31,7.0,99.086,26.271,29.883,42.932,1.0,HARD,7.0,True,Haas F1 Team,1,7.0,True,262.0,255.0,267.0,305.0,,,False,,False
4184.63,OCO,31,8.0,99.015,26.219,30.012,42.784,1.0,HARD,8.0,True,Haas F1 Team,1,7.0,True,262.0,251.0,265.0,307.0,,,False,,False
4283.648,OCO,31,9.0,99.018,26.316,30.007,42.695,1.0,HARD,9.0,True,Haas F1 Team,1,7.0,True,261.0,253.0,270.0,307.0,,,False,,False
4396.023,OCO,31,10.0,112.375,26.103,30.048,56.224,1.0,HARD,10.0,True,Haas F1 Team,124,7.0,False,261.0,251.0,263.0,263.0,,,False,,False
4540.267,OCO,31,11.0,144.244,36.643,43.729,63.872,1.0,HARD,11.0,True,Haas F1 Team,4,3.0,False,125.0,139.0,186.0,167.0,,,False,,False
4690.121,OCO,31,12.0,149.854,43.603,43.126,63.125,1.0,HARD,12.0,True,Haas F1 Team,4,3.0,False,162.0,176.0,198.0,161.0,,,False,,False
4840.091,OCO,31,13.0,149.97,37.424,44.506,68.04,1.0,HARD,13.0,True,Haas F1 Team,41,3.0,False,190.0,98.0,270.0,172.0,,,False,,False
4940.416,OCO,31,14.0,100.325,26.252,30.75,43.323,1.0,HARD,14.0,True,Haas F1 Team,1,4.0,True,279.0,258.0,270.0,326.0,,,False,,False
5039.459,OCO,31,15.0,99.043,25.887,30.079,43.077,1.0,HARD,15.0,True,Haas F1 Team,1,5.0,True,269.0,260.0,267.0,316.0,,,False,,False
5138.876,OCO,31,16.0,99.417,26.089,30.601,42.727,1.0,HARD,16.0,True,Haas F1 Team,1,6.0,True,264.0,262.0,272.0,322.0,,,False,,False
5237.233,OCO,31,17.0,98.357,25.939,29.989,42.429,1.0,HARD,17.0,True,Haas F1 Team,1,6.0,True,270.0,256.0,270.0,322.0,,,False,,False
5335.904,OCO,31,18.0,98.671,25.991,29.847,42.833,1.0,HARD,18.0,True,Haas F1 Team,12,6.0,True,267.0,262.0,267.0,319.0,,,False,,False
5435.815,OCO,31,19.0,99.911,26.071,30.6,43.24,1.0,HARD,19.0,True,Haas F1 Team,1,7.0,True,276.0,254.0,264.0,317.0,,,False,,False
5534.806,OCO,31,20.0,98.991,26.589,29.733,42.669,1.0,HARD,20.0,True,Haas F1 Team,1,7.0,True,265.0,262.0,270.0,316.0,,,False,,False
5634.628,OCO,31,21.0,99.822,26.304,30.509,43.009,1.0,HARD,21.0,True,Haas F1 Team,1,8.0,True,271.0,263.0,259.0,323.0,,,False,,False
5733.328,OCO,31,22.0,98.7,26.286,29.867,42.547,1.0,HARD,22.0,True,Haas F1 Team,1,8.0,True,265.0,256.0,273.0,321.0,,,False,,False
5831.662,OCO,31,23.0,98.334,25.954,29.953,42.427,1.0,HARD,23.0,True,Haas F1 Team,1,8.0,True,270.0,264.0,270.0,323.0,,,False,,False
5930.512,OCO,31,24.0,98.85,26.031,29.845,42.974,1.0,HARD,24.0,True,Haas F1 Team,1,8.0,True,269.0,263.0,251.0,328.0,,,False,,False
6028.843,OCO,31,25.0,98.331,26.234,29.77,42.327,1.0,HARD,25.0,True,Haas F1 Team,1,8.0,True,263.0,259.0,271.0,314.0,,,False,,False
6126.668,OCO,31,26.0,97.825,25.759,29.811,42.255,1.0,HARD,26.0,True,Haas F1 Team,1,8.0,True,271.0,262.0,271.0,320.0,,,False,,False
6224.789,OCO,31,27.0,98.121,25.904,29.737,42.48,1.0,HARD,27.0,True,Haas F1 Team,12,8.0,True,270.0,263.0,272.0,323.0,,,False,,False
6323.458,OCO,31,28.0,98.669,25.951,29.811,42.907,1.0,HARD,28.0,True,Haas F1 Team,21,7.0,True,269.0,262.0,241.0,323.0,,,False,,False
6428.025,OCO,31,29.0,104.567,27.058,29.916,47.593,1.0,HARD,29.0,True,Haas F1 Team,1,12.0,False,270.0,264.0,,320.0,,6426.33,False,,False
6547.021,OCO,31,30.0,118.996,47.689,29.562,41.745,2.0,MEDIUM,1.0,True,Haas F1 Team,1,15.0,False,276.0,268.0,276.0,313.0,6452.275,,False,,False
6643.947,OCO,31,31.0,96.926,25.094,29.333,42.499,2.0,MEDIUM,2.0,True,Haas F1 Team,1,14.0,True,275.0,249.0,259.0,297.0,,,False,,False
6741.051,OCO,31,32.0,97.104,25.872,29.248,41.984,2.0,MEDIUM,3.0,True,Haas F1 Team,1,14.0,True,263.0,257.0,274.0,303.0,,,False,,False
6849.468,OCO,31,33.0,108.417,34.889,30.987,42.541,2.0,MEDIUM,4.0,True,Haas F1 Team,12,16.0,True,251.0,257.0,272.0,311.0,,,False,,False
6947.942,OCO,31,34.0,98.474,25.942,30.017,42.515,2.0,MEDIUM,5.0,True,Haas F1 Team,1,15.0,True,266.0,263.0,272.0,325.0,,,False,,False
7045.979,OCO,31,35.0,98.037,25.818,29.735,42.484,2.0,MEDIUM,6.0,True,Haas F1 Team,1,15.0,True,264.0,260.0,275.0,317.0,,,False,,False
7144.796,OCO,31,36.0,98.817,25.999,29.994,42.824,2.0,MEDIUM,7.0,True,Haas F1 Team,1,13.0,True,282.0,258.0,265.0,300.0,,,False,,False
7242.626,OCO,31,37.0,97.83,25.984,29.561,42.285,2.0,MEDIUM,8.0,True,Haas F1 Team,1,13.0,True,265.0,258.0,275.0,305.0,,,False,,False
7340.32,OCO,31,38.0,97.694,25.625,29.522,42.547,2.0,MEDIUM,9.0,True,Haas F1 Team,1,13.0,True,265.0,255.0,271.0,299.0,,,False,,False
7438.337,OCO,31,39.0,98.017,25.887,29.533,42.597,2.0,MEDIUM,10.0,True,Haas F1 Team,1,13.0,True,264.0,259.0,271.0,300.0,,,False,,False
7536.405,OCO,31,40.0,98.068,25.942,29.628,42.498,2.0,MEDIUM,11.0,True,Haas F1 Team,1,13.0,True,266.0,260.0,274.0,302.0,,,False,,False
7634.306,OCO,31,41.0,97.901,25.756,29.555,42.59,2.0,MEDIUM,12.0,True,Haas F1 Team,1,13.0,True,263.0,259.0,271.0,297.0,,,False,,False
7732.32,OCO,31,42.0,98.014,25.948,29.502,42.564,2.0,MEDIUM,13.0,True,Haas F1 Team,1,13.0,True,266.0,260.0,274.0,301.0,,,False,,False
7832.078,OCO,31,43.0,99.758,26.982,30.053,42.723,2.0,MEDIUM,14.0,True,Haas F1 Team,1,13.0,True,276.0,260.0,264.0,306.0,,,False,,False
7929.924,OCO,31,44.0,97.846,25.92,29.585,42.341,2.0,MEDIUM,15.0,True,Haas F1 Team,1,13.0,True,273.0,262.0,277.0,306.0,,,False,,False
8029.07,OCO,31,45.0,99.146,25.615,29.622,43.909,2.0,MEDIUM,16.0,True,Haas F1 Team,1,12.0,True,267.0,261.0,274.0,313.0,,,False,,False
8132.62,OCO,31,46.0,103.55,25.845,29.62,48.085,2.0,MEDIUM,17.0,True,Haas F1 Team,1,13.0,False,268.0,262.0,,302.0,,8130.912,False,,False
8273.507,OCO,31,47.0,140.887,69.802,29.133,41.952,3.0,SOFT,1.0,True,Haas F1 Team,1,15.0,False,275.0,283.0,274.0,303.0,8178.022,,False,,False
8369.968,OCO,31,48.0,96.461,25.461,28.951,42.049,3.0,SOFT,2.0,True,Haas F1 Team,1,15.0,True,257.0,247.0,276.0,294.0,,,False,,False
8466.714,OCO,31,49.0,96.746,25.414,29.104,42.228,3.0,SOFT,3.0,True,Haas F1 Team,1,15.0,True,250.0,245.0,276.0,295.0,,,False,,False
8563.141,OCO,31,50.0,96.427,25.302,29.174,41.951,3.0,SOFT,4.0,True,Haas F1 Team,1,15.0,True,256.0,249.0,278.0,294.0,,,False,,False
8659.617,OCO,31,51.0,96.476,25.394,29.09,41.992,3.0,SOFT,5.0,True,Haas F1 Team,1,15.0,True,265.0,256.0,274.0,306.0,,,False,,False
8757.288,OCO,31,52.0,97.671,25.484,29.51,42.677,3.0,SOFT,6.0,True,Haas F1 Team,12,14.0,True,271.0,262.0,273.0,305.0,,,False,,False
8853.93,OCO,31,53.0,96.642,25.511,29.054,42.077,3.0,SOFT,7.0,True,Haas F1 Team,1,14.0,True,271.0,261.0,274.0,302.0,,,False,,False
8949.894,OCO,31,54.0,95.964,25.355,28.897,41.712,3.0,SOFT,8.0,True,Haas F1 Team,1,14.0,True,266.0,260.0,278.0,302.0,,,False,,False
9046.175,OCO,31,55.0,96.281,25.237,29.083,41.961,3.0,SOFT,9.0,True,Haas F1 Team,1,14.0,True,271.0,259.0,274.0,302.0,,,False,,False
3490.825,LIN,41,1.0,106.513,,31.383,44.478,1.0,HARD,1.0,True,Racing Bulls,12,8.0,False,289.0,268.0,271.0,336.0,,,False,,False
3591.874,LIN,41,2.0,101.049,26.553,31.14,43.356,1.0,HARD,2.0,True,Racing Bulls,1,9.0,True,275.0,264.0,273.0,323.0,,,False,,False
3691.182,LIN,41,3.0,99.308,26.135,30.408,42.765,1.0,HARD,3.0,True,Racing Bulls,1,9.0,True,274.0,259.0,275.0,317.0,,,False,,False
3790.48,LIN,41,4.0,99.298,25.808,30.252,43.238,1.0,HARD,4.0,True,Racing Bulls,1,9.0,True,272.0,258.0,274.0,320.0,,,False,,False
3889.875,LIN,41,5.0,99.395,26.065,30.405,42.925,1.0,HARD,5.0,True,Racing Bulls,1,9.0,True,272.0,256.0,273.0,316.0,,,False,,False
3989.238,LIN,41,6.0,99.363,26.056,30.378,42.929,1.0,HARD,6.0,True,Racing Bulls,1,9.0,True,271.0,260.0,274.0,320.0,,,False,,False
4088.436,LIN,41,7.0,99.198,25.898,30.408,42.892,1.0,HARD,7.0,True,Racing Bulls,1,9.0,True,270.0,257.0,274.0,320.0,,,False,,False
4187.886,LIN,41,8.0,99.45,26.064,30.44,42.946,1.0,HARD,8.0,True,Racing Bulls,1,9.0,True,276.0,265.0,271.0,336.0,,,False,,False
4287.745,LIN,41,9.0,99.859,26.316,30.745,42.798,1.0,HARD,9.0,True,Racing Bulls,1,8.0,True,274.0,262.0,270.0,328.0,,,False,,False
4400.883,LIN,41,10.0,113.138,26.148,30.22,56.77,1.0,HARD,10.0,True,Racing Bulls,124,8.0,False,268.0,256.0,218.0,260.0,,,False,,False
4543.939,LIN,41,11.0,143.056,37.892,41.196,63.968,1.0,HARD,11.0,True,Racing Bulls,4,6.0,False,225.0,173.0,177.0,222.0,,,False,,False
4693.763,LIN,41,12.0,149.824,42.835,43.447,63.542,1.0,HARD,12.0,True,Racing Bulls,4,6.0,False,153.0,178.0,173.0,182.0,,,False,,False
4841.334,LIN,41,13.0,147.571,36.919,44.554,66.098,1.0,HARD,13.0,True,Racing Bulls,41,6.0,False,193.0,173.0,269.0,169.0,,,False,,False
4942.207,LIN,41,14.0,100.873,26.298,30.968,43.607,1.0,HARD,14.0,True,Racing Bulls,1,7.0,True,286.0,262.0,270.0,339.0,,,False,,False
5041.291,LIN,41,15.0,99.084,26.252,30.235,42.597,1.0,HARD,15.0,True,Racing Bulls,1,7.0,True,275.0,262.0,276.0,334.0,,,False,,False
5140.619,LIN,41,16.0,99.328,25.876,30.217,43.235,1.0,HARD,16.0,True,Racing Bulls,1,8.0,True,272.0,261.0,275.0,319.0,,,False,,False
5239.906,LIN,41,17.0,99.287,26.008,30.24,43.039,1.0,HARD,17.0,True,Racing Bulls,12,9.0,True,277.0,261.0,275.0,322.0,,,False,,False
5339.376,LIN,41,18.0,99.47,26.547,30.293,42.63,1.0,HARD,18.0,True,Racing Bulls,21,10.0,True,276.0,263.0,274.0,322.0,,,False,,False
5438.739,LIN,41,19.0,99.363,26.075,30.303,42.985,1.0,HARD,19.0,True,Racing Bulls,1,11.0,True,271.0,258.0,275.0,319.0,,,False,,False
5538.205,LIN,41,20.0,99.466,26.213,30.418,42.835,1.0,HARD,20.0,True,Racing Bulls,1,11.0,True,276.0,266.0,276.0,320.0,,,False,,False
5637.985,LIN,41,21.0,99.78,25.823,30.148,43.809,1.0,HARD,21.0,True,Racing Bulls,1,12.0,True,276.0,263.0,274.0,315.0,,,True,TRACK LIMITS AT TURN 14 LAP 21 ,False
5737.291,LIN,41,22.0,99.306,26.144,30.331,42.831,1.0,HARD,22.0,True,Racing Bulls,1,12.0,True,278.0,266.0,275.0,323.0,,,False,,False
5835.747,LIN,41,23.0,98.456,25.919,30.047,42.49,1.0,HARD,23.0,True,Racing Bulls,1,12.0,True,279.0,266.0,276.0,333.0,,,False,,False
5934.722,LIN,41,24.0,98.975,25.96,30.206,42.809,1.0,HARD,24.0,True,Racing Bulls,1,12.0,True,275.0,264.0,276.0,319.0,,,False,,False
6034.251,LIN,41,25.0,99.529,26.052,30.166,43.311,1.0,HARD,25.0,True,Racing Bulls,1,13.0,True,273.0,262.0,275.0,322.0,,,False,,False
6133.39,LIN,41,26.0,99.139,26.176,30.255,42.708,1.0,HARD,26.0,True,Racing Bulls,1,13.0,True,276.0,267.0,277.0,318.0,,,False,,False
6243.544,LIN,41,27.0,110.154,25.868,30.209,54.077,1.0,HARD,27.0,True,Racing Bulls,12,14.0,True,276.0,267.0,256.0,313.0,,,True,TRACK LIMITS AT TURN 14 LAP 27 ,False
6343.387,LIN,41,28.0,99.843,26.661,30.116,43.066,1.0,HARD,28.0,True,Racing Bulls,1,14.0,True,269.0,261.0,275.0,308.0,,,False,,False
6442.047,LIN,41,29.0,98.66,25.851,30.018,42.791,1.0,HARD,29.0,True,Racing Bulls,1,14.0,True,270.0,261.0,275.0,309.0,,,False,,False
6540.55,LIN,41,30.0,98.503,25.844,29.915,42.744,1.0,HARD,30.0,True,Racing Bulls,1,13.0,True,270.0,260.0,275.0,308.0,,,False,,False
6639.093,LIN,41,31.0,98.543,25.856,29.932,42.755,1.0,HARD,31.0,True,Racing Bulls,1,13.0,True,272.0,261.0,276.0,309.0,,,False,,False
6737.48,LIN,41,32.0,98.387,25.793,29.936,42.658,1.0,HARD,32.0,True,Racing Bulls,1,13.0,True,272.0,260.0,276.0,310.0,,,False,,False
6835.703,LIN,41,33.0,98.223,25.742,29.869,42.612,1.0,HARD,33.0,True,Racing Bulls,12,12.0,True,271.0,262.0,276.0,309.0,,,False,,False
6934.174,LIN,41,34.0,98.471,25.882,29.88,42.709,1.0,HARD,34.0,True,Racing Bulls,1,12.0,True,273.0,261.0,277.0,308.0,,,False,,False
7032.495,LIN,41,35.0,98.321,25.815,29.825,42.681,1.0,HARD,35.0,True,Racing Bulls,1,12.0,True,274.0,262.0,276.0,309.0,,,False,,False
7130.547,LIN,41,36.0,98.052,25.75,29.838,42.464,1.0,HARD,36.0,True,Racing Bulls,1,11.0,True,274.0,262.0,277.0,310.0,,,False,,False
7228.614,LIN,41,37.0,98.067,25.72,29.682,42.665,1.0,HARD,37.0,True,Racing Bulls,1,11.0,True,272.0,265.0,278.0,308.0,,,False,,False
7326.584,LIN,41,38.0,97.97,25.71,29.706,42.554,1.0,HARD,38.0,True,Racing Bulls,1,11.0,True,272.0,263.0,278.0,308.0,,,False,,False
7424.615,LIN,41,39.0,98.031,25.708,29.736,42.587,1.0,HARD,39.0,True,Racing Bulls,1,11.0,True,272.0,262.0,276.0,310.0,,,False,,False
7522.652,LIN,41,40.0,98.037,25.666,29.573,42.798,1.0,HARD,40.0,True,Racing Bulls,1,11.0,True,272.0,263.0,277.0,308.0,,,False,,False
7622.713,LIN,41,41.0,100.061,25.665,29.663,44.733,1.0,HARD,41.0,True,Racing Bulls,1,12.0,True,274.0,262.0,276.0,311.0,,,False,,False
7726.35,LIN,41,42.0,103.637,25.822,29.857,47.958,1.0,HARD,42.0,True,Racing Bulls,1,12.0,False,278.0,266.0,,312.0,,7724.608,False,,False
7843.378,LIN,41,43.0,117.028,45.629,29.611,41.788,2.0,MEDIUM,1.0,True,Racing Bulls,1,14.0,False,277.0,271.0,280.0,331.0,7747.882,,False,,False
7939.716,LIN,41,44.0,96.338,25.297,29.065,41.976,2.0,MEDIUM,2.0,True,Racing Bulls,1,14.0,True,272.0,263.0,278.0,306.0,,,False,,False
8035.82,LIN,41,45.0,96.104,25.082,29.099,41.923,2.0,MEDIUM,3.0,True,Racing Bulls,1,14.0,True,273.0,264.0,279.0,307.0,,,False,,False
8131.919,LIN,41,46.0,96.099,25.11,29.057,41.932,2.0,MEDIUM,4.0,True,Racing Bulls,1,12.0,True,273.0,264.0,278.0,311.0,,,False,,False
8228.066,LIN,41,47.0,96.147,25.21,29.12,41.817,2.0,MEDIUM,5.0,True,Racing Bulls,1,12.0,True,275.0,265.0,278.0,308.0,,,False,,False
8324.29,LIN,41,48.0,96.224,25.113,29.245,41.866,2.0,MEDIUM,6.0,True,Racing Bulls,1,12.0,True,274.0,264.0,280.0,306.0,,,False,,False
8420.493,LIN,41,49.0,96.203,25.181,29.149,41.873,2.0,MEDIUM,7.0,True,Racing Bulls,1,12.0,True,273.0,264.0,279.0,310.0,,,False,,False
8516.875,LIN,41,50.0,96.382,25.16,29.197,42.025,2.0,MEDIUM,8.0,True,Racing Bulls,1,12.0,True,276.0,264.0,280.0,309.0,,,False,,False
8613.657,LIN,41,51.0,96.782,25.207,29.435,42.14,2.0,MEDIUM,9.0,True,Racing Bulls,1,12.0,True,276.0,263.0,279.0,311.0,,,False,,False
8710.602,LIN,41,52.0,96.945,25.403,29.424,42.118,2.0,MEDIUM,10.0,True,Racing Bulls,12,12.0,True,276.0,266.0,280.0,311.0,,,False,,False
8807.766,LIN,41,53.0,97.164,25.472,29.536,42.156,2.0,MEDIUM,11.0,True,Racing Bulls,1,12.0,True,275.0,266.0,281.0,315.0,,,False,,False
8905.243,LIN,41,54.0,97.477,25.465,29.701,42.311,2.0,MEDIUM,12.0,True,Racing Bulls,1,12.0,True,277.0,265.0,279.0,314.0,,,False,,False
9002.747,LIN,41,55.0,97.504,25.575,29.659,42.27,2.0,MEDIUM,13.0,True,Racing Bulls,1,12.0,True,280.0,266.0,281.0,318.0,,,False,,False
3489.81,COL,43,1.0,105.498,,31.009,44.11,1.0,HARD,1.0,True,Alpine,12,6.0,False,273.0,266.0,269.0,319.0,,,False,,False
3589.118,COL,43,2.0,99.308,26.084,30.148,43.076,1.0,HARD,2.0,True,Alpine,1,6.0,True,272.0,258.0,263.0,313.0,,,False,,False
3688.043,COL,43,3.0,98.925,26.235,29.918,42.772,1.0,HARD,3.0,True,Alpine,1,6.0,True,272.0,259.0,263.0,314.0,,,False,,False
3786.908,COL,43,4.0,98.865,26.235,29.933,42.697,1.0,HARD,4.0,True,Alpine,1,6.0,True,272.0,258.0,270.0,315.0,,,False,,False
3885.818,COL,43,5.0,98.91,25.834,30.107,42.969,1.0,HARD,5.0,True,Alpine,1,6.0,True,274.0,258.0,270.0,312.0,,,False,,False
3984.552,COL,43,6.0,98.734,26.108,29.992,42.634,1.0,HARD,6.0,True,Alpine,1,6.0,True,275.0,261.0,270.0,312.0,,,False,,False
4083.357,COL,43,7.0,98.805,26.167,30.094,42.544,1.0,HARD,7.0,True,Alpine,1,6.0,True,275.0,261.0,269.0,313.0,,,False,,False
4182.316,COL,43,8.0,98.959,26.143,30.175,42.641,1.0,HARD,8.0,True,Alpine,1,6.0,True,274.0,259.0,269.0,314.0,,,False,,False
4281.352,COL,43,9.0,99.036,26.118,30.268,42.65,1.0,HARD,9.0,True,Alpine,1,6.0,True,274.0,260.0,270.0,314.0,,,False,,False
4392.823,COL,43,10.0,111.471,26.157,30.235,55.079,1.0,HARD,10.0,True,Alpine,124,6.0,False,273.0,260.0,255.0,246.0,,,False,,False
4539.465,COL,43,11.0,146.642,38.41,44.254,63.978,1.0,HARD,11.0,True,Alpine,4,2.0,False,129.0,162.0,203.0,214.0,,,False,,False
4689.443,COL,43,12.0,149.978,43.532,43.109,63.337,1.0,HARD,12.0,True,Alpine,4,2.0,False,155.0,190.0,205.0,182.0,,,False,,False
4839.995,COL,43,13.0,,37.203,44.278,69.011,1.0,HARD,13.0,True,Alpine,41,2.0,False,205.0,122.0,263.0,166.0,,,False,,False
4939.46,COL,43,14.0,99.465,26.212,30.44,42.813,1.0,HARD,14.0,True,Alpine,1,2.0,True,280.0,266.0,267.0,318.0,,,False,,False
5038.289,COL,43,15.0,98.829,25.952,30.192,42.685,1.0,HARD,15.0,True,Alpine,1,3.0,True,276.0,266.0,267.0,325.0,,,False,,False
5138.395,COL,43,16.0,100.106,26.303,30.371,43.432,1.0,HARD,16.0,True,Alpine,1,5.0,True,254.0,264.0,269.0,313.0,,,False,,False
5236.778,COL,43,17.0,98.383,25.992,29.85,42.541,1.0,HARD,17.0,True,Alpine,1,5.0,True,284.0,266.0,270.0,315.0,,,False,,False
5335.724,COL,43,18.0,98.946,26.049,29.919,42.978,1.0,HARD,18.0,True,Alpine,12,5.0,True,273.0,256.0,260.0,311.0,,,False,,False
5435.29,COL,43,19.0,99.566,26.179,30.34,43.047,1.0,HARD,19.0,True,Alpine,1,5.0,True,270.0,255.0,264.0,309.0,,,False,,False
5534.245,COL,43,20.0,98.955,25.964,29.945,43.046,1.0,HARD,20.0,True,Alpine,1,6.0,True,269.0,255.0,257.0,308.0,,,False,,False
5633.569,COL,43,21.0,99.324,26.271,29.857,43.196,1.0,HARD,21.0,True,Alpine,1,6.0,True,270.0,257.0,268.0,308.0,,,False,,False
5732.751,COL,43,22.0,99.182,25.937,30.663,42.582,1.0,HARD,22.0,True,Alpine,1,7.0,True,278.0,256.0,273.0,323.0,,,False,,False
5831.244,COL,43,23.0,98.493,26.102,29.982,42.409,1.0,HARD,23.0,True,Alpine,1,7.0,True,280.0,269.0,272.0,323.0,,,False,,False
5929.691,COL,43,24.0,98.447,26.009,29.879,42.559,1.0,HARD,24.0,True,Alpine,1,7.0,True,274.0,259.0,272.0,319.0,,,False,,False
6028.075,COL,43,25.0,98.384,26.04,29.859,42.485,1.0,HARD,25.0,True,Alpine,1,7.0,True,276.0,262.0,273.0,316.0,,,False,,False
6126.145,COL,43,26.0,98.07,25.888,29.772,42.41,1.0,HARD,26.0,True,Alpine,1,7.0,True,276.0,261.0,274.0,315.0,,,False,,False
6224.433,COL,43,27.0,98.288,25.839,29.841,42.608,1.0,HARD,27.0,True,Alpine,12,7.0,True,277.0,257.0,270.0,311.0,,,False,,False
6323.732,COL,43,28.0,99.299,25.942,29.767,43.59,1.0,HARD,28.0,True,Alpine,21,9.0,True,274.0,259.0,246.0,312.0,,,False,,False
6422.456,COL,43,29.0,98.724,26.421,29.978,42.325,1.0,HARD,29.0,True,Alpine,1,8.0,True,281.0,264.0,269.0,320.0,,,False,,False
6520.691,COL,43,30.0,98.235,26.045,29.848,42.342,1.0,HARD,30.0,True,Alpine,1,8.0,True,275.0,258.0,274.0,318.0,,,False,,False
6618.493,COL,43,31.0,97.802,25.862,29.79,42.15,1.0,HARD,31.0,True,Alpine,1,8.0,True,276.0,260.0,274.0,318.0,,,False,,False
6721.312,COL,43,32.0,102.819,25.789,29.718,47.312,1.0,HARD,32.0,True,Alpine,1,11.0,False,276.0,258.0,,321.0,,6719.626,False,,False
6845.429,COL,43,33.0,124.117,50.491,30.246,43.38,2.0,MEDIUM,1.0,True,Alpine,12,13.0,False,266.0,268.0,274.0,329.0,6742.813,,False,,False
6942.662,COL,43,34.0,97.233,25.665,29.482,42.086,2.0,MEDIUM,2.0,True,Alpine,1,13.0,True,276.0,260.0,272.0,311.0,,,False,,False
7039.445,COL,43,35.0,96.783,25.624,29.202,41.957,2.0,MEDIUM,3.0,True,Alpine,1,13.0,True,276.0,258.0,273.0,310.0,,,False,,False
7136.468,COL,43,36.0,97.023,25.597,29.333,42.093,2.0,MEDIUM,4.0,True,Alpine,1,12.0,True,276.0,260.0,273.0,312.0,,,False,,False
7233.426,COL,43,37.0,96.958,25.573,29.393,41.992,2.0,MEDIUM,5.0,True,Alpine,1,12.0,True,275.0,259.0,274.0,314.0,,,False,,False
7330.245,COL,43,38.0,96.819,25.52,29.341,41.958,2.0,MEDIUM,6.0,True,Alpine,1,12.0,True,276.0,260.0,274.0,314.0,,,False,,False
7427.462,COL,43,39.0,97.217,25.682,29.478,42.057,2.0,MEDIUM,7.0,True,Alpine,1,12.0,True,275.0,263.0,273.0,315.0,,,False,,False
7524.303,COL,43,40.0,96.841,25.596,29.316,41.929,2.0,MEDIUM,8.0,True,Alpine,1,12.0,True,276.0,260.0,274.0,318.0,,,False,,False
7621.751,COL,43,41.0,97.448,25.661,29.497,42.29,2.0,MEDIUM,9.0,True,Alpine,1,11.0,True,277.0,262.0,272.0,327.0,,,False,,False
7719.281,COL,43,42.0,97.53,25.753,29.534,42.243,2.0,MEDIUM,10.0,True,Alpine,1,11.0,True,275.0,261.0,275.0,309.0,,,False,,False
7816.662,COL,43,43.0,97.381,25.698,29.458,42.225,2.0,MEDIUM,11.0,True,Alpine,1,11.0,True,276.0,262.0,275.0,309.0,,,False,,False
7913.737,COL,43,44.0,97.075,25.547,29.444,42.084,2.0,MEDIUM,12.0,True,Alpine,1,11.0,True,278.0,260.0,275.0,311.0,,,False,,False
8011.163,COL,43,45.0,97.426,25.65,29.576,42.2,2.0,MEDIUM,13.0,True,Alpine,1,10.0,True,278.0,262.0,276.0,313.0,,,False,,False
8108.302,COL,43,46.0,97.139,25.598,29.426,42.115,2.0,MEDIUM,14.0,True,Alpine,1,10.0,True,278.0,261.0,275.0,315.0,,,False,,False
8205.806,COL,43,47.0,97.504,25.759,29.491,42.254,2.0,MEDIUM,15.0,True,Alpine,1,10.0,True,278.0,263.0,275.0,315.0,,,False,,False
8303.404,COL,43,48.0,97.598,25.66,29.557,42.381,2.0,MEDIUM,16.0,True,Alpine,1,10.0,True,278.0,263.0,275.0,315.0,,,False,,False
8402.456,COL,43,49.0,99.052,25.876,29.627,43.549,2.0,MEDIUM,17.0,True,Alpine,1,10.0,True,280.0,264.0,278.0,304.0,,,False,,False
8500.048,COL,43,50.0,97.592,25.714,29.601,42.277,2.0,MEDIUM,18.0,True,Alpine,1,10.0,True,286.0,270.0,277.0,321.0,,,False,,False
8597.829,COL,43,51.0,97.781,25.742,29.919,42.12,2.0,MEDIUM,19.0,True,Alpine,1,10.0,True,279.0,263.0,279.0,319.0,,,False,,False
8695.851,COL,43,52.0,98.022,25.738,29.834,42.45,2.0,MEDIUM,20.0,True,Alpine,12,10.0,True,280.0,264.0,280.0,321.0,,,False,,False
8795.46,COL,43,53.0,99.609,25.868,30.008,43.733,2.0,MEDIUM,21.0,True,Alpine,1,10.0,True,284.0,266.0,277.0,309.0,,,False,,False
8894.145,COL,43,54.0,98.685,26.19,30.027,42.468,2.0,MEDIUM,22.0,True,Alpine,1,10.0,True,288.0,267.0,279.0,323.0,,,False,,False
8992.382,COL,43,55.0,98.237,25.771,29.958,42.508,2.0,MEDIUM,23.0,True,Alpine,1,10.0,True,285.0,266.0,268.0,338.0,,,False,,False
3483.76,HAM,44,1.0,99.448,,29.4,42.279,1.0,MEDIUM,1.0,True,Ferrari,12,1.0,False,279.0,253.0,270.0,309.0,,,False,,False
3583.321,HAM,44,2.0,99.561,26.571,30.167,42.823,1.0,MEDIUM,2.0,True,Ferrari,1,2.0,True,259.0,251.0,268.0,306.0,,,False,,False
3681.908,HAM,44,3.0,98.587,26.036,29.899,42.652,1.0,MEDIUM,3.0,True,Ferrari,1,2.0,True,267.0,257.0,238.0,301.0,,,False,,False
3780.142,HAM,44,4.0,98.234,26.445,29.518,42.271,1.0,MEDIUM,4.0,True,Ferrari,1,3.0,True,267.0,258.0,270.0,317.0,,,False,,False
3877.778,HAM,44,5.0,97.636,25.888,29.561,42.187,1.0,MEDIUM,5.0,True,Ferrari,1,3.0,True,266.0,252.0,256.0,316.0,,,False,,False
3975.74,HAM,44,6.0,97.962,26.388,29.48,42.094,1.0,MEDIUM,6.0,True,Ferrari,1,3.0,True,265.0,259.0,245.0,316.0,,,False,,False
4073.961,HAM,44,7.0,98.221,26.353,29.64,42.228,1.0,MEDIUM,7.0,True,Ferrari,1,3.0,True,268.0,252.0,271.0,308.0,,,False,,False
4171.89,HAM,44,8.0,97.929,25.948,29.645,42.336,1.0,MEDIUM,8.0,True,Ferrari,1,3.0,True,262.0,248.0,263.0,304.0,,,False,,False
4270.261,HAM,44,9.0,98.371,26.231,29.813,42.327,1.0,MEDIUM,9.0,True,Ferrari,1,3.0,True,264.0,252.0,271.0,304.0,,,False,,False
4380.207,HAM,44,10.0,109.946,26.118,29.593,54.235,1.0,MEDIUM,10.0,True,Ferrari,124,3.0,False,260.0,255.0,,296.0,,4378.531,False,,False
4542.546,HAM,44,11.0,,56.333,42.193,63.793,2.0,HARD,1.0,True,Ferrari,4,5.0,False,214.0,208.0,195.0,218.0,4400.846,,False,,False
4692.515,HAM,44,12.0,,43.585,43.402,63.017,2.0,HARD,2.0,True,Ferrari,4,5.0,False,116.0,159.0,191.0,200.0,,,False,,False
4840.91,HAM,44,13.0,148.395,37.523,43.814,67.058,2.0,HARD,3.0,True,Ferrari,41,5.0,False,188.0,157.0,268.0,166.0,,,False,,False
4939.876,HAM,44,14.0,98.966,26.346,30.144,42.476,2.0,HARD,4.0,True,Ferrari,1,3.0,True,276.0,262.0,274.0,312.0,,,False,,False
5036.949,HAM,44,15.0,97.073,25.729,29.636,41.708,2.0,HARD,5.0,True,Ferrari,1,2.0,True,275.0,254.0,276.0,322.0,,,False,,False
5133.88,HAM,44,16.0,96.931,25.52,29.383,42.028,2.0,HARD,6.0,True,Ferrari,1,2.0,True,268.0,253.0,273.0,315.0,,,False,,False
5230.577,HAM,44,17.0,96.697,25.604,29.185,41.908,2.0,HARD,7.0,True,Ferrari,1,2.0,True,276.0,258.0,272.0,312.0,,,False,,False
5327.694,HAM,44,18.0,97.117,25.84,29.308,41.969,2.0,HARD,8.0,True,Ferrari,12,2.0,True,264.0,260.0,268.0,309.0,,,False,,False
5424.797,HAM,44,19.0,97.103,25.734,29.303,42.066,2.0,HARD,9.0,True,Ferrari,1,2.0,True,270.0,260.0,265.0,308.0,,,False,,False
5521.712,HAM,44,20.0,96.915,25.684,29.332,41.899,2.0,HARD,10.0,True,Ferrari,1,2.0,True,269.0,253.0,273.0,307.0,,,False,,False
5618.684,HAM,44,21.0,96.972,25.719,29.177,42.076,2.0,HARD,11.0,True,Ferrari,1,2.0,True,266.0,257.0,269.0,305.0,,,False,,False
5715.69,HAM,44,22.0,97.006,25.706,29.242,42.058,2.0,HARD,12.0,True,Ferrari,1,2.0,True,268.0,254.0,269.0,307.0,,,False,,False
5812.739,HAM,44,23.0,97.049,25.717,29.202,42.13,2.0,HARD,13.0,True,Ferrari,1,2.0,True,264.0,258.0,271.0,304.0,,,False,,False
5910.962,HAM,44,24.0,98.223,25.672,29.236,43.315,2.0,HARD,14.0,True,Ferrari,1,3.0,True,264.0,251.0,273.0,302.0,,,False,,False
6008.855,HAM,44,25.0,97.893,26.039,29.707,42.147,2.0,HARD,15.0,True,Ferrari,1,3.0,True,284.0,253.0,273.0,316.0,,,False,,False
6105.594,HAM,44,26.0,96.739,25.666,29.374,41.699,2.0,HARD,16.0,True,Ferrari,1,2.0,True,268.0,260.0,252.0,328.0,,,False,,False
6204.826,HAM,44,27.0,99.232,26.166,30.041,43.025,2.0,HARD,17.0,True,Ferrari,1,4.0,True,289.0,266.0,248.0,317.0,,,False,,False
6302.044,HAM,44,28.0,97.218,26.103,29.358,41.757,2.0,HARD,18.0,True,Ferrari,12,4.0,True,272.0,260.0,276.0,318.0,,,False,,False
6398.815,HAM,44,29.0,96.771,25.725,29.304,41.742,2.0,HARD,19.0,True,Ferrari,1,4.0,True,267.0,259.0,273.0,315.0,,,False,,False
6495.5,HAM,44,30.0,96.685,25.68,29.346,41.659,2.0,HARD,20.0,True,Ferrari,1,4.0,True,270.0,261.0,275.0,322.0,,,False,,False
6591.996,HAM,44,31.0,96.496,25.602,29.15,41.744,2.0,HARD,21.0,True,Ferrari,1,4.0,True,272.0,262.0,272.0,317.0,,,False,,False
6688.625,HAM,44,32.0,96.629,25.517,29.32,41.792,2.0,HARD,22.0,True,Ferrari,1,4.0,True,274.0,261.0,270.0,323.0,,,False,,False
6785.121,HAM,44,33.0,96.496,25.616,29.26,41.62,2.0,HARD,23.0,True,Ferrari,12,4.0,True,270.0,259.0,276.0,323.0,,,False,,False
6881.873,HAM,44,34.0,96.752,25.768,29.141,41.843,2.0,HARD,24.0,True,Ferrari,1,4.0,True,269.0,259.0,271.0,316.0,,,False,,False
6979.21,HAM,44,35.0,97.337,25.703,29.169,42.465,2.0,HARD,25.0,True,Ferrari,1,3.0,True,272.0,261.0,272.0,316.0,,,False,,False
7076.211,HAM,44,36.0,97.001,25.741,29.147,42.113,2.0,HARD,26.0,True,Ferrari,1,3.0,True,262.0,255.0,274.0,302.0,,,False,,False
7172.86,HAM,44,37.0,96.649,25.572,29.135,41.942,2.0,HARD,27.0,True,Ferrari,1,3.0,True,264.0,258.0,269.0,300.0,,,False,,False
7269.736,HAM,44,38.0,96.876,25.693,29.008,42.175,2.0,HARD,28.0,True,Ferrari,1,3.0,True,264.0,257.0,274.0,300.0,,,False,,False
7367.828,HAM,44,39.0,98.092,25.749,29.07,43.273,2.0,HARD,29.0,True,Ferrari,1,4.0,True,263.0,254.0,273.0,302.0,,,False,,False
7464.78,HAM,44,40.0,96.952,25.408,29.544,42.0,2.0,HARD,30.0,True,Ferrari,1,3.0,True,276.0,252.0,271.0,305.0,,,False,,False
7561.251,HAM,44,41.0,96.471,25.703,28.94,41.828,2.0,HARD,31.0,True,Ferrari,1,3.0,True,268.0,257.0,275.0,302.0,,,False,,False
7657.767,HAM,44,42.0,96.516,25.364,28.875,42.277,2.0,HARD,32.0,True,Ferrari,1,3.0,True,266.0,259.0,271.0,300.0,,,False,,False
7753.985,HAM,44,43.0,96.218,25.477,28.969,41.772,2.0,HARD,33.0,True,Ferrari,1,3.0,True,270.0,259.0,275.0,301.0,,,False,,False
7850.225,HAM,44,44.0,96.24,25.298,29.006,41.936,2.0,HARD,34.0,True,Ferrari,1,3.0,True,269.0,255.0,277.0,304.0,,,False,,False
7946.621,HAM,44,45.0,96.396,25.274,29.21,41.912,2.0,HARD,35.0,True,Ferrari,1,3.0,True,273.0,260.0,274.0,303.0,,,False,,False
8042.93,HAM,44,46.0,96.309,25.368,29.083,41.858,2.0,HARD,36.0,True,Ferrari,1,3.0,True,270.0,259.0,276.0,311.0,,,False,,False
8139.134,HAM,44,47.0,96.204,25.237,28.885,42.082,2.0,HARD,37.0,True,Ferrari,1,3.0,True,273.0,262.0,272.0,301.0,,,False,,False
8235.285,HAM,44,48.0,96.151,25.412,28.954,41.785,2.0,HARD,38.0,True,Ferrari,1,3.0,True,272.0,256.0,276.0,303.0,,,False,,False
8331.67,HAM,44,49.0,96.385,25.273,28.918,42.194,2.0,HARD,39.0,True,Ferrari,1,3.0,True,272.0,260.0,273.0,301.0,,,False,,False
8427.907,HAM,44,50.0,96.237,25.365,28.913,41.959,2.0,HARD,40.0,True,Ferrari,1,3.0,True,273.0,262.0,276.0,301.0,,,False,,False
8524.041,HAM,44,51.0,96.134,25.336,28.856,41.942,2.0,HARD,41.0,True,Ferrari,1,3.0,True,270.0,262.0,273.0,301.0,,,False,,False
8620.337,HAM,44,52.0,96.296,25.355,28.86,42.081,2.0,HARD,42.0,True,Ferrari,1,3.0,True,273.0,261.0,276.0,302.0,,,False,,False
8716.536,HAM,44,53.0,96.199,25.203,28.889,42.107,2.0,HARD,43.0,True,Ferrari,12,3.0,True,272.0,262.0,274.0,301.0,,,False,,False
8812.976,HAM,44,54.0,96.44,25.465,28.998,41.977,2.0,HARD,44.0,True,Ferrari,1,3.0,True,271.0,261.0,277.0,306.0,,,False,,False
8909.068,HAM,44,55.0,96.092,25.176,28.906,42.01,2.0,HARD,45.0,True,Ferrari,1,3.0,True,272.0,262.0,276.0,304.0,,,False,,False
9005.171,HAM,44,56.0,96.103,25.198,28.968,41.937,2.0,HARD,46.0,True,Ferrari,1,3.0,True,273.0,262.0,278.0,306.0,,,False,,False
3491.819,SAI,55,1.0,107.507,,32.338,43.861,1.0,MEDIUM,1.0,True,Williams,12,11.0,False,275.0,266.0,269.0,345.0,,,False,,False
3592.562,SAI,55,2.0,100.743,26.296,30.998,43.449,1.0,MEDIUM,2.0,True,Williams,1,11.0,True,281.0,261.0,241.0,349.0,,,False,,False
3692.549,SAI,55,3.0,99.987,27.077,30.389,42.521,1.0,MEDIUM,3.0,True,Williams,1,11.0,True,275.0,259.0,266.0,330.0,,,False,,False
3791.537,SAI,55,4.0,98.988,26.39,30.159,42.439,1.0,MEDIUM,4.0,True,Williams,1,11.0,True,275.0,266.0,270.0,333.0,,,False,,False
3891.291,SAI,55,5.0,99.754,26.454,30.503,42.797,1.0,MEDIUM,5.0,True,Williams,1,11.0,True,277.0,267.0,256.0,345.0,,,False,,False
3991.429,SAI,55,6.0,100.138,26.732,30.691,42.715,1.0,MEDIUM,6.0,True,Williams,1,12.0,True,282.0,261.0,268.0,329.0,,,False,,False
4092.06,SAI,55,7.0,100.631,26.571,30.596,43.464,1.0,MEDIUM,7.0,True,Williams,1,13.0,True,275.0,256.0,267.0,331.0,,,False,,False
4191.973,SAI,55,8.0,99.913,26.363,30.686,42.864,1.0,MEDIUM,8.0,True,Williams,1,13.0,True,282.0,269.0,263.0,330.0,,,False,,False
4297.107,SAI,55,9.0,105.134,26.683,30.683,47.768,1.0,MEDIUM,9.0,True,Williams,1,13.0,False,274.0,257.0,,323.0,,4295.381,False,,False
4440.294,SAI,55,10.0,143.187,45.858,40.3,57.029,2.0,HARD,1.0,True,Williams,124,16.0,False,276.0,243.0,167.0,214.0,4318.475,,False,,False
4575.516,SAI,55,11.0,135.222,35.932,41.674,57.616,2.0,HARD,2.0,True,Williams,4,15.0,False,255.0,205.0,200.0,271.0,,,False,,False
4703.267,SAI,55,12.0,127.751,34.991,36.307,56.453,2.0,HARD,3.0,True,Williams,4,14.0,False,257.0,266.0,162.0,90.0,,,False,,False
4844.617,SAI,55,13.0,141.35,35.621,45.494,60.235,2.0,HARD,4.0,True,Williams,41,14.0,False,248.0,212.0,271.0,179.0,,,False,,False
4945.101,SAI,55,14.0,100.484,26.556,30.777,43.151,2.0,HARD,5.0,True,Williams,1,13.0,True,282.0,274.0,268.0,346.0,,,False,,False
5044.226,SAI,55,15.0,99.125,26.249,30.247,42.629,2.0,HARD,6.0,True,Williams,1,13.0,True,288.0,271.0,271.0,348.0,,,False,,False
5143.654,SAI,55,16.0,99.428,26.37,30.308,42.75,2.0,HARD,7.0,True,Williams,1,13.0,True,280.0,271.0,264.0,349.0,,,False,,False
5242.683,SAI,55,17.0,99.029,26.094,30.295,42.64,2.0,HARD,8.0,True,Williams,12,13.0,True,284.0,270.0,270.0,335.0,,,False,,False
5341.34,SAI,55,18.0,98.657,26.177,30.232,42.248,2.0,HARD,9.0,True,Williams,21,13.0,True,283.0,266.0,270.0,339.0,,,False,,False
5440.459,SAI,55,19.0,99.119,26.228,30.251,42.64,2.0,HARD,10.0,True,Williams,1,13.0,True,283.0,272.0,269.0,339.0,,,False,,False
5539.856,SAI,55,20.0,99.397,26.289,30.454,42.654,2.0,HARD,11.0,True,Williams,1,13.0,True,280.0,264.0,272.0,339.0,,,False,,False
5639.0,SAI,55,21.0,99.144,26.375,30.111,42.658,2.0,HARD,12.0,True,Williams,1,13.0,True,277.0,263.0,266.0,337.0,,,False,,False
5739.245,SAI,55,22.0,100.245,26.872,30.584,42.789,2.0,HARD,13.0,True,Williams,1,14.0,True,279.0,264.0,263.0,327.0,,,False,,False
5838.346,SAI,55,23.0,99.101,26.286,30.238,42.577,2.0,HARD,14.0,True,Williams,1,14.0,True,278.0,268.0,269.0,323.0,,,False,,False
5937.31,SAI,55,24.0,98.964,26.131,30.304,42.529,2.0,HARD,15.0,True,Williams,1,14.0,True,274.0,258.0,271.0,320.0,,,False,,False
6036.064,SAI,55,25.0,98.754,26.161,30.131,42.462,2.0,HARD,16.0,True,Williams,1,14.0,True,276.0,265.0,271.0,327.0,,,False,,False
6134.772,SAI,55,26.0,98.708,26.239,30.084,42.385,2.0,HARD,17.0,True,Williams,1,14.0,True,273.0,265.0,271.0,328.0,,,False,,False
6234.48,SAI,55,27.0,99.708,26.155,30.228,43.325,2.0,HARD,18.0,True,Williams,12,13.0,True,275.0,264.0,263.0,327.0,,,False,,False
6333.152,SAI,55,28.0,98.672,26.279,30.012,42.381,2.0,HARD,19.0,True,Williams,1,13.0,True,273.0,262.0,271.0,316.0,,,False,,False
6431.966,SAI,55,29.0,98.814,26.226,29.98,42.608,2.0,HARD,20.0,True,Williams,1,13.0,True,272.0,262.0,271.0,317.0,,,False,,False
6530.475,SAI,55,30.0,98.509,26.109,29.995,42.405,2.0,HARD,21.0,True,Williams,1,12.0,True,275.0,261.0,270.0,320.0,,,False,,False
6628.935,SAI,55,31.0,98.46,26.119,30.017,42.324,2.0,HARD,22.0,True,Williams,1,12.0,True,274.0,261.0,270.0,319.0,,,False,,False
6727.274,SAI,55,32.0,98.339,26.097,29.955,42.287,2.0,HARD,23.0,True,Williams,1,12.0,True,275.0,262.0,270.0,318.0,,,False,,False
6825.736,SAI,55,33.0,98.462,26.147,29.889,42.426,2.0,HARD,24.0,True,Williams,12,11.0,True,275.0,264.0,270.0,318.0,,,False,,False
6924.499,SAI,55,34.0,98.763,26.33,29.946,42.487,2.0,HARD,25.0,True,Williams,1,11.0,True,277.0,261.0,270.0,318.0,,,False,,False
7023.171,SAI,55,35.0,98.672,26.173,29.987,42.512,2.0,HARD,26.0,True,Williams,1,11.0,True,279.0,262.0,270.0,315.0,,,False,,False
7121.915,SAI,55,36.0,98.744,26.216,30.071,42.457,2.0,HARD,27.0,True,Williams,1,10.0,True,276.0,263.0,270.0,313.0,,,False,,False
7220.395,SAI,55,37.0,98.48,26.157,29.955,42.368,2.0,HARD,28.0,True,Williams,1,10.0,True,277.0,264.0,270.0,313.0,,,False,,False
7318.89,SAI,55,38.0,98.495,26.147,29.847,42.501,2.0,HARD,29.0,True,Williams,1,10.0,True,276.0,266.0,271.0,314.0,,,False,,False
7417.475,SAI,55,39.0,98.585,26.207,29.939,42.439,2.0,HARD,30.0,True,Williams,1,10.0,True,277.0,264.0,271.0,315.0,,,False,,False
7515.833,SAI,55,40.0,98.358,26.101,29.881,42.376,2.0,HARD,31.0,True,Williams,1,10.0,True,278.0,264.0,272.0,314.0,,,False,,False
7614.254,SAI,55,41.0,98.421,26.08,29.834,42.507,2.0,HARD,32.0,True,Williams,1,10.0,True,278.0,261.0,270.0,312.0,,,False,,False
7712.526,SAI,55,42.0,98.272,26.148,29.772,42.352,2.0,HARD,33.0,True,Williams,1,10.0,True,278.0,264.0,272.0,311.0,,,False,,False
7810.809,SAI,55,43.0,98.283,26.032,29.702,42.549,2.0,HARD,34.0,True,Williams,1,10.0,True,277.0,265.0,272.0,312.0,,,False,,False
7909.077,SAI,55,44.0,98.268,26.0,29.706,42.562,2.0,HARD,35.0,True,Williams,1,10.0,True,276.0,264.0,273.0,314.0,,,False,,False
8007.181,SAI,55,45.0,98.104,25.973,29.728,42.403,2.0,HARD,36.0,True,Williams,1,9.0,True,277.0,262.0,272.0,313.0,,,False,,False
8105.215,SAI,55,46.0,98.034,26.024,29.595,42.415,2.0,HARD,37.0,True,Williams,1,9.0,True,278.0,265.0,271.0,314.0,,,False,,False
8203.544,SAI,55,47.0,98.329,26.108,29.663,42.558,2.0,HARD,38.0,True,Williams,1,9.0,True,276.0,267.0,272.0,316.0,,,False,,False
8301.566,SAI,55,48.0,98.022,26.001,29.645,42.376,2.0,HARD,39.0,True,Williams,1,9.0,True,278.0,262.0,273.0,314.0,,,False,,False
8399.588,SAI,55,49.0,98.022,25.964,29.624,42.434,2.0,HARD,40.0,True,Williams,1,9.0,True,279.0,263.0,272.0,315.0,,,False,,False
8498.618,SAI,55,50.0,99.03,25.984,30.254,42.792,2.0,HARD,41.0,True,Williams,1,9.0,True,278.0,199.0,275.0,338.0,,,False,,False
8596.599,SAI,55,51.0,97.981,25.961,29.737,42.283,2.0,HARD,42.0,True,Williams,1,9.0,True,282.0,269.0,270.0,321.0,,,False,,False
8695.023,SAI,55,52.0,98.424,26.1,29.779,42.545,2.0,HARD,43.0,True,Williams,12,9.0,True,277.0,265.0,273.0,314.0,,,False,,False
8795.11,SAI,55,53.0,100.087,26.026,29.873,44.188,2.0,HARD,44.0,True,Williams,1,9.0,True,280.0,262.0,275.0,316.0,,,False,,False
8893.364,SAI,55,54.0,98.254,25.887,29.86,42.507,2.0,HARD,45.0,True,Williams,1,9.0,True,283.0,263.0,269.0,319.0,,,False,,False
8991.592,SAI,55,55.0,98.228,26.016,29.678,42.534,2.0,HARD,46.0,True,Williams,1,9.0,True,278.0,262.0,272.0,326.0,,,False,,False
3507.955,HAD,6,1.0,123.643,,30.907,62.905,1.0,SOFT,4.0,False,Red Bull Racing,12,18.0,False,284.0,280.0,,274.0,,3506.239,False,,False
3628.154,HAD,6,2.0,120.199,46.15,30.387,43.662,2.0,HARD,1.0,True,Red Bull Racing,1,18.0,False,260.0,259.0,261.0,306.0,3529.235,,False,,False
3726.966,HAD,6,3.0,98.812,26.221,30.048,42.543,2.0,HARD,2.0,True,Red Bull Racing,1,18.0,True,264.0,260.0,270.0,311.0,,,False,,False
3826.054,HAD,6,4.0,99.088,26.095,30.275,42.718,2.0,HARD,3.0,True,Red Bull Racing,1,18.0,True,263.0,257.0,270.0,307.0,,,False,,False
3924.878,HAD,6,5.0,98.824,25.985,30.083,42.756,2.0,HARD,4.0,True,Red Bull Racing,1,18.0,True,266.0,258.0,272.0,309.0,,,False,,False
4023.139,HAD,6,6.0,98.261,25.948,29.935,42.378,2.0,HARD,5.0,True,Red Bull Racing,1,18.0,True,265.0,259.0,271.0,309.0,,,False,,False
4121.596,HAD,6,7.0,98.457,25.97,30.015,42.472,2.0,HARD,6.0,True,Red Bull Racing,1,18.0,True,268.0,259.0,269.0,309.0,,,False,,False
4220.257,HAD,6,8.0,98.661,26.132,30.026,42.503,2.0,HARD,7.0,True,Red Bull Racing,1,18.0,True,264.0,258.0,271.0,308.0,,,False,,False
4318.919,HAD,6,9.0,98.662,26.18,30.093,42.389,2.0,HARD,8.0,True,Red Bull Racing,1,18.0,True,263.0,257.0,271.0,308.0,,,False,,False
4446.957,HAD,6,10.0,128.038,26.322,40.743,60.973,2.0,HARD,9.0,True,Red Bull Racing,124,17.0,False,265.0,246.0,,225.0,,4445.173,False,,False
4601.638,HAD,6,11.0,,56.842,40.16,57.636,3.0,HARD,1.0,True,Red Bull Racing,4,17.0,False,139.0,158.0,225.0,148.0,4470.898,,False,,False
4712.849,HAD,6,12.0,111.211,32.169,32.463,46.579,3.0,HARD,2.0,True,Red Bull Racing,4,17.0,False,236.0,243.0,233.0,272.0,,,False,,False
4846.272,HAD,6,13.0,133.423,29.856,45.152,58.415,3.0,HARD,3.0,True,Red Bull Racing,41,17.0,False,234.0,139.0,274.0,164.0,,,False,,False
4945.603,HAD,6,14.0,99.331,25.781,30.923,42.627,3.0,HARD,4.0,True,Red Bull Racing,1,14.0,True,304.0,273.0,272.0,332.0,,,False,,False
5044.764,HAD,6,15.0,99.161,26.347,30.28,42.534,3.0,HARD,5.0,True,Red Bull Racing,1,14.0,True,276.0,268.0,271.0,335.0,,,False,,False
5144.453,HAD,6,16.0,99.689,26.493,30.629,42.567,3.0,HARD,6.0,True,Red Bull Racing,1,14.0,True,275.0,266.0,276.0,325.0,,,False,,False
5243.405,HAD,6,17.0,98.952,26.03,30.493,42.429,3.0,HARD,7.0,True,Red Bull Racing,12,14.0,True,274.0,265.0,276.0,328.0,,,False,,False
5342.228,HAD,6,18.0,98.823,26.093,30.299,42.431,3.0,HARD,8.0,True,Red Bull Racing,21,14.0,True,276.0,268.0,276.0,335.0,,,False,,False
5440.985,HAD,6,19.0,98.757,26.126,30.277,42.354,3.0,HARD,9.0,True,Red Bull Racing,1,14.0,True,277.0,268.0,276.0,333.0,,,False,,False
5540.254,HAD,6,20.0,99.269,26.351,30.424,42.494,3.0,HARD,10.0,True,Red Bull Racing,1,14.0,True,265.0,267.0,278.0,344.0,,,False,,False
5639.387,HAD,6,21.0,99.133,26.629,30.22,42.284,3.0,HARD,11.0,True,Red Bull Racing,1,14.0,True,276.0,267.0,277.0,339.0,,,False,,False
5737.779,HAD,6,22.0,98.392,26.049,30.045,42.298,3.0,HARD,12.0,True,Red Bull Racing,1,13.0,True,266.0,268.0,276.0,328.0,,,False,,False
5836.216,HAD,6,23.0,98.437,26.086,30.19,42.161,3.0,HARD,13.0,True,Red Bull Racing,1,13.0,True,277.0,268.0,276.0,338.0,,,False,,False
5935.096,HAD,6,24.0,98.88,26.12,30.186,42.574,3.0,HARD,14.0,True,Red Bull Racing,1,13.0,True,270.0,269.0,275.0,339.0,,,False,,False
6033.713,HAD,6,25.0,98.617,26.148,30.262,42.207,3.0,HARD,15.0,True,Red Bull Racing,1,12.0,True,273.0,267.0,274.0,334.0,,,False,,False
6132.087,HAD,6,26.0,98.374,26.077,30.008,42.289,3.0,HARD,16.0,True,Red Bull Racing,1,12.0,True,265.0,262.0,275.0,312.0,,,False,,False
6230.38,HAD,6,27.0,98.293,26.017,30.018,42.258,3.0,HARD,17.0,True,Red Bull Racing,12,12.0,True,269.0,265.0,275.0,316.0,,,False,,False
6328.739,HAD,6,28.0,98.359,26.171,29.952,42.236,3.0,HARD,18.0,True,Red Bull Racing,1,12.0,True,271.0,261.0,277.0,316.0,,,False,,False
6426.821,HAD,6,29.0,98.082,25.909,29.942,42.231,3.0,HARD,19.0,True,Red Bull Racing,1,11.0,True,273.0,263.0,276.0,322.0,,,False,,False
6524.74,HAD,6,30.0,97.919,25.896,29.857,42.166,3.0,HARD,20.0,True,Red Bull Racing,1,11.0,True,271.0,263.0,277.0,322.0,,,False,,False
6622.608,HAD,6,31.0,97.868,25.822,29.932,42.114,3.0,HARD,21.0,True,Red Bull Racing,1,11.0,True,272.0,266.0,278.0,321.0,,,False,,False
6720.697,HAD,6,32.0,98.089,25.935,29.982,42.172,3.0,HARD,22.0,True,Red Bull Racing,1,10.0,True,272.0,264.0,278.0,323.0,,,False,,False
6818.518,HAD,6,33.0,97.821,25.888,29.878,42.055,3.0,HARD,23.0,True,Red Bull Racing,12,10.0,True,274.0,262.0,276.0,326.0,,,False,,False
6916.557,HAD,6,34.0,98.039,26.086,29.809,42.144,3.0,HARD,24.0,True,Red Bull Racing,1,10.0,True,272.0,266.0,276.0,326.0,,,False,,False
7014.495,HAD,6,35.0,97.938,25.979,29.739,42.22,3.0,HARD,25.0,True,Red Bull Racing,1,9.0,True,273.0,269.0,276.0,320.0,,,False,,False
7112.249,HAD,6,36.0,97.754,25.797,29.839,42.118,3.0,HARD,26.0,True,Red Bull Racing,1,9.0,True,275.0,267.0,277.0,322.0,,,False,,False
7210.091,HAD,6,37.0,97.842,25.927,29.847,42.068,3.0,HARD,27.0,True,Red Bull Racing,1,9.0,True,278.0,266.0,276.0,331.0,,,False,,False
7307.67,HAD,6,38.0,97.579,25.797,29.802,41.98,3.0,HARD,28.0,True,Red Bull Racing,1,9.0,True,278.0,268.0,278.0,322.0,,,False,,False
7405.323,HAD,6,39.0,97.653,25.952,29.79,41.911,3.0,HARD,29.0,True,Red Bull Racing,1,9.0,True,278.0,268.0,279.0,323.0,,,False,,False
7503.258,HAD,6,40.0,97.935,26.096,29.716,42.123,3.0,HARD,30.0,True,Red Bull Racing,1,9.0,True,274.0,267.0,277.0,328.0,,,False,,False
7601.181,HAD,6,41.0,97.923,25.778,30.072,42.073,3.0,HARD,31.0,True,Red Bull Racing,1,9.0,True,276.0,268.0,279.0,316.0,,,False,,False
7698.534,HAD,6,42.0,97.353,25.707,29.704,41.942,3.0,HARD,32.0,True,Red Bull Racing,1,9.0,True,280.0,266.0,279.0,319.0,,,False,,False
7796.181,HAD,6,43.0,97.647,25.835,29.812,42.0,3.0,HARD,33.0,True,Red Bull Racing,1,9.0,True,283.0,266.0,279.0,318.0,,,False,,False
7893.54,HAD,6,44.0,97.359,25.8,29.701,41.858,3.0,HARD,34.0,True,Red Bull Racing,1,9.0,True,276.0,267.0,281.0,320.0,,,False,,False
7991.156,HAD,6,45.0,97.616,25.79,29.742,42.084,3.0,HARD,35.0,True,Red Bull Racing,1,8.0,True,279.0,267.0,279.0,320.0,,,False,,False
8088.467,HAD,6,46.0,97.311,25.711,29.636,41.964,3.0,HARD,36.0,True,Red Bull Racing,1,8.0,True,276.0,291.0,272.0,320.0,,,False,,False
8186.672,HAD,6,47.0,98.205,25.938,30.263,42.004,3.0,HARD,37.0,True,Red Bull Racing,1,8.0,True,276.0,269.0,275.0,326.0,,,False,,False
8284.678,HAD,6,48.0,98.006,26.038,29.769,42.199,3.0,HARD,38.0,True,Red Bull Racing,1,8.0,True,274.0,266.0,278.0,316.0,,,False,,False
8382.508,HAD,6,49.0,97.83,25.964,29.805,42.061,3.0,HARD,39.0,True,Red Bull Racing,1,8.0,True,274.0,264.0,278.0,315.0,,,False,,False
8480.197,HAD,6,50.0,97.689,25.851,29.612,42.226,3.0,HARD,40.0,True,Red Bull Racing,1,8.0,True,276.0,266.0,278.0,315.0,,,False,,False
8578.2,HAD,6,51.0,98.003,26.056,29.885,42.062,3.0,HARD,41.0,True,Red Bull Racing,1,8.0,True,275.0,265.0,279.0,314.0,,,False,,False
8676.005,HAD,6,52.0,97.805,25.92,29.761,42.124,3.0,HARD,42.0,True,Red Bull Racing,1,8.0,True,274.0,267.0,278.0,319.0,,,False,,False
8773.942,HAD,6,53.0,97.937,25.918,29.894,42.125,3.0,HARD,43.0,True,Red Bull Racing,12,8.0,True,273.0,267.0,279.0,320.0,,,False,,False
8871.867,HAD,6,54.0,97.925,25.849,29.807,42.269,3.0,HARD,44.0,True,Red Bull Racing,1,8.0,True,275.0,265.0,276.0,323.0,,,False,,False
8969.665,HAD,6,55.0,97.798,25.992,29.655,42.151,3.0,HARD,45.0,True,Red Bull Racing,1,8.0,True,274.0,264.0,278.0,322.0,,,False,,False
9067.209,HAD,6,56.0,97.544,25.764,29.704,42.076,3.0,HARD,46.0,True,Red Bull Racing,1,8.0,True,273.0,266.0,278.0,320.0,,,False,,False
3486.127,RUS,63,1.0,101.815,,30.136,42.534,1.0,MEDIUM,1.0,True,Mercedes,12,4.0,False,294.0,267.0,267.0,320.0,,,False,,False
3584.202,RUS,63,2.0,98.075,26.022,29.719,42.334,1.0,MEDIUM,2.0,True,Mercedes,1,4.0,True,276.0,264.0,276.0,318.0,,,False,,False
3682.327,RUS,63,3.0,98.125,25.645,29.98,42.5,1.0,MEDIUM,3.0,True,Mercedes,1,3.0,True,275.0,261.0,277.0,310.0,,,False,,False
3779.42,RUS,63,4.0,97.093,25.403,29.242,42.448,1.0,MEDIUM,4.0,True,Mercedes,1,2.0,True,272.0,262.0,275.0,311.0,,,False,,False
3876.882,RUS,63,5.0,97.462,25.552,29.402,42.508,1.0,MEDIUM,5.0,True,Mercedes,1,2.0,True,268.0,259.0,258.0,311.0,,,False,,False
3974.257,RUS,63,6.0,97.375,25.979,29.391,42.005,1.0,MEDIUM,6.0,True,Mercedes,1,2.0,True,273.0,261.0,269.0,318.0,,,False,,False
4071.64,RUS,63,7.0,97.383,25.975,29.362,42.046,1.0,MEDIUM,7.0,True,Mercedes,1,2.0,True,271.0,258.0,271.0,313.0,,,False,,False
4168.906,RUS,63,8.0,97.266,25.949,29.355,41.962,1.0,MEDIUM,8.0,True,Mercedes,1,2.0,True,271.0,257.0,269.0,316.0,,,False,,False
4266.167,RUS,63,9.0,97.261,25.861,29.513,41.887,1.0,MEDIUM,9.0,True,Mercedes,1,2.0,True,272.0,258.0,264.0,331.0,,,False,,False
4378.946,RUS,63,10.0,112.779,25.923,29.617,57.239,1.0,MEDIUM,10.0,True,Mercedes,124,2.0,False,271.0,256.0,,317.0,,4377.297,False,,False
4541.722,RUS,63,11.0,,55.148,43.483,64.092,2.0,HARD,1.0,True,Mercedes,4,4.0,False,135.0,197.0,224.0,232.0,4400.674,,False,,False
4691.389,RUS,63,12.0,149.667,43.86,42.726,63.081,2.0,HARD,2.0,True,Mercedes,4,4.0,False,118.0,206.0,220.0,216.0,,,False,,False
4840.669,RUS,63,13.0,149.28,37.664,43.955,67.661,2.0,HARD,3.0,True,Mercedes,41,4.0,False,146.0,130.0,268.0,164.0,,,False,,False
4941.257,RUS,63,14.0,100.588,26.305,31.086,43.197,2.0,HARD,4.0,True,Mercedes,1,5.0,True,304.0,260.0,253.0,321.0,,,False,,False
5040.167,RUS,63,15.0,98.91,25.968,30.345,42.597,2.0,HARD,5.0,True,Mercedes,1,6.0,True,305.0,260.0,272.0,335.0,,,False,,False
5137.699,RUS,63,16.0,97.532,25.573,29.819,42.14,2.0,HARD,6.0,True,Mercedes,1,4.0,True,305.0,260.0,262.0,328.0,,,False,,False
5234.119,RUS,63,17.0,96.42,25.657,29.134,41.629,2.0,HARD,7.0,True,Mercedes,1,4.0,True,278.0,263.0,273.0,320.0,,,False,,False
5330.432,RUS,63,18.0,96.313,25.492,29.18,41.641,2.0,HARD,8.0,True,Mercedes,12,4.0,True,274.0,261.0,273.0,322.0,,,False,,False
5427.1,RUS,63,19.0,96.668,25.565,29.149,41.954,2.0,HARD,9.0,True,Mercedes,1,4.0,True,278.0,268.0,278.0,315.0,,,False,,False
5523.717,RUS,63,20.0,96.617,25.365,29.318,41.934,2.0,HARD,10.0,True,Mercedes,1,4.0,True,282.0,269.0,280.0,323.0,,,False,,False
5620.38,RUS,63,21.0,96.663,25.152,29.631,41.88,2.0,HARD,11.0,True,Mercedes,1,4.0,True,307.0,262.0,267.0,333.0,,,False,,False
5717.274,RUS,63,22.0,96.894,25.733,29.398,41.763,2.0,HARD,12.0,True,Mercedes,1,4.0,True,278.0,264.0,271.0,332.0,,,False,,False
5813.835,RUS,63,23.0,96.561,25.608,29.286,41.667,2.0,HARD,13.0,True,Mercedes,1,4.0,True,280.0,268.0,274.0,333.0,,,False,,False
5911.28,RUS,63,24.0,97.445,25.578,29.504,42.363,2.0,HARD,14.0,True,Mercedes,1,4.0,True,282.0,264.0,272.0,345.0,,,False,,False
6009.343,RUS,63,25.0,98.063,25.825,30.062,42.176,2.0,HARD,15.0,True,Mercedes,1,4.0,True,278.0,262.0,279.0,316.0,,,False,,False
6106.53,RUS,63,26.0,97.187,25.598,29.588,42.001,2.0,HARD,16.0,True,Mercedes,1,4.0,True,283.0,265.0,276.0,323.0,,,False,,False
6204.301,RUS,63,27.0,97.771,25.857,29.554,42.36,2.0,HARD,17.0,True,Mercedes,1,3.0,True,284.0,283.0,269.0,327.0,,,False,,False
6301.272,RUS,63,28.0,96.971,25.686,29.334,41.951,2.0,HARD,18.0,True,Mercedes,12,3.0,True,279.0,264.0,274.0,329.0,,,False,,False
6397.43,RUS,63,29.0,96.158,25.614,29.227,41.317,2.0,HARD,19.0,True,Mercedes,1,2.0,True,276.0,262.0,272.0,326.0,,,False,,False
6493.868,RUS,63,30.0,96.438,25.67,29.158,41.61,2.0,HARD,20.0,True,Mercedes,1,2.0,True,271.0,258.0,274.0,309.0,,,False,,False
6590.075,RUS,63,31.0,96.207,25.564,29.099,41.544,2.0,HARD,21.0,True,Mercedes,1,2.0,True,270.0,258.0,273.0,311.0,,,False,,False
6686.052,RUS,63,32.0,95.977,25.491,29.035,41.451,2.0,HARD,22.0,True,Mercedes,1,2.0,True,272.0,258.0,275.0,314.0,,,False,,False
6782.159,RUS,63,33.0,96.107,25.48,29.175,41.452,2.0,HARD,23.0,True,Mercedes,12,2.0,True,271.0,258.0,273.0,313.0,,,False,,False
6878.011,RUS,63,34.0,95.852,25.489,28.955,41.408,2.0,HARD,24.0,True,Mercedes,1,2.0,True,273.0,259.0,274.0,313.0,,,False,,False
6974.173,RUS,63,35.0,96.162,25.461,29.197,41.504,2.0,HARD,25.0,True,Mercedes,1,2.0,True,273.0,258.0,273.0,309.0,,,False,,False
7070.087,RUS,63,36.0,95.914,25.435,28.945,41.534,2.0,HARD,26.0,True,Mercedes,1,2.0,True,273.0,261.0,274.0,311.0,,,False,,False
7165.618,RUS,63,37.0,95.531,25.377,28.827,41.327,2.0,HARD,27.0,True,Mercedes,1,2.0,True,273.0,261.0,275.0,313.0,,,False,,False
7261.147,RUS,63,38.0,95.529,25.305,28.918,41.306,2.0,HARD,28.0,True,Mercedes,1,2.0,True,273.0,260.0,276.0,312.0,,,False,,False
7356.644,RUS,63,39.0,95.497,25.323,28.804,41.37,2.0,HARD,29.0,True,Mercedes,1,2.0,True,274.0,261.0,275.0,313.0,,,False,,False
7452.28,RUS,63,40.0,95.636,25.393,28.845,41.398,2.0,HARD,30.0,True,Mercedes,1,2.0,True,273.0,261.0,274.0,313.0,,,False,,False
7547.921,RUS,63,41.0,95.641,25.306,28.877,41.458,2.0,HARD,31.0,True,Mercedes,1,2.0,True,277.0,261.0,278.0,321.0,,,False,,False
7644.582,RUS,63,42.0,96.661,25.516,29.312,41.833,2.0,HARD,32.0,True,Mercedes,1,2.0,True,281.0,263.0,274.0,314.0,,,False,,False
7740.226,RUS,63,43.0,95.644,25.363,28.902,41.379,2.0,HARD,33.0,True,Mercedes,1,2.0,True,277.0,260.0,275.0,308.0,,,False,,False
7835.768,RUS,63,44.0,95.542,25.356,28.807,41.379,2.0,HARD,34.0,True,Mercedes,1,2.0,True,276.0,261.0,278.0,313.0,,,False,,False
7931.445,RUS,63,45.0,95.677,25.224,29.021,41.432,2.0,HARD,35.0,True,Mercedes,1,2.0,True,276.0,262.0,277.0,325.0,,,False,,False
8027.852,RUS,63,46.0,96.407,25.299,29.171,41.937,2.0,HARD,36.0,True,Mercedes,1,2.0,True,278.0,264.0,273.0,310.0,,,False,,False
8123.52,RUS,63,47.0,95.668,25.292,28.779,41.597,2.0,HARD,37.0,True,Mercedes,1,2.0,True,275.0,260.0,275.0,313.0,,,False,,False
8219.615,RUS,63,48.0,96.095,25.377,28.846,41.872,2.0,HARD,38.0,True,Mercedes,1,2.0,True,275.0,263.0,275.0,315.0,,,False,,False
8315.485,RUS,63,49.0,95.87,25.325,28.697,41.848,2.0,HARD,39.0,True,Mercedes,1,2.0,True,275.0,258.0,275.0,308.0,,,False,,False
8411.166,RUS,63,50.0,95.681,25.319,28.738,41.624,2.0,HARD,40.0,True,Mercedes,1,2.0,True,275.0,259.0,276.0,309.0,,,False,,False
8506.697,RUS,63,51.0,95.531,25.125,28.642,41.764,2.0,HARD,41.0,True,Mercedes,1,2.0,True,276.0,259.0,275.0,309.0,,,False,,False
8602.244,RUS,63,52.0,95.547,25.306,28.715,41.526,2.0,HARD,42.0,True,Mercedes,1,2.0,True,276.0,260.0,275.0,312.0,,,False,,False
8697.935,RUS,63,53.0,95.691,25.316,28.765,41.61,2.0,HARD,43.0,True,Mercedes,12,2.0,True,275.0,261.0,277.0,315.0,,,False,,False
8794.392,RUS,63,54.0,96.457,25.418,29.072,41.967,2.0,HARD,44.0,True,Mercedes,1,2.0,True,277.0,263.0,277.0,323.0,,,False,,False
8890.087,RUS,63,55.0,95.695,25.261,28.708,41.726,2.0,HARD,45.0,True,Mercedes,1,2.0,True,274.0,260.0,275.0,309.0,,,False,,False
8985.487,RUS,63,56.0,95.4,25.226,28.71,41.464,2.0,HARD,46.0,True,Mercedes,1,2.0,True,274.0,259.0,258.0,323.0,,,False,,False
3492.647,BOT,77,1.0,108.335,,32.177,43.908,1.0,MEDIUM,1.0,True,Cadillac,12,14.0,False,274.0,258.0,271.0,335.0,,,False,,False
3594.248,BOT,77,2.0,101.601,26.947,31.365,43.289,1.0,MEDIUM,2.0,True,Cadillac,1,14.0,True,278.0,262.0,273.0,328.0,,,False,,False
3696.077,BOT,77,3.0,101.829,26.659,31.934,43.236,1.0,MEDIUM,3.0,True,Cadillac,1,15.0,True,273.0,249.0,272.0,327.0,,,False,,False
3796.981,BOT,77,4.0,100.904,26.761,30.962,43.181,1.0,MEDIUM,4.0,True,Cadillac,1,15.0,True,271.0,255.0,251.0,322.0,,,False,,False
3898.377,BOT,77,5.0,101.396,27.059,31.039,43.298,1.0,MEDIUM,5.0,True,Cadillac,1,15.0,True,264.0,258.0,270.0,320.0,,,False,,False
3998.655,BOT,77,6.0,100.278,26.391,30.952,42.935,1.0,MEDIUM,6.0,True,Cadillac,1,14.0,True,271.0,258.0,267.0,330.0,,,False,,False
4099.53,BOT,77,7.0,100.875,26.604,30.985,43.286,1.0,MEDIUM,7.0,True,Cadillac,1,14.0,True,263.0,253.0,266.0,315.0,,,False,,False
4200.788,BOT,77,8.0,101.258,26.882,31.015,43.361,1.0,MEDIUM,8.0,True,Cadillac,1,14.0,True,262.0,254.0,267.0,313.0,,,False,,False
4302.137,BOT,77,9.0,101.349,26.941,30.99,43.418,1.0,MEDIUM,9.0,True,Cadillac,1,14.0,True,262.0,251.0,268.0,310.0,,,False,,False
4427.268,BOT,77,10.0,125.131,26.878,35.613,62.64,1.0,MEDIUM,10.0,True,Cadillac,124,12.0,False,267.0,203.0,,252.0,,4425.503,False,,False
4584.05,BOT,77,11.0,,58.486,40.93,57.367,2.0,HARD,1.0,True,Cadillac,4,16.0,False,190.0,227.0,225.0,220.0,4453.35,,False,,False
4705.498,BOT,77,12.0,121.448,33.862,33.038,54.548,2.0,HARD,2.0,True,Cadillac,4,15.0,False,267.0,234.0,220.0,180.0,,,False,,False
4845.317,BOT,77,13.0,139.819,35.481,45.177,59.161,2.0,HARD,3.0,True,Cadillac,41,15.0,False,230.0,179.0,271.0,181.0,,,False,,False
4946.611,BOT,77,14.0,101.294,26.737,31.46,43.097,2.0,HARD,4.0,True,Cadillac,1,15.0,True,278.0,274.0,273.0,332.0,,,False,,False
5046.617,BOT,77,15.0,100.006,26.165,30.675,43.166,2.0,HARD,5.0,True,Cadillac,1,15.0,True,285.0,260.0,271.0,320.0,,,False,,False
5146.356,BOT,77,16.0,99.739,26.191,30.624,42.924,2.0,HARD,6.0,True,Cadillac,1,15.0,True,281.0,258.0,270.0,317.0,,,False,,False
5246.586,BOT,77,17.0,100.23,26.489,30.745,42.996,2.0,HARD,7.0,True,Cadillac,12,15.0,True,280.0,257.0,268.0,313.0,,,False,,False
5346.685,BOT,77,18.0,100.099,26.368,30.689,43.042,2.0,HARD,8.0,True,Cadillac,21,15.0,True,277.0,258.0,268.0,316.0,,,False,,False
5446.849,BOT,77,19.0,100.164,26.517,30.671,42.976,2.0,HARD,9.0,True,Cadillac,1,15.0,True,276.0,255.0,267.0,313.0,,,False,,False
5546.825,BOT,77,20.0,99.976,26.364,30.626,42.986,2.0,HARD,10.0,True,Cadillac,1,15.0,True,275.0,257.0,268.0,310.0,,,False,,False
5646.87,BOT,77,21.0,100.045,26.449,30.593,43.003,2.0,HARD,11.0,True,Cadillac,1,15.0,True,276.0,256.0,269.0,309.0,,,False,,False
5746.683,BOT,77,22.0,99.813,26.212,30.653,42.948,2.0,HARD,12.0,True,Cadillac,1,15.0,True,276.0,256.0,270.0,307.0,,,False,,False
5846.65,BOT,77,23.0,99.967,26.487,30.566,42.914,2.0,HARD,13.0,True,Cadillac,1,15.0,True,271.0,258.0,271.0,305.0,,,False,,False
5946.496,BOT,77,24.0,99.846,26.425,30.561,42.86,2.0,HARD,14.0,True,Cadillac,1,15.0,True,272.0,256.0,271.0,307.0,,,False,,False
6046.309,BOT,77,25.0,99.813,26.2,30.699,42.914,2.0,HARD,15.0,True,Cadillac,1,15.0,True,274.0,258.0,270.0,306.0,,,False,,False
6146.053,BOT,77,26.0,99.744,26.309,30.445,42.99,2.0,HARD,16.0,True,Cadillac,1,15.0,True,275.0,258.0,270.0,306.0,,,False,,False
6246.858,BOT,77,27.0,100.805,26.104,30.394,44.307,2.0,HARD,17.0,True,Cadillac,12,15.0,True,278.0,258.0,268.0,301.0,,,False,,False
6346.494,BOT,77,28.0,99.636,26.274,30.448,42.914,2.0,HARD,18.0,True,Cadillac,1,15.0,True,277.0,259.0,271.0,311.0,,,False,,False
6446.06,BOT,77,29.0,99.566,26.098,30.501,42.967,2.0,HARD,19.0,True,Cadillac,1,15.0,True,278.0,257.0,271.0,311.0,,,False,,False
6545.752,BOT,77,30.0,99.692,26.301,30.429,42.962,2.0,HARD,20.0,True,Cadillac,1,14.0,True,277.0,258.0,273.0,306.0,,,False,,False
6645.52,BOT,77,31.0,99.768,26.106,30.87,42.792,2.0,HARD,21.0,True,Cadillac,1,15.0,True,278.0,260.0,275.0,312.0,,,False,,False
6745.062,BOT,77,32.0,99.542,26.151,30.446,42.945,2.0,HARD,22.0,True,Cadillac,1,15.0,True,280.0,258.0,273.0,307.0,,,False,,False
6846.208,BOT,77,33.0,101.146,26.832,30.937,43.377,2.0,HARD,23.0,True,Cadillac,12,14.0,True,282.0,261.0,270.0,310.0,,,False,,False
6945.903,BOT,77,34.0,99.695,26.516,30.445,42.734,2.0,HARD,24.0,True,Cadillac,1,14.0,True,274.0,262.0,270.0,307.0,,,False,,False
7045.442,BOT,77,35.0,99.539,26.304,30.277,42.958,2.0,HARD,25.0,True,Cadillac,1,14.0,True,279.0,260.0,271.0,305.0,,,False,,False
7145.994,BOT,77,36.0,100.552,26.353,31.324,42.875,2.0,HARD,26.0,True,Cadillac,1,14.0,True,277.0,262.0,272.0,315.0,,,False,,False
7245.438,BOT,77,37.0,99.444,26.253,30.429,42.762,2.0,HARD,27.0,True,Cadillac,1,14.0,True,278.0,259.0,273.0,312.0,,,False,,False
7345.485,BOT,77,38.0,100.047,26.13,30.527,43.39,2.0,HARD,28.0,True,Cadillac,1,15.0,True,276.0,260.0,272.0,310.0,,,False,,False
7445.219,BOT,77,39.0,99.734,26.45,30.283,43.001,2.0,HARD,29.0,True,Cadillac,1,15.0,True,270.0,260.0,269.0,319.0,,,False,,False
7545.79,BOT,77,40.0,100.571,27.407,30.087,43.077,2.0,HARD,30.0,True,Cadillac,1,15.0,True,274.0,260.0,272.0,306.0,,,False,,False
7645.867,BOT,77,41.0,100.077,26.195,30.027,43.855,2.0,HARD,31.0,True,Cadillac,1,15.0,True,271.0,258.0,271.0,292.0,,,False,,False
7744.887,BOT,77,42.0,99.02,26.101,30.045,42.874,2.0,HARD,32.0,True,Cadillac,1,15.0,True,275.0,261.0,273.0,304.0,,,False,,False
7844.348,BOT,77,43.0,99.461,26.138,29.91,43.413,2.0,HARD,33.0,True,Cadillac,1,15.0,True,273.0,258.0,273.0,302.0,,,False,,False
7943.262,BOT,77,44.0,98.914,26.051,30.038,42.825,2.0,HARD,34.0,True,Cadillac,1,15.0,True,274.0,262.0,274.0,313.0,,,False,,False
8043.641,BOT,77,45.0,100.379,25.99,30.076,44.313,2.0,HARD,35.0,True,Cadillac,1,15.0,True,271.0,259.0,275.0,305.0,,,False,,False
8143.299,BOT,77,46.0,99.658,26.021,30.022,43.615,2.0,HARD,36.0,True,Cadillac,1,14.0,True,274.0,261.0,275.0,265.0,,,False,,False
8242.229,BOT,77,47.0,98.93,26.086,30.061,42.783,2.0,HARD,37.0,True,Cadillac,1,13.0,True,272.0,261.0,274.0,313.0,,,False,,False
8341.364,BOT,77,48.0,99.135,26.175,29.953,43.007,2.0,HARD,38.0,True,Cadillac,1,13.0,True,274.0,260.0,272.0,306.0,,,False,,False
8440.576,BOT,77,49.0,99.212,26.108,30.008,43.096,2.0,HARD,39.0,True,Cadillac,1,13.0,True,274.0,261.0,272.0,304.0,,,False,,False
8539.903,BOT,77,50.0,99.327,26.214,29.909,43.204,2.0,HARD,40.0,True,Cadillac,1,13.0,True,274.0,261.0,272.0,301.0,,,False,,False
8639.484,BOT,77,51.0,99.581,26.336,30.143,43.102,2.0,HARD,41.0,True,Cadillac,1,13.0,True,266.0,260.0,273.0,307.0,,,False,,False
8738.907,BOT,77,52.0,99.423,26.241,30.155,43.027,2.0,HARD,42.0,True,Cadillac,12,13.0,True,271.0,259.0,274.0,306.0,,,False,,False
8838.26,BOT,77,53.0,99.353,26.181,30.107,43.065,2.0,HARD,43.0,True,Cadillac,1,13.0,True,274.0,259.0,274.0,305.0,,,False,,False
8937.683,BOT,77,54.0,99.423,26.023,30.297,43.103,2.0,HARD,44.0,True,Cadillac,1,13.0,True,273.0,259.0,275.0,308.0,,,False,,False
9036.076,BOT,77,55.0,98.393,25.855,29.825,42.713,2.0,HARD,45.0,True,Cadillac,1,13.0,True,274.0,260.0,271.0,300.0,,,False,,False
3492.163,BEA,87,1.0,107.851,,30.969,47.198,1.0,MEDIUM,1.0,True,Haas F1 Team,12,12.0,False,298.0,251.0,254.0,340.0,,,False,,False
3593.299,BEA,87,2.0,101.136,26.995,30.997,43.144,1.0,MEDIUM,2.0,True,Haas F1 Team,1,12.0,True,273.0,262.0,269.0,331.0,,,False,,False
3693.014,BEA,87,3.0,99.715,26.962,30.362,42.391,1.0,MEDIUM,3.0,True,Haas F1 Team,1,12.0,True,268.0,258.0,270.0,339.0,,,False,,False
3792.194,BEA,87,4.0,99.18,26.545,30.225,42.41,1.0,MEDIUM,4.0,True,Haas F1 Team,1,12.0,True,270.0,262.0,272.0,333.0,,,False,,False
3891.698,BEA,87,5.0,99.504,26.485,30.442,42.577,1.0,MEDIUM,5.0,True,Haas F1 Team,1,12.0,True,272.0,259.0,272.0,340.0,,,False,,False
3990.308,BEA,87,6.0,98.61,25.953,30.169,42.488,1.0,MEDIUM,6.0,True,Haas F1 Team,1,11.0,True,269.0,260.0,273.0,329.0,,,False,,False
4089.631,BEA,87,7.0,99.323,26.1,30.476,42.747,1.0,MEDIUM,7.0,True,Haas F1 Team,1,11.0,True,271.0,258.0,272.0,336.0,,,False,,False
4189.067,BEA,87,8.0,99.436,26.217,30.611,42.608,1.0,MEDIUM,8.0,True,Haas F1 Team,1,11.0,True,272.0,261.0,272.0,334.0,,,False,,False
4288.777,BEA,87,9.0,99.71,26.329,30.76,42.621,1.0,MEDIUM,9.0,True,Haas F1 Team,1,9.0,True,271.0,257.0,254.0,333.0,,,False,,False
4406.207,BEA,87,10.0,117.43,26.336,30.168,60.926,1.0,MEDIUM,10.0,True,Haas F1 Team,124,10.0,False,266.0,255.0,,258.0,,4404.518,False,,False
4558.226,BEA,87,11.0,,52.49,40.239,59.301,2.0,HARD,1.0,True,Haas F1 Team,4,10.0,False,192.0,218.0,225.0,198.0,4427.503,,False,,False
4698.701,BEA,87,12.0,140.475,36.414,41.154,62.907,2.0,HARD,2.0,True,Haas F1 Team,4,10.0,False,187.0,214.0,146.0,98.0,,,False,,False
4843.241,BEA,87,13.0,144.54,36.284,45.107,63.149,2.0,HARD,3.0,True,Haas F1 Team,41,10.0,False,197.0,161.0,270.0,175.0,,,False,,False
4942.481,BEA,87,14.0,99.24,26.103,30.378,42.759,2.0,HARD,4.0,True,Haas F1 Team,1,8.0,True,284.0,272.0,269.0,342.0,,,False,,False
5041.77,BEA,87,15.0,99.289,26.229,30.381,42.679,2.0,HARD,5.0,True,Haas F1 Team,1,8.0,True,280.0,261.0,272.0,343.0,,,True,TRACK LIMITS AT TURN 14 LAP 15 ,False
5140.039,BEA,87,16.0,98.269,26.064,29.975,42.23,2.0,HARD,6.0,True,Haas F1 Team,1,7.0,True,269.0,259.0,272.0,327.0,,,False,,False
5238.382,BEA,87,17.0,98.343,25.952,29.696,42.695,2.0,HARD,7.0,True,Haas F1 Team,1,7.0,True,269.0,260.0,271.0,315.0,,,False,,False
5336.579,BEA,87,18.0,98.197,25.907,29.658,42.632,2.0,HARD,8.0,True,Haas F1 Team,12,7.0,True,274.0,259.0,256.0,327.0,,,False,,False
5435.588,BEA,87,19.0,99.009,25.981,30.329,42.699,2.0,HARD,9.0,True,Haas F1 Team,1,6.0,True,273.0,260.0,257.0,328.0,,,False,,False
5534.206,BEA,87,20.0,98.618,26.152,29.786,42.68,2.0,HARD,10.0,True,Haas F1 Team,1,5.0,True,272.0,260.0,250.0,325.0,,,False,,False
5632.732,BEA,87,21.0,98.526,26.602,29.775,42.149,2.0,HARD,11.0,True,Haas F1 Team,1,5.0,True,272.0,261.0,268.0,315.0,,,False,,False
5730.599,BEA,87,22.0,97.867,25.899,29.578,42.39,2.0,HARD,12.0,True,Haas F1 Team,1,5.0,True,267.0,252.0,269.0,301.0,,,False,,False
5828.214,BEA,87,23.0,97.615,25.88,29.454,42.281,2.0,HARD,13.0,True,Haas F1 Team,1,5.0,True,265.0,253.0,272.0,302.0,,,False,,False
5926.074,BEA,87,24.0,97.86,25.753,29.62,42.487,2.0,HARD,14.0,True,Haas F1 Team,1,5.0,True,264.0,251.0,268.0,300.0,,,False,,False
6023.754,BEA,87,25.0,97.68,25.942,29.495,42.243,2.0,HARD,15.0,True,Haas F1 Team,1,5.0,True,266.0,252.0,273.0,303.0,,,False,,False
6121.146,BEA,87,26.0,97.392,25.68,29.397,42.315,2.0,HARD,16.0,True,Haas F1 Team,1,5.0,True,264.0,254.0,271.0,300.0,,,False,,False
6218.551,BEA,87,27.0,97.405,25.83,29.329,42.246,2.0,HARD,17.0,True,Haas F1 Team,1,5.0,True,267.0,255.0,274.0,302.0,,,False,,False
6316.189,BEA,87,28.0,97.638,25.728,29.416,42.494,2.0,HARD,18.0,True,Haas F1 Team,12,5.0,True,265.0,255.0,272.0,302.0,,,False,,False
6413.873,BEA,87,29.0,97.684,25.876,29.507,42.301,2.0,HARD,19.0,True,Haas F1 Team,1,5.0,True,265.0,257.0,275.0,301.0,,,False,,False
6511.149,BEA,87,30.0,97.276,25.616,29.364,42.296,2.0,HARD,20.0,True,Haas F1 Team,1,5.0,True,267.0,253.0,273.0,302.0,,,False,,False
6608.732,BEA,87,31.0,97.583,25.822,29.395,42.366,2.0,HARD,21.0,True,Haas F1 Team,1,5.0,True,264.0,253.0,274.0,302.0,,,False,,False
6706.228,BEA,87,32.0,97.496,25.749,29.516,42.231,2.0,HARD,22.0,True,Haas F1 Team,1,5.0,True,266.0,253.0,275.0,303.0,,,False,,False
6803.495,BEA,87,33.0,97.267,25.673,29.373,42.221,2.0,HARD,23.0,True,Haas F1 Team,12,5.0,True,265.0,256.0,272.0,302.0,,,False,,False
6900.89,BEA,87,34.0,97.395,25.837,29.278,42.28,2.0,HARD,24.0,True,Haas F1 Team,1,5.0,True,268.0,252.0,274.0,303.0,,,False,,False
6998.31,BEA,87,35.0,97.42,25.684,29.313,42.423,2.0,HARD,25.0,True,Haas F1 Team,1,5.0,True,270.0,256.0,272.0,300.0,,,False,,False
7095.79,BEA,87,36.0,97.48,25.802,29.289,42.389,2.0,HARD,26.0,True,Haas F1 Team,1,5.0,True,270.0,259.0,275.0,301.0,,,False,,False
7193.032,BEA,87,37.0,97.242,25.653,29.382,42.207,2.0,HARD,27.0,True,Haas F1 Team,1,5.0,True,265.0,257.0,275.0,301.0,,,False,,False
7290.254,BEA,87,38.0,97.222,25.669,29.284,42.269,2.0,HARD,28.0,True,Haas F1 Team,1,5.0,True,264.0,254.0,275.0,302.0,,,False,,False
7387.297,BEA,87,39.0,97.043,25.602,29.17,42.271,2.0,HARD,29.0,True,Haas F1 Team,1,5.0,True,266.0,258.0,275.0,302.0,,,False,,False
7484.45,BEA,87,40.0,97.153,25.551,29.284,42.318,2.0,HARD,30.0,True,Haas F1 Team,1,5.0,True,268.0,257.0,275.0,300.0,,,False,,False
7581.479,BEA,87,41.0,97.029,25.444,29.283,42.302,2.0,HARD,31.0,True,Haas F1 Team,1,5.0,True,272.0,256.0,276.0,301.0,,,False,,False
7679.191,BEA,87,42.0,97.712,25.463,29.29,42.959,2.0,HARD,32.0,True,Haas F1 Team,1,5.0,True,270.0,258.0,266.0,299.0,,,False,,False
7776.405,BEA,87,43.0,97.214,25.801,29.152,42.261,2.0,HARD,33.0,True,Haas F1 Team,1,5.0,True,273.0,257.0,276.0,301.0,,,False,,False
7873.821,BEA,87,44.0,97.416,25.505,29.32,42.591,2.0,HARD,34.0,True,Haas F1 Team,1,5.0,True,272.0,257.0,275.0,301.0,,,False,,False
7971.053,BEA,87,45.0,97.232,25.495,29.325,42.412,2.0,HARD,35.0,True,Haas F1 Team,1,5.0,True,269.0,257.0,275.0,301.0,,,False,,False
8068.354,BEA,87,46.0,97.301,25.54,29.348,42.413,2.0,HARD,36.0,True,Haas F1 Team,1,5.0,True,267.0,258.0,276.0,302.0,,,False,,False
8165.159,BEA,87,47.0,96.805,25.469,29.166,42.17,2.0,HARD,37.0,True,Haas F1 Team,1,5.0,True,270.0,260.0,276.0,304.0,,,False,,False
8262.397,BEA,87,48.0,97.238,25.443,29.293,42.502,2.0,HARD,38.0,True,Haas F1 Team,1,5.0,True,272.0,260.0,277.0,307.0,,,False,,False
8360.039,BEA,87,49.0,97.642,25.501,29.67,42.471,2.0,HARD,39.0,True,Haas F1 Team,1,5.0,True,271.0,262.0,273.0,301.0,,,False,,False
8457.028,BEA,87,50.0,96.989,25.619,29.069,42.301,2.0,HARD,40.0,True,Haas F1 Team,1,5.0,True,273.0,259.0,277.0,300.0,,,False,,False
8553.853,BEA,87,51.0,96.825,25.327,29.145,42.353,2.0,HARD,41.0,True,Haas F1 Team,1,5.0,True,272.0,257.0,277.0,301.0,,,False,,False
8650.631,BEA,87,52.0,96.778,25.448,29.198,42.132,2.0,HARD,42.0,True,Haas F1 Team,1,5.0,True,268.0,258.0,276.0,302.0,,,False,,False
8747.311,BEA,87,53.0,96.68,25.325,29.105,42.25,2.0,HARD,43.0,True,Haas F1 Team,12,5.0,True,272.0,260.0,277.0,303.0,,,False,,False
8844.099,BEA,87,54.0,96.788,25.42,29.088,42.28,2.0,HARD,44.0,True,Haas F1 Team,1,5.0,True,271.0,261.0,277.0,303.0,,,False,,False
8940.747,BEA,87,55.0,96.648,25.384,29.169,42.095,2.0,HARD,45.0,True,Haas F1 Team,1,5.0,True,271.0,259.0,277.0,306.0,,,False,,False
9037.176,BEA,87,56.0,96.429,25.226,29.121,42.082,2.0,HARD,46.0,True,Haas F1 Team,1,5.0,True,275.0,270.0,254.0,327.0,,,False,,False
