Time,Driver,DriverNumber,LapNumber,LapTime,Sector1Time,Sector2Time,Sector3Time,Stint,Compound,TyreLife,FreshTyre,Team,TrackStatus,Position,IsAccurate,SpeedI1,SpeedI2,SpeedFL,SpeedST,PitOutTime,PitInTime,Deleted,DeletedReason,FastF1Generated
3308.537,NOR,1,1.0,87.198,,33.656,24.811,1.0,MEDIUM,1.0,True,McLaren,1,4.0,False,237.0,252.0,297.0,293.0,,,False,,False
3390.788,NOR,1,2.0,82.251,23.744,33.611,24.896,1.0,MEDIUM,2.0,True,McLaren,1,4.0,True,241.0,246.0,296.0,335.0,,,False,,False
3473.21,NOR,1,3.0,82.422,23.976,33.5,24.946,1.0,MEDIUM,3.0,True,McLaren,1,4.0,True,245.0,263.0,293.0,340.0,,,False,,False
3555.983,NOR,1,4.0,82.773,23.999,33.552,25.222,1.0,MEDIUM,4.0,True,McLaren,1,4.0,True,242.0,252.0,293.0,334.0,,,False,,False
3639.27,NOR,1,5.0,83.287,24.189,33.813,25.285,1.0,MEDIUM,5.0,True,McLaren,1,4.0,True,245.0,254.0,292.0,332.0,,,False,,False
3722.496,NOR,1,6.0,83.226,24.222,33.707,25.297,1.0,MEDIUM,6.0,True,McLaren,1,4.0,True,250.0,251.0,291.0,331.0,,,False,,False
3805.853,NOR,1,7.0,83.357,24.175,33.895,25.287,1.0,MEDIUM,7.0,True,McLaren,1,4.0,True,259.0,256.0,291.0,330.0,,,False,,False
3889.245,NOR,1,8.0,83.392,24.237,33.773,25.382,1.0,MEDIUM,8.0,True,McLaren,1,4.0,True,247.0,256.0,292.0,330.0,,,False,,False
3972.746,NOR,1,9.0,83.501,24.26,33.774,25.467,1.0,MEDIUM,9.0,True,McLaren,1,4.0,True,252.0,256.0,290.0,330.0,,,False,,False
4056.065,NOR,1,10.0,83.319,24.292,33.706,25.321,1.0,MEDIUM,10.0,True,McLaren,1,4.0,True,252.0,258.0,292.0,330.0,,,False,,False
4139.466,NOR,1,11.0,83.401,24.283,33.758,25.36,1.0,MEDIUM,11.0,True,McLaren,1,3.0,True,257.0,261.0,290.0,332.0,,,False,,False
4223.084,NOR,1,12.0,83.618,24.221,33.969,25.428,1.0,MEDIUM,12.0,True,McLaren,1,3.0,True,254.0,247.0,290.0,331.0,,,False,,False
4310.93,NOR,1,13.0,87.846,24.308,33.977,29.561,1.0,MEDIUM,13.0,True,McLaren,1,2.0,False,258.0,248.0,,330.0,,4308.151,False,,False
4411.581,NOR,1,14.0,100.651,43.21,32.876,24.565,2.0,HARD,1.0,True,McLaren,1,6.0,False,258.0,266.0,296.0,262.0,4329.971,,False,,False
4493.651,NOR,1,15.0,82.07,24.024,33.249,24.797,2.0,HARD,2.0,True,McLaren,1,5.0,True,247.0,260.0,294.0,329.0,,,False,,False
4575.844,NOR,1,16.0,82.193,23.947,33.261,24.985,2.0,HARD,3.0,True,McLaren,1,5.0,True,248.0,262.0,295.0,332.0,,,False,,False
4657.788,NOR,1,17.0,81.944,23.89,33.232,24.822,2.0,HARD,4.0,True,McLaren,1,4.0,True,252.0,264.0,293.0,332.0,,,False,,False
4739.769,NOR,1,18.0,81.981,23.788,33.283,24.91,2.0,HARD,5.0,True,McLaren,1,4.0,True,263.0,265.0,293.0,331.0,,,False,,False
4822.123,NOR,1,19.0,82.354,23.972,33.368,25.014,2.0,HARD,6.0,True,McLaren,1,4.0,True,255.0,263.0,294.0,332.0,,,False,,False
4904.366,NOR,1,20.0,82.243,23.843,33.384,25.016,2.0,HARD,7.0,True,McLaren,1,4.0,True,258.0,265.0,292.0,330.0,,,False,,False
4986.741,NOR,1,21.0,82.375,23.963,33.337,25.075,2.0,HARD,8.0,True,McLaren,1,4.0,True,258.0,257.0,293.0,330.0,,,False,,False
5068.763,NOR,1,22.0,82.022,23.827,33.197,24.998,2.0,HARD,9.0,True,McLaren,1,4.0,True,260.0,263.0,293.0,330.0,,,False,,False
5151.042,NOR,1,23.0,82.279,23.938,33.372,24.969,2.0,HARD,10.0,True,McLaren,1,4.0,True,260.0,261.0,293.0,331.0,,,False,,False
5233.486,NOR,1,24.0,82.444,23.965,33.349,25.13,2.0,HARD,11.0,True,McLaren,1,4.0,True,253.0,257.0,295.0,332.0,,,False,,False
5315.949,NOR,1,25.0,82.463,23.696,33.686,25.081,2.0,HARD,12.0,True,McLaren,1,4.0,True,252.0,251.0,293.0,345.0,,,False,,False
5398.613,NOR,1,26.0,82.664,23.976,33.641,25.047,2.0,HARD,13.0,True,McLaren,1,4.0,True,248.0,258.0,295.0,334.0,,,False,,False
5481.522,NOR,1,27.0,82.909,23.984,33.774,25.151,2.0,HARD,14.0,True,McLaren,1,3.0,True,252.0,259.0,293.0,332.0,,,False,,False
5564.182,NOR,1,28.0,82.66,23.984,33.678,24.998,2.0,HARD,15.0,True,McLaren,1,3.0,True,259.0,262.0,293.0,335.0,,,False,,False
5647.436,NOR,1,29.0,83.254,23.926,33.566,25.762,2.0,HARD,16.0,True,McLaren,1,3.0,True,260.0,255.0,289.0,331.0,,,False,,False
5730.592,NOR,1,30.0,83.156,24.034,33.865,25.257,2.0,HARD,17.0,True,McLaren,1,3.0,True,254.0,257.0,292.0,344.0,,,False,,False
5813.539,NOR,1,31.0,82.947,24.044,33.558,25.345,2.0,HARD,18.0,True,McLaren,1,3.0,True,256.0,255.0,292.0,330.0,,,False,,False
5897.136,NOR,1,32.0,83.597,24.072,34.168,25.357,2.0,HARD,19.0,True,McLaren,1,3.0,True,255.0,262.0,294.0,332.0,,,False,,False
5979.985,NOR,1,33.0,82.849,23.966,33.715,25.168,2.0,HARD,20.0,True,McLaren,1,3.0,True,260.0,259.0,291.0,343.0,,,False,,False
6063.1,NOR,1,34.0,83.115,24.053,33.75,25.312,2.0,HARD,21.0,True,McLaren,1,3.0,True,259.0,260.0,294.0,330.0,,,False,,False
6150.399,NOR,1,35.0,87.299,24.361,33.564,29.374,2.0,HARD,22.0,True,McLaren,1,4.0,False,258.0,264.0,,332.0,,6147.759,False,,False
6250.361,NOR,1,36.0,99.962,43.08,32.56,24.322,3.0,HARD,1.0,True,McLaren,1,5.0,False,259.0,269.0,299.0,268.0,6169.751,,False,,False
6330.593,NOR,1,37.0,80.232,23.543,32.468,24.221,3.0,HARD,2.0,True,McLaren,1,5.0,True,264.0,273.0,300.0,326.0,,,False,,False
6411.705,NOR,1,38.0,81.112,23.831,32.939,24.342,3.0,HARD,3.0,True,McLaren,1,5.0,True,262.0,263.0,300.0,337.0,,,False,,False
6492.87,NOR,1,39.0,81.165,23.47,33.243,24.452,3.0,HARD,4.0,True,McLaren,1,4.0,True,261.0,259.0,301.0,337.0,,,False,,False
6581.259,NOR,1,40.0,88.389,23.347,33.246,31.796,3.0,HARD,5.0,True,McLaren,126,4.0,False,259.0,269.0,199.0,336.0,,,False,,False
6688.197,NOR,1,41.0,106.938,30.39,46.147,30.401,3.0,HARD,6.0,True,McLaren,6,4.0,False,187.0,225.0,202.0,260.0,,,False,,False
6773.271,NOR,1,42.0,85.074,28.197,32.459,24.418,3.0,HARD,7.0,True,McLaren,671,4.0,False,266.0,266.0,299.0,252.0,,,False,,False
6854.202,NOR,1,43.0,80.931,23.706,32.674,24.551,3.0,HARD,8.0,True,McLaren,1,4.0,True,261.0,266.0,299.0,336.0,,,False,,False
6935.008,NOR,1,44.0,80.806,23.673,32.782,24.351,3.0,HARD,9.0,True,McLaren,1,4.0,True,264.0,265.0,300.0,334.0,,,False,,False
7015.936,NOR,1,45.0,80.928,23.674,32.754,24.5,3.0,HARD,10.0,True,McLaren,1,4.0,True,262.0,271.0,299.0,336.0,,,False,,False
7096.766,NOR,1,46.0,80.83,23.5,32.761,24.569,3.0,HARD,11.0,True,McLaren,1,4.0,True,264.0,271.0,299.0,335.0,,,False,,False
7177.714,NOR,1,47.0,80.948,23.589,32.809,24.55,3.0,HARD,12.0,True,McLaren,1,4.0,True,258.0,271.0,299.0,335.0,,,False,,False
7258.914,NOR,1,48.0,81.2,23.621,33.007,24.572,3.0,HARD,13.0,True,McLaren,1,4.0,True,258.0,272.0,299.0,334.0,,,False,,False
7340.176,NOR,1,49.0,81.262,23.694,32.89,24.678,3.0,HARD,14.0,True,McLaren,1,4.0,True,262.0,278.0,299.0,333.0,,,False,,False
7421.138,NOR,1,50.0,80.962,23.594,32.842,24.526,3.0,HARD,15.0,True,McLaren,1,4.0,True,266.0,277.0,300.0,336.0,,,False,,False
7502.391,NOR,1,51.0,81.253,23.659,33.065,24.529,3.0,HARD,16.0,True,McLaren,1,4.0,True,266.0,276.0,300.0,336.0,,,False,,False
7583.997,NOR,1,52.0,81.606,23.631,33.095,24.88,3.0,HARD,17.0,True,McLaren,1,4.0,True,258.0,271.0,299.0,336.0,,,False,,False
7665.808,NOR,1,53.0,81.811,23.832,33.088,24.891,3.0,HARD,18.0,True,McLaren,1,4.0,True,262.0,269.0,298.0,336.0,,,False,,False
7747.617,NOR,1,54.0,81.809,23.8,33.133,24.876,3.0,HARD,19.0,True,McLaren,1,4.0,True,267.0,263.0,300.0,336.0,,,False,,False
7829.581,NOR,1,55.0,81.964,23.877,33.254,24.833,3.0,HARD,20.0,True,McLaren,1,4.0,True,267.0,274.0,296.0,336.0,,,False,,False
7911.708,NOR,1,56.0,82.127,24.03,33.276,24.821,3.0,HARD,21.0,True,McLaren,1,4.0,True,260.0,267.0,298.0,336.0,,,False,,False
7993.931,NOR,1,57.0,82.223,23.853,33.339,25.031,3.0,HARD,22.0,True,McLaren,1,4.0,True,264.0,257.0,296.0,335.0,,,False,,False
8076.183,NOR,1,58.0,82.252,23.823,33.543,24.886,3.0,HARD,23.0,True,McLaren,1,4.0,True,261.0,266.0,296.0,334.0,,,False,,False
8158.672,NOR,1,59.0,82.489,23.994,33.42,25.075,3.0,HARD,24.0,True,McLaren,1,4.0,True,261.0,273.0,295.0,334.0,,,False,,False
8241.072,NOR,1,60.0,82.4,24.035,33.315,25.05,3.0,HARD,25.0,True,McLaren,1,4.0,True,262.0,267.0,296.0,333.0,,,False,,False
8324.214,NOR,1,61.0,83.142,24.207,33.648,25.287,3.0,HARD,26.0,True,McLaren,1,4.0,True,270.0,267.0,296.0,332.0,,,False,,False
8406.938,NOR,1,62.0,82.724,24.048,33.546,25.13,3.0,HARD,27.0,True,McLaren,126,3.0,False,269.0,275.0,296.0,334.0,,,False,,False
8516.411,NOR,1,63.0,109.473,32.145,44.414,32.914,3.0,HARD,28.0,True,McLaren,6,3.0,False,159.0,169.0,177.0,175.0,,,False,,False
8624.752,NOR,1,64.0,108.341,30.638,44.146,33.557,3.0,HARD,29.0,True,McLaren,6,3.0,False,172.0,213.0,199.0,267.0,,,False,,False
8710.762,NOR,1,65.0,86.01,27.45,33.429,25.131,3.0,HARD,30.0,True,McLaren,671,3.0,False,256.0,250.0,293.0,259.0,,,False,,False
8793.163,NOR,1,66.0,82.401,23.985,33.349,25.067,3.0,HARD,31.0,True,McLaren,1,3.0,True,267.0,260.0,295.0,330.0,,,False,,False
3313.438,GAS,10,1.0,92.099,,35.429,25.735,1.0,MEDIUM,1.0,True,Alpine,1,12.0,False,216.0,245.0,295.0,297.0,,,False,,False
3397.741,GAS,10,2.0,84.303,24.204,34.532,25.567,1.0,MEDIUM,2.0,True,Alpine,1,12.0,True,239.0,235.0,296.0,345.0,,,False,,False
3481.96,GAS,10,3.0,84.219,24.0,34.587,25.632,1.0,MEDIUM,3.0,True,Alpine,1,12.0,True,240.0,236.0,295.0,351.0,,,False,,False
3566.487,GAS,10,4.0,84.527,24.239,34.535,25.753,1.0,MEDIUM,4.0,True,Alpine,1,12.0,True,240.0,242.0,290.0,351.0,,,False,,False
3651.584,GAS,10,5.0,85.097,24.441,34.833,25.823,1.0,MEDIUM,5.0,True,Alpine,1,12.0,True,232.0,243.0,291.0,348.0,,,False,,False
3737.392,GAS,10,6.0,85.808,24.558,35.254,25.996,1.0,MEDIUM,6.0,True,Alpine,1,13.0,True,225.0,255.0,288.0,351.0,,,False,,False
3822.778,GAS,10,7.0,85.386,24.429,34.792,26.165,1.0,MEDIUM,7.0,True,Alpine,1,13.0,True,243.0,247.0,289.0,350.0,,,False,,False
3908.498,GAS,10,8.0,85.72,24.435,35.203,26.082,1.0,MEDIUM,8.0,True,Alpine,1,13.0,True,230.0,250.0,290.0,350.0,,,False,,False
3994.552,GAS,10,9.0,86.054,24.409,35.397,26.248,1.0,MEDIUM,9.0,True,Alpine,1,13.0,True,234.0,246.0,290.0,350.0,,,False,,False
4080.607,GAS,10,10.0,86.055,24.495,35.281,26.279,1.0,MEDIUM,10.0,True,Alpine,1,13.0,True,236.0,251.0,288.0,351.0,,,True,TRACK LIMITS AT TURN 13 LAP 10 ,False
4166.561,GAS,10,11.0,85.954,24.64,35.135,26.179,1.0,MEDIUM,11.0,True,Alpine,1,13.0,True,245.0,254.0,291.0,351.0,,,False,,False
4252.367,GAS,10,12.0,85.806,24.436,35.155,26.215,1.0,MEDIUM,12.0,True,Alpine,1,11.0,True,239.0,251.0,288.0,350.0,,,False,,False
4338.165,GAS,10,13.0,85.798,24.767,34.894,26.137,1.0,MEDIUM,13.0,True,Alpine,1,11.0,True,244.0,259.0,289.0,347.0,,,False,,False
4427.91,GAS,10,14.0,89.745,24.685,35.057,30.003,1.0,MEDIUM,14.0,True,Alpine,1,10.0,False,244.0,255.0,,336.0,,4425.183,False,,False
4530.709,GAS,10,15.0,102.799,44.085,33.504,25.21,2.0,HARD,1.0,True,Alpine,1,15.0,False,247.0,262.0,292.0,253.0,4447.943,,False,,False
4613.732,GAS,10,16.0,83.023,23.989,33.724,25.31,2.0,HARD,2.0,True,Alpine,1,14.0,True,248.0,256.0,291.0,334.0,,,False,,False
4696.969,GAS,10,17.0,83.237,24.022,33.972,25.243,2.0,HARD,3.0,True,Alpine,1,14.0,True,261.0,263.0,292.0,335.0,,,False,,False
4780.481,GAS,10,18.0,83.512,24.019,34.008,25.485,2.0,HARD,4.0,True,Alpine,1,13.0,True,258.0,260.0,293.0,337.0,,,False,,False
4864.1,GAS,10,19.0,83.619,24.062,34.044,25.513,2.0,HARD,5.0,True,Alpine,1,12.0,True,254.0,257.0,292.0,339.0,,,False,,False
4947.926,GAS,10,20.0,83.826,24.125,34.208,25.493,2.0,HARD,6.0,True,Alpine,1,12.0,True,255.0,252.0,291.0,335.0,,,False,,False
5031.715,GAS,10,21.0,83.789,24.229,33.83,25.73,2.0,HARD,7.0,True,Alpine,1,12.0,True,260.0,252.0,292.0,336.0,,,False,,False
5115.703,GAS,10,22.0,83.988,24.163,34.142,25.683,2.0,HARD,8.0,True,Alpine,1,12.0,True,265.0,256.0,293.0,337.0,,,False,,False
5199.799,GAS,10,23.0,84.096,24.112,34.262,25.722,2.0,HARD,9.0,True,Alpine,1,11.0,True,260.0,255.0,293.0,338.0,,,False,,False
5284.926,GAS,10,24.0,85.127,24.287,34.895,25.945,2.0,HARD,10.0,True,Alpine,1,11.0,True,244.0,246.0,292.0,348.0,,,False,,False
5369.532,GAS,10,25.0,84.606,24.214,34.5,25.892,2.0,HARD,11.0,True,Alpine,1,11.0,True,246.0,252.0,291.0,349.0,,,False,,False
5454.184,GAS,10,26.0,84.652,24.195,34.594,25.863,2.0,HARD,12.0,True,Alpine,1,11.0,True,255.0,254.0,290.0,348.0,,,False,,False
5539.309,GAS,10,27.0,85.125,24.485,34.809,25.831,2.0,HARD,13.0,True,Alpine,1,11.0,True,249.0,254.0,287.0,349.0,,,False,,False
5624.452,GAS,10,28.0,85.143,24.46,34.532,26.151,2.0,HARD,14.0,True,Alpine,1,11.0,True,257.0,252.0,289.0,335.0,,,False,,False
5709.227,GAS,10,29.0,84.775,24.391,34.498,25.886,2.0,HARD,15.0,True,Alpine,1,10.0,True,256.0,271.0,291.0,336.0,,,False,,False
5793.814,GAS,10,30.0,84.587,24.403,34.391,25.793,2.0,HARD,16.0,True,Alpine,1,10.0,True,252.0,262.0,290.0,334.0,,,False,,False
5878.548,GAS,10,31.0,84.734,24.52,34.347,25.867,2.0,HARD,17.0,True,Alpine,1,10.0,True,254.0,259.0,292.0,334.0,,,False,,False
5963.425,GAS,10,32.0,84.877,24.408,34.546,25.923,2.0,HARD,18.0,True,Alpine,1,10.0,True,260.0,262.0,291.0,335.0,,,False,,False
6048.784,GAS,10,33.0,85.359,24.523,34.922,25.914,2.0,HARD,19.0,True,Alpine,1,10.0,True,243.0,256.0,290.0,347.0,,,False,,False
6133.897,GAS,10,34.0,85.113,24.45,34.685,25.978,2.0,HARD,20.0,True,Alpine,1,10.0,True,256.0,262.0,291.0,348.0,,,False,,False
6218.965,GAS,10,35.0,85.068,24.431,34.758,25.879,2.0,HARD,21.0,True,Alpine,1,9.0,True,249.0,264.0,290.0,348.0,,,False,,False
6303.282,GAS,10,36.0,84.317,24.24,34.283,25.794,2.0,HARD,22.0,True,Alpine,1,9.0,True,259.0,264.0,289.0,345.0,,,False,,False
6388.387,GAS,10,37.0,85.105,24.561,34.412,26.132,2.0,HARD,23.0,True,Alpine,1,9.0,True,253.0,252.0,289.0,332.0,,,False,,False
6475.12,GAS,10,38.0,86.733,24.778,34.876,27.079,2.0,HARD,24.0,True,Alpine,1,9.0,True,260.0,261.0,291.0,332.0,,,False,,False
6563.794,GAS,10,39.0,88.674,24.607,34.862,29.205,2.0,HARD,25.0,True,Alpine,126,9.0,False,247.0,260.0,115.0,348.0,,,False,,False
6672.314,GAS,10,40.0,108.52,30.471,44.025,34.024,2.0,HARD,26.0,True,Alpine,6,9.0,False,221.0,233.0,,299.0,,6669.651,False,,False
6775.714,GAS,10,41.0,103.4,45.587,32.929,24.884,3.0,HARD,1.0,True,Alpine,671,9.0,False,250.0,264.0,295.0,248.0,6692.943,,False,,False
6857.422,GAS,10,42.0,81.708,23.728,33.155,24.825,3.0,HARD,2.0,True,Alpine,1,9.0,True,265.0,262.0,295.0,336.0,,,True,TRACK LIMITS AT TURN 13 LAP 42 ,False
6939.382,GAS,10,43.0,81.96,23.865,33.267,24.828,3.0,HARD,3.0,True,Alpine,1,9.0,True,259.0,259.0,295.0,334.0,,,False,,False
7021.396,GAS,10,44.0,82.014,23.74,33.245,25.029,3.0,HARD,4.0,True,Alpine,1,9.0,True,269.0,261.0,294.0,336.0,,,False,,False
7104.087,GAS,10,45.0,82.691,23.891,33.277,25.523,3.0,HARD,5.0,True,Alpine,1,9.0,True,268.0,261.0,291.0,337.0,,,False,,False
7186.649,GAS,10,46.0,82.562,23.926,33.455,25.181,3.0,HARD,6.0,True,Alpine,1,9.0,True,267.0,266.0,294.0,333.0,,,False,,False
7269.765,GAS,10,47.0,83.116,24.04,33.739,25.337,3.0,HARD,7.0,True,Alpine,1,9.0,True,264.0,262.0,291.0,332.0,,,False,,False
7352.555,GAS,10,48.0,82.79,24.073,33.449,25.268,3.0,HARD,8.0,True,Alpine,1,9.0,True,265.0,264.0,292.0,332.0,,,False,,False
7435.547,GAS,10,49.0,82.992,23.957,33.738,25.297,3.0,HARD,9.0,True,Alpine,1,9.0,True,266.0,251.0,293.0,332.0,,,False,,False
7518.659,GAS,10,50.0,83.112,24.249,33.561,25.302,3.0,HARD,10.0,True,Alpine,1,9.0,True,256.0,261.0,293.0,332.0,,,False,,False
7601.851,GAS,10,51.0,83.192,24.157,33.735,25.3,3.0,HARD,11.0,True,Alpine,1,9.0,True,265.0,254.0,294.0,332.0,,,False,,False
7686.399,GAS,10,52.0,84.548,24.157,35.063,25.328,3.0,HARD,12.0,True,Alpine,1,9.0,True,253.0,256.0,293.0,332.0,,,False,,False
7771.396,GAS,10,53.0,84.997,24.194,35.025,25.778,3.0,HARD,13.0,True,Alpine,1,9.0,True,262.0,220.0,294.0,334.0,,,False,,False
7854.822,GAS,10,54.0,83.426,24.071,34.043,25.312,3.0,HARD,14.0,True,Alpine,1,9.0,True,256.0,263.0,293.0,348.0,,,False,,False
7938.196,GAS,10,55.0,83.374,24.205,33.872,25.297,3.0,HARD,15.0,True,Alpine,1,9.0,True,264.0,264.0,294.0,335.0,,,False,,False
8021.223,GAS,10,56.0,83.027,24.048,33.65,25.329,3.0,HARD,16.0,True,Alpine,1,9.0,True,260.0,271.0,292.0,335.0,,,False,,False
8104.229,GAS,10,57.0,83.006,24.111,33.559,25.336,3.0,HARD,17.0,True,Alpine,1,9.0,True,262.0,271.0,295.0,334.0,,,False,,False
8187.362,GAS,10,58.0,83.133,24.031,33.615,25.487,3.0,HARD,18.0,True,Alpine,1,9.0,True,265.0,260.0,293.0,334.0,,,False,,False
8270.544,GAS,10,59.0,83.182,24.184,33.552,25.446,3.0,HARD,19.0,True,Alpine,1,9.0,True,264.0,264.0,292.0,334.0,,,False,,False
8353.836,GAS,10,60.0,83.292,24.168,33.68,25.444,3.0,HARD,20.0,True,Alpine,1,9.0,True,260.0,259.0,293.0,334.0,,,False,,False
8448.091,GAS,10,61.0,94.255,24.439,37.753,32.063,3.0,HARD,21.0,True,Alpine,126,9.0,False,256.0,236.0,228.0,334.0,,,False,,False
8555.541,GAS,10,62.0,107.45,32.218,45.187,30.045,3.0,HARD,22.0,True,Alpine,6,8.0,False,217.0,225.0,228.0,233.0,,,False,,False
8658.326,GAS,10,63.0,102.785,31.805,43.409,27.571,3.0,HARD,23.0,True,Alpine,671,7.0,False,226.0,232.0,294.0,240.0,,,False,,False
8741.611,GAS,10,64.0,83.285,24.219,33.696,25.37,3.0,HARD,24.0,True,Alpine,1,7.0,True,259.0,259.0,291.0,331.0,,,False,,False
8825.233,GAS,10,65.0,83.622,24.302,33.939,25.381,3.0,HARD,25.0,True,Alpine,1,7.0,True,255.0,253.0,293.0,332.0,,,False,,False
3316.234,PER,11,1.0,94.895,,36.014,26.63,1.0,SOFT,1.0,True,Cadillac,1,19.0,False,222.0,226.0,292.0,314.0,,,False,,False
3401.783,PER,11,2.0,85.549,24.677,34.998,25.874,1.0,SOFT,2.0,True,Cadillac,1,19.0,True,223.0,233.0,290.0,350.0,,,False,,False
3487.161,PER,11,3.0,85.378,24.482,34.882,26.014,1.0,SOFT,3.0,True,Cadillac,1,19.0,True,230.0,240.0,287.0,346.0,,,False,,False
3572.862,PER,11,4.0,85.701,24.472,34.898,26.331,1.0,SOFT,4.0,True,Cadillac,1,19.0,True,233.0,245.0,285.0,346.0,,,False,,False
3658.63,PER,11,5.0,85.768,24.677,34.805,26.286,1.0,SOFT,5.0,True,Cadillac,1,19.0,True,230.0,244.0,287.0,346.0,,,False,,False
3744.646,PER,11,6.0,86.016,24.732,34.942,26.342,1.0,SOFT,6.0,True,Cadillac,1,19.0,True,237.0,247.0,285.0,345.0,,,False,,False
3830.736,PER,11,7.0,86.09,24.905,34.724,26.461,1.0,SOFT,7.0,True,Cadillac,1,19.0,True,240.0,246.0,284.0,330.0,,,False,,False
3917.218,PER,11,8.0,86.482,25.05,35.1,26.332,1.0,SOFT,8.0,True,Cadillac,1,19.0,True,241.0,256.0,284.0,329.0,,,False,,False
4004.12,PER,11,9.0,86.902,25.091,35.283,26.528,1.0,SOFT,9.0,True,Cadillac,1,19.0,True,244.0,246.0,286.0,327.0,,,False,,False
4090.848,PER,11,10.0,86.728,25.157,35.101,26.47,1.0,SOFT,10.0,True,Cadillac,1,19.0,True,240.0,258.0,284.0,326.0,,,False,,False
4177.838,PER,11,11.0,86.99,25.109,35.201,26.68,1.0,SOFT,11.0,True,Cadillac,1,19.0,True,236.0,253.0,283.0,327.0,,,False,,False
4269.186,PER,11,12.0,91.348,25.22,35.223,30.905,1.0,SOFT,12.0,True,Cadillac,1,19.0,False,244.0,240.0,,326.0,,4266.4,False,,False
4375.655,PER,11,13.0,106.469,46.593,34.216,25.66,2.0,HARD,1.0,True,Cadillac,1,21.0,False,237.0,247.0,290.0,265.0,4291.254,,False,,False
4460.331,PER,11,14.0,84.676,24.739,34.327,25.61,2.0,HARD,2.0,True,Cadillac,1,21.0,True,242.0,252.0,289.0,319.0,,,False,,False
4544.551,PER,11,15.0,84.22,24.532,34.1,25.588,2.0,HARD,3.0,True,Cadillac,1,20.0,True,250.0,264.0,289.0,325.0,,,False,,False
4629.973,PER,11,16.0,85.422,24.711,34.751,25.96,2.0,HARD,4.0,True,Cadillac,1,20.0,True,223.0,251.0,289.0,327.0,,,False,,False
4715.092,PER,11,17.0,85.119,24.673,34.467,25.979,2.0,HARD,5.0,True,Cadillac,1,20.0,True,244.0,263.0,286.0,327.0,,,False,,False
4800.11,PER,11,18.0,85.018,24.574,34.517,25.927,2.0,HARD,6.0,True,Cadillac,1,20.0,True,247.0,258.0,289.0,327.0,,,False,,False
4886.359,PER,11,19.0,86.249,24.813,34.814,26.622,2.0,HARD,7.0,True,Cadillac,1,19.0,True,246.0,251.0,285.0,327.0,,,False,,False
4972.695,PER,11,20.0,86.336,24.716,34.863,26.757,2.0,HARD,8.0,True,Cadillac,1,19.0,True,248.0,250.0,287.0,341.0,,,False,,False
5058.206,PER,11,21.0,85.511,24.609,34.682,26.22,2.0,HARD,9.0,True,Cadillac,1,19.0,True,245.0,256.0,287.0,344.0,,,False,,False
5145.209,PER,11,22.0,87.003,24.833,35.317,26.853,2.0,HARD,10.0,True,Cadillac,1,19.0,True,241.0,206.0,286.0,325.0,,,False,,False
5233.082,PER,11,23.0,87.873,25.656,35.455,26.762,2.0,HARD,11.0,True,Cadillac,1,19.0,True,237.0,193.0,285.0,298.0,,,False,,False
5319.714,PER,11,24.0,86.632,25.382,34.915,26.335,2.0,HARD,12.0,True,Cadillac,1,19.0,True,246.0,246.0,287.0,309.0,,,False,,False
5405.953,PER,11,25.0,86.239,25.029,34.846,26.364,2.0,HARD,13.0,True,Cadillac,1,19.0,True,245.0,256.0,288.0,324.0,,,False,,False
5494.561,PER,11,26.0,88.608,26.074,36.015,26.519,2.0,HARD,14.0,True,Cadillac,1,19.0,True,247.0,251.0,284.0,270.0,,,False,,False
5581.545,PER,11,27.0,86.984,25.217,35.241,26.526,2.0,HARD,15.0,True,Cadillac,1,19.0,True,249.0,252.0,285.0,326.0,,,False,,False
5668.908,PER,11,28.0,87.363,25.759,35.131,26.473,2.0,HARD,16.0,True,Cadillac,1,19.0,True,238.0,258.0,287.0,299.0,,,False,,False
5755.364,PER,11,29.0,86.456,25.09,34.983,26.383,2.0,HARD,17.0,True,Cadillac,1,19.0,True,245.0,256.0,286.0,323.0,,,False,,False
5842.063,PER,11,30.0,86.699,25.009,35.003,26.687,2.0,HARD,18.0,True,Cadillac,1,17.0,True,250.0,246.0,286.0,323.0,,,False,,False
5933.871,PER,11,31.0,91.808,25.242,35.97,30.596,2.0,HARD,19.0,True,Cadillac,1,17.0,False,241.0,257.0,,322.0,,5931.188,False,,False
6039.108,PER,11,32.0,105.237,46.166,33.736,25.335,3.0,HARD,1.0,True,Cadillac,1,19.0,False,240.0,254.0,290.0,267.0,5955.617,,False,,False
6122.707,PER,11,33.0,83.599,24.487,33.699,25.413,3.0,HARD,2.0,True,Cadillac,1,19.0,True,249.0,259.0,291.0,316.0,,,False,,False
6207.995,PER,11,34.0,85.288,24.519,34.541,26.228,3.0,HARD,3.0,True,Cadillac,1,19.0,True,254.0,213.0,290.0,317.0,,,False,,False
6292.301,PER,11,35.0,84.306,24.323,34.442,25.541,3.0,HARD,4.0,True,Cadillac,1,18.0,True,252.0,260.0,293.0,341.0,,,False,,False
6377.184,PER,11,36.0,84.883,24.603,34.28,26.0,3.0,HARD,5.0,True,Cadillac,1,18.0,True,250.0,268.0,290.0,325.0,,,False,,False
6463.012,PER,11,37.0,85.828,24.55,35.061,26.217,3.0,HARD,6.0,True,Cadillac,1,18.0,True,236.0,247.0,292.0,333.0,,,False,,False
6547.729,PER,11,38.0,84.717,24.486,34.293,25.938,3.0,HARD,7.0,True,Cadillac,12,17.0,True,251.0,252.0,289.0,339.0,,,False,,False
6660.352,PER,11,39.0,112.623,31.05,45.569,36.004,3.0,HARD,8.0,True,Cadillac,26,17.0,False,179.0,189.0,,321.0,,6657.645,False,,False
6766.636,PER,11,40.0,106.284,47.888,33.437,24.959,4.0,MEDIUM,1.0,True,Cadillac,671,17.0,False,237.0,254.0,293.0,253.0,6681.493,,False,,False
6850.517,PER,11,41.0,83.881,25.169,33.474,25.238,4.0,MEDIUM,2.0,True,Cadillac,1,17.0,True,235.0,255.0,292.0,277.0,,,False,,False
6936.892,PER,11,42.0,86.375,25.616,35.738,25.021,4.0,MEDIUM,3.0,True,Cadillac,1,17.0,True,191.0,252.0,295.0,284.0,,,False,,False
7019.712,PER,11,43.0,82.82,24.125,33.531,25.164,4.0,MEDIUM,4.0,True,Cadillac,1,17.0,True,252.0,257.0,293.0,325.0,,,False,,False
7105.058,PER,11,44.0,85.346,24.231,33.598,27.517,4.0,MEDIUM,5.0,True,Cadillac,1,17.0,True,250.0,252.0,294.0,323.0,,,False,,False
7188.5,PER,11,45.0,83.442,24.108,33.998,25.336,4.0,MEDIUM,6.0,True,Cadillac,1,17.0,True,249.0,255.0,292.0,341.0,,,False,,False
7272.299,PER,11,46.0,83.799,24.472,33.973,25.354,4.0,MEDIUM,7.0,True,Cadillac,1,17.0,True,246.0,265.0,293.0,324.0,,,False,,False
7356.095,PER,11,47.0,83.796,24.312,33.936,25.548,4.0,MEDIUM,8.0,True,Cadillac,1,17.0,True,256.0,263.0,293.0,324.0,,,False,,False
7441.835,PER,11,48.0,85.74,24.531,34.989,26.22,4.0,MEDIUM,9.0,True,Cadillac,1,17.0,True,248.0,212.0,288.0,322.0,,,False,,False
7529.076,PER,11,49.0,87.241,25.476,35.489,26.276,4.0,MEDIUM,10.0,True,Cadillac,1,17.0,True,243.0,208.0,291.0,298.0,,,False,,False
7617.159,PER,11,50.0,88.083,24.492,37.302,26.289,4.0,MEDIUM,11.0,True,Cadillac,1,17.0,True,246.0,247.0,289.0,341.0,,,False,,False
7702.065,PER,11,51.0,84.906,24.742,34.376,25.788,4.0,MEDIUM,12.0,True,Cadillac,1,17.0,True,251.0,260.0,291.0,328.0,,,False,,False
7786.773,PER,11,52.0,84.708,24.634,34.372,25.702,4.0,MEDIUM,13.0,True,Cadillac,1,17.0,True,249.0,265.0,291.0,323.0,,,False,,False
7871.668,PER,11,53.0,84.895,24.721,34.332,25.842,4.0,MEDIUM,14.0,True,Cadillac,1,17.0,True,255.0,260.0,292.0,325.0,,,False,,False
7956.751,PER,11,54.0,85.083,24.713,34.273,26.097,4.0,MEDIUM,15.0,True,Cadillac,1,17.0,True,255.0,256.0,288.0,323.0,,,False,,False
8043.855,PER,11,55.0,87.104,26.304,34.69,26.11,4.0,MEDIUM,16.0,True,Cadillac,1,17.0,True,245.0,256.0,291.0,260.0,,,False,,False
8129.252,PER,11,56.0,85.397,24.818,34.53,26.049,4.0,MEDIUM,17.0,True,Cadillac,1,17.0,True,248.0,260.0,290.0,323.0,,,False,,False
8214.747,PER,11,57.0,85.495,24.84,34.482,26.173,4.0,MEDIUM,18.0,True,Cadillac,1,17.0,True,251.0,259.0,287.0,323.0,,,False,,False
8300.689,PER,11,58.0,85.942,25.033,34.729,26.18,4.0,MEDIUM,19.0,True,Cadillac,1,17.0,True,235.0,255.0,286.0,324.0,,,False,,False
8387.533,PER,11,59.0,86.844,25.162,35.494,26.188,4.0,MEDIUM,20.0,True,Cadillac,12,17.0,True,242.0,246.0,291.0,321.0,,,False,,False
8494.492,PER,11,60.0,106.959,28.491,50.513,27.955,4.0,MEDIUM,21.0,True,Cadillac,26,17.0,False,125.0,196.0,261.0,325.0,,,False,,False
8602.75,PER,11,61.0,108.258,29.858,45.596,32.804,4.0,MEDIUM,22.0,True,Cadillac,6,16.0,False,198.0,224.0,236.0,242.0,,,False,,False
8692.435,PER,11,62.0,89.685,29.103,34.655,25.927,4.0,MEDIUM,23.0,True,Cadillac,671,15.0,False,206.0,247.0,289.0,322.0,,,False,,False
8777.213,PER,11,63.0,84.778,24.584,34.395,25.799,4.0,MEDIUM,24.0,True,Cadillac,1,14.0,True,255.0,265.0,289.0,329.0,,,False,,False
3307.836,ANT,12,1.0,86.497,,33.434,24.649,1.0,MEDIUM,1.0,True,Mercedes,1,3.0,False,238.0,253.0,300.0,294.0,,,False,,False
3389.878,ANT,12,2.0,82.042,23.835,33.536,24.671,1.0,MEDIUM,2.0,True,Mercedes,1,3.0,True,240.0,256.0,298.0,343.0,,,False,,False
3471.998,ANT,12,3.0,82.12,24.112,33.182,24.826,1.0,MEDIUM,3.0,True,Mercedes,1,3.0,True,252.0,269.0,296.0,337.0,,,False,,False
3554.269,ANT,12,4.0,82.271,23.943,33.385,24.943,1.0,MEDIUM,4.0,True,Mercedes,1,3.0,True,248.0,271.0,296.0,337.0,,,False,,False
3636.717,ANT,12,5.0,82.448,23.969,33.509,24.97,1.0,MEDIUM,5.0,True,Mercedes,1,3.0,True,248.0,266.0,295.0,346.0,,,False,,False
3719.709,ANT,12,6.0,82.992,24.113,33.613,25.266,1.0,MEDIUM,6.0,True,Mercedes,1,3.0,True,248.0,252.0,295.0,338.0,,,False,,False
3802.797,ANT,12,7.0,83.088,24.314,33.639,25.135,1.0,MEDIUM,7.0,True,Mercedes,1,3.0,True,244.0,268.0,295.0,337.0,,,False,,False
3886.554,ANT,12,8.0,83.757,24.364,33.983,25.41,1.0,MEDIUM,8.0,True,Mercedes,1,3.0,True,249.0,258.0,292.0,337.0,,,False,,False
3970.114,ANT,12,9.0,83.56,24.322,33.892,25.346,1.0,MEDIUM,9.0,True,Mercedes,1,3.0,True,247.0,263.0,291.0,335.0,,,False,,False
4053.996,ANT,12,10.0,83.882,24.411,33.875,25.596,1.0,MEDIUM,10.0,True,Mercedes,1,3.0,True,247.0,266.0,292.0,335.0,,,True,TRACK LIMITS AT TURN 10 LAP 10 ,False
4137.582,ANT,12,11.0,83.586,24.36,33.783,25.443,1.0,MEDIUM,11.0,True,Mercedes,1,2.0,True,246.0,259.0,293.0,335.0,,,False,,False
4220.949,ANT,12,12.0,83.367,24.151,33.816,25.4,1.0,MEDIUM,12.0,True,Mercedes,1,2.0,True,251.0,266.0,290.0,332.0,,,False,,False
4304.509,ANT,12,13.0,83.56,24.432,33.823,25.305,1.0,MEDIUM,13.0,True,Mercedes,1,1.0,True,255.0,264.0,291.0,330.0,,,False,,False
4391.543,ANT,12,14.0,87.034,24.267,33.754,29.013,1.0,MEDIUM,14.0,True,Mercedes,1,1.0,False,253.0,265.0,,331.0,,4388.917,False,,False
4492.413,ANT,12,15.0,100.87,43.282,32.949,24.639,2.0,HARD,1.0,True,Mercedes,1,4.0,False,264.0,261.0,294.0,250.0,4410.823,,False,,False
4574.416,ANT,12,16.0,82.003,23.903,33.23,24.87,2.0,HARD,2.0,True,Mercedes,1,4.0,True,249.0,268.0,293.0,332.0,,,False,,False
4656.321,ANT,12,17.0,81.905,23.974,33.183,24.748,2.0,HARD,3.0,True,Mercedes,1,3.0,True,253.0,267.0,293.0,332.0,,,False,,False
4737.953,ANT,12,18.0,81.632,23.847,33.093,24.692,2.0,HARD,4.0,True,Mercedes,1,3.0,True,258.0,272.0,296.0,332.0,,,False,,False
4819.874,ANT,12,19.0,81.921,23.959,33.125,24.837,2.0,HARD,5.0,True,Mercedes,1,3.0,True,255.0,269.0,295.0,333.0,,,False,,False
4901.923,ANT,12,20.0,82.049,23.832,33.246,24.971,2.0,HARD,6.0,True,Mercedes,1,3.0,True,257.0,270.0,293.0,333.0,,,True,TRACK LIMITS AT TURN 10 LAP 20 ,False
4984.119,ANT,12,21.0,82.196,23.889,33.36,24.947,2.0,HARD,7.0,True,Mercedes,1,3.0,True,261.0,260.0,294.0,333.0,,,False,,False
5066.28,ANT,12,22.0,82.161,23.831,33.356,24.974,2.0,HARD,8.0,True,Mercedes,1,3.0,True,263.0,259.0,294.0,333.0,,,False,,False
5148.73,ANT,12,23.0,82.45,23.962,33.542,24.946,2.0,HARD,9.0,True,Mercedes,1,3.0,True,257.0,260.0,294.0,334.0,,,False,,False
5231.573,ANT,12,24.0,82.843,23.892,33.802,25.149,2.0,HARD,10.0,True,Mercedes,1,3.0,True,260.0,253.0,294.0,336.0,,,False,,False
5314.25,ANT,12,25.0,82.677,23.896,33.592,25.189,2.0,HARD,11.0,True,Mercedes,1,3.0,True,262.0,262.0,296.0,335.0,,,True,TRACK LIMITS AT TURN 10 LAP 25 ,False
5396.864,ANT,12,26.0,82.614,23.874,33.643,25.097,2.0,HARD,12.0,True,Mercedes,1,3.0,True,256.0,258.0,297.0,339.0,,,False,,False
5479.624,ANT,12,27.0,82.76,23.936,33.669,25.155,2.0,HARD,13.0,True,Mercedes,1,2.0,True,262.0,257.0,295.0,338.0,,,False,,False
5561.679,ANT,12,28.0,82.055,23.648,33.452,24.955,2.0,HARD,14.0,True,Mercedes,1,2.0,True,262.0,263.0,295.0,333.0,,,True,TRACK LIMITS AT TURN 10 LAP 28 ,False
5644.302,ANT,12,29.0,82.623,23.872,33.673,25.078,2.0,HARD,15.0,True,Mercedes,1,2.0,True,262.0,259.0,295.0,338.0,,,False,,False
5726.804,ANT,12,30.0,82.502,23.802,33.614,25.086,2.0,HARD,16.0,True,Mercedes,1,2.0,True,261.0,262.0,297.0,335.0,,,False,,False
5809.643,ANT,12,31.0,82.839,23.718,33.853,25.268,2.0,HARD,17.0,True,Mercedes,1,2.0,True,259.0,251.0,296.0,342.0,,,False,,False
5892.331,ANT,12,32.0,82.688,23.793,33.762,25.133,2.0,HARD,18.0,True,Mercedes,1,2.0,True,258.0,261.0,298.0,346.0,,,False,,False
5976.088,ANT,12,33.0,83.757,24.509,34.083,25.165,2.0,HARD,19.0,True,Mercedes,1,2.0,True,246.0,264.0,297.0,350.0,,,False,,False
6058.805,ANT,12,34.0,82.717,23.996,33.668,25.053,2.0,HARD,20.0,True,Mercedes,1,2.0,True,257.0,267.0,297.0,349.0,,,False,,False
6141.466,ANT,12,35.0,82.661,23.931,33.662,25.068,2.0,HARD,21.0,True,Mercedes,1,2.0,True,253.0,261.0,298.0,349.0,,,False,,False
6224.89,ANT,12,36.0,83.424,24.13,34.044,25.25,2.0,HARD,22.0,True,Mercedes,1,1.0,True,254.0,259.0,295.0,350.0,,,False,,False
6310.583,ANT,12,37.0,85.693,23.705,33.406,28.582,2.0,HARD,23.0,True,Mercedes,1,1.0,False,262.0,262.0,,339.0,,6307.857,False,,False
6410.678,ANT,12,38.0,100.095,43.369,32.524,24.202,3.0,HARD,1.0,True,Mercedes,1,4.0,False,267.0,267.0,298.0,244.0,6330.108,,False,,False
6491.577,ANT,12,39.0,80.899,23.696,32.892,24.311,3.0,HARD,2.0,True,Mercedes,1,3.0,True,260.0,280.0,298.0,335.0,,,False,,False
6579.725,ANT,12,40.0,88.148,23.423,33.054,31.671,3.0,HARD,3.0,True,Mercedes,126,3.0,False,257.0,275.0,222.0,343.0,,,False,,False
6685.961,ANT,12,41.0,106.236,30.134,45.064,31.038,3.0,HARD,4.0,True,Mercedes,6,3.0,False,163.0,210.0,210.0,287.0,,,False,,False
6771.747,ANT,12,42.0,85.786,28.739,32.701,24.346,3.0,HARD,5.0,True,Mercedes,671,3.0,False,269.0,274.0,298.0,220.0,,,False,,False
6852.645,ANT,12,43.0,80.898,23.692,32.895,24.311,3.0,HARD,6.0,True,Mercedes,1,3.0,True,264.0,270.0,298.0,336.0,,,False,,False
6933.562,ANT,12,44.0,80.917,23.625,33.074,24.218,3.0,HARD,7.0,True,Mercedes,1,3.0,True,249.0,271.0,299.0,335.0,,,False,,False
7014.279,ANT,12,45.0,80.717,23.585,32.853,24.279,3.0,HARD,8.0,True,Mercedes,1,3.0,True,263.0,269.0,298.0,334.0,,,False,,False
7094.983,ANT,12,46.0,80.704,23.536,32.859,24.309,3.0,HARD,9.0,True,Mercedes,1,3.0,True,263.0,268.0,297.0,336.0,,,False,,False
7175.85,ANT,12,47.0,80.867,23.545,32.976,24.346,3.0,HARD,10.0,True,Mercedes,1,3.0,True,262.0,270.0,299.0,336.0,,,False,,False
7257.178,ANT,12,48.0,81.328,23.658,33.217,24.453,3.0,HARD,11.0,True,Mercedes,1,3.0,True,264.0,269.0,299.0,335.0,,,False,,False
7338.407,ANT,12,49.0,81.229,23.67,33.1,24.459,3.0,HARD,12.0,True,Mercedes,1,3.0,True,265.0,273.0,297.0,336.0,,,False,,False
7419.768,ANT,12,50.0,81.361,23.719,33.108,24.534,3.0,HARD,13.0,True,Mercedes,1,3.0,True,265.0,275.0,298.0,336.0,,,False,,False
7501.126,ANT,12,51.0,81.358,23.747,33.062,24.549,3.0,HARD,14.0,True,Mercedes,1,3.0,True,267.0,267.0,298.0,336.0,,,False,,False
7582.576,ANT,12,52.0,81.45,23.548,33.294,24.608,3.0,HARD,15.0,True,Mercedes,1,3.0,True,261.0,262.0,300.0,348.0,,,False,,False
7664.485,ANT,12,53.0,81.909,23.712,33.492,24.705,3.0,HARD,16.0,True,Mercedes,1,3.0,True,258.0,269.0,299.0,349.0,,,False,,False
7746.221,ANT,12,54.0,81.736,23.826,33.371,24.539,3.0,HARD,17.0,True,Mercedes,1,3.0,True,258.0,266.0,299.0,349.0,,,False,,False
7828.074,ANT,12,55.0,81.853,23.828,33.493,24.532,3.0,HARD,18.0,True,Mercedes,1,3.0,True,263.0,266.0,299.0,336.0,,,False,,False
7909.842,ANT,12,56.0,81.768,23.771,33.28,24.717,3.0,HARD,19.0,True,Mercedes,1,3.0,True,261.0,263.0,298.0,337.0,,,False,,False
7991.769,ANT,12,57.0,81.927,23.773,33.48,24.674,3.0,HARD,20.0,True,Mercedes,1,3.0,True,258.0,261.0,298.0,338.0,,,False,,False
8073.639,ANT,12,58.0,81.87,23.841,33.415,24.614,3.0,HARD,21.0,True,Mercedes,1,3.0,True,256.0,266.0,300.0,348.0,,,False,,False
8155.73,ANT,12,59.0,82.091,23.821,33.507,24.763,3.0,HARD,22.0,True,Mercedes,1,3.0,True,260.0,266.0,298.0,348.0,,,False,,False
8237.533,ANT,12,60.0,81.803,23.632,33.482,24.689,3.0,HARD,23.0,True,Mercedes,1,3.0,True,259.0,265.0,300.0,349.0,,,False,,False
8320.248,ANT,12,61.0,82.715,24.387,33.583,24.745,3.0,HARD,24.0,True,Mercedes,1,2.0,True,248.0,268.0,297.0,343.0,,,False,,False
8470.248,ANT,12,62.0,,,,,3.0,HARD,25.0,True,Mercedes,126,,False,,,,,,,False,,True
3318.51,ALO,14,1.0,97.171,,34.708,26.209,1.0,HARD,1.0,True,Aston Martin,1,22.0,False,252.0,242.0,287.0,253.0,3232.215,,False,,False
3404.261,ALO,14,2.0,85.751,24.91,34.884,25.957,1.0,HARD,2.0,True,Aston Martin,1,22.0,True,230.0,230.0,290.0,319.0,,,False,,False
3490.515,ALO,14,3.0,86.254,25.051,35.007,26.196,1.0,HARD,3.0,True,Aston Martin,1,22.0,True,228.0,235.0,284.0,322.0,,,False,,False
3576.594,ALO,14,4.0,86.079,24.839,35.14,26.1,1.0,HARD,4.0,True,Aston Martin,1,22.0,True,234.0,244.0,284.0,337.0,,,False,,False
3663.322,ALO,14,5.0,86.728,24.99,35.262,26.476,1.0,HARD,5.0,True,Aston Martin,1,21.0,True,227.0,241.0,283.0,344.0,,,False,,False
3749.601,ALO,14,6.0,86.279,24.86,35.197,26.222,1.0,HARD,6.0,True,Aston Martin,1,21.0,True,237.0,251.0,284.0,330.0,,,False,,False
3835.934,ALO,14,7.0,86.333,25.112,34.96,26.261,1.0,HARD,7.0,True,Aston Martin,1,21.0,True,240.0,250.0,284.0,322.0,,,False,,False
3922.578,ALO,14,8.0,86.644,24.96,35.263,26.421,1.0,HARD,8.0,True,Aston Martin,1,21.0,True,231.0,238.0,285.0,324.0,,,False,,False
4010.057,ALO,14,9.0,87.479,25.088,35.762,26.629,1.0,HARD,9.0,True,Aston Martin,1,21.0,True,223.0,240.0,286.0,334.0,,,False,,False
4098.517,ALO,14,10.0,88.46,26.16,35.597,26.703,1.0,HARD,10.0,True,Aston Martin,1,21.0,True,226.0,242.0,283.0,349.0,,,False,,False
4185.994,ALO,14,11.0,87.477,25.068,35.602,26.807,1.0,HARD,11.0,True,Aston Martin,1,21.0,True,235.0,247.0,285.0,334.0,,,False,,False
4273.375,ALO,14,12.0,87.381,25.308,35.436,26.637,1.0,HARD,12.0,True,Aston Martin,1,20.0,True,235.0,249.0,283.0,349.0,,,False,,False
4360.995,ALO,14,13.0,87.62,25.228,35.695,26.697,1.0,HARD,13.0,True,Aston Martin,1,19.0,True,240.0,241.0,280.0,317.0,,,False,,False
4448.56,ALO,14,14.0,87.565,25.203,35.606,26.756,1.0,HARD,14.0,True,Aston Martin,1,17.0,True,236.0,250.0,281.0,324.0,,,False,,False
4535.861,ALO,14,15.0,87.301,25.378,35.38,26.543,1.0,HARD,15.0,True,Aston Martin,1,16.0,True,237.0,252.0,282.0,315.0,,,False,,False
4623.703,ALO,14,16.0,87.842,25.675,35.282,26.885,1.0,HARD,16.0,True,Aston Martin,1,17.0,True,235.0,251.0,283.0,318.0,,,False,,False
4710.584,ALO,14,17.0,86.881,24.947,35.295,26.639,1.0,HARD,17.0,True,Aston Martin,1,17.0,True,240.0,257.0,279.0,336.0,,,False,,False
4797.992,ALO,14,18.0,87.408,25.166,35.685,26.557,1.0,HARD,18.0,True,Aston Martin,1,18.0,True,246.0,256.0,284.0,318.0,,,False,,False
4885.893,ALO,14,19.0,87.901,25.669,35.497,26.735,1.0,HARD,19.0,True,Aston Martin,1,18.0,True,240.0,250.0,284.0,319.0,,,False,,False
4974.286,ALO,14,20.0,88.393,25.79,35.774,26.829,1.0,HARD,20.0,True,Aston Martin,1,20.0,True,218.0,250.0,282.0,326.0,,,False,,False
5068.115,ALO,14,21.0,93.829,25.754,36.713,31.362,1.0,HARD,21.0,True,Aston Martin,1,20.0,False,233.0,245.0,,327.0,,5065.435,False,,False
5173.288,ALO,14,22.0,105.173,44.443,34.657,26.073,2.0,HARD,1.0,True,Aston Martin,1,20.0,False,235.0,247.0,284.0,253.0,5087.638,,False,,False
5258.725,ALO,14,23.0,85.437,24.966,34.5,25.971,2.0,HARD,2.0,True,Aston Martin,1,20.0,True,242.0,250.0,285.0,307.0,,,False,,False
5344.486,ALO,14,24.0,85.761,24.887,34.773,26.101,2.0,HARD,3.0,True,Aston Martin,1,20.0,True,247.0,244.0,283.0,310.0,,,False,,False
5430.444,ALO,14,25.0,85.958,25.186,34.754,26.018,2.0,HARD,4.0,True,Aston Martin,1,20.0,True,239.0,247.0,285.0,308.0,,,False,,False
5516.135,ALO,14,26.0,85.691,24.793,34.942,25.956,2.0,HARD,5.0,True,Aston Martin,1,20.0,True,241.0,247.0,285.0,314.0,,,False,,False
5601.501,ALO,14,27.0,85.366,24.744,34.654,25.968,2.0,HARD,6.0,True,Aston Martin,1,20.0,True,248.0,254.0,285.0,313.0,,,False,,False
5687.917,ALO,14,28.0,86.416,25.367,35.022,26.027,2.0,HARD,7.0,True,Aston Martin,1,20.0,True,217.0,253.0,287.0,312.0,,,False,,False
5773.72,ALO,14,29.0,85.803,24.813,34.909,26.081,2.0,HARD,8.0,True,Aston Martin,1,20.0,True,243.0,254.0,285.0,322.0,,,False,,False
5859.547,ALO,14,30.0,85.827,24.745,34.853,26.229,2.0,HARD,9.0,True,Aston Martin,1,19.0,True,242.0,250.0,286.0,327.0,,,False,,False
5945.335,ALO,14,31.0,85.788,24.802,34.932,26.054,2.0,HARD,10.0,True,Aston Martin,1,19.0,True,256.0,258.0,287.0,320.0,,,False,,False
6031.186,ALO,14,32.0,85.851,24.833,34.838,26.18,2.0,HARD,11.0,True,Aston Martin,1,18.0,True,242.0,246.0,286.0,324.0,,,False,,False
6117.131,ALO,14,33.0,85.945,24.946,34.923,26.076,2.0,HARD,12.0,True,Aston Martin,1,18.0,True,239.0,255.0,287.0,317.0,,,False,,False
6203.346,ALO,14,34.0,86.215,24.978,35.047,26.19,2.0,HARD,13.0,True,Aston Martin,1,18.0,True,245.0,254.0,285.0,314.0,,,False,,False
6290.291,ALO,14,35.0,86.945,24.969,35.035,26.941,2.0,HARD,14.0,True,Aston Martin,1,17.0,True,246.0,258.0,286.0,313.0,,,False,,False
6376.354,ALO,14,36.0,86.063,24.779,35.036,26.248,2.0,HARD,15.0,True,Aston Martin,1,17.0,True,240.0,257.0,285.0,326.0,,,False,,False
6462.613,ALO,14,37.0,86.259,24.999,35.029,26.231,2.0,HARD,16.0,True,Aston Martin,1,17.0,True,246.0,252.0,285.0,318.0,,,False,,False
6612.613,ALO,14,38.0,,,,,2.0,HARD,17.0,True,Aston Martin,126,,False,,,,,,,False,,True
3310.7,LEC,16,1.0,89.361,,34.359,25.298,1.0,MEDIUM,1.0,True,Ferrari,1,7.0,False,255.0,256.0,295.0,309.0,,,False,,False
3393.583,LEC,16,2.0,82.883,24.325,33.586,24.972,1.0,MEDIUM,2.0,True,Ferrari,1,7.0,True,244.0,263.0,294.0,344.0,,,False,,False
3476.233,LEC,16,3.0,82.65,24.033,33.426,25.191,1.0,MEDIUM,3.0,True,Ferrari,1,7.0,True,246.0,254.0,294.0,343.0,,,False,,False
3559.147,LEC,16,4.0,82.914,24.045,33.512,25.357,1.0,MEDIUM,4.0,True,Ferrari,1,7.0,True,247.0,255.0,294.0,345.0,,,False,,False
3642.21,LEC,16,5.0,83.063,24.19,33.664,25.209,1.0,MEDIUM,5.0,True,Ferrari,1,7.0,True,252.0,260.0,293.0,344.0,,,False,,False
3726.045,LEC,16,6.0,83.835,24.939,33.615,25.281,1.0,MEDIUM,6.0,True,Ferrari,1,7.0,True,248.0,260.0,294.0,344.0,,,False,,False
3809.147,LEC,16,7.0,83.102,24.086,33.681,25.335,1.0,MEDIUM,7.0,True,Ferrari,1,7.0,True,250.0,265.0,295.0,341.0,,,False,,False
3892.549,LEC,16,8.0,83.402,23.954,34.031,25.417,1.0,MEDIUM,8.0,True,Ferrari,1,6.0,True,260.0,259.0,292.0,347.0,,,False,,False
3976.11,LEC,16,9.0,83.561,24.364,33.791,25.406,1.0,MEDIUM,9.0,True,Ferrari,1,6.0,True,256.0,262.0,292.0,331.0,,,False,,False
4059.91,LEC,16,10.0,83.8,24.324,33.799,25.677,1.0,MEDIUM,10.0,True,Ferrari,1,6.0,True,250.0,260.0,293.0,331.0,,,False,,False
4144.088,LEC,16,11.0,84.178,24.404,34.092,25.682,1.0,MEDIUM,11.0,True,Ferrari,1,6.0,True,253.0,250.0,293.0,333.0,,,False,,False
4228.388,LEC,16,12.0,84.3,24.357,34.176,25.767,1.0,MEDIUM,12.0,True,Ferrari,1,4.0,True,250.0,250.0,290.0,332.0,,,False,,False
4311.898,LEC,16,13.0,83.51,24.335,33.56,25.615,1.0,MEDIUM,13.0,True,Ferrari,1,3.0,True,257.0,267.0,289.0,322.0,,,False,,False
4395.894,LEC,16,14.0,83.996,24.573,33.77,25.653,1.0,MEDIUM,14.0,True,Ferrari,1,2.0,True,258.0,273.0,289.0,321.0,,,False,,False
4479.933,LEC,16,15.0,84.039,24.641,33.831,25.567,1.0,MEDIUM,15.0,True,Ferrari,1,1.0,True,256.0,262.0,290.0,318.0,,,False,,False
4567.848,LEC,16,16.0,87.915,24.573,33.882,29.46,1.0,MEDIUM,16.0,True,Ferrari,1,2.0,False,259.0,269.0,,317.0,,4565.172,False,,False
4669.822,LEC,16,17.0,101.974,43.883,33.135,24.956,2.0,HARD,1.0,True,Ferrari,1,6.0,False,249.0,269.0,292.0,255.0,4587.367,,False,,False
4752.02,LEC,16,18.0,82.198,24.182,32.918,25.098,2.0,HARD,2.0,True,Ferrari,1,6.0,True,260.0,275.0,291.0,323.0,,,False,,False
4834.005,LEC,16,19.0,81.985,24.015,32.995,24.975,2.0,HARD,3.0,True,Ferrari,1,6.0,True,260.0,270.0,292.0,323.0,,,False,,False
4915.758,LEC,16,20.0,81.753,23.957,33.002,24.794,2.0,HARD,4.0,True,Ferrari,1,6.0,True,259.0,270.0,294.0,324.0,,,False,,False
4997.347,LEC,16,21.0,81.589,23.854,32.923,24.812,2.0,HARD,5.0,True,Ferrari,1,6.0,True,261.0,273.0,295.0,324.0,,,False,,False
5079.358,LEC,16,22.0,82.011,23.878,33.177,24.956,2.0,HARD,6.0,True,Ferrari,1,6.0,True,261.0,268.0,293.0,322.0,,,False,,False
5161.222,LEC,16,23.0,81.864,23.82,33.012,25.032,2.0,HARD,7.0,True,Ferrari,1,6.0,True,266.0,276.0,293.0,324.0,,,False,,False
5243.685,LEC,16,24.0,82.463,23.996,33.338,25.129,2.0,HARD,8.0,True,Ferrari,1,6.0,True,260.0,265.0,293.0,325.0,,,False,,False
5326.285,LEC,16,25.0,82.6,23.995,33.497,25.108,2.0,HARD,9.0,True,Ferrari,1,6.0,True,260.0,271.0,293.0,326.0,,,False,,False
5409.02,LEC,16,26.0,82.735,24.051,33.47,25.214,2.0,HARD,10.0,True,Ferrari,1,6.0,True,263.0,269.0,295.0,327.0,,,False,,False
5492.216,LEC,16,27.0,83.196,24.151,33.766,25.279,2.0,HARD,11.0,True,Ferrari,1,6.0,True,260.0,266.0,291.0,328.0,,,False,,False
5575.284,LEC,16,28.0,83.068,24.094,33.787,25.187,2.0,HARD,12.0,True,Ferrari,1,5.0,True,260.0,275.0,294.0,327.0,,,False,,False
5658.408,LEC,16,29.0,83.124,24.106,33.8,25.218,2.0,HARD,13.0,True,Ferrari,1,4.0,True,258.0,267.0,293.0,329.0,,,False,,False
5741.113,LEC,16,30.0,82.705,24.041,33.451,25.213,2.0,HARD,14.0,True,Ferrari,1,4.0,True,262.0,272.0,293.0,324.0,,,False,,False
5823.966,LEC,16,31.0,82.853,24.161,33.406,25.286,2.0,HARD,15.0,True,Ferrari,1,4.0,True,259.0,274.0,292.0,324.0,,,False,,False
5908.153,LEC,16,32.0,84.187,24.768,33.968,25.451,2.0,HARD,16.0,True,Ferrari,1,5.0,True,253.0,263.0,293.0,304.0,,,False,,False
5991.481,LEC,16,33.0,83.328,24.284,33.7,25.344,2.0,HARD,17.0,True,Ferrari,1,5.0,True,260.0,266.0,293.0,331.0,,,False,,False
6074.443,LEC,16,34.0,82.962,24.174,33.485,25.303,2.0,HARD,18.0,True,Ferrari,1,5.0,True,262.0,276.0,293.0,326.0,,,False,,False
6157.483,LEC,16,35.0,83.04,24.338,33.511,25.191,2.0,HARD,19.0,True,Ferrari,1,5.0,True,260.0,272.0,294.0,327.0,,,False,,False
6240.251,LEC,16,36.0,82.768,24.088,33.405,25.275,2.0,HARD,20.0,True,Ferrari,1,4.0,True,262.0,269.0,293.0,336.0,,,False,,False
6323.275,LEC,16,37.0,83.024,24.206,33.607,25.211,2.0,HARD,21.0,True,Ferrari,1,3.0,True,258.0,273.0,293.0,323.0,,,False,,False
6406.79,LEC,16,38.0,83.515,24.29,33.806,25.419,2.0,HARD,22.0,True,Ferrari,1,2.0,True,267.0,271.0,292.0,324.0,,,False,,False
6495.104,LEC,16,39.0,88.314,24.367,33.831,30.116,2.0,HARD,23.0,True,Ferrari,1,5.0,False,261.0,269.0,,323.0,,6492.486,False,,False
6609.298,LEC,16,40.0,114.194,43.405,39.684,31.105,3.0,HARD,1.0,True,Ferrari,126,6.0,False,260.0,223.0,234.0,262.0,6514.622,,False,,False
6714.076,LEC,16,41.0,104.778,31.816,45.547,27.415,3.0,HARD,2.0,True,Ferrari,671,6.0,False,228.0,232.0,299.0,267.0,,,False,,False
6794.703,LEC,16,42.0,80.627,23.449,32.701,24.477,3.0,HARD,3.0,True,Ferrari,1,6.0,True,263.0,280.0,298.0,341.0,,,False,,False
6875.702,LEC,16,43.0,80.999,23.654,32.845,24.5,3.0,HARD,4.0,True,Ferrari,1,6.0,True,266.0,279.0,298.0,329.0,,,False,,False
6956.442,LEC,16,44.0,80.74,23.645,32.657,24.438,3.0,HARD,5.0,True,Ferrari,1,6.0,True,263.0,279.0,298.0,327.0,,,False,,False
7037.323,LEC,16,45.0,80.881,23.701,32.737,24.443,3.0,HARD,6.0,True,Ferrari,1,6.0,True,262.0,285.0,297.0,322.0,,,False,,False
7117.781,LEC,16,46.0,80.458,23.435,32.655,24.368,3.0,HARD,7.0,True,Ferrari,1,6.0,True,267.0,281.0,299.0,328.0,,,False,,False
7198.16,LEC,16,47.0,80.379,23.407,32.526,24.446,3.0,HARD,8.0,True,Ferrari,1,6.0,True,268.0,280.0,297.0,328.0,,,False,,False
7279.177,LEC,16,48.0,81.017,23.452,32.853,24.712,3.0,HARD,9.0,True,Ferrari,1,6.0,True,264.0,277.0,297.0,329.0,,,False,,False
7360.061,LEC,16,49.0,80.884,23.595,32.695,24.594,3.0,HARD,10.0,True,Ferrari,1,6.0,True,262.0,284.0,298.0,329.0,,,False,,False
7442.437,LEC,16,50.0,82.376,23.915,33.584,24.877,3.0,HARD,11.0,True,Ferrari,1,6.0,True,248.0,275.0,296.0,328.0,,,False,,False
7524.118,LEC,16,51.0,81.681,23.95,33.026,24.705,3.0,HARD,12.0,True,Ferrari,1,6.0,True,262.0,278.0,294.0,332.0,,,False,,False
7606.272,LEC,16,52.0,82.154,23.892,33.174,25.088,3.0,HARD,13.0,True,Ferrari,1,6.0,True,263.0,273.0,295.0,326.0,,,False,,False
7688.147,LEC,16,53.0,81.875,23.928,33.063,24.884,3.0,HARD,14.0,True,Ferrari,1,6.0,True,265.0,285.0,295.0,325.0,,,False,,False
7770.157,LEC,16,54.0,82.01,23.917,33.211,24.882,3.0,HARD,15.0,True,Ferrari,1,6.0,True,266.0,272.0,296.0,326.0,,,False,,False
7852.172,LEC,16,55.0,82.015,23.932,33.315,24.768,3.0,HARD,16.0,True,Ferrari,1,6.0,True,264.0,281.0,294.0,323.0,,,False,,False
7934.94,LEC,16,56.0,82.768,24.05,33.341,25.377,3.0,HARD,17.0,True,Ferrari,1,6.0,True,263.0,278.0,292.0,323.0,,,False,,False
8017.39,LEC,16,57.0,82.45,24.108,33.294,25.048,3.0,HARD,18.0,True,Ferrari,1,6.0,True,259.0,284.0,292.0,324.0,,,False,,False
8099.655,LEC,16,58.0,82.265,24.13,33.239,24.896,3.0,HARD,19.0,True,Ferrari,1,6.0,True,265.0,274.0,293.0,325.0,,,False,,False
8181.851,LEC,16,59.0,82.196,24.115,33.181,24.9,3.0,HARD,20.0,True,Ferrari,1,6.0,True,262.0,283.0,293.0,319.0,,,False,,False
8264.923,LEC,16,60.0,83.072,24.288,33.539,25.245,3.0,HARD,21.0,True,Ferrari,1,6.0,True,262.0,277.0,293.0,320.0,,,False,,False
8347.778,LEC,16,61.0,82.855,24.231,33.384,25.24,3.0,HARD,22.0,True,Ferrari,1,6.0,True,265.0,280.0,292.0,324.0,,,False,,False
8473.036,LEC,16,62.0,125.258,34.196,51.206,39.856,3.0,HARD,23.0,True,Ferrari,126,6.0,False,122.0,154.0,,324.0,,8470.063,False,,False
3317.416,STR,18,1.0,96.077,,36.479,26.683,1.0,HARD,1.0,True,Aston Martin,1,21.0,False,210.0,234.0,286.0,300.0,,,False,,False
3403.717,STR,18,2.0,86.301,24.744,35.528,26.029,1.0,HARD,2.0,True,Aston Martin,1,21.0,True,221.0,245.0,285.0,345.0,,,False,,False
3489.621,STR,18,3.0,85.904,24.632,35.081,26.191,1.0,HARD,3.0,True,Aston Martin,1,21.0,True,234.0,247.0,283.0,333.0,,,False,,False
3576.051,STR,18,4.0,86.43,24.87,35.228,26.332,1.0,HARD,4.0,True,Aston Martin,1,21.0,True,244.0,252.0,282.0,326.0,,,False,,False
3670.396,STR,18,5.0,94.345,24.98,35.13,34.235,1.0,HARD,5.0,True,Aston Martin,1,22.0,False,235.0,253.0,,332.0,,3667.298,False,,False
3315.846,ALB,23,1.0,94.507,,36.691,26.408,1.0,MEDIUM,1.0,True,Williams,1,18.0,False,217.0,241.0,295.0,303.0,,,False,,False
3401.151,ALB,23,2.0,85.305,24.529,35.025,25.751,1.0,MEDIUM,2.0,True,Williams,1,18.0,True,231.0,237.0,293.0,344.0,,,False,,False
3486.475,ALB,23,3.0,85.324,24.339,35.066,25.919,1.0,MEDIUM,3.0,True,Williams,1,18.0,True,228.0,238.0,290.0,347.0,,,False,,False
3571.795,ALB,23,4.0,85.32,24.453,34.954,25.913,1.0,MEDIUM,4.0,True,Williams,1,18.0,True,244.0,244.0,290.0,346.0,,,False,,False
3657.502,ALB,23,5.0,85.707,24.781,34.884,26.042,1.0,MEDIUM,5.0,True,Williams,1,18.0,True,234.0,247.0,288.0,338.0,,,False,,False
3743.182,ALB,23,6.0,85.68,24.813,34.842,26.025,1.0,MEDIUM,6.0,True,Williams,1,18.0,True,246.0,248.0,290.0,336.0,,,False,,False
3829.29,ALB,23,7.0,86.108,24.855,34.979,26.274,1.0,MEDIUM,7.0,True,Williams,1,18.0,True,242.0,255.0,284.0,336.0,,,False,,False
3915.728,ALB,23,8.0,86.438,24.983,35.062,26.393,1.0,MEDIUM,8.0,True,Williams,1,18.0,True,238.0,244.0,286.0,334.0,,,False,,False
4002.316,ALB,23,9.0,86.588,24.941,35.279,26.368,1.0,MEDIUM,9.0,True,Williams,1,18.0,True,247.0,247.0,287.0,334.0,,,False,,False
4088.88,ALB,23,10.0,86.564,25.051,35.039,26.474,1.0,MEDIUM,10.0,True,Williams,1,18.0,True,246.0,252.0,286.0,334.0,,,False,,False
4175.357,ALB,23,11.0,86.477,25.03,35.181,26.266,1.0,MEDIUM,11.0,True,Williams,1,18.0,True,247.0,251.0,286.0,335.0,,,False,,False
4261.926,ALB,23,12.0,86.569,25.069,35.087,26.413,1.0,MEDIUM,12.0,True,Williams,1,17.0,True,244.0,249.0,287.0,334.0,,,False,,False
4352.299,ALB,23,13.0,90.373,25.222,35.223,29.928,1.0,MEDIUM,13.0,True,Williams,1,16.0,False,246.0,256.0,,334.0,,4349.631,False,,False
4458.479,ALB,23,14.0,106.18,46.356,34.145,25.679,2.0,HARD,1.0,True,Williams,1,20.0,False,235.0,263.0,286.0,238.0,4373.588,,False,,False
4542.961,ALB,23,15.0,84.482,24.72,34.155,25.607,2.0,HARD,2.0,True,Williams,1,19.0,True,246.0,261.0,288.0,330.0,,,False,,False
4627.934,ALB,23,16.0,84.973,24.899,34.287,25.787,2.0,HARD,3.0,True,Williams,1,18.0,True,247.0,259.0,289.0,332.0,,,False,,False
4713.472,ALB,23,17.0,85.538,25.073,34.812,25.653,2.0,HARD,4.0,True,Williams,1,19.0,True,243.0,255.0,290.0,332.0,,,False,,False
4798.441,ALB,23,18.0,84.969,24.613,34.569,25.787,2.0,HARD,5.0,True,Williams,1,19.0,True,255.0,262.0,291.0,336.0,,,False,,False
4883.463,ALB,23,19.0,85.022,24.68,34.664,25.678,2.0,HARD,6.0,True,Williams,1,17.0,True,241.0,258.0,290.0,348.0,,,False,,False
4968.906,ALB,23,20.0,85.443,24.823,34.753,25.867,2.0,HARD,7.0,True,Williams,1,17.0,True,247.0,250.0,288.0,330.0,,,False,,False
5054.123,ALB,23,21.0,85.217,24.742,34.59,25.885,2.0,HARD,8.0,True,Williams,1,17.0,True,256.0,253.0,289.0,331.0,,,False,,False
5139.424,ALB,23,22.0,85.301,24.786,34.64,25.875,2.0,HARD,9.0,True,Williams,1,17.0,True,248.0,258.0,290.0,332.0,,,False,,False
5225.333,ALB,23,23.0,85.909,25.264,34.842,25.803,2.0,HARD,10.0,True,Williams,1,18.0,True,244.0,264.0,290.0,331.0,,,False,,False
5313.157,ALB,23,24.0,87.824,25.42,36.064,26.34,2.0,HARD,11.0,True,Williams,1,18.0,True,181.0,211.0,290.0,334.0,,,False,,False
5401.176,ALB,23,25.0,88.019,25.901,36.235,25.883,2.0,HARD,12.0,True,Williams,1,18.0,True,230.0,257.0,291.0,343.0,,,True,TRACK LIMITS AT TURN 4 LAP 25 ,False
5486.389,ALB,23,26.0,85.213,24.706,34.766,25.741,2.0,HARD,13.0,True,Williams,1,18.0,True,248.0,257.0,287.0,334.0,,,True,TRACK LIMITS AT TURN 4 LAP 26 ,False
5571.856,ALB,23,27.0,85.467,24.769,34.856,25.842,2.0,HARD,14.0,True,Williams,1,18.0,True,250.0,257.0,288.0,332.0,,,False,,False
5660.053,ALB,23,28.0,88.197,25.287,36.39,26.52,2.0,HARD,15.0,True,Williams,1,18.0,True,238.0,229.0,289.0,331.0,,,False,,False
5750.597,ALB,23,29.0,90.544,24.839,36.143,29.562,2.0,HARD,16.0,True,Williams,1,18.0,False,251.0,258.0,,333.0,,5747.868,False,,False
5855.868,ALB,23,30.0,105.271,43.903,35.774,25.594,3.0,HARD,1.0,True,Williams,1,18.0,False,237.0,254.0,294.0,246.0,5769.935,,False,,False
5940.211,ALB,23,31.0,84.343,24.57,34.259,25.514,3.0,HARD,2.0,True,Williams,1,18.0,True,240.0,262.0,289.0,341.0,,,False,,False
6024.014,ALB,23,32.0,83.803,24.51,34.002,25.291,3.0,HARD,3.0,True,Williams,1,17.0,True,249.0,260.0,290.0,327.0,,,False,,False
6108.393,ALB,23,33.0,84.379,24.418,34.383,25.578,3.0,HARD,4.0,True,Williams,1,17.0,True,244.0,249.0,289.0,329.0,,,False,,False
6196.131,ALB,23,34.0,87.738,24.629,34.069,29.04,3.0,HARD,5.0,True,Williams,1,17.0,False,255.0,257.0,,330.0,,6193.45,False,,False
7057.631,ALB,23,35.0,,,34.65,25.581,4.0,SOFT,1.0,True,Williams,1267,19.0,False,227.0,238.0,290.0,229.0,6971.105,,False,,False
7140.782,ALB,23,36.0,83.151,24.141,33.71,25.3,4.0,SOFT,2.0,True,Williams,1,19.0,True,253.0,270.0,290.0,332.0,,,False,,False
7223.977,ALB,23,37.0,83.195,24.25,33.779,25.166,4.0,SOFT,3.0,True,Williams,1,19.0,True,253.0,269.0,288.0,332.0,,,False,,False
7307.171,ALB,23,38.0,83.194,24.346,33.727,25.121,4.0,SOFT,4.0,True,Williams,1,18.0,True,242.0,264.0,291.0,331.0,,,False,,False
7390.458,ALB,23,39.0,83.287,24.29,33.76,25.237,4.0,SOFT,5.0,True,Williams,1,18.0,True,252.0,271.0,288.0,333.0,,,False,,False
7474.031,ALB,23,40.0,83.573,24.42,33.828,25.325,4.0,SOFT,6.0,True,Williams,1,18.0,True,255.0,270.0,290.0,332.0,,,False,,False
7557.441,ALB,23,41.0,83.41,24.293,33.848,25.269,4.0,SOFT,7.0,True,Williams,1,18.0,True,256.0,269.0,290.0,333.0,,,False,,False
7641.043,ALB,23,42.0,83.602,24.567,33.8,25.235,4.0,SOFT,8.0,True,Williams,1,18.0,True,256.0,270.0,290.0,332.0,,,False,,False
7727.081,ALB,23,43.0,86.038,24.51,35.988,25.54,4.0,SOFT,9.0,True,Williams,1,18.0,True,254.0,256.0,292.0,334.0,,,False,,False
7810.771,ALB,23,44.0,83.69,24.476,33.843,25.371,4.0,SOFT,10.0,True,Williams,1,18.0,True,257.0,268.0,291.0,335.0,,,False,,False
7894.409,ALB,23,45.0,83.638,24.415,33.9,25.323,4.0,SOFT,11.0,True,Williams,1,18.0,True,252.0,273.0,290.0,334.0,,,False,,False
7979.927,ALB,23,46.0,85.518,24.515,35.469,25.534,4.0,SOFT,12.0,True,Williams,1,18.0,True,256.0,264.0,293.0,333.0,,,False,,False
8064.079,ALB,23,47.0,84.152,24.455,34.22,25.477,4.0,SOFT,13.0,True,Williams,1,18.0,True,245.0,272.0,291.0,335.0,,,False,,False
8147.929,ALB,23,48.0,83.85,24.449,33.851,25.55,4.0,SOFT,14.0,True,Williams,1,18.0,True,263.0,266.0,294.0,335.0,,,False,,False
8232.336,ALB,23,49.0,84.407,24.498,34.215,25.694,4.0,SOFT,15.0,True,Williams,1,18.0,True,249.0,267.0,290.0,336.0,,,False,,False
8320.498,ALB,23,50.0,88.162,24.651,34.293,29.218,4.0,SOFT,16.0,True,Williams,1,18.0,False,244.0,259.0,,336.0,,8317.792,False,,False
8432.248,ALB,23,51.0,111.75,44.735,33.43,33.585,5.0,SOFT,4.0,False,Williams,126,18.0,False,255.0,271.0,218.0,246.0,8340.527,,False,,False
8539.643,ALB,23,52.0,107.395,31.056,42.772,33.567,5.0,SOFT,5.0,False,Williams,6,18.0,False,160.0,218.0,196.0,251.0,,,False,,False
8645.125,ALB,23,53.0,105.482,31.021,44.529,29.932,5.0,SOFT,6.0,False,Williams,671,18.0,False,150.0,234.0,296.0,264.0,,,False,,False
8726.869,ALB,23,54.0,81.744,23.861,33.043,24.84,5.0,SOFT,7.0,False,Williams,1,18.0,True,258.0,279.0,295.0,333.0,,,False,,False
8810.457,ALB,23,55.0,83.588,24.005,34.074,25.509,5.0,SOFT,8.0,False,Williams,1,18.0,True,248.0,267.0,281.0,328.0,,,False,,False
3312.262,HUL,27,1.0,90.923,,35.374,25.446,1.0,SOFT,1.0,True,Audi,1,10.0,False,236.0,256.0,296.0,302.0,,,False,,False
3395.709,HUL,27,2.0,83.447,24.259,34.123,25.065,1.0,SOFT,2.0,True,Audi,1,9.0,True,241.0,249.0,296.0,347.0,,,False,,False
3479.709,HUL,27,3.0,84.0,23.839,34.691,25.47,1.0,SOFT,3.0,True,Audi,1,9.0,True,244.0,255.0,292.0,351.0,,,False,,False
3563.515,HUL,27,4.0,83.806,24.067,34.27,25.469,1.0,SOFT,4.0,True,Audi,1,9.0,True,242.0,259.0,294.0,336.0,,,False,,False
3647.902,HUL,27,5.0,84.387,24.197,34.593,25.597,1.0,SOFT,5.0,True,Audi,1,9.0,True,240.0,243.0,291.0,340.0,,,False,,False
3733.138,HUL,27,6.0,85.236,24.067,35.207,25.962,1.0,SOFT,6.0,True,Audi,1,9.0,True,232.0,246.0,292.0,343.0,,,False,,False
3818.466,HUL,27,7.0,85.328,24.133,34.978,26.217,1.0,SOFT,7.0,True,Audi,1,9.0,True,241.0,244.0,286.0,337.0,,,False,,False
3903.572,HUL,27,8.0,85.106,24.694,34.673,25.739,1.0,SOFT,8.0,True,Audi,1,9.0,True,240.0,258.0,292.0,323.0,,,False,,False
3988.671,HUL,27,9.0,85.099,24.552,34.659,25.888,1.0,SOFT,9.0,True,Audi,1,9.0,True,248.0,252.0,289.0,329.0,,,False,,False
4074.122,HUL,27,10.0,85.451,24.759,34.675,26.017,1.0,SOFT,10.0,True,Audi,1,9.0,True,240.0,255.0,291.0,330.0,,,False,,False
4159.509,HUL,27,11.0,85.387,24.678,34.747,25.962,1.0,SOFT,11.0,True,Audi,1,8.0,True,240.0,248.0,290.0,327.0,,,False,,False
4245.254,HUL,27,12.0,85.745,24.818,34.859,26.068,1.0,SOFT,12.0,True,Audi,1,8.0,True,245.0,251.0,289.0,319.0,,,False,,False
4335.165,HUL,27,13.0,89.911,24.776,34.74,30.395,1.0,SOFT,13.0,True,Audi,1,9.0,False,246.0,249.0,,324.0,,4332.256,False,,False
4439.903,HUL,27,14.0,104.738,44.564,34.378,25.796,2.0,HARD,1.0,True,Audi,1,15.0,False,239.0,250.0,293.0,244.0,4355.089,,False,,False
4524.682,HUL,27,15.0,84.779,24.546,34.583,25.65,2.0,HARD,2.0,True,Audi,1,13.0,True,239.0,256.0,290.0,326.0,,,False,,False
4608.808,HUL,27,16.0,84.126,24.574,34.058,25.494,2.0,HARD,3.0,True,Audi,1,12.0,True,254.0,258.0,291.0,327.0,,,False,,False
4693.275,HUL,27,17.0,84.467,24.404,34.303,25.76,2.0,HARD,4.0,True,Audi,1,12.0,True,243.0,259.0,291.0,334.0,,,False,,False
4778.154,HUL,27,18.0,84.879,24.508,34.48,25.891,2.0,HARD,5.0,True,Audi,1,11.0,True,244.0,244.0,294.0,332.0,,,False,,False
4862.108,HUL,27,19.0,83.954,24.056,34.301,25.597,2.0,HARD,6.0,True,Audi,1,11.0,True,240.0,253.0,294.0,337.0,,,False,,False
4946.346,HUL,27,20.0,84.238,24.318,34.317,25.603,2.0,HARD,7.0,True,Audi,1,11.0,True,243.0,255.0,294.0,334.0,,,False,,False
5030.417,HUL,27,21.0,84.071,24.158,34.388,25.525,2.0,HARD,8.0,True,Audi,1,11.0,True,242.0,256.0,294.0,339.0,,,False,,False
5114.443,HUL,27,22.0,84.026,24.071,34.445,25.51,2.0,HARD,9.0,True,Audi,1,10.0,True,244.0,252.0,294.0,340.0,,,False,,False
5198.781,HUL,27,23.0,84.338,24.236,34.54,25.562,2.0,HARD,10.0,True,Audi,1,10.0,True,244.0,250.0,294.0,349.0,,,False,,False
5284.041,HUL,27,24.0,85.26,24.86,34.699,25.701,2.0,HARD,11.0,True,Audi,1,10.0,True,234.0,257.0,293.0,349.0,,,False,,False
5368.648,HUL,27,25.0,84.607,24.26,34.651,25.696,2.0,HARD,12.0,True,Audi,1,10.0,True,242.0,250.0,293.0,340.0,,,False,,False
5453.32,HUL,27,26.0,84.672,24.311,34.524,25.837,2.0,HARD,13.0,True,Audi,1,10.0,True,250.0,251.0,287.0,339.0,,,False,,False
5538.093,HUL,27,27.0,84.773,24.547,34.61,25.616,2.0,HARD,14.0,True,Audi,1,10.0,True,237.0,244.0,294.0,348.0,,,False,,False
5623.198,HUL,27,28.0,85.105,24.364,34.84,25.901,2.0,HARD,15.0,True,Audi,1,10.0,True,243.0,247.0,292.0,345.0,,,False,,False
5718.934,HUL,27,29.0,95.736,24.187,34.735,36.814,2.0,HARD,16.0,True,Audi,1,12.0,False,248.0,250.0,,343.0,,5715.503,False,,False
3309.259,VER,3,1.0,87.92,,33.932,24.966,1.0,SOFT,4.0,False,Red Bull Racing,1,5.0,False,245.0,248.0,299.0,296.0,,,False,,False
3391.887,VER,3,2.0,82.628,23.69,33.833,25.105,1.0,SOFT,5.0,False,Red Bull Racing,1,5.0,True,241.0,250.0,296.0,342.0,,,False,,False
3474.621,VER,3,3.0,82.734,23.85,33.625,25.259,1.0,SOFT,6.0,False,Red Bull Racing,1,5.0,True,249.0,259.0,295.0,337.0,,,False,,False
3557.619,VER,3,4.0,82.998,23.988,33.679,25.331,1.0,SOFT,7.0,False,Red Bull Racing,1,5.0,True,252.0,260.0,294.0,336.0,,,False,,False
3640.648,VER,3,5.0,83.029,24.014,33.666,25.349,1.0,SOFT,8.0,False,Red Bull Racing,1,5.0,True,257.0,267.0,294.0,335.0,,,False,,False
3724.061,VER,3,6.0,83.413,24.045,33.861,25.507,1.0,SOFT,9.0,False,Red Bull Racing,1,5.0,True,256.0,263.0,293.0,336.0,,,False,,False
3807.404,VER,3,7.0,83.343,24.032,33.854,25.457,1.0,SOFT,10.0,False,Red Bull Racing,1,5.0,True,258.0,265.0,294.0,336.0,,,False,,False
3891.067,VER,3,8.0,83.663,24.149,34.009,25.505,1.0,SOFT,11.0,False,Red Bull Racing,1,5.0,True,256.0,268.0,291.0,334.0,,,False,,False
3975.036,VER,3,9.0,83.969,24.243,34.087,25.639,1.0,SOFT,12.0,False,Red Bull Racing,1,5.0,True,256.0,264.0,292.0,334.0,,,False,,False
4059.349,VER,3,10.0,84.313,24.228,34.084,26.001,1.0,SOFT,13.0,False,Red Bull Racing,1,5.0,True,261.0,269.0,292.0,330.0,,,False,,False
4143.526,VER,3,11.0,84.177,24.26,34.106,25.811,1.0,SOFT,14.0,False,Red Bull Racing,1,5.0,True,259.0,266.0,291.0,330.0,,,False,,False
4232.02,VER,3,12.0,88.494,24.277,34.254,29.963,1.0,SOFT,15.0,False,Red Bull Racing,1,6.0,False,258.0,257.0,,332.0,,4229.419,False,,False
4333.117,VER,3,13.0,101.097,43.206,33.051,24.84,2.0,MEDIUM,1.0,True,Red Bull Racing,1,8.0,False,244.0,265.0,298.0,260.0,4251.549,,False,,False
4415.021,VER,3,14.0,81.904,23.601,33.295,25.008,2.0,MEDIUM,2.0,True,Red Bull Racing,1,7.0,True,258.0,262.0,295.0,331.0,,,False,,False
4496.938,VER,3,15.0,81.917,23.748,33.132,25.037,2.0,MEDIUM,3.0,True,Red Bull Racing,1,6.0,True,254.0,266.0,295.0,326.0,,,False,,False
4579.136,VER,3,16.0,82.198,23.764,33.367,25.067,2.0,MEDIUM,4.0,True,Red Bull Racing,1,6.0,True,259.0,265.0,294.0,331.0,,,False,,False
4661.456,VER,3,17.0,82.32,23.869,33.333,25.118,2.0,MEDIUM,5.0,True,Red Bull Racing,1,5.0,True,256.0,267.0,293.0,328.0,,,False,,False
4743.943,VER,3,18.0,82.487,23.823,33.513,25.151,2.0,MEDIUM,6.0,True,Red Bull Racing,1,5.0,True,258.0,266.0,293.0,332.0,,,False,,False
4826.466,VER,3,19.0,82.523,23.894,33.399,25.23,2.0,MEDIUM,7.0,True,Red Bull Racing,1,5.0,True,257.0,268.0,292.0,333.0,,,False,,False
4909.336,VER,3,20.0,82.87,24.024,33.538,25.308,2.0,MEDIUM,8.0,True,Red Bull Racing,1,5.0,True,251.0,270.0,292.0,326.0,,,False,,False
4992.213,VER,3,21.0,82.877,24.061,33.555,25.261,2.0,MEDIUM,9.0,True,Red Bull Racing,1,5.0,True,261.0,266.0,293.0,330.0,,,False,,False
5075.034,VER,3,22.0,82.821,23.982,33.641,25.198,2.0,MEDIUM,10.0,True,Red Bull Racing,1,5.0,True,259.0,270.0,293.0,330.0,,,False,,False
5157.841,VER,3,23.0,82.807,24.029,33.531,25.247,2.0,MEDIUM,11.0,True,Red Bull Racing,1,5.0,True,261.0,270.0,293.0,329.0,,,False,,False
5240.652,VER,3,24.0,82.811,24.019,33.608,25.184,2.0,MEDIUM,12.0,True,Red Bull Racing,1,5.0,True,260.0,272.0,294.0,331.0,,,False,,False
5323.706,VER,3,25.0,83.054,24.002,33.702,25.35,2.0,MEDIUM,13.0,True,Red Bull Racing,1,5.0,True,260.0,269.0,291.0,328.0,,,False,,False
5406.918,VER,3,26.0,83.212,24.0,33.633,25.579,2.0,MEDIUM,14.0,True,Red Bull Racing,1,5.0,True,260.0,273.0,296.0,333.0,,,False,,False
5490.401,VER,3,27.0,83.483,23.943,34.083,25.457,2.0,MEDIUM,15.0,True,Red Bull Racing,1,5.0,True,263.0,264.0,293.0,335.0,,,False,,False
5573.71,VER,3,28.0,83.309,24.091,33.818,25.4,2.0,MEDIUM,16.0,True,Red Bull Racing,1,4.0,True,259.0,270.0,293.0,333.0,,,False,,False
5660.952,VER,3,29.0,87.242,24.11,33.83,29.302,2.0,MEDIUM,17.0,True,Red Bull Racing,1,5.0,False,261.0,271.0,,335.0,,5658.333,False,,False
5763.466,VER,3,30.0,102.514,45.015,32.859,24.64,3.0,HARD,1.0,True,Red Bull Racing,1,7.0,False,256.0,265.0,296.0,258.0,5682.533,,False,,False
5844.688,VER,3,31.0,81.222,23.6,32.942,24.68,3.0,HARD,2.0,True,Red Bull Racing,1,7.0,True,263.0,272.0,298.0,329.0,,,False,,False
5926.408,VER,3,32.0,81.72,23.671,33.159,24.89,3.0,HARD,3.0,True,Red Bull Racing,1,7.0,True,261.0,273.0,296.0,332.0,,,False,,False
6007.953,VER,3,33.0,81.545,23.676,33.148,24.721,3.0,HARD,4.0,True,Red Bull Racing,1,7.0,True,261.0,273.0,295.0,327.0,,,False,,False
6089.782,VER,3,34.0,81.829,23.888,33.066,24.875,3.0,HARD,5.0,True,Red Bull Racing,1,7.0,True,262.0,272.0,295.0,329.0,,,False,,False
6171.556,VER,3,35.0,81.774,23.699,33.191,24.884,3.0,HARD,6.0,True,Red Bull Racing,1,7.0,True,265.0,277.0,295.0,332.0,,,False,,False
6253.677,VER,3,36.0,82.121,23.785,33.369,24.967,3.0,HARD,7.0,True,Red Bull Racing,1,7.0,True,259.0,278.0,295.0,334.0,,,False,,False
6335.561,VER,3,37.0,81.884,23.657,33.277,24.95,3.0,HARD,8.0,True,Red Bull Racing,1,6.0,True,266.0,277.0,296.0,333.0,,,False,,False
6417.481,VER,3,38.0,81.92,23.713,33.292,24.915,3.0,HARD,9.0,True,Red Bull Racing,1,6.0,True,268.0,273.0,297.0,332.0,,,False,,False
6499.579,VER,3,39.0,82.098,23.857,33.394,24.847,3.0,HARD,10.0,True,Red Bull Racing,1,6.0,True,266.0,275.0,298.0,336.0,,,False,,False
6592.25,VER,3,40.0,92.671,23.719,33.49,35.462,3.0,HARD,11.0,True,Red Bull Racing,126,5.0,False,265.0,277.0,,334.0,,6589.651,False,,False
6713.03,VER,3,41.0,120.78,48.009,44.353,28.418,4.0,MEDIUM,1.0,True,Red Bull Racing,671,5.0,False,221.0,221.0,303.0,260.0,6612.38,,False,,False
6793.26,VER,3,42.0,80.23,23.372,32.542,24.316,4.0,MEDIUM,2.0,True,Red Bull Racing,1,5.0,True,264.0,268.0,301.0,336.0,,,False,,False
6873.794,VER,3,43.0,80.534,23.464,32.645,24.425,4.0,MEDIUM,3.0,True,Red Bull Racing,1,5.0,True,262.0,271.0,298.0,336.0,,,False,,False
6954.485,VER,3,44.0,80.691,23.479,32.693,24.519,4.0,MEDIUM,4.0,True,Red Bull Racing,1,5.0,True,261.0,269.0,297.0,331.0,,,False,,False
7035.266,VER,3,45.0,80.781,23.392,32.784,24.605,4.0,MEDIUM,5.0,True,Red Bull Racing,1,5.0,True,261.0,275.0,297.0,326.0,,,False,,False
7115.733,VER,3,46.0,80.467,23.466,32.568,24.433,4.0,MEDIUM,6.0,True,Red Bull Racing,1,5.0,True,262.0,276.0,301.0,333.0,,,False,,False
7196.583,VER,3,47.0,80.85,23.363,32.733,24.754,4.0,MEDIUM,7.0,True,Red Bull Racing,1,5.0,True,261.0,278.0,297.0,334.0,,,False,,False
7277.561,VER,3,48.0,80.978,23.501,33.085,24.392,4.0,MEDIUM,8.0,True,Red Bull Racing,1,5.0,True,261.0,280.0,302.0,336.0,,,False,,False
7358.665,VER,3,49.0,81.104,23.428,32.938,24.738,4.0,MEDIUM,9.0,True,Red Bull Racing,1,5.0,True,269.0,281.0,299.0,335.0,,,False,,False
7440.458,VER,3,50.0,81.793,23.533,33.397,24.863,4.0,MEDIUM,10.0,True,Red Bull Racing,1,5.0,True,268.0,259.0,296.0,333.0,,,False,,False
7521.742,VER,3,51.0,81.284,23.51,33.075,24.699,4.0,MEDIUM,11.0,True,Red Bull Racing,1,5.0,True,272.0,280.0,297.0,332.0,,,False,,False
7603.216,VER,3,52.0,81.474,23.585,33.132,24.757,4.0,MEDIUM,12.0,True,Red Bull Racing,1,5.0,True,268.0,283.0,297.0,333.0,,,False,,False
7684.468,VER,3,53.0,81.252,23.606,33.062,24.584,4.0,MEDIUM,13.0,True,Red Bull Racing,1,5.0,True,270.0,287.0,298.0,335.0,,,False,,False
7765.977,VER,3,54.0,81.509,23.605,33.17,24.734,4.0,MEDIUM,14.0,True,Red Bull Racing,1,5.0,True,268.0,285.0,296.0,330.0,,,False,,False
7847.528,VER,3,55.0,81.551,23.65,33.116,24.785,4.0,MEDIUM,15.0,True,Red Bull Racing,1,5.0,True,268.0,282.0,297.0,330.0,,,False,,False
7929.14,VER,3,56.0,81.612,23.591,33.215,24.806,4.0,MEDIUM,16.0,True,Red Bull Racing,1,5.0,True,268.0,280.0,297.0,331.0,,,False,,False
8010.645,VER,3,57.0,81.505,23.734,33.089,24.682,4.0,MEDIUM,17.0,True,Red Bull Racing,1,5.0,True,268.0,280.0,297.0,331.0,,,False,,False
8092.54,VER,3,58.0,81.895,23.667,33.32,24.908,4.0,MEDIUM,18.0,True,Red Bull Racing,1,5.0,True,268.0,281.0,298.0,331.0,,,False,,False
8174.609,VER,3,59.0,82.069,23.826,33.202,25.041,4.0,MEDIUM,19.0,True,Red Bull Racing,1,5.0,True,269.0,281.0,297.0,332.0,,,False,,False
8257.13,VER,3,60.0,82.521,23.838,33.455,25.228,4.0,MEDIUM,20.0,True,Red Bull Racing,1,5.0,True,262.0,271.0,296.0,332.0,,,False,,False
8339.641,VER,3,61.0,82.511,23.927,33.323,25.261,4.0,MEDIUM,21.0,True,Red Bull Racing,1,5.0,True,265.0,271.0,295.0,332.0,,,False,,False
8427.748,VER,3,62.0,88.107,23.894,33.839,30.374,4.0,MEDIUM,22.0,True,Red Bull Racing,126,4.0,False,268.0,267.0,238.0,332.0,,,False,,False
8537.33,VER,3,63.0,109.582,32.905,42.923,33.754,4.0,MEDIUM,23.0,True,Red Bull Racing,6,4.0,False,194.0,161.0,236.0,239.0,,,False,,False
8642.943,VER,3,64.0,105.613,30.483,44.434,30.696,4.0,MEDIUM,24.0,True,Red Bull Racing,671,4.0,False,183.0,173.0,291.0,243.0,,,False,,False
8726.417,VER,3,65.0,83.474,24.346,33.755,25.373,4.0,MEDIUM,25.0,True,Red Bull Racing,1,4.0,True,248.0,265.0,296.0,326.0,,,False,,False
8809.941,VER,3,66.0,83.524,24.034,33.855,25.635,4.0,MEDIUM,26.0,True,Red Bull Racing,1,4.0,True,256.0,266.0,296.0,332.0,,,False,,False
3311.41,LAW,30,1.0,90.071,,34.775,25.514,1.0,MEDIUM,1.0,True,Racing Bulls,1,8.0,False,225.0,236.0,297.0,307.0,,,False,,False
3395.195,LAW,30,2.0,83.785,24.27,34.221,25.294,1.0,MEDIUM,2.0,True,Racing Bulls,1,8.0,True,233.0,244.0,296.0,338.0,,,False,,False
3478.935,LAW,30,3.0,83.74,24.187,34.166,25.387,1.0,MEDIUM,3.0,True,Racing Bulls,1,8.0,True,240.0,256.0,295.0,336.0,,,False,,False
3562.803,LAW,30,4.0,83.868,24.24,34.073,25.555,1.0,MEDIUM,4.0,True,Racing Bulls,1,8.0,True,254.0,262.0,293.0,334.0,,,False,,False
3647.177,LAW,30,5.0,84.374,24.497,34.272,25.605,1.0,MEDIUM,5.0,True,Racing Bulls,1,8.0,True,250.0,263.0,292.0,333.0,,,False,,False
3732.38,LAW,30,6.0,85.203,24.555,34.793,25.855,1.0,MEDIUM,6.0,True,Racing Bulls,1,8.0,True,246.0,249.0,292.0,330.0,,,False,,False
3817.163,LAW,30,7.0,84.783,24.559,34.36,25.864,1.0,MEDIUM,7.0,True,Racing Bulls,1,8.0,True,250.0,257.0,292.0,326.0,,,False,,False
3902.472,LAW,30,8.0,85.309,24.699,34.748,25.862,1.0,MEDIUM,8.0,True,Racing Bulls,1,8.0,True,250.0,254.0,291.0,327.0,,,False,,False
3987.657,LAW,30,9.0,85.185,24.612,34.698,25.875,1.0,MEDIUM,9.0,True,Racing Bulls,1,8.0,True,247.0,260.0,291.0,330.0,,,False,,False
4072.946,LAW,30,10.0,85.289,24.666,34.52,26.103,1.0,MEDIUM,10.0,True,Racing Bulls,1,8.0,True,248.0,259.0,289.0,326.0,,,False,,False
4162.014,LAW,30,11.0,89.068,24.821,34.539,29.708,1.0,MEDIUM,11.0,True,Racing Bulls,1,10.0,False,244.0,255.0,,330.0,,4159.384,False,,False
4268.891,LAW,30,12.0,106.877,47.577,33.765,25.535,2.0,HARD,1.0,True,Racing Bulls,1,18.0,False,238.0,254.0,292.0,262.0,4185.247,,False,,False
4352.976,LAW,30,13.0,84.085,24.475,33.989,25.621,2.0,HARD,2.0,True,Racing Bulls,1,17.0,True,252.0,255.0,294.0,329.0,,,False,,False
4437.846,LAW,30,14.0,84.87,24.576,34.367,25.927,2.0,HARD,3.0,True,Racing Bulls,1,14.0,True,248.0,248.0,290.0,328.0,,,False,,False
4522.413,LAW,30,15.0,84.567,24.63,34.213,25.724,2.0,HARD,4.0,True,Racing Bulls,1,11.0,True,255.0,254.0,289.0,331.0,,,False,,False
4606.819,LAW,30,16.0,84.406,24.564,34.035,25.807,2.0,HARD,5.0,True,Racing Bulls,1,10.0,True,259.0,259.0,292.0,331.0,,,False,,False
4692.012,LAW,30,17.0,85.193,24.825,34.451,25.917,2.0,HARD,6.0,True,Racing Bulls,1,11.0,True,240.0,247.0,292.0,332.0,,,False,,False
4777.34,LAW,30,18.0,85.328,24.514,34.6,26.214,2.0,HARD,7.0,True,Racing Bulls,1,10.0,True,248.0,242.0,291.0,335.0,,,False,,False
4861.365,LAW,30,19.0,84.025,24.342,34.133,25.55,2.0,HARD,8.0,True,Racing Bulls,1,10.0,True,249.0,257.0,292.0,330.0,,,False,,False
4945.435,LAW,30,20.0,84.07,24.432,34.067,25.571,2.0,HARD,9.0,True,Racing Bulls,1,10.0,True,252.0,255.0,293.0,326.0,,,False,,False
5029.512,LAW,30,21.0,84.077,24.531,33.961,25.585,2.0,HARD,10.0,True,Racing Bulls,1,10.0,True,248.0,265.0,292.0,328.0,,,False,,False
5113.838,LAW,30,22.0,84.326,24.435,34.168,25.723,2.0,HARD,11.0,True,Racing Bulls,1,9.0,True,251.0,260.0,294.0,330.0,,,False,,False
5198.287,LAW,30,23.0,84.449,24.444,34.316,25.689,2.0,HARD,12.0,True,Racing Bulls,1,9.0,True,244.0,257.0,292.0,330.0,,,False,,False
5283.317,LAW,30,24.0,85.03,24.919,34.411,25.7,2.0,HARD,13.0,True,Racing Bulls,1,9.0,True,254.0,260.0,292.0,325.0,,,False,,False
5367.812,LAW,30,25.0,84.495,24.466,34.295,25.734,2.0,HARD,14.0,True,Racing Bulls,1,9.0,True,249.0,265.0,292.0,329.0,,,False,,False
5452.753,LAW,30,26.0,84.941,24.595,34.33,26.016,2.0,HARD,15.0,True,Racing Bulls,1,9.0,True,254.0,251.0,292.0,324.0,,,False,,False
5537.435,LAW,30,27.0,84.682,24.659,34.391,25.632,2.0,HARD,16.0,True,Racing Bulls,1,9.0,True,254.0,257.0,293.0,328.0,,,False,,False
5622.323,LAW,30,28.0,84.888,24.589,34.449,25.85,2.0,HARD,17.0,True,Racing Bulls,1,9.0,True,251.0,260.0,292.0,329.0,,,False,,False
5707.224,LAW,30,29.0,84.901,24.588,34.386,25.927,2.0,HARD,18.0,True,Racing Bulls,1,9.0,True,250.0,257.0,292.0,329.0,,,False,,False
5792.257,LAW,30,30.0,85.033,24.665,34.562,25.806,2.0,HARD,19.0,True,Racing Bulls,1,9.0,True,247.0,266.0,289.0,329.0,,,True,TRACK LIMITS AT TURN 13 LAP 30 ,False
5877.36,LAW,30,31.0,85.103,24.781,34.355,25.967,2.0,HARD,20.0,True,Racing Bulls,1,9.0,True,251.0,256.0,293.0,329.0,,,False,,False
5962.494,LAW,30,32.0,85.134,24.718,34.525,25.891,2.0,HARD,21.0,True,Racing Bulls,1,9.0,True,255.0,259.0,292.0,329.0,,,False,,False
6047.764,LAW,30,33.0,85.27,24.964,34.541,25.765,2.0,HARD,22.0,True,Racing Bulls,1,9.0,True,245.0,261.0,292.0,329.0,,,False,,False
6133.07,LAW,30,34.0,85.306,24.719,34.633,25.954,2.0,HARD,23.0,True,Racing Bulls,1,9.0,True,250.0,260.0,290.0,332.0,,,False,,False
6222.303,LAW,30,35.0,89.233,24.73,34.676,29.827,2.0,HARD,24.0,True,Racing Bulls,1,10.0,False,249.0,265.0,,330.0,,6219.629,False,,False
6326.207,LAW,30,36.0,103.904,44.649,33.958,25.297,3.0,HARD,1.0,True,Racing Bulls,1,12.0,False,245.0,254.0,296.0,263.0,6242.783,,False,,False
6412.62,LAW,30,37.0,86.413,24.268,35.216,26.929,3.0,HARD,2.0,True,Racing Bulls,1,12.0,True,259.0,258.0,297.0,333.0,,,False,,False
6495.843,LAW,30,38.0,83.223,24.091,33.731,25.401,3.0,HARD,3.0,True,Racing Bulls,1,11.0,True,256.0,264.0,297.0,337.0,,,False,,False
6586.302,LAW,30,39.0,90.459,24.069,33.696,32.694,3.0,HARD,4.0,True,Racing Bulls,126,11.0,False,266.0,261.0,223.0,334.0,,,False,,False
6693.46,LAW,30,40.0,107.158,31.603,45.155,30.4,3.0,HARD,5.0,True,Racing Bulls,67,11.0,False,144.0,216.0,215.0,245.0,,,False,,False
6780.608,LAW,30,41.0,87.148,28.386,33.658,25.104,3.0,HARD,6.0,True,Racing Bulls,71,11.0,False,248.0,272.0,297.0,206.0,,,False,,False
6863.572,LAW,30,42.0,82.964,24.121,33.719,25.124,3.0,HARD,7.0,True,Racing Bulls,1,11.0,True,255.0,265.0,296.0,334.0,,,False,,False
6946.401,LAW,30,43.0,82.829,24.088,33.596,25.145,3.0,HARD,8.0,True,Racing Bulls,1,11.0,True,262.0,270.0,295.0,332.0,,,False,,False
7029.287,LAW,30,44.0,82.886,24.13,33.63,25.126,3.0,HARD,9.0,True,Racing Bulls,1,11.0,True,261.0,266.0,295.0,332.0,,,False,,False
7111.978,LAW,30,45.0,82.691,24.047,33.475,25.169,3.0,HARD,10.0,True,Racing Bulls,1,11.0,True,265.0,265.0,295.0,333.0,,,False,,False
7194.686,LAW,30,46.0,82.708,24.009,33.587,25.112,3.0,HARD,11.0,True,Racing Bulls,1,11.0,True,260.0,269.0,296.0,333.0,,,False,,False
7280.103,LAW,30,47.0,85.417,23.908,34.645,26.864,3.0,HARD,12.0,True,Racing Bulls,1,11.0,True,263.0,195.0,300.0,333.0,,,False,,False
7363.269,LAW,30,48.0,83.166,24.002,33.832,25.332,3.0,HARD,13.0,True,Racing Bulls,1,11.0,True,253.0,273.0,296.0,342.0,,,False,,False
7446.697,LAW,30,49.0,83.428,24.07,34.154,25.204,3.0,HARD,14.0,True,Racing Bulls,1,11.0,True,259.0,263.0,297.0,333.0,,,False,,False
7530.152,LAW,30,50.0,83.455,24.087,33.942,25.426,3.0,HARD,15.0,True,Racing Bulls,1,11.0,True,259.0,268.0,298.0,333.0,,,False,,False
7615.385,LAW,30,51.0,85.233,24.192,34.141,26.9,3.0,HARD,16.0,True,Racing Bulls,1,11.0,True,247.0,263.0,297.0,337.0,,,False,,False
7699.053,LAW,30,52.0,83.668,24.224,34.046,25.398,3.0,HARD,17.0,True,Racing Bulls,1,11.0,True,257.0,261.0,296.0,339.0,,,False,,False
7782.5,LAW,30,53.0,83.447,24.186,33.933,25.328,3.0,HARD,18.0,True,Racing Bulls,1,11.0,True,251.0,264.0,295.0,333.0,,,False,,False
7866.143,LAW,30,54.0,83.643,24.06,34.133,25.45,3.0,HARD,19.0,True,Racing Bulls,1,11.0,True,258.0,270.0,293.0,335.0,,,False,,False
7950.394,LAW,30,55.0,84.251,24.356,34.124,25.771,3.0,HARD,20.0,True,Racing Bulls,1,11.0,True,260.0,259.0,291.0,334.0,,,False,,False
8034.298,LAW,30,56.0,83.904,24.279,34.099,25.526,3.0,HARD,21.0,True,Racing Bulls,1,11.0,True,257.0,260.0,294.0,333.0,,,False,,False
8117.964,LAW,30,57.0,83.666,24.154,33.947,25.565,3.0,HARD,22.0,True,Racing Bulls,1,11.0,True,259.0,266.0,294.0,333.0,,,False,,False
8201.55,LAW,30,58.0,83.586,24.096,33.867,25.623,3.0,HARD,23.0,True,Racing Bulls,1,11.0,True,260.0,265.0,294.0,333.0,,,False,,False
8285.077,LAW,30,59.0,83.527,24.225,33.714,25.588,3.0,HARD,24.0,True,Racing Bulls,1,11.0,True,259.0,271.0,296.0,333.0,,,False,,False
8368.702,LAW,30,60.0,83.625,24.23,33.775,25.62,3.0,HARD,25.0,True,Racing Bulls,1,11.0,True,260.0,266.0,295.0,333.0,,,True,TRACK LIMITS AT TURN 13 LAP 60 ,False
8469.261,LAW,30,61.0,100.559,24.316,42.532,33.711,3.0,HARD,26.0,True,Racing Bulls,126,11.0,False,262.0,186.0,260.0,334.0,,,False,,False
8575.853,LAW,30,62.0,106.592,29.222,44.92,32.45,3.0,HARD,27.0,True,Racing Bulls,6,10.0,False,174.0,200.0,188.0,258.0,,,False,,False
8673.12,LAW,30,63.0,97.267,30.813,41.135,25.319,3.0,HARD,28.0,True,Racing Bulls,671,9.0,False,201.0,264.0,296.0,303.0,,,False,,False
8757.007,LAW,30,64.0,83.887,24.371,33.975,25.541,3.0,HARD,29.0,True,Racing Bulls,1,9.0,True,259.0,271.0,296.0,333.0,,,False,,False
8841.668,LAW,30,65.0,84.661,24.473,34.166,26.022,3.0,HARD,30.0,True,Racing Bulls,1,9.0,True,261.0,263.0,295.0,331.0,,,False,,False
3315.23,OCO,31,1.0,93.891,,35.826,26.023,1.0,SOFT,1.0,True,Haas F1 Team,1,16.0,False,210.0,252.0,295.0,300.0,,,False,,False
3399.684,OCO,31,2.0,84.454,24.352,34.278,25.824,1.0,SOFT,2.0,True,Haas F1 Team,1,15.0,True,222.0,243.0,291.0,358.0,,,False,,False
3484.668,OCO,31,3.0,84.984,24.356,34.705,25.923,1.0,SOFT,3.0,True,Haas F1 Team,1,15.0,True,231.0,248.0,291.0,345.0,,,False,,False
3569.533,OCO,31,4.0,84.865,24.528,34.383,25.954,1.0,SOFT,4.0,True,Haas F1 Team,1,15.0,True,238.0,252.0,288.0,347.0,,,False,,False
3654.686,OCO,31,5.0,85.153,24.622,34.615,25.916,1.0,SOFT,5.0,True,Haas F1 Team,1,15.0,True,229.0,251.0,288.0,346.0,,,False,,False
3740.321,OCO,31,6.0,85.635,24.721,34.785,26.129,1.0,SOFT,6.0,True,Haas F1 Team,1,15.0,True,235.0,246.0,285.0,346.0,,,False,,False
3826.175,OCO,31,7.0,85.854,24.823,34.805,26.226,1.0,SOFT,7.0,True,Haas F1 Team,1,15.0,True,243.0,257.0,286.0,330.0,,,False,,False
3911.95,OCO,31,8.0,85.775,24.814,34.773,26.188,1.0,SOFT,8.0,True,Haas F1 Team,1,15.0,True,245.0,258.0,286.0,328.0,,,False,,False
3998.289,OCO,31,9.0,86.339,25.013,34.946,26.38,1.0,SOFT,9.0,True,Haas F1 Team,1,15.0,True,242.0,256.0,286.0,327.0,,,False,,False
4084.95,OCO,31,10.0,86.661,25.098,35.104,26.459,1.0,SOFT,10.0,True,Haas F1 Team,1,15.0,True,239.0,249.0,286.0,326.0,,,False,,False
4171.594,OCO,31,11.0,86.644,24.956,35.011,26.677,1.0,SOFT,11.0,True,Haas F1 Team,1,15.0,True,239.0,253.0,285.0,327.0,,,False,,False
4258.367,OCO,31,12.0,86.773,24.905,35.127,26.741,1.0,SOFT,12.0,True,Haas F1 Team,1,14.0,True,243.0,249.0,286.0,328.0,,,False,,False
4349.415,OCO,31,13.0,91.048,25.004,35.261,30.783,1.0,SOFT,13.0,True,Haas F1 Team,1,15.0,False,243.0,243.0,,327.0,,4346.679,False,,False
4453.924,OCO,31,14.0,104.509,45.13,33.835,25.544,2.0,HARD,1.0,True,Haas F1 Team,1,18.0,False,236.0,259.0,290.0,255.0,4369.963,,False,,False
4538.055,OCO,31,15.0,84.131,24.51,34.004,25.617,2.0,HARD,2.0,True,Haas F1 Team,1,18.0,True,237.0,264.0,291.0,322.0,,,False,,False
4622.73,OCO,31,16.0,84.675,24.388,34.438,25.849,2.0,HARD,3.0,True,Haas F1 Team,1,16.0,True,235.0,251.0,291.0,328.0,,,False,,False
4706.949,OCO,31,17.0,84.219,24.393,34.201,25.625,2.0,HARD,4.0,True,Haas F1 Team,1,16.0,True,241.0,257.0,290.0,325.0,,,False,,False
4791.253,OCO,31,18.0,84.304,24.395,34.156,25.753,2.0,HARD,5.0,True,Haas F1 Team,1,16.0,True,241.0,262.0,290.0,326.0,,,False,,False
4875.761,OCO,31,19.0,84.508,24.501,34.341,25.666,2.0,HARD,6.0,True,Haas F1 Team,1,15.0,True,245.0,255.0,290.0,326.0,,,False,,False
4960.547,OCO,31,20.0,84.786,24.582,34.277,25.927,2.0,HARD,7.0,True,Haas F1 Team,1,15.0,True,247.0,266.0,288.0,325.0,,,False,,False
5045.312,OCO,31,21.0,84.765,24.498,34.246,26.021,2.0,HARD,8.0,True,Haas F1 Team,1,15.0,True,246.0,259.0,289.0,324.0,,,False,,False
5130.293,OCO,31,22.0,84.981,24.514,34.468,25.999,2.0,HARD,9.0,True,Haas F1 Team,1,15.0,True,248.0,260.0,289.0,324.0,,,False,,False
5215.418,OCO,31,23.0,85.125,24.503,34.571,26.051,2.0,HARD,10.0,True,Haas F1 Team,1,14.0,True,249.0,251.0,289.0,325.0,,,False,,False
5301.779,OCO,31,24.0,86.361,25.289,34.944,26.128,2.0,HARD,11.0,True,Haas F1 Team,1,15.0,True,232.0,255.0,289.0,330.0,,,False,,False
5387.111,OCO,31,25.0,85.332,24.569,34.589,26.174,2.0,HARD,12.0,True,Haas F1 Team,1,15.0,True,243.0,256.0,289.0,332.0,,,False,,False
5473.534,OCO,31,26.0,86.423,25.41,34.832,26.181,2.0,HARD,13.0,True,Haas F1 Team,1,16.0,True,237.0,252.0,286.0,322.0,,,False,,False
5560.208,OCO,31,27.0,86.674,24.752,35.447,26.475,2.0,HARD,14.0,True,Haas F1 Team,1,16.0,True,239.0,222.0,287.0,324.0,,,False,,False
5647.351,OCO,31,28.0,87.143,24.572,35.836,26.735,2.0,HARD,15.0,True,Haas F1 Team,1,16.0,True,241.0,249.0,250.0,343.0,,,False,,False
5734.027,OCO,31,29.0,86.676,25.287,35.14,26.249,2.0,HARD,16.0,True,Haas F1 Team,1,16.0,True,240.0,260.0,287.0,332.0,,,False,,False
5820.593,OCO,31,30.0,86.566,25.612,34.741,26.213,2.0,HARD,17.0,True,Haas F1 Team,1,16.0,True,233.0,263.0,289.0,285.0,,,False,,False
5907.404,OCO,31,31.0,86.811,24.644,35.439,26.728,2.0,HARD,18.0,True,Haas F1 Team,1,15.0,True,243.0,174.0,286.0,326.0,,,False,,False
5994.626,OCO,31,32.0,87.222,25.828,34.983,26.411,2.0,HARD,19.0,True,Haas F1 Team,1,15.0,True,235.0,254.0,286.0,276.0,,,False,,False
6080.518,OCO,31,33.0,85.892,24.806,34.813,26.273,2.0,HARD,20.0,True,Haas F1 Team,1,15.0,True,246.0,260.0,288.0,326.0,,,False,,False
6171.605,OCO,31,34.0,91.087,24.898,35.515,30.674,2.0,HARD,21.0,True,Haas F1 Team,1,15.0,False,247.0,225.0,,323.0,,6168.876,False,,False
6278.148,OCO,31,35.0,106.543,47.778,33.58,25.185,3.0,MEDIUM,1.0,True,Haas F1 Team,1,16.0,False,246.0,274.0,291.0,263.0,6195.356,,False,,False
6361.257,OCO,31,36.0,83.109,24.111,33.703,25.295,3.0,MEDIUM,2.0,True,Haas F1 Team,1,16.0,True,251.0,268.0,291.0,322.0,,,False,,False
6444.509,OCO,31,37.0,83.252,24.2,33.675,25.377,3.0,MEDIUM,3.0,True,Haas F1 Team,1,16.0,True,249.0,261.0,290.0,322.0,,,False,,False
6527.911,OCO,31,38.0,83.402,24.292,33.783,25.327,3.0,MEDIUM,4.0,True,Haas F1 Team,12,16.0,True,250.0,264.0,292.0,322.0,,,False,,False
6629.096,OCO,31,39.0,101.185,24.103,46.569,30.513,3.0,MEDIUM,5.0,True,Haas F1 Team,26,16.0,False,251.0,203.0,225.0,323.0,,,False,,False
6728.835,OCO,31,40.0,99.739,31.012,42.84,25.887,3.0,MEDIUM,6.0,True,Haas F1 Team,671,16.0,False,186.0,206.0,291.0,236.0,,,False,,False
6812.05,OCO,31,41.0,83.215,24.087,33.851,25.277,3.0,MEDIUM,7.0,True,Haas F1 Team,1,16.0,True,254.0,269.0,291.0,322.0,,,False,,False
6895.272,OCO,31,42.0,83.222,24.201,33.66,25.361,3.0,MEDIUM,8.0,True,Haas F1 Team,1,16.0,True,254.0,265.0,291.0,322.0,,,False,,False
6978.327,OCO,31,43.0,83.055,24.159,33.619,25.277,3.0,MEDIUM,9.0,True,Haas F1 Team,1,16.0,True,253.0,270.0,292.0,322.0,,,False,,False
7061.984,OCO,31,44.0,83.657,24.269,33.901,25.487,3.0,MEDIUM,10.0,True,Haas F1 Team,1,16.0,True,253.0,267.0,291.0,322.0,,,False,,False
7145.649,OCO,31,45.0,83.665,24.169,33.937,25.559,3.0,MEDIUM,11.0,True,Haas F1 Team,1,16.0,True,251.0,265.0,292.0,324.0,,,False,,False
7230.999,OCO,31,46.0,85.35,24.212,35.079,26.059,3.0,MEDIUM,12.0,True,Haas F1 Team,1,16.0,True,253.0,189.0,291.0,324.0,,,False,,False
7314.92,OCO,31,47.0,83.921,24.184,33.974,25.763,3.0,MEDIUM,13.0,True,Haas F1 Team,1,16.0,True,252.0,265.0,291.0,343.0,,,False,,False
7398.843,OCO,31,48.0,83.923,24.192,34.063,25.668,3.0,MEDIUM,14.0,True,Haas F1 Team,1,16.0,True,249.0,272.0,289.0,326.0,,,False,,False
7482.662,OCO,31,49.0,83.819,24.24,34.02,25.559,3.0,MEDIUM,15.0,True,Haas F1 Team,1,16.0,True,255.0,268.0,291.0,324.0,,,False,,False
7567.104,OCO,31,50.0,84.442,24.448,34.306,25.688,3.0,MEDIUM,16.0,True,Haas F1 Team,1,16.0,True,253.0,270.0,290.0,323.0,,,False,,False
7651.745,OCO,31,51.0,84.641,24.404,34.254,25.983,3.0,MEDIUM,17.0,True,Haas F1 Team,1,16.0,True,255.0,263.0,291.0,323.0,,,False,,False
7737.455,OCO,31,52.0,85.71,24.569,34.981,26.16,3.0,MEDIUM,18.0,True,Haas F1 Team,1,16.0,True,249.0,269.0,290.0,322.0,,,False,,False
7822.395,OCO,31,53.0,84.94,24.629,34.327,25.984,3.0,MEDIUM,19.0,True,Haas F1 Team,1,16.0,True,250.0,264.0,291.0,326.0,,,False,,False
7907.274,OCO,31,54.0,84.879,24.485,34.411,25.983,3.0,MEDIUM,20.0,True,Haas F1 Team,1,15.0,True,245.0,266.0,291.0,324.0,,,False,,False
7995.66,OCO,31,55.0,88.386,25.16,36.736,26.49,3.0,MEDIUM,21.0,True,Haas F1 Team,1,15.0,True,171.0,216.0,290.0,324.0,,,False,,False
8081.159,OCO,31,56.0,85.499,24.629,34.409,26.461,3.0,MEDIUM,22.0,True,Haas F1 Team,1,15.0,True,249.0,270.0,291.0,330.0,,,False,,False
8167.415,OCO,31,57.0,86.256,25.081,34.724,26.451,3.0,MEDIUM,23.0,True,Haas F1 Team,1,16.0,True,241.0,260.0,289.0,342.0,,,False,,False
8257.83,OCO,31,58.0,90.415,24.937,34.666,30.812,3.0,MEDIUM,24.0,True,Haas F1 Team,1,16.0,False,247.0,256.0,,327.0,,8255.085,False,,False
8360.225,OCO,31,59.0,102.395,44.041,33.051,25.303,4.0,SOFT,1.0,True,Haas F1 Team,1,16.0,False,247.0,269.0,296.0,269.0,8278.151,,False,,False
8456.456,OCO,31,60.0,96.231,23.587,41.828,30.816,4.0,SOFT,2.0,True,Haas F1 Team,126,16.0,False,248.0,203.0,226.0,326.0,,,False,,False
8563.794,OCO,31,61.0,107.338,31.486,43.317,32.535,4.0,SOFT,3.0,True,Haas F1 Team,6,15.0,False,182.0,210.0,208.0,228.0,,,False,,False
8663.839,OCO,31,62.0,100.045,31.441,42.798,25.806,4.0,SOFT,4.0,True,Haas F1 Team,671,14.0,False,181.0,223.0,296.0,217.0,,,False,,False
8745.482,OCO,31,63.0,81.643,23.622,33.078,24.943,4.0,SOFT,5.0,True,Haas F1 Team,1,13.0,True,262.0,268.0,297.0,324.0,,,False,,False
8828.593,OCO,31,64.0,83.111,24.073,33.625,25.413,4.0,SOFT,6.0,True,Haas F1 Team,1,13.0,True,240.0,246.0,295.0,345.0,,,False,,False
3311.941,LIN,41,1.0,90.602,,34.978,25.495,1.0,MEDIUM,1.0,True,Racing Bulls,1,9.0,False,247.0,238.0,298.0,301.0,,,False,,False
3396.558,LIN,41,2.0,84.617,24.182,35.108,25.327,1.0,MEDIUM,2.0,True,Racing Bulls,1,10.0,True,250.0,230.0,298.0,341.0,,,False,,False
3480.629,LIN,41,3.0,84.071,24.121,34.599,25.351,1.0,MEDIUM,3.0,True,Racing Bulls,1,10.0,True,242.0,245.0,297.0,343.0,,,False,,False
3564.934,LIN,41,4.0,84.305,24.271,34.283,25.751,1.0,MEDIUM,4.0,True,Racing Bulls,1,10.0,True,254.0,249.0,295.0,339.0,,,False,,False
3649.51,LIN,41,5.0,84.576,24.443,34.396,25.737,1.0,MEDIUM,5.0,True,Racing Bulls,1,10.0,True,247.0,267.0,292.0,337.0,,,False,,False
3734.924,LIN,41,6.0,85.414,24.69,34.736,25.988,1.0,MEDIUM,6.0,True,Racing Bulls,1,10.0,True,253.0,256.0,292.0,337.0,,,False,,False
3820.45,LIN,41,7.0,85.526,24.786,34.639,26.101,1.0,MEDIUM,7.0,True,Racing Bulls,1,10.0,True,249.0,252.0,292.0,336.0,,,False,,False
3905.918,LIN,41,8.0,85.468,24.586,34.733,26.149,1.0,MEDIUM,8.0,True,Racing Bulls,1,10.0,True,248.0,255.0,291.0,334.0,,,False,,False
3991.711,LIN,41,9.0,85.793,24.92,34.802,26.071,1.0,MEDIUM,9.0,True,Racing Bulls,1,10.0,True,250.0,251.0,291.0,334.0,,,False,,False
4078.424,LIN,41,10.0,86.713,24.704,35.556,26.453,1.0,MEDIUM,10.0,True,Racing Bulls,1,11.0,True,242.0,246.0,289.0,333.0,,,False,,False
4164.31,LIN,41,11.0,85.886,24.883,34.689,26.314,1.0,MEDIUM,11.0,True,Racing Bulls,1,11.0,True,250.0,257.0,289.0,336.0,,,False,,False
4250.125,LIN,41,12.0,85.815,24.934,34.599,26.282,1.0,MEDIUM,12.0,True,Racing Bulls,1,10.0,True,243.0,250.0,291.0,333.0,,,False,,False
4336.509,LIN,41,13.0,86.384,24.804,35.134,26.446,1.0,MEDIUM,13.0,True,Racing Bulls,1,10.0,True,245.0,252.0,288.0,333.0,,,False,,False
4422.195,LIN,41,14.0,85.686,24.852,34.626,26.208,1.0,MEDIUM,14.0,True,Racing Bulls,1,9.0,True,249.0,260.0,290.0,332.0,,,False,,False
4508.663,LIN,41,15.0,86.468,24.822,35.294,26.352,1.0,MEDIUM,15.0,True,Racing Bulls,1,9.0,True,245.0,255.0,290.0,332.0,,,False,,False
4594.408,LIN,41,16.0,85.745,24.805,34.632,26.308,1.0,MEDIUM,16.0,True,Racing Bulls,1,8.0,True,247.0,256.0,290.0,332.0,,,False,,False
4679.915,LIN,41,17.0,85.507,24.735,34.569,26.203,1.0,MEDIUM,17.0,True,Racing Bulls,1,8.0,True,253.0,259.0,289.0,331.0,,,False,,False
4765.427,LIN,41,18.0,85.512,24.768,34.548,26.196,1.0,MEDIUM,18.0,True,Racing Bulls,1,8.0,True,250.0,257.0,289.0,330.0,,,False,,False
4851.24,LIN,41,19.0,85.813,24.841,34.678,26.294,1.0,MEDIUM,19.0,True,Racing Bulls,1,8.0,True,247.0,259.0,289.0,330.0,,,False,,False
4937.356,LIN,41,20.0,86.116,24.852,34.704,26.56,1.0,MEDIUM,20.0,True,Racing Bulls,1,8.0,True,249.0,255.0,288.0,329.0,,,False,,False
5024.573,LIN,41,21.0,87.217,25.662,35.031,26.524,1.0,MEDIUM,21.0,True,Racing Bulls,1,9.0,True,243.0,257.0,288.0,324.0,,,False,,False
5114.681,LIN,41,22.0,90.108,24.943,34.933,30.232,1.0,MEDIUM,22.0,True,Racing Bulls,1,11.0,False,243.0,259.0,,331.0,,5111.995,False,,False
5219.028,LIN,41,23.0,104.347,44.823,33.895,25.629,2.0,HARD,1.0,True,Racing Bulls,1,16.0,False,241.0,262.0,293.0,259.0,5134.429,,False,,False
5302.47,LIN,41,24.0,83.442,24.242,33.766,25.434,2.0,HARD,2.0,True,Racing Bulls,1,16.0,True,255.0,263.0,297.0,333.0,,,False,,False
5387.345,LIN,41,25.0,84.875,24.145,34.66,26.07,2.0,HARD,3.0,True,Racing Bulls,1,16.0,True,229.0,244.0,297.0,339.0,,,False,,False
5470.931,LIN,41,26.0,83.586,24.244,33.882,25.46,2.0,HARD,4.0,True,Racing Bulls,1,15.0,True,253.0,260.0,294.0,330.0,,,False,,False
5554.638,LIN,41,27.0,83.707,24.211,33.851,25.645,2.0,HARD,5.0,True,Racing Bulls,1,15.0,True,258.0,265.0,295.0,334.0,,,False,,False
5639.129,LIN,41,28.0,84.491,24.062,34.289,26.14,2.0,HARD,6.0,True,Racing Bulls,1,15.0,True,247.0,234.0,298.0,337.0,,,False,,False
5727.502,LIN,41,29.0,88.373,24.634,35.098,28.641,2.0,HARD,7.0,True,Racing Bulls,1,15.0,True,249.0,241.0,293.0,348.0,,,False,,False
5812.025,LIN,41,30.0,84.523,24.196,34.253,26.074,2.0,HARD,8.0,True,Racing Bulls,1,13.0,True,245.0,245.0,296.0,345.0,,,False,,False
5896.372,LIN,41,31.0,84.347,24.186,34.374,25.787,2.0,HARD,9.0,True,Racing Bulls,1,12.0,True,253.0,267.0,292.0,348.0,,,False,,False
5982.33,LIN,41,32.0,85.958,25.671,34.546,25.741,2.0,HARD,10.0,True,Racing Bulls,1,12.0,True,251.0,260.0,294.0,286.0,,,False,,False
6066.594,LIN,41,33.0,84.264,24.614,34.004,25.646,2.0,HARD,11.0,True,Racing Bulls,1,12.0,True,248.0,264.0,294.0,317.0,,,False,,False
6152.429,LIN,41,34.0,85.835,25.94,34.173,25.722,2.0,HARD,12.0,True,Racing Bulls,1,12.0,True,247.0,265.0,295.0,278.0,,,False,,False
6236.684,LIN,41,35.0,84.255,24.465,34.023,25.767,2.0,HARD,13.0,True,Racing Bulls,1,11.0,True,250.0,262.0,293.0,329.0,,,False,,False
6320.523,LIN,41,36.0,83.839,24.326,33.864,25.649,2.0,HARD,14.0,True,Racing Bulls,1,10.0,True,253.0,264.0,294.0,331.0,,,False,,False
6407.857,LIN,41,37.0,87.334,24.354,33.801,29.179,2.0,HARD,15.0,True,Racing Bulls,1,10.0,False,254.0,263.0,,330.0,,6405.202,False,,False
6511.89,LIN,41,38.0,104.033,45.498,33.346,25.189,3.0,HARD,1.0,True,Racing Bulls,1,14.0,False,240.0,261.0,295.0,263.0,6429.172,,False,,False
6606.337,LIN,41,39.0,94.447,23.94,39.374,31.133,3.0,HARD,2.0,True,Racing Bulls,126,14.0,False,251.0,190.0,204.0,333.0,,,False,,False
6711.895,LIN,41,40.0,105.558,31.84,44.46,29.258,3.0,HARD,3.0,True,Racing Bulls,671,13.0,False,192.0,189.0,294.0,223.0,,,False,,False
6796.893,LIN,41,41.0,84.998,24.829,34.884,25.285,3.0,HARD,4.0,True,Racing Bulls,1,13.0,True,226.0,247.0,298.0,330.0,,,False,,False
6879.578,LIN,41,42.0,82.685,24.023,33.506,25.156,3.0,HARD,5.0,True,Racing Bulls,1,13.0,True,244.0,262.0,297.0,335.0,,,False,,False
6963.708,LIN,41,43.0,84.13,23.925,35.086,25.119,3.0,HARD,6.0,True,Racing Bulls,1,13.0,True,252.0,247.0,299.0,336.0,,,False,,False
7046.373,LIN,41,44.0,82.665,23.804,33.649,25.212,3.0,HARD,7.0,True,Racing Bulls,1,13.0,True,255.0,252.0,301.0,336.0,,,False,,False
7128.287,LIN,41,45.0,81.914,23.618,33.251,25.045,3.0,HARD,8.0,True,Racing Bulls,1,12.0,True,266.0,263.0,297.0,351.0,,,False,,False
7210.586,LIN,41,46.0,82.299,23.8,33.384,25.115,3.0,HARD,9.0,True,Racing Bulls,1,12.0,True,260.0,256.0,296.0,333.0,,,False,,False
7293.114,LIN,41,47.0,82.528,23.907,33.487,25.134,3.0,HARD,10.0,True,Racing Bulls,1,12.0,True,260.0,255.0,296.0,332.0,,,False,,False
7375.555,LIN,41,48.0,82.441,23.872,33.416,25.153,3.0,HARD,11.0,True,Racing Bulls,1,12.0,True,261.0,262.0,297.0,332.0,,,False,,False
7458.558,LIN,41,49.0,83.003,23.948,33.745,25.31,3.0,HARD,12.0,True,Racing Bulls,1,12.0,True,262.0,263.0,296.0,331.0,,,False,,False
7541.626,LIN,41,50.0,83.068,24.13,33.653,25.285,3.0,HARD,13.0,True,Racing Bulls,1,12.0,True,262.0,265.0,297.0,330.0,,,False,,False
7624.738,LIN,41,51.0,83.112,24.039,33.705,25.368,3.0,HARD,14.0,True,Racing Bulls,1,12.0,True,260.0,268.0,296.0,331.0,,,False,,False
7707.707,LIN,41,52.0,82.969,24.059,33.581,25.329,3.0,HARD,15.0,True,Racing Bulls,1,12.0,True,262.0,265.0,297.0,332.0,,,False,,False
7790.648,LIN,41,53.0,82.941,24.046,33.591,25.304,3.0,HARD,16.0,True,Racing Bulls,1,12.0,True,261.0,266.0,296.0,331.0,,,False,,False
7873.821,LIN,41,54.0,83.173,24.132,33.66,25.381,3.0,HARD,17.0,True,Racing Bulls,1,12.0,True,263.0,266.0,297.0,333.0,,,False,,False
7957.743,LIN,41,55.0,83.922,24.124,33.916,25.882,3.0,HARD,18.0,True,Racing Bulls,1,12.0,True,263.0,256.0,294.0,334.0,,,False,,False
8041.604,LIN,41,56.0,83.861,24.518,33.851,25.492,3.0,HARD,19.0,True,Racing Bulls,1,12.0,True,256.0,262.0,297.0,334.0,,,False,,False
8125.219,LIN,41,57.0,83.615,24.198,33.734,25.683,3.0,HARD,20.0,True,Racing Bulls,1,12.0,True,263.0,266.0,294.0,328.0,,,False,,False
8208.774,LIN,41,58.0,83.555,24.212,33.696,25.647,3.0,HARD,21.0,True,Racing Bulls,1,12.0,True,256.0,259.0,294.0,331.0,,,False,,False
8292.461,LIN,41,59.0,83.687,24.283,33.738,25.666,3.0,HARD,22.0,True,Racing Bulls,1,12.0,True,258.0,263.0,295.0,332.0,,,False,,False
8376.374,LIN,41,60.0,83.913,24.289,33.97,25.654,3.0,HARD,23.0,True,Racing Bulls,1,12.0,True,259.0,265.0,297.0,332.0,,,False,,False
8476.506,LIN,41,61.0,100.132,24.318,42.986,32.828,3.0,HARD,24.0,True,Racing Bulls,126,12.0,False,254.0,211.0,175.0,332.0,,,False,,False
8584.078,LIN,41,62.0,107.572,31.523,43.761,32.288,3.0,HARD,25.0,True,Racing Bulls,6,11.0,False,187.0,167.0,237.0,276.0,,,False,,False
8681.096,LIN,41,63.0,97.018,31.477,39.825,25.716,3.0,HARD,26.0,True,Racing Bulls,671,10.0,False,172.0,244.0,295.0,257.0,,,False,,False
8764.469,LIN,41,64.0,83.373,24.204,33.711,25.458,3.0,HARD,27.0,True,Racing Bulls,1,10.0,True,257.0,261.0,295.0,331.0,,,False,,False
8847.518,LIN,41,65.0,83.049,24.145,33.589,25.315,3.0,HARD,28.0,True,Racing Bulls,1,10.0,True,262.0,267.0,296.0,332.0,,,False,,False
3312.789,COL,43,1.0,91.45,,35.379,25.673,1.0,SOFT,1.0,True,Alpine,1,11.0,False,222.0,231.0,298.0,301.0,,,False,,False
3397.049,COL,43,2.0,84.26,24.153,34.676,25.431,1.0,SOFT,2.0,True,Alpine,1,11.0,True,233.0,228.0,299.0,345.0,,,False,,False
3481.409,COL,43,3.0,84.36,24.239,34.539,25.582,1.0,SOFT,3.0,True,Alpine,1,11.0,True,234.0,233.0,294.0,347.0,,,False,,False
3565.806,COL,43,4.0,84.397,24.329,34.442,25.626,1.0,SOFT,4.0,True,Alpine,1,11.0,True,239.0,248.0,294.0,345.0,,,False,,False
3650.715,COL,43,5.0,84.909,24.455,34.675,25.779,1.0,SOFT,5.0,True,Alpine,1,11.0,True,237.0,236.0,291.0,350.0,,,False,,False
3735.663,COL,43,6.0,84.948,24.618,34.606,25.724,1.0,SOFT,6.0,True,Alpine,1,11.0,True,243.0,252.0,294.0,339.0,,,False,,False
3822.102,COL,43,7.0,86.439,24.697,35.548,26.194,1.0,SOFT,7.0,True,Alpine,1,12.0,True,234.0,242.0,289.0,347.0,,,False,,False
3907.663,COL,43,8.0,85.561,24.742,34.955,25.864,1.0,SOFT,8.0,True,Alpine,1,12.0,True,246.0,253.0,290.0,349.0,,,False,,False
3993.847,COL,43,9.0,86.184,24.832,35.15,26.202,1.0,SOFT,9.0,True,Alpine,1,12.0,True,246.0,257.0,289.0,337.0,,,False,,False
4079.949,COL,43,10.0,86.102,24.869,35.109,26.124,1.0,SOFT,10.0,True,Alpine,1,12.0,True,238.0,247.0,291.0,336.0,,,False,,False
4165.659,COL,43,11.0,85.71,24.714,34.937,26.059,1.0,SOFT,11.0,True,Alpine,1,12.0,True,236.0,250.0,292.0,338.0,,,False,,False
4255.102,COL,43,12.0,89.443,24.756,34.913,29.774,1.0,SOFT,12.0,True,Alpine,1,12.0,False,240.0,254.0,,337.0,,4252.426,False,,False
4359.201,COL,43,13.0,104.099,44.351,34.2,25.548,2.0,HARD,1.0,True,Alpine,1,18.0,False,246.0,251.0,294.0,262.0,4275.433,,False,,False
4442.947,COL,43,14.0,83.746,24.203,34.027,25.516,2.0,HARD,2.0,True,Alpine,1,16.0,True,255.0,262.0,293.0,323.0,,,False,,False
4526.713,COL,43,15.0,83.766,24.371,34.154,25.241,2.0,HARD,3.0,True,Alpine,1,14.0,True,252.0,257.0,296.0,334.0,,,False,,False
4611.048,COL,43,16.0,84.335,24.435,34.305,25.595,2.0,HARD,4.0,True,Alpine,1,13.0,True,242.0,257.0,292.0,336.0,,,False,,False
4695.381,COL,43,17.0,84.333,24.351,34.23,25.752,2.0,HARD,5.0,True,Alpine,1,13.0,True,251.0,261.0,291.0,336.0,,,False,,False
4779.446,COL,43,18.0,84.065,24.274,34.129,25.662,2.0,HARD,6.0,True,Alpine,1,12.0,True,248.0,255.0,295.0,336.0,,,False,,False
4865.069,COL,43,19.0,85.623,23.98,34.953,26.69,2.0,HARD,7.0,True,Alpine,1,13.0,True,250.0,173.0,293.0,338.0,,,False,,False
4949.486,COL,43,20.0,84.417,24.255,34.54,25.622,2.0,HARD,8.0,True,Alpine,1,13.0,True,245.0,250.0,294.0,340.0,,,False,,False
5033.583,COL,43,21.0,84.097,24.313,34.257,25.527,2.0,HARD,9.0,True,Alpine,1,13.0,True,251.0,262.0,294.0,336.0,,,False,,False
5117.759,COL,43,22.0,84.176,24.157,34.398,25.621,2.0,HARD,10.0,True,Alpine,1,13.0,True,255.0,259.0,294.0,336.0,,,False,,False
5202.228,COL,43,23.0,84.469,24.336,34.526,25.607,2.0,HARD,11.0,True,Alpine,1,12.0,True,251.0,268.0,292.0,335.0,,,False,,False
5287.255,COL,43,24.0,85.027,24.367,34.83,25.83,2.0,HARD,12.0,True,Alpine,1,12.0,True,248.0,258.0,293.0,335.0,,,True,TRACK LIMITS AT TURN 13 LAP 24 ,False
5372.163,COL,43,25.0,84.908,24.413,34.659,25.836,2.0,HARD,13.0,True,Alpine,1,12.0,True,253.0,251.0,293.0,336.0,,,False,,False
5457.124,COL,43,26.0,84.961,24.51,34.591,25.86,2.0,HARD,14.0,True,Alpine,1,12.0,True,245.0,261.0,291.0,334.0,,,False,,False
5541.616,COL,43,27.0,84.492,24.397,34.632,25.463,2.0,HARD,15.0,True,Alpine,1,12.0,True,255.0,265.0,292.0,334.0,,,False,,False
5626.198,COL,43,28.0,84.582,24.418,34.534,25.63,2.0,HARD,16.0,True,Alpine,1,12.0,True,252.0,259.0,293.0,335.0,,,False,,False
5710.572,COL,43,29.0,84.374,24.301,34.4,25.673,2.0,HARD,17.0,True,Alpine,1,11.0,True,253.0,269.0,294.0,337.0,,,False,,False
5794.908,COL,43,30.0,84.336,24.363,34.4,25.573,2.0,HARD,18.0,True,Alpine,1,11.0,True,254.0,269.0,292.0,335.0,,,False,,False
5879.549,COL,43,31.0,84.641,24.4,34.563,25.678,2.0,HARD,19.0,True,Alpine,1,11.0,True,254.0,260.0,293.0,337.0,,,False,,False
5964.292,COL,43,32.0,84.743,24.388,34.514,25.841,2.0,HARD,20.0,True,Alpine,1,11.0,True,252.0,260.0,290.0,338.0,,,False,,False
6049.924,COL,43,33.0,85.632,24.518,35.181,25.933,2.0,HARD,21.0,True,Alpine,1,11.0,True,238.0,253.0,290.0,348.0,,,True,TRACK LIMITS AT TURN 2 LAP 33 ,False
6138.575,COL,43,34.0,88.651,24.532,34.693,29.426,2.0,HARD,22.0,True,Alpine,1,11.0,False,251.0,268.0,,338.0,,6135.932,False,,False
6241.207,COL,43,35.0,102.632,43.881,33.836,24.915,3.0,HARD,1.0,True,Alpine,1,12.0,False,231.0,270.0,299.0,249.0,6158.1,,False,,False
6324.404,COL,43,36.0,83.197,24.011,33.906,25.28,3.0,HARD,2.0,True,Alpine,1,11.0,True,252.0,258.0,297.0,340.0,,,False,,False
6407.944,COL,43,37.0,83.54,24.198,33.935,25.407,3.0,HARD,3.0,True,Alpine,1,11.0,True,251.0,253.0,296.0,338.0,,,False,,False
6493.855,COL,43,38.0,85.911,25.303,35.279,25.329,3.0,HARD,4.0,True,Alpine,1,10.0,True,250.0,221.0,298.0,251.0,,,False,,False
6584.309,COL,43,39.0,90.454,23.814,33.7,32.94,3.0,HARD,5.0,True,Alpine,126,10.0,False,248.0,249.0,212.0,349.0,,,False,,False
6690.68,COL,43,40.0,106.371,31.051,44.134,31.186,3.0,HARD,6.0,True,Alpine,6,10.0,False,160.0,229.0,177.0,237.0,,,False,,False
6777.525,COL,43,41.0,86.845,28.239,33.619,24.987,3.0,HARD,7.0,True,Alpine,671,10.0,False,260.0,259.0,298.0,239.0,,,False,,False
6860.177,COL,43,42.0,82.652,23.92,33.8,24.932,3.0,HARD,8.0,True,Alpine,1,10.0,True,248.0,270.0,297.0,336.0,,,False,,False
6942.626,COL,43,43.0,82.449,23.915,33.622,24.912,3.0,HARD,9.0,True,Alpine,1,10.0,True,256.0,263.0,296.0,334.0,,,False,,False
7025.135,COL,43,44.0,82.509,23.899,33.763,24.847,3.0,HARD,10.0,True,Alpine,1,10.0,True,254.0,269.0,294.0,334.0,,,False,,False
7107.817,COL,43,45.0,82.682,23.848,33.808,25.026,3.0,HARD,11.0,True,Alpine,1,10.0,True,262.0,271.0,293.0,335.0,,,False,,False
7190.93,COL,43,46.0,83.113,23.944,33.977,25.192,3.0,HARD,12.0,True,Alpine,1,10.0,True,263.0,266.0,296.0,335.0,,,False,,False
7274.251,COL,43,47.0,83.321,24.013,33.959,25.349,3.0,HARD,13.0,True,Alpine,1,10.0,True,256.0,265.0,294.0,335.0,,,False,,False
7358.055,COL,43,48.0,83.804,24.2,33.932,25.672,3.0,HARD,14.0,True,Alpine,1,10.0,True,253.0,269.0,286.0,334.0,,,False,,False
7444.182,COL,43,49.0,86.127,25.961,34.872,25.294,3.0,HARD,15.0,True,Alpine,1,10.0,True,218.0,256.0,295.0,301.0,,,False,,False
7527.919,COL,43,50.0,83.737,24.26,34.217,25.26,3.0,HARD,16.0,True,Alpine,1,10.0,True,245.0,256.0,295.0,337.0,,,False,,False
7611.454,COL,43,51.0,83.535,24.167,34.105,25.263,3.0,HARD,17.0,True,Alpine,1,10.0,True,257.0,261.0,295.0,334.0,,,False,,False
7695.238,COL,43,52.0,83.784,24.26,34.237,25.287,3.0,HARD,18.0,True,Alpine,1,10.0,True,255.0,263.0,294.0,334.0,,,False,,False
7780.378,COL,43,53.0,85.14,24.307,35.451,25.382,3.0,HARD,19.0,True,Alpine,1,10.0,True,252.0,265.0,294.0,332.0,,,False,,False
7864.248,COL,43,54.0,83.87,24.281,34.375,25.214,3.0,HARD,20.0,True,Alpine,1,10.0,True,258.0,269.0,295.0,336.0,,,False,,False
7948.178,COL,43,55.0,83.93,24.274,34.201,25.455,3.0,HARD,21.0,True,Alpine,1,10.0,True,256.0,263.0,293.0,334.0,,,False,,False
8031.864,COL,43,56.0,83.686,24.203,34.242,25.241,3.0,HARD,22.0,True,Alpine,1,10.0,True,257.0,267.0,292.0,333.0,,,False,,False
8115.353,COL,43,57.0,83.489,24.176,33.95,25.363,3.0,HARD,23.0,True,Alpine,1,10.0,True,261.0,263.0,293.0,334.0,,,False,,False
8198.924,COL,43,58.0,83.571,24.172,34.158,25.241,3.0,HARD,24.0,True,Alpine,1,10.0,True,257.0,259.0,295.0,333.0,,,False,,False
8282.563,COL,43,59.0,83.639,24.093,34.216,25.33,3.0,HARD,25.0,True,Alpine,1,10.0,True,258.0,265.0,295.0,333.0,,,False,,False
8366.57,COL,43,60.0,84.007,24.289,34.298,25.42,3.0,HARD,26.0,True,Alpine,1,10.0,True,259.0,264.0,295.0,333.0,,,False,,False
8466.805,COL,43,61.0,100.235,24.249,43.011,32.975,3.0,HARD,27.0,True,Alpine,126,10.0,False,256.0,149.0,246.0,334.0,,,False,,False
8572.563,COL,43,62.0,105.758,28.816,44.438,32.504,3.0,HARD,28.0,True,Alpine,6,9.0,False,183.0,197.0,214.0,273.0,,,False,,False
8670.895,COL,43,63.0,98.332,31.744,41.199,25.389,3.0,HARD,29.0,True,Alpine,671,8.0,False,216.0,254.0,295.0,236.0,,,False,,False
8755.047,COL,43,64.0,84.152,24.324,34.22,25.608,3.0,HARD,30.0,True,Alpine,1,8.0,True,249.0,255.0,294.0,332.0,,,False,,False
8839.311,COL,43,65.0,84.264,24.337,34.25,25.677,3.0,HARD,31.0,True,Alpine,1,8.0,True,259.0,255.0,294.0,332.0,,,False,,False
3306.978,HAM,44,1.0,85.639,,33.242,24.404,1.0,SOFT,3.0,False,Ferrari,1,2.0,False,244.0,259.0,292.0,295.0,,,False,,False
3388.688,HAM,44,2.0,81.71,24.069,33.165,24.476,1.0,SOFT,4.0,False,Ferrari,1,2.0,True,247.0,262.0,295.0,325.0,,,False,,False
3470.758,HAM,44,3.0,82.07,24.085,33.219,24.766,1.0,SOFT,5.0,False,Ferrari,1,2.0,True,242.0,263.0,293.0,322.0,,,False,,False
3553.337,HAM,44,4.0,82.579,24.102,33.501,24.976,1.0,SOFT,6.0,False,Ferrari,1,2.0,True,241.0,255.0,292.0,323.0,,,False,,False
3635.639,HAM,44,5.0,82.302,24.17,33.322,24.81,1.0,SOFT,7.0,False,Ferrari,1,2.0,True,246.0,261.0,292.0,322.0,,,False,,False
3718.529,HAM,44,6.0,82.89,24.289,33.476,25.125,1.0,SOFT,8.0,False,Ferrari,1,2.0,True,247.0,258.0,291.0,322.0,,,False,,False
3801.466,HAM,44,7.0,82.937,24.111,33.479,25.347,1.0,SOFT,9.0,False,Ferrari,1,2.0,True,258.0,256.0,288.0,324.0,,,False,,False
3884.817,HAM,44,8.0,83.351,24.072,33.88,25.399,1.0,SOFT,10.0,False,Ferrari,1,2.0,True,258.0,257.0,290.0,325.0,,,False,,False
3968.279,HAM,44,9.0,83.462,24.25,33.677,25.535,1.0,SOFT,11.0,False,Ferrari,1,2.0,True,257.0,264.0,290.0,324.0,,,False,,False
4051.855,HAM,44,10.0,83.576,24.267,33.672,25.637,1.0,SOFT,12.0,False,Ferrari,1,2.0,True,259.0,252.0,290.0,324.0,,,False,,False
4139.683,HAM,44,11.0,87.828,24.458,33.568,29.802,1.0,SOFT,13.0,False,Ferrari,1,4.0,False,256.0,255.0,,324.0,,4137.031,False,,False
4240.483,HAM,44,12.0,100.8,43.608,32.602,24.59,2.0,HARD,1.0,True,Ferrari,1,7.0,False,259.0,265.0,292.0,251.0,4159.431,,False,,False
4321.916,HAM,44,13.0,81.433,23.901,32.88,24.652,2.0,HARD,2.0,True,Ferrari,1,6.0,True,254.0,271.0,295.0,311.0,,,False,,False
4403.991,HAM,44,14.0,82.075,24.015,33.061,24.999,2.0,HARD,3.0,True,Ferrari,1,5.0,True,251.0,267.0,292.0,319.0,,,False,,False
4485.902,HAM,44,15.0,81.911,23.952,33.17,24.789,2.0,HARD,4.0,True,Ferrari,1,3.0,True,255.0,255.0,294.0,311.0,,,False,,False
4568.053,HAM,44,16.0,82.151,24.04,33.051,25.06,2.0,HARD,5.0,True,Ferrari,1,3.0,True,252.0,259.0,292.0,325.0,,,False,,False
4650.054,HAM,44,17.0,82.001,23.924,33.086,24.991,2.0,HARD,6.0,True,Ferrari,1,2.0,True,251.0,256.0,293.0,335.0,,,False,,False
4732.219,HAM,44,18.0,82.165,23.884,33.168,25.113,2.0,HARD,7.0,True,Ferrari,1,2.0,True,263.0,264.0,292.0,326.0,,,False,,False
4814.683,HAM,44,19.0,82.464,23.985,33.375,25.104,2.0,HARD,8.0,True,Ferrari,1,2.0,True,262.0,257.0,293.0,325.0,,,False,,False
4897.301,HAM,44,20.0,82.618,23.962,33.442,25.214,2.0,HARD,9.0,True,Ferrari,1,2.0,True,259.0,253.0,292.0,326.0,,,False,,False
4980.029,HAM,44,21.0,82.728,24.022,33.393,25.313,2.0,HARD,10.0,True,Ferrari,1,2.0,True,258.0,254.0,292.0,326.0,,,False,,False
5062.92,HAM,44,22.0,82.891,23.904,33.51,25.477,2.0,HARD,11.0,True,Ferrari,1,2.0,True,262.0,251.0,292.0,327.0,,,False,,False
5145.846,HAM,44,23.0,82.926,23.947,33.416,25.563,2.0,HARD,12.0,True,Ferrari,1,2.0,True,262.0,253.0,292.0,328.0,,,False,,False
5228.735,HAM,44,24.0,82.889,24.172,33.426,25.291,2.0,HARD,13.0,True,Ferrari,1,2.0,True,263.0,261.0,292.0,331.0,,,False,,False
5312.0,HAM,44,25.0,83.265,24.08,33.787,25.398,2.0,HARD,14.0,True,Ferrari,1,2.0,True,259.0,253.0,292.0,328.0,,,False,,False
5395.331,HAM,44,26.0,83.331,24.12,33.716,25.495,2.0,HARD,15.0,True,Ferrari,1,2.0,True,260.0,251.0,293.0,327.0,,,False,,False
5482.355,HAM,44,27.0,87.024,24.153,33.666,29.205,2.0,HARD,16.0,True,Ferrari,1,4.0,False,267.0,259.0,,330.0,,5479.621,False,,False
5582.212,HAM,44,28.0,99.857,43.068,32.294,24.495,3.0,MEDIUM,1.0,True,Ferrari,1,7.0,False,263.0,272.0,300.0,262.0,5502.187,,False,,False
5662.845,HAM,44,29.0,80.633,23.614,32.588,24.431,3.0,MEDIUM,2.0,True,Ferrari,1,6.0,True,255.0,261.0,296.0,330.0,,,False,,False
5743.755,HAM,44,30.0,80.91,23.83,32.63,24.45,3.0,MEDIUM,3.0,True,Ferrari,1,5.0,True,257.0,260.0,296.0,314.0,,,False,,False
5824.48,HAM,44,31.0,80.725,23.556,32.668,24.501,3.0,MEDIUM,4.0,True,Ferrari,1,5.0,True,263.0,266.0,296.0,325.0,,,False,,False
5905.335,HAM,44,32.0,80.855,23.452,32.668,24.735,3.0,MEDIUM,5.0,True,Ferrari,1,4.0,True,257.0,265.0,294.0,338.0,,,False,,False
5986.412,HAM,44,33.0,81.077,23.622,32.874,24.581,3.0,MEDIUM,6.0,True,Ferrari,1,4.0,True,259.0,271.0,297.0,325.0,,,False,,False
6067.366,HAM,44,34.0,80.954,23.611,32.639,24.704,3.0,MEDIUM,7.0,True,Ferrari,1,4.0,True,267.0,268.0,295.0,330.0,,,False,,False
6148.517,HAM,44,35.0,81.151,23.713,32.692,24.746,3.0,MEDIUM,8.0,True,Ferrari,1,3.0,True,258.0,266.0,294.0,328.0,,,False,,False
6229.744,HAM,44,36.0,81.227,23.677,32.882,24.668,3.0,MEDIUM,9.0,True,Ferrari,1,3.0,True,268.0,268.0,294.0,323.0,,,False,,False
6310.723,HAM,44,37.0,80.979,23.572,32.754,24.653,3.0,MEDIUM,10.0,True,Ferrari,1,2.0,True,268.0,271.0,293.0,324.0,,,False,,False
6392.083,HAM,44,38.0,81.36,23.767,32.79,24.803,3.0,MEDIUM,11.0,True,Ferrari,1,1.0,True,263.0,269.0,294.0,322.0,,,False,,False
6473.942,HAM,44,39.0,81.859,23.812,32.904,25.143,3.0,MEDIUM,12.0,True,Ferrari,1,1.0,True,261.0,275.0,292.0,325.0,,,False,,False
6555.621,HAM,44,40.0,81.679,23.808,33.034,24.837,3.0,MEDIUM,13.0,True,Ferrari,12,1.0,True,265.0,274.0,294.0,322.0,,,False,,False
6666.506,HAM,44,41.0,110.885,31.37,46.493,33.022,3.0,MEDIUM,14.0,True,Ferrari,26,1.0,False,180.0,215.0,,167.0,,6663.817,False,,False
6767.561,HAM,44,42.0,101.055,45.719,31.391,23.945,4.0,HARD,1.0,True,Ferrari,671,1.0,False,266.0,273.0,300.0,264.0,6686.586,,False,,False
6847.875,HAM,44,43.0,80.314,23.712,32.3,24.302,4.0,HARD,2.0,True,Ferrari,1,1.0,True,248.0,278.0,295.0,324.0,,,False,,False
6927.997,HAM,44,44.0,80.122,23.533,32.255,24.334,4.0,HARD,3.0,True,Ferrari,1,1.0,True,258.0,268.0,297.0,321.0,,,False,,False
7008.126,HAM,44,45.0,80.129,23.648,32.201,24.28,4.0,HARD,4.0,True,Ferrari,1,1.0,True,259.0,271.0,298.0,322.0,,,False,,False
7088.495,HAM,44,46.0,80.369,23.683,32.344,24.342,4.0,HARD,5.0,True,Ferrari,1,1.0,True,256.0,264.0,298.0,322.0,,,False,,False
7168.677,HAM,44,47.0,80.182,23.389,32.305,24.488,4.0,HARD,6.0,True,Ferrari,1,1.0,True,261.0,265.0,295.0,323.0,,,False,,False
7248.99,HAM,44,48.0,80.313,23.385,32.433,24.495,4.0,HARD,7.0,True,Ferrari,1,1.0,True,263.0,266.0,297.0,323.0,,,False,,False
7329.87,HAM,44,49.0,80.88,23.548,32.817,24.515,4.0,HARD,8.0,True,Ferrari,1,1.0,True,266.0,267.0,297.0,323.0,,,False,,False
7410.163,HAM,44,50.0,80.293,23.507,32.339,24.447,4.0,HARD,9.0,True,Ferrari,1,1.0,True,267.0,266.0,296.0,325.0,,,False,,False
7491.15,HAM,44,51.0,80.987,23.619,32.787,24.581,4.0,HARD,10.0,True,Ferrari,1,1.0,True,258.0,263.0,295.0,323.0,,,False,,False
7571.921,HAM,44,52.0,80.771,23.616,32.474,24.681,4.0,HARD,11.0,True,Ferrari,1,1.0,True,266.0,272.0,295.0,324.0,,,False,,False
7653.187,HAM,44,53.0,81.266,23.761,32.768,24.737,4.0,HARD,12.0,True,Ferrari,1,1.0,True,260.0,261.0,298.0,325.0,,,False,,False
7734.167,HAM,44,54.0,80.98,23.745,32.566,24.669,4.0,HARD,13.0,True,Ferrari,1,1.0,True,263.0,265.0,297.0,330.0,,,False,,False
7815.231,HAM,44,55.0,81.064,23.607,32.755,24.702,4.0,HARD,14.0,True,Ferrari,1,1.0,True,261.0,267.0,297.0,324.0,,,False,,False
7896.314,HAM,44,56.0,81.083,23.653,32.68,24.75,4.0,HARD,15.0,True,Ferrari,1,1.0,True,264.0,262.0,298.0,326.0,,,False,,False
7977.727,HAM,44,57.0,81.413,23.633,32.918,24.862,4.0,HARD,16.0,True,Ferrari,1,1.0,True,263.0,266.0,297.0,329.0,,,False,,False
8059.229,HAM,44,58.0,81.502,23.853,32.763,24.886,4.0,HARD,17.0,True,Ferrari,1,1.0,True,262.0,255.0,295.0,328.0,,,False,,False
8140.34,HAM,44,59.0,81.111,23.745,32.697,24.669,4.0,HARD,18.0,True,Ferrari,1,1.0,True,264.0,265.0,296.0,322.0,,,False,,False
8221.51,HAM,44,60.0,81.17,23.726,32.711,24.733,4.0,HARD,19.0,True,Ferrari,1,1.0,True,269.0,262.0,295.0,324.0,,,False,,False
8302.916,HAM,44,61.0,81.406,23.736,32.707,24.963,4.0,HARD,20.0,True,Ferrari,1,1.0,True,265.0,267.0,296.0,325.0,,,False,,False
8384.29,HAM,44,62.0,81.374,23.804,32.783,24.787,4.0,HARD,21.0,True,Ferrari,1,1.0,True,270.0,267.0,296.0,328.0,,,False,,False
8487.354,HAM,44,63.0,103.064,24.561,48.226,30.277,4.0,HARD,22.0,True,Ferrari,126,1.0,False,175.0,214.0,218.0,325.0,,,False,,False
8594.68,HAM,44,64.0,107.326,30.896,44.28,32.15,4.0,HARD,23.0,True,Ferrari,6,1.0,False,182.0,231.0,219.0,230.0,,,False,,False
8687.339,HAM,44,65.0,92.659,31.066,36.779,24.814,4.0,HARD,24.0,True,Ferrari,671,1.0,False,193.0,254.0,295.0,242.0,,,False,,False
8769.444,HAM,44,66.0,82.105,24.038,32.88,25.187,4.0,HARD,25.0,True,Ferrari,1,1.0,True,263.0,259.0,246.0,327.0,,,False,,False
3315.508,BOR,5,1.0,94.169,,36.099,26.436,1.0,MEDIUM,1.0,True,Audi,1,17.0,False,225.0,235.0,295.0,283.0,,,False,,False
3400.53,BOR,5,2.0,85.022,24.62,34.713,25.689,1.0,MEDIUM,2.0,True,Audi,1,17.0,True,230.0,248.0,296.0,357.0,,,False,,False
3485.608,BOR,5,3.0,85.078,24.227,35.021,25.83,1.0,MEDIUM,3.0,True,Audi,1,17.0,True,228.0,245.0,291.0,357.0,,,False,,False
3570.721,BOR,5,4.0,85.113,24.314,34.841,25.958,1.0,MEDIUM,4.0,True,Audi,1,17.0,True,231.0,246.0,293.0,353.0,,,False,,False
3656.163,BOR,5,5.0,85.442,24.496,35.006,25.94,1.0,MEDIUM,5.0,True,Audi,1,17.0,True,239.0,249.0,291.0,353.0,,,False,,False
3741.711,BOR,5,6.0,85.548,24.556,34.96,26.032,1.0,MEDIUM,6.0,True,Audi,1,17.0,True,242.0,257.0,290.0,347.0,,,False,,False
3827.935,BOR,5,7.0,86.224,24.691,35.084,26.449,1.0,MEDIUM,7.0,True,Audi,1,17.0,True,241.0,248.0,287.0,348.0,,,False,,False
3914.282,BOR,5,8.0,86.347,24.766,35.257,26.324,1.0,MEDIUM,8.0,True,Audi,1,17.0,True,247.0,239.0,287.0,346.0,,,False,,False
4000.583,BOR,5,9.0,86.301,24.779,35.23,26.292,1.0,MEDIUM,9.0,True,Audi,1,17.0,True,244.0,252.0,290.0,346.0,,,False,,False
4087.009,BOR,5,10.0,86.426,24.757,35.253,26.416,1.0,MEDIUM,10.0,True,Audi,1,17.0,True,246.0,250.0,287.0,345.0,,,False,,False
4173.609,BOR,5,11.0,86.6,24.8,35.304,26.496,1.0,MEDIUM,11.0,True,Audi,1,17.0,True,248.0,255.0,288.0,349.0,,,False,,False
4260.401,BOR,5,12.0,86.792,24.831,35.313,26.648,1.0,MEDIUM,12.0,True,Audi,1,16.0,True,246.0,244.0,287.0,350.0,,,False,,False
4347.2,BOR,5,13.0,86.799,24.907,35.185,26.707,1.0,MEDIUM,13.0,True,Audi,1,14.0,True,247.0,253.0,286.0,338.0,,,False,,False
4433.726,BOR,5,14.0,86.526,24.873,35.05,26.603,1.0,MEDIUM,14.0,True,Audi,1,13.0,True,246.0,245.0,286.0,345.0,,,False,,False
4523.532,BOR,5,15.0,89.806,24.882,34.87,30.054,1.0,MEDIUM,15.0,True,Audi,1,12.0,False,250.0,257.0,,331.0,,4520.757,False,,False
4628.353,BOR,5,16.0,104.821,45.359,34.029,25.433,2.0,HARD,1.0,True,Audi,1,19.0,False,250.0,256.0,298.0,237.0,4543.543,,False,,False
4711.823,BOR,5,17.0,83.47,23.966,34.013,25.491,2.0,HARD,2.0,True,Audi,1,18.0,True,254.0,255.0,292.0,345.0,,,False,,False
4795.746,BOR,5,18.0,83.923,24.377,34.178,25.368,2.0,HARD,3.0,True,Audi,1,17.0,True,248.0,263.0,291.0,336.0,,,False,,False
4879.297,BOR,5,19.0,83.551,24.165,33.984,25.402,2.0,HARD,4.0,True,Audi,1,16.0,True,258.0,261.0,292.0,327.0,,,False,,False
4963.365,BOR,5,20.0,84.068,24.336,34.164,25.568,2.0,HARD,5.0,True,Audi,1,16.0,True,258.0,259.0,292.0,325.0,,,False,,False
5047.201,BOR,5,21.0,83.836,24.331,33.978,25.527,2.0,HARD,6.0,True,Audi,1,16.0,True,255.0,264.0,293.0,329.0,,,False,,False
5131.115,BOR,5,22.0,83.914,24.217,34.148,25.549,2.0,HARD,7.0,True,Audi,1,16.0,True,262.0,263.0,292.0,329.0,,,False,,False
5215.84,BOR,5,23.0,84.725,24.149,34.609,25.967,2.0,HARD,8.0,True,Audi,1,15.0,True,251.0,262.0,293.0,346.0,,,False,,False
5299.909,BOR,5,24.0,84.069,24.154,34.325,25.59,2.0,HARD,9.0,True,Audi,1,14.0,True,255.0,260.0,292.0,350.0,,,False,,False
5384.108,BOR,5,25.0,84.199,24.256,34.24,25.703,2.0,HARD,10.0,True,Audi,1,14.0,True,258.0,257.0,290.0,330.0,,,False,,False
5469.025,BOR,5,26.0,84.917,24.509,34.541,25.867,2.0,HARD,11.0,True,Audi,1,14.0,True,255.0,264.0,290.0,332.0,,,False,,False
5553.619,BOR,5,27.0,84.594,24.39,34.391,25.813,2.0,HARD,12.0,True,Audi,1,14.0,True,258.0,263.0,291.0,332.0,,,False,,False
5638.799,BOR,5,28.0,85.18,24.303,34.72,26.157,2.0,HARD,13.0,True,Audi,1,14.0,True,255.0,253.0,290.0,335.0,,,False,,False
5724.552,BOR,5,29.0,85.753,24.872,34.713,26.168,2.0,HARD,14.0,True,Audi,1,14.0,True,256.0,258.0,289.0,351.0,,,False,,False
5811.618,BOR,5,30.0,87.066,24.446,36.587,26.033,2.0,HARD,15.0,True,Audi,1,12.0,True,249.0,259.0,292.0,347.0,,,False,,False
5899.071,BOR,5,31.0,87.453,25.306,35.85,26.297,2.0,HARD,16.0,True,Audi,1,13.0,True,256.0,257.0,289.0,335.0,,,False,,False
5985.048,BOR,5,32.0,85.977,24.738,34.883,26.356,2.0,HARD,17.0,True,Audi,1,13.0,True,250.0,256.0,290.0,334.0,,,False,,False
6074.873,BOR,5,33.0,89.825,25.197,34.88,29.748,2.0,HARD,18.0,True,Audi,1,14.0,False,206.0,260.0,,334.0,,6072.042,False,,False
6178.699,BOR,5,34.0,103.826,44.56,33.774,25.492,3.0,HARD,1.0,True,Audi,1,16.0,False,253.0,256.0,294.0,234.0,6094.287,,False,,False
6262.338,BOR,5,35.0,83.639,24.378,33.844,25.417,3.0,HARD,2.0,True,Audi,1,15.0,True,252.0,262.0,293.0,325.0,,,False,,False
6346.122,BOR,5,36.0,83.784,24.299,33.979,25.506,3.0,HARD,3.0,True,Audi,1,15.0,True,252.0,266.0,292.0,325.0,,,False,,False
6429.688,BOR,5,37.0,83.566,24.297,33.974,25.295,3.0,HARD,4.0,True,Audi,1,15.0,True,253.0,264.0,294.0,323.0,,,False,,False
6513.864,BOR,5,38.0,84.176,24.445,34.318,25.413,3.0,HARD,5.0,True,Audi,1,15.0,True,252.0,262.0,294.0,325.0,,,False,,False
6611.828,BOR,5,39.0,97.964,24.85,42.288,30.826,3.0,HARD,6.0,True,Audi,126,15.0,False,204.0,208.0,249.0,333.0,,,False,,False
6715.932,BOR,5,40.0,104.104,32.007,44.275,27.822,3.0,HARD,7.0,True,Audi,671,14.0,False,225.0,187.0,297.0,276.0,,,False,,False
6798.857,BOR,5,41.0,82.925,24.153,33.559,25.213,3.0,HARD,8.0,True,Audi,1,14.0,True,261.0,261.0,297.0,336.0,,,False,,False
6883.498,BOR,5,42.0,84.641,25.166,34.278,25.197,3.0,HARD,9.0,True,Audi,1,14.0,True,225.0,268.0,294.0,335.0,,,False,,False
6966.057,BOR,5,43.0,82.559,23.927,33.645,24.987,3.0,HARD,10.0,True,Audi,1,14.0,True,261.0,273.0,296.0,336.0,,,False,,False
7048.872,BOR,5,44.0,82.815,23.942,33.75,25.123,3.0,HARD,11.0,True,Audi,1,14.0,True,263.0,273.0,293.0,336.0,,,False,,False
7132.091,BOR,5,45.0,83.219,24.056,33.895,25.268,3.0,HARD,12.0,True,Audi,1,14.0,True,262.0,267.0,296.0,336.0,,,False,,False
7215.708,BOR,5,46.0,83.617,24.09,33.968,25.559,3.0,HARD,13.0,True,Audi,1,14.0,True,261.0,263.0,294.0,339.0,,,False,,False
7299.898,BOR,5,47.0,84.19,24.128,34.034,26.028,3.0,HARD,14.0,True,Audi,1,14.0,True,259.0,264.0,291.0,350.0,,,False,,False
7385.42,BOR,5,48.0,85.522,25.074,34.531,25.917,3.0,HARD,15.0,True,Audi,1,15.0,True,254.0,246.0,296.0,336.0,,,False,,False
7470.006,BOR,5,49.0,84.586,24.443,34.482,25.661,3.0,HARD,16.0,True,Audi,1,15.0,True,254.0,262.0,296.0,338.0,,,False,,False
7554.163,BOR,5,50.0,84.157,24.41,34.096,25.651,3.0,HARD,17.0,True,Audi,1,15.0,True,267.0,271.0,295.0,336.0,,,False,,False
7638.141,BOR,5,51.0,83.978,24.259,34.15,25.569,3.0,HARD,18.0,True,Audi,1,15.0,True,266.0,271.0,293.0,335.0,,,False,,False
7722.235,BOR,5,52.0,84.094,24.281,34.188,25.625,3.0,HARD,19.0,True,Audi,1,15.0,True,262.0,266.0,295.0,336.0,,,False,,False
7810.553,BOR,5,53.0,88.318,24.494,34.291,29.533,3.0,HARD,20.0,True,Audi,1,15.0,False,265.0,270.0,,337.0,,7807.708,False,,False
7915.992,BOR,5,54.0,105.439,47.56,32.993,24.886,4.0,SOFT,1.0,True,Audi,1,16.0,False,254.0,278.0,296.0,247.0,7833.691,,False,,False
7997.438,BOR,5,55.0,81.446,23.8,32.875,24.771,4.0,SOFT,2.0,True,Audi,1,16.0,True,270.0,271.0,299.0,333.0,,,False,,False
8080.219,BOR,5,56.0,82.781,24.178,33.431,25.172,4.0,SOFT,3.0,True,Audi,1,14.0,True,266.0,261.0,298.0,337.0,,,False,,False
8161.749,BOR,5,57.0,81.53,23.631,33.077,24.822,4.0,SOFT,4.0,True,Audi,1,14.0,True,266.0,281.0,299.0,334.0,,,False,,False
8243.94,BOR,5,58.0,82.191,23.919,33.429,24.843,4.0,SOFT,5.0,True,Audi,1,14.0,True,266.0,276.0,298.0,332.0,,,False,,False
8326.485,BOR,5,59.0,82.545,24.029,33.451,25.065,4.0,SOFT,6.0,True,Audi,1,14.0,True,268.0,268.0,296.0,331.0,,,False,,False
8409.514,BOR,5,60.0,83.029,24.006,33.411,25.612,4.0,SOFT,7.0,True,Audi,126,13.0,False,268.0,273.0,211.0,336.0,,,False,,False
8519.539,BOR,5,61.0,110.025,34.548,42.589,32.888,4.0,SOFT,8.0,True,Audi,6,13.0,False,224.0,173.0,188.0,163.0,,,False,,False
8627.048,BOR,5,62.0,107.509,32.831,41.771,32.907,4.0,SOFT,9.0,True,Audi,6,12.0,False,238.0,228.0,193.0,195.0,,,False,,False
8714.147,BOR,5,63.0,87.099,27.158,34.891,25.05,4.0,SOFT,10.0,True,Audi,671,11.0,False,252.0,260.0,299.0,255.0,,,False,,False
8796.131,BOR,5,64.0,81.984,23.835,33.312,24.837,4.0,SOFT,11.0,True,Audi,1,11.0,True,260.0,272.0,298.0,329.0,,,False,,False
3313.823,SAI,55,1.0,92.484,,35.981,25.792,1.0,SOFT,1.0,True,Williams,1,13.0,False,235.0,236.0,296.0,296.0,,,False,,False
3398.609,SAI,55,2.0,84.786,24.416,34.682,25.688,1.0,SOFT,2.0,True,Williams,1,13.0,True,236.0,249.0,293.0,353.0,,,False,,False
3483.928,SAI,55,3.0,85.319,24.575,35.08,25.664,1.0,SOFT,3.0,True,Williams,1,14.0,True,226.0,248.0,291.0,349.0,,,False,,False
3568.651,SAI,55,4.0,84.723,24.534,34.572,25.617,1.0,SOFT,4.0,True,Williams,1,14.0,True,248.0,250.0,290.0,337.0,,,False,,False
3653.65,SAI,55,5.0,84.999,24.655,34.639,25.705,1.0,SOFT,5.0,True,Williams,1,14.0,True,247.0,259.0,289.0,337.0,,,False,,False
3738.928,SAI,55,6.0,85.278,24.727,34.768,25.783,1.0,SOFT,6.0,True,Williams,1,14.0,True,249.0,253.0,287.0,336.0,,,False,,False
3824.496,SAI,55,7.0,85.568,24.782,34.74,26.046,1.0,SOFT,7.0,True,Williams,1,14.0,True,242.0,256.0,287.0,336.0,,,False,,False
3910.252,SAI,55,8.0,85.756,24.821,34.931,26.004,1.0,SOFT,8.0,True,Williams,1,14.0,True,243.0,254.0,289.0,334.0,,,False,,False
3996.368,SAI,55,9.0,86.116,24.984,35.038,26.094,1.0,SOFT,9.0,True,Williams,1,14.0,True,245.0,257.0,286.0,334.0,,,False,,False
4082.509,SAI,55,10.0,86.141,24.994,35.031,26.116,1.0,SOFT,10.0,True,Williams,1,14.0,True,250.0,255.0,286.0,334.0,,,False,,False
4168.905,SAI,55,11.0,86.396,24.943,35.15,26.303,1.0,SOFT,11.0,True,Williams,1,14.0,True,241.0,249.0,286.0,334.0,,,False,,False
4255.24,SAI,55,12.0,86.335,24.951,35.184,26.2,1.0,SOFT,12.0,True,Williams,1,13.0,True,248.0,250.0,287.0,333.0,,,False,,False
4341.52,SAI,55,13.0,86.28,25.017,35.097,26.166,1.0,SOFT,13.0,True,Williams,1,12.0,True,246.0,262.0,285.0,333.0,,,False,,False
4431.408,SAI,55,14.0,89.888,24.947,34.956,29.985,1.0,SOFT,14.0,True,Williams,1,11.0,False,250.0,259.0,,331.0,,4428.776,False,,False
4536.285,SAI,55,15.0,104.877,45.349,34.118,25.41,2.0,HARD,1.0,True,Williams,1,17.0,False,237.0,251.0,293.0,237.0,4451.693,,False,,False
4620.383,SAI,55,16.0,84.098,24.502,34.176,25.42,2.0,HARD,2.0,True,Williams,1,15.0,True,251.0,260.0,288.0,337.0,,,False,,False
4704.82,SAI,55,17.0,84.437,24.5,34.358,25.579,2.0,HARD,3.0,True,Williams,1,15.0,True,249.0,258.0,287.0,330.0,,,False,,False
4789.018,SAI,55,18.0,84.198,24.59,34.197,25.411,2.0,HARD,4.0,True,Williams,1,15.0,True,245.0,262.0,289.0,330.0,,,False,,False
4873.279,SAI,55,19.0,84.261,24.408,34.37,25.483,2.0,HARD,5.0,True,Williams,1,14.0,True,248.0,255.0,288.0,330.0,,,False,,False
4957.689,SAI,55,20.0,84.41,24.569,34.349,25.492,2.0,HARD,6.0,True,Williams,1,14.0,True,250.0,261.0,289.0,329.0,,,False,,False
5042.288,SAI,55,21.0,84.599,24.534,34.446,25.619,2.0,HARD,7.0,True,Williams,1,14.0,True,253.0,262.0,290.0,329.0,,,False,,False
5127.135,SAI,55,22.0,84.847,24.56,34.42,25.867,2.0,HARD,8.0,True,Williams,1,14.0,True,251.0,258.0,288.0,330.0,,,False,,False
5211.858,SAI,55,23.0,84.723,24.566,34.47,25.687,2.0,HARD,9.0,True,Williams,1,13.0,True,257.0,259.0,288.0,331.0,,,False,,False
5296.901,SAI,55,24.0,85.043,24.67,34.508,25.865,2.0,HARD,10.0,True,Williams,1,13.0,True,255.0,252.0,288.0,331.0,,,False,,False
5381.921,SAI,55,25.0,85.02,24.593,34.552,25.875,2.0,HARD,11.0,True,Williams,1,13.0,True,252.0,261.0,288.0,330.0,,,False,,False
5467.404,SAI,55,26.0,85.483,24.706,34.793,25.984,2.0,HARD,12.0,True,Williams,1,13.0,True,252.0,251.0,288.0,329.0,,,False,,False
5552.506,SAI,55,27.0,85.102,24.71,34.6,25.792,2.0,HARD,13.0,True,Williams,1,13.0,True,248.0,259.0,288.0,330.0,,,False,,False
5638.23,SAI,55,28.0,85.724,24.744,34.978,26.002,2.0,HARD,14.0,True,Williams,1,13.0,True,245.0,255.0,289.0,328.0,,,False,,False
5723.583,SAI,55,29.0,85.353,24.937,34.68,25.736,2.0,HARD,15.0,True,Williams,1,13.0,True,243.0,263.0,290.0,330.0,,,False,,False
5812.328,SAI,55,30.0,88.745,24.722,34.595,29.428,2.0,HARD,16.0,True,Williams,1,14.0,False,248.0,265.0,,329.0,,5809.565,False,,False
5917.387,SAI,55,31.0,105.059,45.104,34.418,25.537,3.0,HARD,1.0,True,Williams,1,16.0,False,231.0,250.0,291.0,245.0,5832.257,,False,,False
6001.006,SAI,55,32.0,83.619,24.192,34.012,25.415,3.0,HARD,2.0,True,Williams,1,16.0,True,244.0,261.0,291.0,339.0,,,False,,False
6084.975,SAI,55,33.0,83.969,24.39,34.099,25.48,3.0,HARD,3.0,True,Williams,1,16.0,True,255.0,260.0,289.0,335.0,,,False,,False
6169.468,SAI,55,34.0,84.493,24.477,34.413,25.603,3.0,HARD,4.0,True,Williams,1,14.0,True,251.0,262.0,289.0,332.0,,,False,,False
6255.703,SAI,55,35.0,86.235,25.089,35.476,25.67,3.0,HARD,5.0,True,Williams,1,14.0,True,243.0,258.0,291.0,331.0,,,False,,False
6339.652,SAI,55,36.0,83.949,24.395,34.14,25.414,3.0,HARD,6.0,True,Williams,1,14.0,True,252.0,266.0,291.0,333.0,,,False,,False
6423.648,SAI,55,37.0,83.996,24.518,34.118,25.36,3.0,HARD,7.0,True,Williams,1,14.0,True,258.0,267.0,291.0,331.0,,,False,,False
6507.831,SAI,55,38.0,84.183,24.48,34.356,25.347,3.0,HARD,8.0,True,Williams,1,13.0,True,241.0,262.0,290.0,331.0,,,False,,False
6602.778,SAI,55,39.0,94.947,24.351,40.037,30.559,3.0,HARD,9.0,True,Williams,126,13.0,False,254.0,203.0,193.0,332.0,,,False,,False
6708.126,SAI,55,40.0,105.348,31.449,45.058,28.841,3.0,HARD,10.0,True,Williams,671,12.0,False,168.0,219.0,282.0,272.0,,,False,,False
6792.024,SAI,55,41.0,83.898,24.713,34.036,25.149,3.0,HARD,11.0,True,Williams,1,12.0,True,251.0,269.0,291.0,327.0,,,False,,False
6877.702,SAI,55,42.0,85.678,24.965,35.296,25.417,3.0,HARD,12.0,True,Williams,1,12.0,True,220.0,265.0,291.0,331.0,,,False,,False
6961.184,SAI,55,43.0,83.482,24.304,33.954,25.224,3.0,HARD,13.0,True,Williams,1,12.0,True,257.0,269.0,293.0,334.0,,,False,,False
7045.904,SAI,55,44.0,84.72,24.992,34.413,25.315,3.0,HARD,14.0,True,Williams,1,12.0,True,234.0,267.0,294.0,332.0,,,False,,False
7130.872,SAI,55,45.0,84.968,25.192,34.304,25.472,3.0,HARD,15.0,True,Williams,1,13.0,True,241.0,268.0,291.0,333.0,,,False,,False
7214.828,SAI,55,46.0,83.956,24.368,34.186,25.402,3.0,HARD,16.0,True,Williams,1,13.0,True,257.0,263.0,291.0,334.0,,,False,,False
7298.531,SAI,55,47.0,83.703,24.353,34.011,25.339,3.0,HARD,17.0,True,Williams,1,13.0,True,260.0,272.0,292.0,332.0,,,False,,False
7382.261,SAI,55,48.0,83.73,24.344,34.022,25.364,3.0,HARD,18.0,True,Williams,1,13.0,True,254.0,266.0,293.0,332.0,,,False,,False
7466.479,SAI,55,49.0,84.218,24.518,34.247,25.453,3.0,HARD,19.0,True,Williams,1,13.0,True,257.0,268.0,290.0,331.0,,,False,,False
7550.697,SAI,55,50.0,84.218,24.531,34.202,25.485,3.0,HARD,20.0,True,Williams,1,13.0,True,257.0,267.0,291.0,330.0,,,False,,False
7634.775,SAI,55,51.0,84.078,24.505,34.121,25.452,3.0,HARD,21.0,True,Williams,1,13.0,True,260.0,272.0,291.0,330.0,,,False,,False
7719.301,SAI,55,52.0,84.526,24.542,34.387,25.597,3.0,HARD,22.0,True,Williams,1,13.0,True,255.0,269.0,291.0,329.0,,,False,,False
7803.794,SAI,55,53.0,84.493,24.539,34.419,25.535,3.0,HARD,23.0,True,Williams,1,13.0,True,256.0,277.0,291.0,330.0,,,False,,False
7888.375,SAI,55,54.0,84.581,24.695,34.331,25.555,3.0,HARD,24.0,True,Williams,1,13.0,True,257.0,271.0,292.0,329.0,,,False,,False
7977.434,SAI,55,55.0,89.059,24.692,35.001,29.366,3.0,HARD,25.0,True,Williams,1,14.0,False,256.0,258.0,,328.0,,7974.754,False,,False
8081.228,SAI,55,56.0,103.794,44.488,33.671,25.635,4.0,MEDIUM,1.0,True,Williams,1,16.0,False,232.0,262.0,302.0,253.0,7997.432,,False,,False
8163.508,SAI,55,57.0,82.28,24.019,33.477,24.784,4.0,MEDIUM,2.0,True,Williams,1,15.0,True,258.0,271.0,296.0,341.0,,,False,,False
8245.569,SAI,55,58.0,82.061,23.733,33.514,24.814,4.0,MEDIUM,3.0,True,Williams,1,15.0,True,264.0,280.0,297.0,335.0,,,False,,False
8327.824,SAI,55,59.0,82.255,23.87,33.427,24.958,4.0,MEDIUM,4.0,True,Williams,1,15.0,True,259.0,262.0,296.0,336.0,,,False,,False
8415.394,SAI,55,60.0,87.57,25.029,33.632,28.909,4.0,MEDIUM,5.0,True,Williams,126,14.0,False,253.0,272.0,94.0,301.0,,,False,,False
8522.458,SAI,55,61.0,107.064,36.374,43.302,27.388,4.0,MEDIUM,6.0,True,Williams,6,14.0,False,189.0,246.0,218.0,200.0,,,False,,False
8630.053,SAI,55,62.0,107.595,33.083,41.327,33.185,4.0,MEDIUM,7.0,True,Williams,67,13.0,False,204.0,204.0,209.0,200.0,,,False,,False
8714.86,SAI,55,63.0,84.807,26.132,33.747,24.928,4.0,MEDIUM,8.0,True,Williams,71,12.0,False,250.0,271.0,294.0,305.0,,,False,,False
8797.31,SAI,55,64.0,82.45,23.953,33.622,24.875,4.0,MEDIUM,9.0,True,Williams,1,12.0,True,252.0,271.0,296.0,350.0,,,False,,False
3314.354,HAD,6,1.0,93.015,,36.16,25.733,1.0,MEDIUM,1.0,True,Red Bull Racing,1,14.0,False,242.0,261.0,297.0,276.0,,,False,,False
3398.89,HAD,6,2.0,84.536,24.265,34.537,25.734,1.0,MEDIUM,2.0,True,Red Bull Racing,1,14.0,True,245.0,254.0,297.0,334.0,,,False,,False
3482.733,HAD,6,3.0,83.843,23.936,34.295,25.612,1.0,MEDIUM,3.0,True,Red Bull Racing,1,13.0,True,245.0,245.0,295.0,354.0,,,False,,False
3567.14,HAD,6,4.0,84.407,24.005,34.508,25.894,1.0,MEDIUM,4.0,True,Red Bull Racing,1,13.0,True,244.0,238.0,293.0,337.0,,,False,,False
3651.938,HAD,6,5.0,84.798,24.121,34.808,25.869,1.0,MEDIUM,5.0,True,Red Bull Racing,1,13.0,True,232.0,247.0,294.0,347.0,,,False,,False
3736.437,HAD,6,6.0,84.499,23.918,34.758,25.823,1.0,MEDIUM,6.0,True,Red Bull Racing,1,12.0,True,246.0,250.0,293.0,350.0,,,False,,False
3821.014,HAD,6,7.0,84.577,24.05,34.536,25.991,1.0,MEDIUM,7.0,True,Red Bull Racing,1,11.0,True,246.0,242.0,293.0,345.0,,,False,,False
3906.356,HAD,6,8.0,85.342,24.437,34.881,26.024,1.0,MEDIUM,8.0,True,Red Bull Racing,1,11.0,True,243.0,251.0,291.0,342.0,,,False,,False
3992.27,HAD,6,9.0,85.914,25.11,34.808,25.996,1.0,MEDIUM,9.0,True,Red Bull Racing,1,11.0,True,247.0,249.0,292.0,347.0,,,False,,False
4076.779,HAD,6,10.0,84.509,24.19,34.523,25.796,1.0,MEDIUM,10.0,True,Red Bull Racing,1,10.0,True,263.0,260.0,291.0,344.0,,,False,,False
4161.31,HAD,6,11.0,84.531,24.318,34.42,25.793,1.0,MEDIUM,11.0,True,Red Bull Racing,1,9.0,True,252.0,258.0,290.0,334.0,,,False,,False
4246.397,HAD,6,12.0,85.087,24.451,34.588,26.048,1.0,MEDIUM,12.0,True,Red Bull Racing,1,9.0,True,247.0,252.0,293.0,334.0,,,False,,False
4331.468,HAD,6,13.0,85.071,24.379,34.736,25.956,1.0,MEDIUM,13.0,True,Red Bull Racing,1,7.0,True,242.0,252.0,290.0,336.0,,,False,,False
4416.762,HAD,6,14.0,85.294,24.316,34.898,26.08,1.0,MEDIUM,14.0,True,Red Bull Racing,1,8.0,True,252.0,251.0,292.0,326.0,,,False,,False
4504.842,HAD,6,15.0,88.08,24.325,34.24,29.515,1.0,MEDIUM,15.0,True,Red Bull Racing,1,7.0,False,259.0,266.0,,334.0,,4502.065,False,,False
4607.079,HAD,6,16.0,102.237,43.5,33.318,25.419,2.0,HARD,1.0,True,Red Bull Racing,1,11.0,False,252.0,261.0,295.0,259.0,4524.471,,False,,False
4689.865,HAD,6,17.0,82.786,23.645,33.644,25.497,2.0,HARD,2.0,True,Red Bull Racing,1,9.0,True,260.0,254.0,294.0,338.0,,,False,,False
4771.7,HAD,6,18.0,81.835,23.621,33.245,24.969,2.0,HARD,3.0,True,Red Bull Racing,1,9.0,True,262.0,270.0,294.0,330.0,,,False,,False
4853.923,HAD,6,19.0,82.223,23.679,33.485,25.059,2.0,HARD,4.0,True,Red Bull Racing,1,9.0,True,256.0,263.0,294.0,331.0,,,False,,False
4937.501,HAD,6,20.0,83.578,23.838,33.796,25.944,2.0,HARD,5.0,True,Red Bull Racing,1,9.0,True,252.0,258.0,295.0,332.0,,,False,,False
5020.421,HAD,6,21.0,82.92,23.824,33.851,25.245,2.0,HARD,6.0,True,Red Bull Racing,1,8.0,True,245.0,266.0,293.0,330.0,,,False,,False
5103.199,HAD,6,22.0,82.778,23.84,33.636,25.302,2.0,HARD,7.0,True,Red Bull Racing,1,8.0,True,263.0,272.0,293.0,325.0,,,False,,False
5186.15,HAD,6,23.0,82.951,23.974,33.694,25.283,2.0,HARD,8.0,True,Red Bull Racing,1,8.0,True,257.0,271.0,293.0,330.0,,,False,,False
5269.144,HAD,6,24.0,82.994,23.972,33.597,25.425,2.0,HARD,9.0,True,Red Bull Racing,1,8.0,True,260.0,264.0,292.0,330.0,,,False,,False
5352.416,HAD,6,25.0,83.272,23.955,33.872,25.445,2.0,HARD,10.0,True,Red Bull Racing,1,8.0,True,263.0,270.0,292.0,330.0,,,False,,False
5435.675,HAD,6,26.0,83.259,23.845,33.803,25.611,2.0,HARD,11.0,True,Red Bull Racing,1,8.0,True,262.0,262.0,294.0,330.0,,,False,,False
5518.957,HAD,6,27.0,83.282,23.946,33.939,25.397,2.0,HARD,12.0,True,Red Bull Racing,1,8.0,True,263.0,267.0,293.0,331.0,,,False,,False
5602.66,HAD,6,28.0,83.703,24.008,34.047,25.648,2.0,HARD,13.0,True,Red Bull Racing,1,8.0,True,261.0,263.0,294.0,332.0,,,False,,False
5686.418,HAD,6,29.0,83.758,23.973,34.213,25.572,2.0,HARD,14.0,True,Red Bull Racing,1,8.0,True,259.0,266.0,292.0,335.0,,,False,,False
5770.596,HAD,6,30.0,84.178,24.219,34.203,25.756,2.0,HARD,15.0,True,Red Bull Racing,1,8.0,True,260.0,263.0,292.0,330.0,,,False,,False
5855.164,HAD,6,31.0,84.568,24.445,34.408,25.715,2.0,HARD,16.0,True,Red Bull Racing,1,8.0,True,243.0,263.0,291.0,330.0,,,False,,False
5942.889,HAD,6,32.0,87.725,24.264,34.096,29.365,2.0,HARD,17.0,True,Red Bull Racing,1,8.0,False,260.0,271.0,,331.0,,5940.179,False,,False
6043.891,HAD,6,33.0,101.002,43.285,33.048,24.669,3.0,HARD,1.0,True,Red Bull Racing,1,8.0,False,255.0,277.0,296.0,259.0,5962.726,,False,,False
6125.031,HAD,6,34.0,81.14,23.545,32.79,24.805,3.0,HARD,2.0,True,Red Bull Racing,1,8.0,True,270.0,271.0,297.0,332.0,,,False,,False
6207.027,HAD,6,35.0,81.996,23.562,33.35,25.084,3.0,HARD,3.0,True,Red Bull Racing,1,8.0,True,271.0,269.0,294.0,333.0,,,False,,False
6289.256,HAD,6,36.0,82.229,23.741,33.246,25.242,3.0,HARD,4.0,True,Red Bull Racing,1,8.0,True,262.0,262.0,296.0,332.0,,,False,,False
6371.395,HAD,6,37.0,82.139,23.723,33.436,24.98,3.0,HARD,5.0,True,Red Bull Racing,1,8.0,True,253.0,272.0,296.0,330.0,,,False,,False
6453.494,HAD,6,38.0,82.099,23.682,33.316,25.101,3.0,HARD,6.0,True,Red Bull Racing,1,8.0,True,263.0,262.0,295.0,330.0,,,False,,False
6535.55,HAD,6,39.0,82.056,23.728,33.246,25.082,3.0,HARD,7.0,True,Red Bull Racing,12,8.0,True,266.0,268.0,297.0,330.0,,,False,,False
6638.606,HAD,6,40.0,103.056,24.583,46.174,32.299,3.0,HARD,8.0,True,Red Bull Racing,26,8.0,False,144.0,218.0,205.0,332.0,,,False,,False
6735.723,HAD,6,41.0,97.117,31.836,40.141,25.14,3.0,HARD,9.0,True,Red Bull Racing,671,8.0,False,207.0,266.0,295.0,240.0,,,False,,False
6818.308,HAD,6,42.0,82.585,23.844,33.561,25.18,3.0,HARD,10.0,True,Red Bull Racing,1,8.0,True,261.0,267.0,296.0,331.0,,,False,,False
6900.49,HAD,6,43.0,82.182,23.861,33.154,25.167,3.0,HARD,11.0,True,Red Bull Racing,1,8.0,True,259.0,270.0,295.0,331.0,,,False,,False
6982.806,HAD,6,44.0,82.316,23.766,33.324,25.226,3.0,HARD,12.0,True,Red Bull Racing,1,8.0,True,260.0,266.0,296.0,332.0,,,False,,False
7065.118,HAD,6,45.0,82.312,23.707,33.458,25.147,3.0,HARD,13.0,True,Red Bull Racing,1,8.0,True,255.0,267.0,298.0,332.0,,,False,,False
7147.544,HAD,6,46.0,82.426,23.669,33.389,25.368,3.0,HARD,14.0,True,Red Bull Racing,1,8.0,True,267.0,272.0,298.0,333.0,,,False,,False
7230.088,HAD,6,47.0,82.544,23.644,33.569,25.331,3.0,HARD,15.0,True,Red Bull Racing,1,8.0,True,264.0,272.0,294.0,335.0,,,False,,False
7312.09,HAD,6,48.0,82.002,23.693,33.18,25.129,3.0,HARD,16.0,True,Red Bull Racing,1,8.0,True,268.0,272.0,296.0,332.0,,,False,,False
7394.567,HAD,6,49.0,82.477,23.775,33.448,25.254,3.0,HARD,17.0,True,Red Bull Racing,1,8.0,True,261.0,271.0,296.0,333.0,,,False,,False
7476.921,HAD,6,50.0,82.354,23.78,33.385,25.189,3.0,HARD,18.0,True,Red Bull Racing,1,8.0,True,268.0,276.0,295.0,333.0,,,False,,False
7559.573,HAD,6,51.0,82.652,23.851,33.371,25.43,3.0,HARD,19.0,True,Red Bull Racing,1,8.0,True,260.0,269.0,296.0,334.0,,,False,,False
7642.637,HAD,6,52.0,83.064,23.861,33.77,25.433,3.0,HARD,20.0,True,Red Bull Racing,1,8.0,True,265.0,267.0,297.0,335.0,,,False,,False
7725.456,HAD,6,53.0,82.819,23.823,33.583,25.413,3.0,HARD,21.0,True,Red Bull Racing,1,8.0,True,252.0,276.0,297.0,335.0,,,False,,False
7808.428,HAD,6,54.0,82.972,23.766,33.695,25.511,3.0,HARD,22.0,True,Red Bull Racing,1,8.0,True,268.0,270.0,295.0,333.0,,,False,,False
7891.43,HAD,6,55.0,83.002,23.862,33.644,25.496,3.0,HARD,23.0,True,Red Bull Racing,1,8.0,True,268.0,277.0,296.0,333.0,,,False,,False
7975.492,HAD,6,56.0,84.062,24.098,34.074,25.89,3.0,HARD,24.0,True,Red Bull Racing,1,8.0,True,264.0,269.0,296.0,335.0,,,False,,False
8060.374,HAD,6,57.0,84.882,24.397,34.044,26.441,3.0,HARD,25.0,True,Red Bull Racing,1,8.0,True,258.0,223.0,297.0,334.0,,,False,,False
8148.152,HAD,6,58.0,87.778,24.097,33.931,29.75,3.0,HARD,26.0,True,Red Bull Racing,1,8.0,False,263.0,276.0,,335.0,,8145.431,False,,False
8248.481,HAD,6,59.0,100.329,42.952,32.617,24.76,4.0,SOFT,4.0,False,Red Bull Racing,1,8.0,False,265.0,280.0,300.0,262.0,8167.447,,False,,False
8328.631,HAD,6,60.0,80.15,23.269,32.23,24.651,4.0,SOFT,5.0,False,Red Bull Racing,1,8.0,True,275.0,278.0,302.0,334.0,,,False,,False
8413.282,HAD,6,61.0,84.651,23.517,33.02,28.114,4.0,SOFT,6.0,False,Red Bull Racing,126,8.0,False,266.0,272.0,131.0,339.0,,,False,,False
8521.611,HAD,6,62.0,108.329,36.318,41.172,30.839,4.0,SOFT,7.0,False,Red Bull Racing,6,7.0,False,209.0,227.0,228.0,171.0,,,False,,False
8629.439,HAD,6,63.0,107.828,31.99,42.53,33.308,4.0,SOFT,8.0,False,Red Bull Racing,67,6.0,False,202.0,228.0,201.0,192.0,,,False,,False
8712.957,HAD,6,64.0,83.518,25.745,32.961,24.812,4.0,SOFT,9.0,False,Red Bull Racing,71,6.0,False,257.0,275.0,299.0,291.0,,,False,,False
8794.071,HAD,6,65.0,81.114,23.4,32.814,24.9,4.0,SOFT,10.0,False,Red Bull Racing,1,6.0,True,267.0,277.0,299.0,333.0,,,False,,False
3305.757,RUS,63,1.0,84.418,,32.363,24.388,1.0,MEDIUM,1.0,True,Mercedes,1,1.0,False,251.0,260.0,294.0,291.0,,,False,,False
3387.27,RUS,63,2.0,81.513,23.788,32.969,24.756,1.0,MEDIUM,2.0,True,Mercedes,1,1.0,True,255.0,256.0,296.0,328.0,,,False,,False
3468.749,RUS,63,3.0,81.479,23.801,32.908,24.77,1.0,MEDIUM,3.0,True,Mercedes,1,1.0,True,257.0,261.0,296.0,330.0,,,False,,False
3550.793,RUS,63,4.0,82.044,23.879,33.19,24.975,1.0,MEDIUM,4.0,True,Mercedes,1,1.0,True,257.0,257.0,295.0,331.0,,,False,,False
3633.22,RUS,63,5.0,82.427,24.023,33.412,24.992,1.0,MEDIUM,5.0,True,Mercedes,1,1.0,True,254.0,260.0,295.0,330.0,,,False,,False
3715.693,RUS,63,6.0,82.473,24.084,33.223,25.166,1.0,MEDIUM,6.0,True,Mercedes,1,1.0,True,254.0,252.0,294.0,320.0,,,False,,False
3798.38,RUS,63,7.0,82.687,24.012,33.402,25.273,1.0,MEDIUM,7.0,True,Mercedes,1,1.0,True,264.0,251.0,294.0,330.0,,,False,,False
3881.633,RUS,63,8.0,83.253,24.073,33.76,25.42,1.0,MEDIUM,8.0,True,Mercedes,1,1.0,True,254.0,251.0,292.0,330.0,,,False,,False
3964.831,RUS,63,9.0,83.198,24.249,33.59,25.359,1.0,MEDIUM,9.0,True,Mercedes,1,1.0,True,255.0,253.0,292.0,330.0,,,False,,False
4048.341,RUS,63,10.0,83.51,24.11,33.811,25.589,1.0,MEDIUM,10.0,True,Mercedes,1,1.0,True,258.0,257.0,292.0,330.0,,,False,,False
4132.042,RUS,63,11.0,83.701,24.28,33.826,25.595,1.0,MEDIUM,11.0,True,Mercedes,1,1.0,True,258.0,257.0,291.0,330.0,,,False,,False
4219.496,RUS,63,12.0,87.454,24.272,33.953,29.229,1.0,MEDIUM,12.0,True,Mercedes,1,1.0,False,253.0,248.0,,331.0,,4216.747,False,,False
4320.47,RUS,63,13.0,100.974,43.304,32.941,24.729,2.0,HARD,1.0,True,Mercedes,1,5.0,False,257.0,260.0,296.0,242.0,4238.916,,False,,False
4402.26,RUS,63,14.0,81.79,23.81,33.103,24.877,2.0,HARD,2.0,True,Mercedes,1,3.0,True,262.0,265.0,297.0,330.0,,,False,,False
4484.232,RUS,63,15.0,81.972,23.765,33.271,24.936,2.0,HARD,3.0,True,Mercedes,1,2.0,True,260.0,259.0,295.0,332.0,,,False,,False
4566.393,RUS,63,16.0,82.161,23.82,33.257,25.084,2.0,HARD,4.0,True,Mercedes,1,1.0,True,259.0,259.0,295.0,333.0,,,False,,False
4648.159,RUS,63,17.0,81.766,23.855,33.052,24.859,2.0,HARD,5.0,True,Mercedes,1,1.0,True,255.0,256.0,296.0,331.0,,,False,,False
4730.262,RUS,63,18.0,82.103,23.836,33.302,24.965,2.0,HARD,6.0,True,Mercedes,1,1.0,True,255.0,254.0,295.0,332.0,,,False,,False
4812.708,RUS,63,19.0,82.446,23.915,33.386,25.145,2.0,HARD,7.0,True,Mercedes,1,1.0,True,258.0,253.0,297.0,331.0,,,False,,False
4895.221,RUS,63,20.0,82.513,23.887,33.438,25.188,2.0,HARD,8.0,True,Mercedes,1,1.0,True,259.0,252.0,295.0,332.0,,,False,,False
4977.777,RUS,63,21.0,82.556,24.003,33.322,25.231,2.0,HARD,9.0,True,Mercedes,1,1.0,True,253.0,259.0,296.0,333.0,,,False,,False
5060.502,RUS,63,22.0,82.725,23.815,33.707,25.203,2.0,HARD,10.0,True,Mercedes,1,1.0,True,254.0,250.0,296.0,334.0,,,False,,False
5143.756,RUS,63,23.0,83.254,23.957,33.851,25.446,2.0,HARD,11.0,True,Mercedes,1,1.0,True,256.0,249.0,296.0,334.0,,,False,,False
5226.559,RUS,63,24.0,82.803,23.839,33.549,25.415,2.0,HARD,12.0,True,Mercedes,1,1.0,True,251.0,256.0,295.0,334.0,,,False,,False
5309.585,RUS,63,25.0,83.026,23.962,33.763,25.301,2.0,HARD,13.0,True,Mercedes,1,1.0,True,244.0,258.0,297.0,337.0,,,False,,False
5392.493,RUS,63,26.0,82.908,23.859,33.732,25.317,2.0,HARD,14.0,True,Mercedes,1,1.0,True,258.0,248.0,296.0,334.0,,,False,,False
5475.637,RUS,63,27.0,83.144,24.023,33.778,25.343,2.0,HARD,15.0,True,Mercedes,1,1.0,True,252.0,250.0,297.0,333.0,,,False,,False
5558.813,RUS,63,28.0,83.176,23.939,33.845,25.392,2.0,HARD,16.0,True,Mercedes,1,1.0,True,251.0,252.0,294.0,335.0,,,False,,False
5642.021,RUS,63,29.0,83.208,23.873,33.651,25.684,2.0,HARD,17.0,True,Mercedes,1,1.0,True,256.0,256.0,296.0,333.0,,,False,,False
5725.668,RUS,63,30.0,83.647,23.992,33.95,25.705,2.0,HARD,18.0,True,Mercedes,1,1.0,True,247.0,245.0,296.0,334.0,,,False,,False
5808.993,RUS,63,31.0,83.325,23.943,33.981,25.401,2.0,HARD,19.0,True,Mercedes,1,1.0,True,243.0,245.0,297.0,337.0,,,False,,False
5891.877,RUS,63,32.0,82.884,23.867,33.656,25.361,2.0,HARD,20.0,True,Mercedes,1,1.0,True,247.0,252.0,297.0,339.0,,,False,,False
5975.314,RUS,63,33.0,83.437,24.527,33.699,25.211,2.0,HARD,21.0,True,Mercedes,1,1.0,True,250.0,250.0,297.0,331.0,,,False,,False
6057.963,RUS,63,34.0,82.649,24.025,33.466,25.158,2.0,HARD,22.0,True,Mercedes,1,1.0,True,260.0,255.0,296.0,331.0,,,False,,False
6140.884,RUS,63,35.0,82.921,24.084,33.612,25.225,2.0,HARD,23.0,True,Mercedes,1,1.0,True,254.0,252.0,297.0,332.0,,,False,,False
6228.621,RUS,63,36.0,87.737,24.198,33.834,29.705,2.0,HARD,24.0,True,Mercedes,1,2.0,False,254.0,251.0,,332.0,,6225.876,False,,False
6328.253,RUS,63,37.0,99.632,42.781,32.271,24.58,3.0,HARD,1.0,True,Mercedes,1,4.0,False,253.0,271.0,298.0,251.0,6247.64,,False,,False
6408.962,RUS,63,38.0,80.709,23.441,32.779,24.489,3.0,HARD,2.0,True,Mercedes,1,3.0,True,255.0,263.0,300.0,332.0,,,False,,False
6490.141,RUS,63,39.0,81.179,23.607,32.774,24.798,3.0,HARD,3.0,True,Mercedes,1,2.0,True,264.0,251.0,298.0,333.0,,,False,,False
6578.357,RUS,63,40.0,88.216,23.399,33.072,31.745,3.0,HARD,4.0,True,Mercedes,126,2.0,False,263.0,262.0,241.0,329.0,,,False,,False
6684.469,RUS,63,41.0,106.112,30.304,45.663,30.145,3.0,HARD,5.0,True,Mercedes,6,2.0,False,137.0,204.0,210.0,283.0,,,False,,False
6770.5,RUS,63,42.0,86.031,28.974,32.623,24.434,3.0,HARD,6.0,True,Mercedes,671,2.0,False,260.0,266.0,300.0,230.0,,,False,,False
6851.14,RUS,63,43.0,80.64,23.421,32.616,24.603,3.0,HARD,7.0,True,Mercedes,1,2.0,True,266.0,270.0,301.0,332.0,,,False,,False
6931.961,RUS,63,44.0,80.821,23.577,32.841,24.403,3.0,HARD,8.0,True,Mercedes,1,2.0,True,258.0,262.0,301.0,335.0,,,False,,False
7012.701,RUS,63,45.0,80.74,23.471,32.784,24.485,3.0,HARD,9.0,True,Mercedes,1,2.0,True,263.0,264.0,298.0,332.0,,,False,,False
7093.44,RUS,63,46.0,80.739,23.541,32.619,24.579,3.0,HARD,10.0,True,Mercedes,1,2.0,True,262.0,266.0,297.0,330.0,,,False,,False
7174.373,RUS,63,47.0,80.933,23.624,32.635,24.674,3.0,HARD,11.0,True,Mercedes,1,2.0,True,263.0,268.0,299.0,330.0,,,False,,False
7255.64,RUS,63,48.0,81.267,23.505,33.105,24.657,3.0,HARD,12.0,True,Mercedes,1,2.0,True,261.0,255.0,299.0,332.0,,,False,,False
7336.962,RUS,63,49.0,81.322,23.62,32.902,24.8,3.0,HARD,13.0,True,Mercedes,1,2.0,True,264.0,259.0,297.0,330.0,,,False,,False
7418.484,RUS,63,50.0,81.522,23.7,32.987,24.835,3.0,HARD,14.0,True,Mercedes,1,2.0,True,263.0,263.0,297.0,330.0,,,False,,False
7500.112,RUS,63,51.0,81.628,23.744,33.119,24.765,3.0,HARD,15.0,True,Mercedes,1,2.0,True,257.0,258.0,296.0,329.0,,,False,,False
7581.764,RUS,63,52.0,81.652,23.561,33.249,24.842,3.0,HARD,16.0,True,Mercedes,1,2.0,True,264.0,255.0,298.0,329.0,,,False,,False
7663.628,RUS,63,53.0,81.864,23.886,33.141,24.837,3.0,HARD,17.0,True,Mercedes,1,2.0,True,262.0,261.0,296.0,330.0,,,False,,False
7745.087,RUS,63,54.0,81.459,23.783,32.916,24.76,3.0,HARD,18.0,True,Mercedes,1,2.0,True,266.0,263.0,299.0,329.0,,,False,,False
7826.616,RUS,63,55.0,81.529,23.704,32.987,24.838,3.0,HARD,19.0,True,Mercedes,1,2.0,True,265.0,266.0,297.0,330.0,,,False,,False
7908.686,RUS,63,56.0,82.07,23.871,33.179,25.02,3.0,HARD,20.0,True,Mercedes,1,2.0,True,266.0,261.0,297.0,331.0,,,False,,False
7990.758,RUS,63,57.0,82.072,23.804,33.308,24.96,3.0,HARD,21.0,True,Mercedes,1,2.0,True,251.0,259.0,297.0,333.0,,,False,,False
8072.704,RUS,63,58.0,81.946,23.776,33.259,24.911,3.0,HARD,22.0,True,Mercedes,1,2.0,True,262.0,265.0,298.0,332.0,,,False,,False
8154.975,RUS,63,59.0,82.271,23.878,33.394,24.999,3.0,HARD,23.0,True,Mercedes,1,2.0,True,262.0,263.0,298.0,332.0,,,False,,False
8237.161,RUS,63,60.0,82.186,23.834,33.339,25.013,3.0,HARD,24.0,True,Mercedes,1,2.0,True,264.0,264.0,298.0,332.0,,,False,,False
8321.723,RUS,63,61.0,84.562,24.839,34.343,25.38,3.0,HARD,25.0,True,Mercedes,1,3.0,True,246.0,259.0,298.0,332.0,,,False,,False
8404.203,RUS,63,62.0,82.48,23.829,33.48,25.171,3.0,HARD,26.0,True,Mercedes,12,2.0,True,261.0,260.0,298.0,336.0,,,False,,False
8511.752,RUS,63,63.0,107.549,31.347,44.195,32.007,3.0,HARD,27.0,True,Mercedes,26,2.0,False,168.0,116.0,239.0,125.0,,,False,,False
8619.556,RUS,63,64.0,107.804,31.354,44.784,31.666,3.0,HARD,28.0,True,Mercedes,6,2.0,False,200.0,175.0,175.0,239.0,,,False,,False
8706.683,RUS,63,65.0,87.127,28.949,33.194,24.984,3.0,HARD,29.0,True,Mercedes,671,2.0,False,252.0,255.0,297.0,255.0,,,False,,False
8789.005,RUS,63,66.0,82.322,23.86,33.312,25.15,3.0,HARD,30.0,True,Mercedes,1,2.0,True,258.0,265.0,297.0,330.0,,,False,,False
3316.746,BOT,77,1.0,95.407,,36.276,26.732,1.0,MEDIUM,1.0,True,Cadillac,1,20.0,False,211.0,223.0,292.0,290.0,,,False,,False
3402.784,BOT,77,2.0,86.038,24.794,35.238,26.006,1.0,MEDIUM,2.0,True,Cadillac,1,20.0,True,222.0,248.0,289.0,346.0,,,False,,False
3488.529,BOT,77,3.0,85.745,24.567,35.06,26.118,1.0,MEDIUM,3.0,True,Cadillac,1,20.0,True,231.0,250.0,287.0,344.0,,,False,,False
3574.783,BOT,77,4.0,86.254,24.921,35.071,26.262,1.0,MEDIUM,4.0,True,Cadillac,1,20.0,True,234.0,234.0,286.0,325.0,,,False,,False
3661.326,BOT,77,5.0,86.543,24.967,35.16,26.416,1.0,MEDIUM,5.0,True,Cadillac,1,20.0,True,235.0,246.0,283.0,327.0,,,False,,False
3747.986,BOT,77,6.0,86.66,25.062,35.125,26.473,1.0,MEDIUM,6.0,True,Cadillac,1,20.0,True,237.0,251.0,283.0,327.0,,,False,,False
3834.667,BOT,77,7.0,86.681,25.072,35.016,26.593,1.0,MEDIUM,7.0,True,Cadillac,1,20.0,True,237.0,252.0,284.0,325.0,,,False,,False
3921.837,BOT,77,8.0,87.17,25.239,35.352,26.579,1.0,MEDIUM,8.0,True,Cadillac,1,20.0,True,239.0,251.0,283.0,325.0,,,False,,False
4009.583,BOT,77,9.0,87.746,25.354,35.617,26.775,1.0,MEDIUM,9.0,True,Cadillac,1,20.0,True,236.0,240.0,282.0,323.0,,,False,,False
4097.551,BOT,77,10.0,87.968,25.928,35.426,26.614,1.0,MEDIUM,10.0,True,Cadillac,1,20.0,True,232.0,256.0,282.0,328.0,,,False,,False
4185.596,BOT,77,11.0,88.045,25.325,35.714,27.006,1.0,MEDIUM,11.0,True,Cadillac,1,20.0,True,233.0,246.0,282.0,324.0,,,False,,False
4275.028,BOT,77,12.0,89.432,26.184,36.237,27.011,1.0,MEDIUM,12.0,True,Cadillac,1,21.0,True,210.0,231.0,283.0,328.0,,,False,,False
4363.421,BOT,77,13.0,88.393,25.677,35.69,27.026,1.0,MEDIUM,13.0,True,Cadillac,1,20.0,True,234.0,244.0,283.0,326.0,,,False,,False
4455.629,BOT,77,14.0,92.208,25.308,35.592,31.308,1.0,MEDIUM,14.0,True,Cadillac,1,19.0,False,232.0,242.0,,324.0,,4452.801,False,,False
4576.409,BOT,77,15.0,120.78,45.616,37.714,37.45,2.0,HARD,1.0,True,Cadillac,1,21.0,False,234.0,172.0,,244.0,4476.17,4573.593,False,,False
3309.909,PIA,81,1.0,88.57,,34.275,25.242,1.0,MEDIUM,1.0,True,McLaren,1,6.0,False,257.0,244.0,298.0,300.0,,,False,,False
3392.582,PIA,81,2.0,82.673,23.918,33.679,25.076,1.0,MEDIUM,2.0,True,McLaren,1,6.0,True,257.0,247.0,296.0,339.0,,,False,,False
3475.522,PIA,81,3.0,82.94,23.905,33.635,25.4,1.0,MEDIUM,3.0,True,McLaren,1,6.0,True,258.0,247.0,293.0,345.0,,,False,,False
3558.576,PIA,81,4.0,83.054,23.922,33.712,25.42,1.0,MEDIUM,4.0,True,McLaren,1,6.0,True,251.0,251.0,292.0,345.0,,,False,,False
3641.818,PIA,81,5.0,83.242,24.078,33.833,25.331,1.0,MEDIUM,5.0,True,McLaren,1,6.0,True,248.0,251.0,294.0,348.0,,,False,,False
3725.116,PIA,81,6.0,83.298,24.188,33.685,25.425,1.0,MEDIUM,6.0,True,McLaren,1,6.0,True,252.0,258.0,293.0,337.0,,,False,,False
3808.685,PIA,81,7.0,83.569,24.148,33.908,25.513,1.0,MEDIUM,7.0,True,McLaren,1,6.0,True,249.0,258.0,292.0,338.0,,,False,,False
3894.192,PIA,81,8.0,85.507,24.565,35.038,25.904,1.0,MEDIUM,8.0,True,McLaren,1,7.0,True,236.0,248.0,291.0,334.0,,,False,,False
3978.74,PIA,81,9.0,84.548,24.385,34.366,25.797,1.0,MEDIUM,9.0,True,McLaren,1,7.0,True,250.0,251.0,288.0,333.0,,,False,,False
4063.141,PIA,81,10.0,84.401,24.444,34.169,25.788,1.0,MEDIUM,10.0,True,McLaren,1,7.0,True,247.0,259.0,291.0,331.0,,,False,,False
4147.238,PIA,81,11.0,84.097,24.465,33.899,25.733,1.0,MEDIUM,11.0,True,McLaren,1,7.0,True,253.0,253.0,290.0,331.0,,,False,,False
4231.355,PIA,81,12.0,84.117,24.416,33.971,25.73,1.0,MEDIUM,12.0,True,McLaren,1,5.0,True,254.0,248.0,291.0,330.0,,,False,,False
4315.354,PIA,81,13.0,83.999,24.472,33.967,25.56,1.0,MEDIUM,13.0,True,McLaren,1,4.0,True,258.0,254.0,292.0,330.0,,,False,,False
4403.896,PIA,81,14.0,88.542,24.443,34.194,29.905,1.0,MEDIUM,14.0,True,McLaren,1,4.0,False,254.0,258.0,,330.0,,4401.135,False,,False
4506.637,PIA,81,15.0,102.741,43.865,33.637,25.239,2.0,HARD,1.0,True,McLaren,1,8.0,False,246.0,261.0,293.0,245.0,4422.995,,False,,False
4589.178,PIA,81,16.0,82.541,24.105,33.337,25.099,2.0,HARD,2.0,True,McLaren,1,7.0,True,260.0,260.0,293.0,328.0,,,False,,False
4671.407,PIA,81,17.0,82.229,23.989,33.288,24.952,2.0,HARD,3.0,True,McLaren,1,7.0,True,258.0,261.0,297.0,328.0,,,False,,False
4753.676,PIA,81,18.0,82.269,23.934,33.376,24.959,2.0,HARD,4.0,True,McLaren,1,7.0,True,256.0,266.0,294.0,334.0,,,False,,False
4835.938,PIA,81,19.0,82.262,23.925,33.265,25.072,2.0,HARD,5.0,True,McLaren,1,7.0,True,259.0,264.0,294.0,332.0,,,False,,False
4918.387,PIA,81,20.0,82.449,24.072,33.26,25.117,2.0,HARD,6.0,True,McLaren,1,7.0,True,263.0,269.0,291.0,332.0,,,False,,False
5001.245,PIA,81,21.0,82.858,24.116,33.499,25.243,2.0,HARD,7.0,True,McLaren,1,7.0,True,263.0,263.0,295.0,330.0,,,False,,False
5084.182,PIA,81,22.0,82.937,24.016,33.588,25.333,2.0,HARD,8.0,True,McLaren,1,7.0,True,259.0,263.0,291.0,332.0,,,False,,False
5167.08,PIA,81,23.0,82.898,23.995,33.556,25.347,2.0,HARD,9.0,True,McLaren,1,7.0,True,262.0,259.0,291.0,331.0,,,False,,False
5249.987,PIA,81,24.0,82.907,24.025,33.527,25.355,2.0,HARD,10.0,True,McLaren,1,7.0,True,263.0,253.0,293.0,330.0,,,False,,False
5333.025,PIA,81,25.0,83.038,24.236,33.588,25.214,2.0,HARD,11.0,True,McLaren,1,7.0,True,258.0,260.0,294.0,329.0,,,False,,False
5415.796,PIA,81,26.0,82.771,24.034,33.508,25.229,2.0,HARD,12.0,True,McLaren,1,7.0,True,257.0,258.0,294.0,332.0,,,False,,False
5498.647,PIA,81,27.0,82.851,24.153,33.501,25.197,2.0,HARD,13.0,True,McLaren,1,7.0,True,265.0,258.0,293.0,329.0,,,False,,False
5581.93,PIA,81,28.0,83.283,24.205,33.707,25.371,2.0,HARD,14.0,True,McLaren,1,6.0,True,261.0,263.0,294.0,332.0,,,False,,False
5665.604,PIA,81,29.0,83.674,24.114,34.051,25.509,2.0,HARD,15.0,True,McLaren,1,7.0,True,234.0,258.0,292.0,343.0,,,False,,False
5749.212,PIA,81,30.0,83.608,24.253,33.949,25.406,2.0,HARD,16.0,True,McLaren,1,6.0,True,257.0,261.0,294.0,330.0,,,False,,False
5832.557,PIA,81,31.0,83.345,24.279,33.939,25.127,2.0,HARD,17.0,True,McLaren,1,6.0,True,259.0,264.0,294.0,332.0,,,False,,False
5916.39,PIA,81,32.0,83.833,24.558,33.99,25.285,2.0,HARD,18.0,True,McLaren,1,6.0,True,257.0,256.0,293.0,331.0,,,False,,False
5999.39,PIA,81,33.0,83.0,24.209,33.676,25.115,2.0,HARD,19.0,True,McLaren,1,6.0,True,262.0,262.0,292.0,328.0,,,False,,False
6082.427,PIA,81,34.0,83.037,24.152,33.696,25.189,2.0,HARD,20.0,True,McLaren,1,6.0,True,261.0,261.0,295.0,332.0,,,False,,False
6165.871,PIA,81,35.0,83.444,24.267,33.953,25.224,2.0,HARD,21.0,True,McLaren,1,6.0,True,264.0,260.0,293.0,334.0,,,False,,False
6252.788,PIA,81,36.0,86.917,24.227,33.751,28.939,2.0,HARD,22.0,True,McLaren,1,6.0,False,257.0,266.0,,331.0,,6250.124,False,,False
6355.155,PIA,81,37.0,102.367,44.36,33.272,24.735,3.0,HARD,1.0,True,McLaren,1,7.0,False,252.0,256.0,296.0,257.0,6272.758,,False,,False
6437.268,PIA,81,38.0,82.113,23.837,32.986,25.29,3.0,HARD,2.0,True,McLaren,1,7.0,True,260.0,266.0,260.0,330.0,,,True,TRACK LIMITS AT TURN 14 LAP 38 ,False
6519.341,PIA,81,39.0,82.073,24.348,33.052,24.673,3.0,HARD,3.0,True,McLaren,1,7.0,True,261.0,269.0,297.0,328.0,,,False,,False
6615.988,PIA,81,40.0,96.647,23.732,41.03,31.885,3.0,HARD,4.0,True,McLaren,126,7.0,False,266.0,204.0,203.0,332.0,,,False,,False
6718.95,PIA,81,41.0,102.962,31.765,45.548,25.649,3.0,HARD,5.0,True,McLaren,671,7.0,False,173.0,219.0,298.0,256.0,,,False,,False
6800.036,PIA,81,42.0,81.086,23.732,32.795,24.559,3.0,HARD,6.0,True,McLaren,1,7.0,True,268.0,267.0,301.0,332.0,,,False,,False
6881.01,PIA,81,43.0,80.974,23.764,32.704,24.506,3.0,HARD,7.0,True,McLaren,1,7.0,True,262.0,267.0,299.0,337.0,,,False,,False
6962.213,PIA,81,44.0,81.203,23.606,33.075,24.522,3.0,HARD,8.0,True,McLaren,1,7.0,True,266.0,267.0,299.0,336.0,,,False,,False
7043.152,PIA,81,45.0,80.939,23.636,32.813,24.49,3.0,HARD,9.0,True,McLaren,1,7.0,True,266.0,267.0,296.0,337.0,,,False,,False
7123.987,PIA,81,46.0,80.835,23.592,32.752,24.491,3.0,HARD,10.0,True,McLaren,1,7.0,True,271.0,266.0,299.0,332.0,,,False,,False
7204.981,PIA,81,47.0,80.994,23.616,32.883,24.495,3.0,HARD,11.0,True,McLaren,1,7.0,True,267.0,265.0,297.0,332.0,,,False,,False
7286.28,PIA,81,48.0,81.299,23.664,32.949,24.686,3.0,HARD,12.0,True,McLaren,1,7.0,True,267.0,270.0,296.0,332.0,,,False,,False
7367.427,PIA,81,49.0,81.147,23.621,32.879,24.647,3.0,HARD,13.0,True,McLaren,1,7.0,True,266.0,267.0,299.0,333.0,,,False,,False
7450.276,PIA,81,50.0,82.849,23.735,34.139,24.975,3.0,HARD,14.0,True,McLaren,1,7.0,True,268.0,255.0,298.0,332.0,,,False,,False
7532.18,PIA,81,51.0,81.904,23.804,33.187,24.913,3.0,HARD,15.0,True,McLaren,1,7.0,True,267.0,269.0,298.0,332.0,,,False,,False
7614.546,PIA,81,52.0,82.366,23.831,33.5,25.035,3.0,HARD,16.0,True,McLaren,1,7.0,True,257.0,262.0,296.0,335.0,,,False,,False
7696.588,PIA,81,53.0,82.042,23.903,33.292,24.847,3.0,HARD,17.0,True,McLaren,1,7.0,True,266.0,267.0,297.0,333.0,,,False,,False
7778.88,PIA,81,54.0,82.292,23.873,33.684,24.735,3.0,HARD,18.0,True,McLaren,1,7.0,True,263.0,260.0,297.0,334.0,,,False,,False
7861.249,PIA,81,55.0,82.369,23.954,33.613,24.802,3.0,HARD,19.0,True,McLaren,1,7.0,True,265.0,262.0,298.0,331.0,,,False,,False
7943.388,PIA,81,56.0,82.139,23.945,33.24,24.954,3.0,HARD,20.0,True,McLaren,1,7.0,True,266.0,263.0,296.0,332.0,,,False,,False
8025.557,PIA,81,57.0,82.169,24.085,33.236,24.848,3.0,HARD,21.0,True,McLaren,1,7.0,True,263.0,267.0,296.0,332.0,,,False,,False
8108.28,PIA,81,58.0,82.723,24.027,33.643,25.053,3.0,HARD,22.0,True,McLaren,1,7.0,True,261.0,269.0,296.0,332.0,,,False,,False
8191.508,PIA,81,59.0,83.228,24.134,33.807,25.287,3.0,HARD,23.0,True,McLaren,1,7.0,True,268.0,263.0,295.0,332.0,,,False,,False
8274.054,PIA,81,60.0,82.546,24.192,33.433,24.921,3.0,HARD,24.0,True,McLaren,1,7.0,True,264.0,266.0,296.0,332.0,,,False,,False
8356.725,PIA,81,61.0,82.671,24.094,33.449,25.128,3.0,HARD,25.0,True,McLaren,1,7.0,True,267.0,261.0,296.0,332.0,,,False,,False
8452.837,PIA,81,62.0,96.112,24.178,39.859,32.075,3.0,HARD,26.0,True,McLaren,126,5.0,False,249.0,191.0,226.0,333.0,,,False,,False
8560.849,PIA,81,63.0,108.012,30.786,44.237,32.989,3.0,HARD,27.0,True,McLaren,6,5.0,False,196.0,205.0,195.0,253.0,,,False,,False
8661.607,PIA,81,64.0,100.758,31.47,42.641,26.647,3.0,HARD,28.0,True,McLaren,671,5.0,False,142.0,216.0,292.0,265.0,,,False,,False
8744.939,PIA,81,65.0,83.332,24.38,33.771,25.181,3.0,HARD,29.0,True,McLaren,1,5.0,True,259.0,262.0,293.0,329.0,,,False,,False
8828.105,PIA,81,66.0,83.166,24.156,33.643,25.367,3.0,HARD,30.0,True,McLaren,1,5.0,True,263.0,254.0,294.0,331.0,,,False,,False
3315.008,BEA,87,1.0,93.669,,35.925,26.558,1.0,MEDIUM,1.0,True,Haas F1 Team,1,15.0,False,228.0,246.0,292.0,294.0,,,False,,False
3400.192,BEA,87,2.0,85.184,24.92,34.413,25.851,1.0,MEDIUM,2.0,True,Haas F1 Team,1,16.0,True,232.0,250.0,292.0,348.0,,,False,,False
3485.133,BEA,87,3.0,84.941,24.339,34.701,25.901,1.0,MEDIUM,3.0,True,Haas F1 Team,1,16.0,True,230.0,251.0,293.0,351.0,,,False,,False
3570.219,BEA,87,4.0,85.086,24.47,34.548,26.068,1.0,MEDIUM,4.0,True,Haas F1 Team,1,16.0,True,239.0,254.0,288.0,352.0,,,False,,False
3655.434,BEA,87,5.0,85.215,24.544,34.806,25.865,1.0,MEDIUM,5.0,True,Haas F1 Team,1,16.0,True,230.0,259.0,291.0,350.0,,,False,,False
3741.026,BEA,87,6.0,85.592,24.611,34.883,26.098,1.0,MEDIUM,6.0,True,Haas F1 Team,1,16.0,True,234.0,250.0,288.0,350.0,,,False,,False
3827.127,BEA,87,7.0,86.101,24.594,35.049,26.458,1.0,MEDIUM,7.0,True,Haas F1 Team,1,16.0,True,240.0,250.0,286.0,350.0,,,False,,False
3913.254,BEA,87,8.0,86.127,24.698,35.061,26.368,1.0,MEDIUM,8.0,True,Haas F1 Team,1,16.0,True,236.0,249.0,287.0,348.0,,,False,,False
3999.575,BEA,87,9.0,86.321,24.899,35.14,26.282,1.0,MEDIUM,9.0,True,Haas F1 Team,1,16.0,True,236.0,242.0,287.0,330.0,,,False,,False
4086.08,BEA,87,10.0,86.505,24.987,35.09,26.428,1.0,MEDIUM,10.0,True,Haas F1 Team,1,16.0,True,234.0,250.0,287.0,330.0,,,False,,False
4172.734,BEA,87,11.0,86.654,24.953,35.027,26.674,1.0,MEDIUM,11.0,True,Haas F1 Team,1,16.0,True,249.0,262.0,287.0,332.0,,,False,,False
4259.341,BEA,87,12.0,86.607,24.951,35.114,26.542,1.0,MEDIUM,12.0,True,Haas F1 Team,1,15.0,True,243.0,245.0,287.0,331.0,,,False,,False
4346.094,BEA,87,13.0,86.753,25.018,35.15,26.585,1.0,MEDIUM,13.0,True,Haas F1 Team,1,13.0,True,238.0,249.0,285.0,331.0,,,False,,False
4432.027,BEA,87,14.0,85.933,24.82,34.781,26.332,1.0,MEDIUM,14.0,True,Haas F1 Team,1,12.0,True,249.0,251.0,285.0,326.0,,,False,,False
4517.571,BEA,87,15.0,85.544,24.786,34.505,26.253,1.0,MEDIUM,15.0,True,Haas F1 Team,1,10.0,True,250.0,253.0,285.0,323.0,,,False,,False
4604.056,BEA,87,16.0,86.485,25.025,34.99,26.47,1.0,MEDIUM,16.0,True,Haas F1 Team,1,9.0,True,247.0,259.0,285.0,321.0,,,False,,False
4690.763,BEA,87,17.0,86.707,24.916,34.826,26.965,1.0,MEDIUM,17.0,True,Haas F1 Team,1,10.0,True,252.0,252.0,284.0,324.0,,,False,,False
4781.963,BEA,87,18.0,91.2,25.053,35.041,31.106,1.0,MEDIUM,18.0,True,Haas F1 Team,1,14.0,False,245.0,251.0,,345.0,,4779.188,False,,False
4886.446,BEA,87,19.0,104.483,45.062,33.721,25.7,2.0,HARD,1.0,True,Haas F1 Team,1,20.0,False,248.0,255.0,290.0,263.0,4802.223,,False,,False
4971.65,BEA,87,20.0,85.204,24.912,34.662,25.63,2.0,HARD,2.0,True,Haas F1 Team,1,18.0,True,242.0,267.0,289.0,342.0,,,False,,False
5055.589,BEA,87,21.0,83.939,24.297,34.036,25.606,2.0,HARD,3.0,True,Haas F1 Team,1,18.0,True,250.0,265.0,288.0,325.0,,,False,,False
5139.874,BEA,87,22.0,84.285,24.342,34.191,25.752,2.0,HARD,4.0,True,Haas F1 Team,1,18.0,True,253.0,250.0,293.0,328.0,,,False,,False
5223.62,BEA,87,23.0,83.746,24.012,33.99,25.744,2.0,HARD,5.0,True,Haas F1 Team,1,17.0,True,253.0,259.0,288.0,350.0,,,False,,False
5307.672,BEA,87,24.0,84.052,24.357,34.135,25.56,2.0,HARD,6.0,True,Haas F1 Team,1,17.0,True,256.0,259.0,290.0,325.0,,,False,,False
5393.579,BEA,87,25.0,85.907,24.476,34.837,26.594,2.0,HARD,7.0,True,Haas F1 Team,1,17.0,True,248.0,149.0,292.0,325.0,,,False,,False
5480.408,BEA,87,26.0,86.829,24.349,35.116,27.364,2.0,HARD,8.0,True,Haas F1 Team,1,17.0,True,248.0,168.0,289.0,343.0,,,False,,False
5566.215,BEA,87,27.0,85.807,25.274,34.826,25.707,2.0,HARD,9.0,True,Haas F1 Team,1,17.0,True,150.0,259.0,290.0,344.0,,,False,,False
5650.376,BEA,87,28.0,84.161,24.327,34.011,25.823,2.0,HARD,10.0,True,Haas F1 Team,1,17.0,True,255.0,258.0,290.0,328.0,,,False,,False
5734.726,BEA,87,29.0,84.35,24.393,34.196,25.761,2.0,HARD,11.0,True,Haas F1 Team,1,17.0,True,255.0,263.0,290.0,327.0,,,False,,False
5818.515,BEA,87,30.0,83.789,24.244,33.914,25.631,2.0,HARD,12.0,True,Haas F1 Team,1,15.0,True,254.0,266.0,290.0,343.0,,,False,,False
5902.871,BEA,87,31.0,84.356,24.378,34.115,25.863,2.0,HARD,13.0,True,Haas F1 Team,1,14.0,True,249.0,258.0,285.0,326.0,,,False,,False
5988.116,BEA,87,32.0,85.245,24.429,34.509,26.307,2.0,HARD,14.0,True,Haas F1 Team,1,14.0,True,256.0,191.0,289.0,327.0,,,False,,False
6072.546,BEA,87,33.0,84.43,24.42,34.204,25.806,2.0,HARD,15.0,True,Haas F1 Team,1,13.0,True,250.0,255.0,289.0,330.0,,,False,,False
6156.801,BEA,87,34.0,84.255,24.398,33.921,25.936,2.0,HARD,16.0,True,Haas F1 Team,1,13.0,True,256.0,266.0,288.0,325.0,,,False,,False
6243.382,BEA,87,35.0,86.581,25.43,35.213,25.938,2.0,HARD,17.0,True,Haas F1 Team,1,13.0,True,238.0,261.0,288.0,294.0,,,False,,False
6329.284,BEA,87,36.0,85.902,24.809,34.474,26.619,2.0,HARD,18.0,True,Haas F1 Team,1,13.0,True,237.0,261.0,290.0,329.0,,,False,,False
6415.758,BEA,87,37.0,86.474,24.822,35.798,25.854,2.0,HARD,19.0,True,Haas F1 Team,1,13.0,True,171.0,260.0,289.0,342.0,,,False,,False
6502.139,BEA,87,38.0,86.381,25.644,35.032,25.705,2.0,HARD,20.0,True,Haas F1 Team,1,12.0,True,139.0,268.0,291.0,326.0,,,False,,False
6598.448,BEA,87,39.0,96.309,24.535,36.787,34.987,2.0,HARD,21.0,True,Haas F1 Team,126,12.0,False,253.0,142.0,,328.0,,6595.731,False,,False
6719.833,BEA,87,40.0,121.385,49.008,45.447,26.93,3.0,SOFT,,False,Haas F1 Team,671,15.0,False,184.0,229.0,293.0,267.0,6619.633,,False,,False
6802.317,BEA,87,41.0,82.484,23.997,33.461,25.026,3.0,SOFT,,False,Haas F1 Team,1,15.0,True,247.0,263.0,295.0,343.0,,,False,,False
6884.974,BEA,87,42.0,82.657,24.062,33.338,25.257,3.0,SOFT,,False,Haas F1 Team,1,15.0,True,251.0,263.0,293.0,328.0,,,False,,False
6967.393,BEA,87,43.0,82.419,23.935,33.377,25.107,3.0,SOFT,,False,Haas F1 Team,1,15.0,True,258.0,264.0,295.0,331.0,,,False,,False
7050.226,BEA,87,44.0,82.833,24.0,33.563,25.27,3.0,SOFT,,False,Haas F1 Team,1,15.0,True,254.0,264.0,294.0,331.0,,,False,,False
7133.123,BEA,87,45.0,82.897,24.034,33.553,25.31,3.0,SOFT,,False,Haas F1 Team,1,15.0,True,256.0,261.0,295.0,331.0,,,False,,False
7216.364,BEA,87,46.0,83.241,24.04,33.795,25.406,3.0,SOFT,,False,Haas F1 Team,1,15.0,True,257.0,266.0,295.0,333.0,,,False,,False
7300.193,BEA,87,47.0,83.829,24.05,34.228,25.551,3.0,SOFT,,False,Haas F1 Team,1,15.0,True,245.0,258.0,296.0,349.0,,,False,,False
7384.385,BEA,87,48.0,84.192,24.293,34.209,25.69,3.0,SOFT,,False,Haas F1 Team,1,14.0,True,250.0,255.0,293.0,343.0,,,False,,False
7468.311,BEA,87,49.0,83.926,24.512,33.898,25.516,3.0,SOFT,,False,Haas F1 Team,1,14.0,True,254.0,267.0,290.0,328.0,,,False,,False
7552.505,BEA,87,50.0,84.194,24.474,33.981,25.739,3.0,SOFT,,False,Haas F1 Team,1,14.0,True,258.0,253.0,291.0,329.0,,,False,,False
7636.456,BEA,87,51.0,83.951,24.454,33.947,25.55,3.0,SOFT,,False,Haas F1 Team,1,14.0,True,257.0,269.0,290.0,327.0,,,False,,False
7720.585,BEA,87,52.0,84.129,24.544,33.975,25.61,3.0,SOFT,,False,Haas F1 Team,1,14.0,True,252.0,258.0,292.0,328.0,,,False,,False
7805.099,BEA,87,53.0,84.514,24.606,34.166,25.742,3.0,SOFT,,False,Haas F1 Team,1,14.0,True,251.0,269.0,292.0,330.0,,,False,,False
7889.664,BEA,87,54.0,84.565,24.561,34.18,25.824,3.0,SOFT,,False,Haas F1 Team,1,14.0,True,252.0,263.0,291.0,329.0,,,False,,False
7974.306,BEA,87,55.0,84.642,24.479,34.285,25.878,3.0,SOFT,,False,Haas F1 Team,1,13.0,True,255.0,249.0,289.0,329.0,,,False,,False
8062.044,BEA,87,56.0,87.738,26.538,35.203,25.997,3.0,SOFT,,False,Haas F1 Team,1,13.0,True,238.0,250.0,290.0,298.0,,,False,,False
8146.781,BEA,87,57.0,84.737,24.606,34.204,25.927,3.0,SOFT,,False,Haas F1 Team,1,13.0,True,258.0,260.0,290.0,329.0,,,False,,False
8231.16,BEA,87,58.0,84.379,24.556,34.091,25.732,3.0,SOFT,,False,Haas F1 Team,1,13.0,True,255.0,259.0,288.0,325.0,,,False,,False
8315.266,BEA,87,59.0,84.106,24.54,33.913,25.653,3.0,SOFT,,False,Haas F1 Team,1,13.0,True,253.0,266.0,291.0,325.0,,,False,,False
8418.787,BEA,87,60.0,103.521,24.547,34.049,44.925,3.0,SOFT,,False,Haas F1 Team,126,15.0,False,258.0,259.0,,325.0,,8415.746,False,,False
