Time,Driver,DriverNumber,LapNumber,LapTime,Sector1Time,Sector2Time,Sector3Time,Stint,Compound,TyreLife,FreshTyre,Team,TrackStatus,Position,IsAccurate,SpeedI1,SpeedI2,SpeedFL,SpeedST,PitOutTime,PitInTime,Deleted,DeletedReason,FastF1Generated
3838.725,NOR,1,1.0,86.181,,26.091,32.008,1.0,INTERMEDIATE,1.0,True,McLaren,1,1.0,False,240.0,274.0,278.0,298.0,,,False,,False
3936.499,NOR,1,2.0,97.774,23.565,26.304,47.905,1.0,INTERMEDIATE,2.0,True,McLaren,1,13.0,False,226.0,267.0,,296.0,,3914.626,False,,False
4020.574,NOR,1,3.0,84.075,26.055,25.903,32.117,2.0,MEDIUM,1.0,True,McLaren,1,14.0,False,237.0,283.0,271.0,305.0,3938.119,,False,,False
4101.744,NOR,1,4.0,81.17,24.684,25.667,30.819,2.0,MEDIUM,2.0,True,McLaren,1,14.0,True,227.0,280.0,283.0,313.0,,,True,TRACK LIMITS AT TURN 4 LAP 4 ,False
4180.347,NOR,1,5.0,78.603,22.558,25.085,30.96,2.0,MEDIUM,3.0,True,McLaren,1,14.0,True,234.0,279.0,283.0,313.0,,,False,,False
4259.69,NOR,1,6.0,79.343,22.674,25.181,31.488,2.0,MEDIUM,4.0,True,McLaren,1,14.0,True,233.0,286.0,286.0,320.0,,,False,,False
4337.769,NOR,1,7.0,78.079,22.5,24.805,30.774,2.0,MEDIUM,5.0,True,McLaren,1,13.0,True,236.0,287.0,293.0,326.0,,,False,,False
4415.796,NOR,1,8.0,78.027,22.487,24.992,30.548,2.0,MEDIUM,6.0,True,McLaren,1,11.0,True,237.0,279.0,272.0,312.0,,,False,,False
4492.902,NOR,1,9.0,77.106,22.114,24.496,30.496,2.0,MEDIUM,7.0,True,McLaren,1,11.0,True,235.0,278.0,276.0,309.0,,,False,,False
4570.128,NOR,1,10.0,77.226,22.097,24.661,30.468,2.0,MEDIUM,8.0,True,McLaren,1,11.0,True,235.0,281.0,275.0,326.0,,,False,,False
4648.061,NOR,1,11.0,77.933,22.395,24.55,30.988,2.0,MEDIUM,9.0,True,McLaren,1,9.0,True,236.0,282.0,299.0,320.0,,,False,,False
4724.929,NOR,1,12.0,76.868,21.86,24.441,30.567,2.0,MEDIUM,10.0,True,McLaren,12,9.0,True,237.0,276.0,270.0,304.0,,,False,,False
4802.609,NOR,1,13.0,77.68,21.985,24.424,31.271,2.0,MEDIUM,11.0,True,McLaren,2,9.0,True,237.0,256.0,272.0,301.0,,,False,,False
4879.41,NOR,1,14.0,76.801,21.92,24.338,30.543,2.0,MEDIUM,12.0,True,McLaren,21,9.0,True,236.0,277.0,274.0,303.0,,,False,,False
4978.246,NOR,1,15.0,98.836,21.758,24.505,52.573,2.0,MEDIUM,13.0,True,McLaren,1,14.0,False,235.0,277.0,,322.0,,4951.004,False,,False
5061.36,NOR,1,16.0,83.114,25.089,25.254,32.771,3.0,MEDIUM,4.0,False,McLaren,1,14.0,False,232.0,275.0,275.0,305.0,4979.857,,True,TRACK LIMITS AT TURN 10 LAP 16 ,False
5138.566,NOR,1,17.0,77.206,22.256,24.461,30.489,3.0,MEDIUM,5.0,False,McLaren,1,14.0,True,235.0,283.0,300.0,313.0,,,False,,False
5216.684,NOR,1,18.0,78.118,22.244,24.577,31.297,3.0,MEDIUM,6.0,False,McLaren,12,13.0,True,236.0,253.0,283.0,311.0,,,True,TRACK LIMITS AT TURN 14 LAP 18 ,False
5293.561,NOR,1,19.0,76.877,22.038,24.307,30.532,3.0,MEDIUM,7.0,False,McLaren,1,13.0,True,236.0,281.0,278.0,310.0,,,False,,False
5370.159,NOR,1,20.0,76.598,21.817,24.17,30.611,3.0,MEDIUM,8.0,False,McLaren,1,12.0,True,236.0,280.0,274.0,311.0,,,False,,False
5447.133,NOR,1,21.0,76.974,21.805,24.375,30.794,3.0,MEDIUM,9.0,False,McLaren,1,12.0,True,236.0,275.0,273.0,298.0,,,False,,False
5524.162,NOR,1,22.0,77.029,21.788,24.218,31.023,3.0,MEDIUM,10.0,False,McLaren,1,12.0,True,235.0,275.0,218.0,298.0,,,False,,False
5603.213,NOR,1,23.0,79.051,24.004,24.233,30.814,3.0,MEDIUM,11.0,False,McLaren,1,12.0,True,236.0,280.0,277.0,308.0,,,False,,False
5680.425,NOR,1,24.0,77.212,22.054,24.55,30.608,3.0,MEDIUM,12.0,False,McLaren,1,12.0,True,237.0,283.0,276.0,311.0,,,False,,False
5757.117,NOR,1,25.0,76.692,22.022,24.401,30.269,3.0,MEDIUM,13.0,False,McLaren,1,12.0,True,237.0,283.0,279.0,312.0,,,False,,False
5833.571,NOR,1,26.0,76.454,21.972,24.152,30.33,3.0,MEDIUM,14.0,False,McLaren,1,12.0,True,237.0,281.0,278.0,309.0,,,False,,False
5909.758,NOR,1,27.0,76.187,21.786,24.13,30.271,3.0,MEDIUM,15.0,False,McLaren,1,12.0,True,238.0,286.0,278.0,310.0,,,False,,False
5985.927,NOR,1,28.0,76.169,21.842,24.105,30.222,3.0,MEDIUM,16.0,False,McLaren,1,12.0,True,237.0,284.0,283.0,311.0,,,False,,False
6062.165,NOR,1,29.0,76.238,21.718,24.242,30.278,3.0,MEDIUM,17.0,False,McLaren,12,12.0,True,239.0,280.0,280.0,309.0,,,False,,False
6165.123,NOR,1,30.0,102.958,27.371,37.049,38.538,3.0,MEDIUM,18.0,False,McLaren,26,9.0,False,226.0,176.0,277.0,262.0,,,False,,False
6268.802,NOR,1,31.0,103.679,28.338,37.245,38.096,3.0,MEDIUM,19.0,False,McLaren,67,9.0,False,192.0,219.0,205.0,248.0,,,False,,False
6347.62,NOR,1,32.0,78.818,23.236,25.051,30.531,3.0,MEDIUM,20.0,False,McLaren,71,9.0,False,250.0,271.0,280.0,308.0,,,False,,False
6424.134,NOR,1,33.0,76.514,21.821,24.244,30.449,3.0,MEDIUM,21.0,False,McLaren,1,9.0,True,238.0,278.0,278.0,306.0,,,False,,False
6500.931,NOR,1,34.0,76.797,21.803,24.25,30.744,3.0,MEDIUM,22.0,False,McLaren,1,9.0,True,238.0,281.0,278.0,310.0,,,False,,False
6577.545,NOR,1,35.0,76.614,21.73,24.465,30.419,3.0,MEDIUM,23.0,False,McLaren,1,9.0,True,237.0,280.0,278.0,307.0,,,False,,False
6653.39,NOR,1,36.0,75.845,21.762,24.114,29.969,3.0,MEDIUM,24.0,False,McLaren,1,8.0,True,240.0,288.0,284.0,335.0,,,False,,False
6729.751,NOR,1,37.0,76.361,21.619,24.21,30.532,3.0,MEDIUM,25.0,False,McLaren,1,8.0,True,236.0,275.0,274.0,300.0,,,False,,False
6805.765,NOR,1,38.0,76.014,21.625,24.112,30.277,3.0,MEDIUM,26.0,False,McLaren,1,8.0,True,237.0,282.0,284.0,308.0,,,False,,False
6955.765,NOR,1,39.0,,,,,3.0,MEDIUM,27.0,False,McLaren,12,,False,,,,,,,False,,True
3847.986,GAS,10,1.0,95.442,,28.768,33.043,1.0,MEDIUM,1.0,True,Alpine,1,12.0,False,204.0,286.0,264.0,334.0,,,False,,False
3934.208,GAS,10,2.0,86.222,26.933,26.924,32.365,1.0,MEDIUM,2.0,True,Alpine,1,11.0,True,229.0,283.0,280.0,315.0,,,False,,False
4014.769,GAS,10,3.0,80.561,23.482,25.916,31.163,1.0,MEDIUM,3.0,True,Alpine,1,11.0,True,242.0,282.0,290.0,321.0,,,False,,False
4095.706,GAS,10,4.0,80.937,23.174,25.563,32.2,1.0,MEDIUM,4.0,True,Alpine,1,11.0,True,235.0,290.0,271.0,348.0,,,True,TRACK LIMITS AT TURN 14 LAP 4 ,False
4176.652,GAS,10,5.0,80.946,23.916,25.326,31.704,1.0,MEDIUM,5.0,True,Alpine,1,11.0,True,235.0,285.0,265.0,302.0,,,False,,False
4256.431,GAS,10,6.0,79.779,22.861,25.642,31.276,1.0,MEDIUM,6.0,True,Alpine,1,10.0,True,239.0,289.0,280.0,321.0,,,False,,False
4335.444,GAS,10,7.0,79.013,22.488,24.843,31.682,1.0,MEDIUM,7.0,True,Alpine,1,10.0,True,236.0,279.0,266.0,310.0,,,False,,False
4413.913,GAS,10,8.0,78.469,22.618,24.909,30.942,1.0,MEDIUM,8.0,True,Alpine,1,10.0,True,238.0,278.0,274.0,313.0,,,False,,False
4491.829,GAS,10,9.0,77.916,22.351,24.749,30.816,1.0,MEDIUM,9.0,True,Alpine,1,10.0,True,238.0,283.0,275.0,318.0,,,False,,False
4569.619,GAS,10,10.0,77.79,22.434,24.529,30.827,1.0,MEDIUM,10.0,True,Alpine,1,10.0,True,238.0,285.0,276.0,320.0,,,False,,False
4648.194,GAS,10,11.0,78.575,22.362,24.793,31.42,1.0,MEDIUM,11.0,True,Alpine,1,10.0,True,238.0,290.0,263.0,304.0,,,False,,False
4727.213,GAS,10,12.0,79.019,22.757,24.776,31.486,1.0,MEDIUM,12.0,True,Alpine,12,10.0,True,238.0,281.0,274.0,309.0,,,False,,False
4806.445,GAS,10,13.0,79.232,22.334,24.772,32.126,1.0,MEDIUM,13.0,True,Alpine,2,10.0,True,237.0,280.0,277.0,309.0,,,False,,False
4884.458,GAS,10,14.0,78.013,22.341,24.801,30.871,1.0,MEDIUM,14.0,True,Alpine,21,10.0,True,239.0,277.0,273.0,306.0,,,False,,False
4962.053,GAS,10,15.0,77.595,22.05,24.566,30.979,1.0,MEDIUM,15.0,True,Alpine,1,9.0,True,238.0,278.0,271.0,305.0,,,False,,False
5039.622,GAS,10,16.0,77.569,22.102,24.543,30.924,1.0,MEDIUM,16.0,True,Alpine,1,9.0,True,237.0,277.0,271.0,304.0,,,False,,False
5117.255,GAS,10,17.0,77.633,22.08,24.672,30.881,1.0,MEDIUM,17.0,True,Alpine,1,9.0,True,238.0,278.0,272.0,304.0,,,False,,False
5194.711,GAS,10,18.0,77.456,22.106,24.552,30.798,1.0,MEDIUM,18.0,True,Alpine,12,9.0,True,236.0,280.0,274.0,303.0,,,False,,False
5272.13,GAS,10,19.0,77.419,22.026,24.603,30.79,1.0,MEDIUM,19.0,True,Alpine,1,9.0,True,239.0,280.0,270.0,304.0,,,False,,False
5349.637,GAS,10,20.0,77.507,22.024,24.609,30.874,1.0,MEDIUM,20.0,True,Alpine,1,9.0,True,238.0,276.0,272.0,305.0,,,False,,False
5427.411,GAS,10,21.0,77.774,22.219,24.704,30.851,1.0,MEDIUM,21.0,True,Alpine,1,9.0,True,239.0,278.0,276.0,306.0,,,False,,False
5504.843,GAS,10,22.0,77.432,22.118,24.573,30.741,1.0,MEDIUM,22.0,True,Alpine,1,9.0,True,238.0,282.0,280.0,309.0,,,False,,False
5582.934,GAS,10,23.0,78.091,22.296,25.052,30.743,1.0,MEDIUM,23.0,True,Alpine,1,9.0,True,240.0,278.0,274.0,304.0,,,False,,False
5660.226,GAS,10,24.0,77.292,21.978,24.641,30.673,1.0,MEDIUM,24.0,True,Alpine,1,9.0,True,239.0,279.0,266.0,305.0,,,False,,False
5737.545,GAS,10,25.0,77.319,22.051,24.455,30.813,1.0,MEDIUM,25.0,True,Alpine,1,9.0,True,237.0,278.0,274.0,304.0,,,False,,False
5814.643,GAS,10,26.0,77.098,21.977,24.432,30.689,1.0,MEDIUM,26.0,True,Alpine,1,9.0,True,240.0,275.0,267.0,302.0,,,False,,False
5891.693,GAS,10,27.0,77.05,22.037,24.36,30.653,1.0,MEDIUM,27.0,True,Alpine,1,9.0,True,240.0,278.0,267.0,302.0,,,False,,False
5968.674,GAS,10,28.0,76.981,21.862,24.45,30.669,1.0,MEDIUM,28.0,True,Alpine,1,9.0,True,242.0,277.0,271.0,302.0,,,False,,False
6045.541,GAS,10,29.0,76.867,21.903,24.419,30.545,1.0,MEDIUM,29.0,True,Alpine,12,9.0,True,241.0,278.0,271.0,305.0,,,False,,False
6158.274,GAS,10,30.0,112.733,21.915,37.796,53.022,1.0,MEDIUM,30.0,True,Alpine,26,8.0,False,241.0,235.0,,181.0,,6134.245,False,,False
6263.01,GAS,10,31.0,104.736,31.349,36.353,37.034,2.0,HARD,1.0,True,Alpine,67,8.0,False,218.0,218.0,232.0,246.0,6159.932,,False,,False
6343.714,GAS,10,32.0,80.704,24.548,25.222,30.934,2.0,HARD,2.0,True,Alpine,71,8.0,False,243.0,276.0,275.0,307.0,,,False,,False
6421.831,GAS,10,33.0,78.117,22.565,24.687,30.865,2.0,HARD,3.0,True,Alpine,1,8.0,True,241.0,282.0,281.0,311.0,,,False,,False
6499.3,GAS,10,34.0,77.469,22.162,24.8,30.507,2.0,HARD,4.0,True,Alpine,1,8.0,True,242.0,282.0,284.0,312.0,,,False,,False
6576.689,GAS,10,35.0,77.389,22.203,24.574,30.612,2.0,HARD,5.0,True,Alpine,1,8.0,True,241.0,280.0,276.0,304.0,,,False,,False
6653.922,GAS,10,36.0,77.233,21.854,24.38,30.999,2.0,HARD,6.0,True,Alpine,1,9.0,True,242.0,282.0,282.0,306.0,,,False,,False
6730.844,GAS,10,37.0,76.922,21.962,24.589,30.371,2.0,HARD,7.0,True,Alpine,1,9.0,True,245.0,285.0,279.0,318.0,,,False,,False
6809.753,GAS,10,38.0,78.909,22.104,26.081,30.724,2.0,HARD,8.0,True,Alpine,1,9.0,True,242.0,279.0,267.0,303.0,,,False,,False
6886.588,GAS,10,39.0,76.835,21.931,24.254,30.65,2.0,HARD,9.0,True,Alpine,12,8.0,True,242.0,281.0,268.0,303.0,,,False,,False
6963.173,GAS,10,40.0,76.585,21.767,24.26,30.558,2.0,HARD,10.0,True,Alpine,1,8.0,True,241.0,279.0,272.0,304.0,,,False,,False
7039.568,GAS,10,41.0,76.395,21.623,24.312,30.46,2.0,HARD,11.0,True,Alpine,1,8.0,True,244.0,280.0,271.0,302.0,,,False,,False
7115.813,GAS,10,42.0,76.245,21.68,24.132,30.433,2.0,HARD,12.0,True,Alpine,1,8.0,True,243.0,281.0,277.0,305.0,,,False,,False
7192.032,GAS,10,43.0,76.219,21.763,24.209,30.247,2.0,HARD,13.0,True,Alpine,1,8.0,True,241.0,285.0,276.0,307.0,,,False,,False
7269.891,GAS,10,44.0,77.859,21.867,25.493,30.499,2.0,HARD,14.0,True,Alpine,1,8.0,True,242.0,293.0,283.0,311.0,,,False,,False
7363.371,GAS,10,45.0,93.48,22.172,33.697,37.611,2.0,HARD,15.0,True,Alpine,167,8.0,False,241.0,260.0,304.0,249.0,,,False,,False
7440.259,GAS,10,46.0,76.888,21.934,24.36,30.594,2.0,HARD,16.0,True,Alpine,1,8.0,True,242.0,283.0,280.0,306.0,,,False,,False
7518.625,GAS,10,47.0,78.366,21.807,24.167,32.392,2.0,HARD,17.0,True,Alpine,1,8.0,True,242.0,286.0,275.0,218.0,,,False,,False
7596.214,GAS,10,48.0,77.589,21.844,24.31,31.435,2.0,HARD,18.0,True,Alpine,1,8.0,True,243.0,282.0,297.0,268.0,,,False,,False
7672.9,GAS,10,49.0,76.686,21.902,24.253,30.531,2.0,HARD,19.0,True,Alpine,1,8.0,True,241.0,284.0,265.0,317.0,,,False,,False
7748.965,GAS,10,50.0,76.065,21.722,24.175,30.168,2.0,HARD,20.0,True,Alpine,1,8.0,True,244.0,288.0,271.0,320.0,,,False,,False
7830.51,GAS,10,51.0,81.545,21.631,24.082,35.832,2.0,HARD,21.0,True,Alpine,16,8.0,False,244.0,287.0,259.0,320.0,,,False,,False
7934.32,GAS,10,52.0,103.81,28.542,32.5,42.768,2.0,HARD,22.0,True,Alpine,67,8.0,False,225.0,218.0,241.0,244.0,,,False,,False
8015.944,GAS,10,53.0,81.624,26.047,25.09,30.487,2.0,HARD,23.0,True,Alpine,71,8.0,False,237.0,287.0,276.0,318.0,,,False,,False
8092.31,GAS,10,54.0,76.366,21.777,24.308,30.281,2.0,HARD,24.0,True,Alpine,1,8.0,True,245.0,285.0,280.0,316.0,,,False,,False
8168.173,GAS,10,55.0,75.863,21.687,24.094,30.082,2.0,HARD,25.0,True,Alpine,1,8.0,True,243.0,287.0,280.0,312.0,,,False,,False
8244.034,GAS,10,56.0,75.861,21.602,24.125,30.134,2.0,HARD,26.0,True,Alpine,1,8.0,True,243.0,288.0,281.0,314.0,,,False,,False
8319.819,GAS,10,57.0,75.785,21.613,24.144,30.028,2.0,HARD,27.0,True,Alpine,1,8.0,True,243.0,289.0,284.0,311.0,,,False,,False
8395.802,GAS,10,58.0,75.983,21.573,24.106,30.304,2.0,HARD,28.0,True,Alpine,1,8.0,True,244.0,289.0,285.0,316.0,,,False,,False
8471.554,GAS,10,59.0,75.752,21.72,24.109,29.923,2.0,HARD,29.0,True,Alpine,1,8.0,True,243.0,293.0,283.0,316.0,,,False,,False
8547.481,GAS,10,60.0,75.927,21.565,24.123,30.239,2.0,HARD,30.0,True,Alpine,12,8.0,True,244.0,292.0,282.0,313.0,,,False,,False
8623.376,GAS,10,61.0,75.895,21.642,24.171,30.082,2.0,HARD,31.0,True,Alpine,1,8.0,True,243.0,293.0,282.0,319.0,,,False,,False
8699.497,GAS,10,62.0,76.121,21.595,24.05,30.476,2.0,HARD,32.0,True,Alpine,1,8.0,True,244.0,289.0,278.0,322.0,,,False,,False
8775.318,GAS,10,63.0,75.821,21.691,24.053,30.077,2.0,HARD,33.0,True,Alpine,1,8.0,True,244.0,293.0,280.0,318.0,,,False,,False
8852.171,GAS,10,64.0,76.853,21.77,24.235,30.848,2.0,HARD,34.0,True,Alpine,1,8.0,True,244.0,291.0,260.0,338.0,,,True,TRACK LIMITS AT TURN 14 LAP 64 ,False
8930.644,GAS,10,65.0,78.473,22.708,24.458,31.307,2.0,HARD,35.0,True,Alpine,1,8.0,True,244.0,293.0,259.0,343.0,,,False,,False
9007.484,GAS,10,66.0,76.84,21.781,25.051,30.008,2.0,HARD,36.0,True,Alpine,1,8.0,True,243.0,288.0,276.0,311.0,,,False,,False
9082.874,GAS,10,67.0,75.39,21.458,24.076,29.856,2.0,HARD,37.0,True,Alpine,1,8.0,True,243.0,286.0,294.0,327.0,,,False,,False
3850.925,PER,11,1.0,98.381,,29.244,33.875,1.0,INTERMEDIATE,1.0,True,Cadillac,1,17.0,False,199.0,273.0,283.0,317.0,,,False,,False
3955.944,PER,11,2.0,105.019,25.507,28.039,51.473,1.0,INTERMEDIATE,2.0,True,Cadillac,1,21.0,False,203.0,268.0,,314.0,,3931.792,False,,False
4043.062,PER,11,3.0,87.118,27.703,27.271,32.144,2.0,SOFT,1.0,True,Cadillac,1,20.0,False,220.0,271.0,282.0,307.0,3957.532,,False,,False
4124.67,PER,11,4.0,81.608,23.776,26.296,31.536,2.0,SOFT,2.0,True,Cadillac,1,20.0,True,227.0,266.0,280.0,306.0,,,False,,False
4204.771,PER,11,5.0,80.101,22.979,25.402,31.72,2.0,SOFT,3.0,True,Cadillac,1,20.0,True,226.0,294.0,259.0,300.0,,,False,,False
4283.828,PER,11,6.0,79.057,22.805,25.224,31.028,2.0,SOFT,4.0,True,Cadillac,1,20.0,True,229.0,274.0,277.0,309.0,,,False,,False
4362.549,PER,11,7.0,78.721,22.639,25.159,30.923,2.0,SOFT,5.0,True,Cadillac,1,20.0,True,227.0,273.0,276.0,305.0,,,False,,False
4441.261,PER,11,8.0,78.712,22.71,25.14,30.862,2.0,SOFT,6.0,True,Cadillac,1,20.0,True,228.0,272.0,276.0,304.0,,,False,,False
4520.347,PER,11,9.0,79.086,22.794,25.276,31.016,2.0,SOFT,7.0,True,Cadillac,1,20.0,True,226.0,271.0,271.0,300.0,,,False,,False
4598.844,PER,11,10.0,78.497,22.443,25.036,31.018,2.0,SOFT,8.0,True,Cadillac,1,20.0,True,228.0,271.0,269.0,300.0,,,False,,False
4677.407,PER,11,11.0,78.563,22.542,25.179,30.842,2.0,SOFT,9.0,True,Cadillac,1,20.0,True,232.0,270.0,276.0,302.0,,,False,,False
4756.094,PER,11,12.0,78.687,22.563,25.081,31.043,2.0,SOFT,10.0,True,Cadillac,12,18.0,True,231.0,273.0,282.0,305.0,,,False,,False
4835.365,PER,11,13.0,79.271,22.759,25.361,31.151,2.0,SOFT,11.0,True,Cadillac,21,17.0,True,229.0,277.0,261.0,327.0,,,False,,False
4914.571,PER,11,14.0,79.206,22.64,25.313,31.253,2.0,SOFT,12.0,True,Cadillac,1,17.0,True,230.0,268.0,268.0,297.0,,,False,,False
5010.752,PER,11,15.0,96.181,22.417,25.115,48.649,2.0,SOFT,13.0,True,Cadillac,1,18.0,False,229.0,269.0,,306.0,,4987.248,False,,False
5094.95,PER,11,16.0,84.198,26.146,26.299,31.753,3.0,MEDIUM,1.0,True,Cadillac,1,18.0,False,225.0,266.0,273.0,297.0,5012.338,,False,,False
5174.757,PER,11,17.0,79.807,22.933,25.486,31.388,3.0,MEDIUM,2.0,True,Cadillac,1,18.0,True,229.0,266.0,272.0,295.0,,,False,,False
5253.879,PER,11,18.0,79.122,22.65,25.314,31.158,3.0,MEDIUM,3.0,True,Cadillac,12,18.0,True,229.0,267.0,275.0,295.0,,,False,,False
5332.469,PER,11,19.0,78.59,22.467,25.118,31.005,3.0,MEDIUM,4.0,True,Cadillac,1,18.0,True,228.0,268.0,272.0,293.0,,,False,,False
5411.037,PER,11,20.0,78.568,22.254,25.017,31.297,3.0,MEDIUM,5.0,True,Cadillac,1,18.0,True,229.0,269.0,235.0,293.0,,,False,,False
5490.425,PER,11,21.0,79.388,23.612,25.049,30.727,3.0,MEDIUM,6.0,True,Cadillac,1,18.0,True,228.0,271.0,277.0,299.0,,,False,,False
5568.385,PER,11,22.0,77.96,22.342,24.847,30.771,3.0,MEDIUM,7.0,True,Cadillac,1,18.0,True,230.0,271.0,276.0,300.0,,,False,,False
5646.321,PER,11,23.0,77.936,22.17,24.996,30.77,3.0,MEDIUM,8.0,True,Cadillac,1,18.0,True,230.0,272.0,272.0,301.0,,,False,,False
5724.533,PER,11,24.0,78.212,22.293,24.943,30.976,3.0,MEDIUM,9.0,True,Cadillac,1,18.0,True,230.0,275.0,262.0,332.0,,,False,,False
5802.996,PER,11,25.0,78.463,22.633,24.865,30.965,3.0,MEDIUM,10.0,True,Cadillac,1,17.0,True,230.0,270.0,272.0,297.0,,,False,,False
5881.1,PER,11,26.0,78.104,22.332,24.875,30.897,3.0,MEDIUM,11.0,True,Cadillac,1,17.0,True,230.0,270.0,271.0,294.0,,,False,,False
5959.578,PER,11,27.0,78.478,22.352,25.051,31.075,3.0,MEDIUM,12.0,True,Cadillac,1,17.0,True,230.0,270.0,272.0,293.0,,,False,,False
6037.565,PER,11,28.0,77.987,22.371,24.872,30.744,3.0,MEDIUM,13.0,True,Cadillac,1,17.0,True,229.0,271.0,272.0,294.0,,,False,,False
6149.674,PER,11,29.0,112.109,22.133,32.683,57.293,3.0,MEDIUM,14.0,True,Cadillac,126,17.0,False,231.0,160.0,,221.0,,6126.246,False,,False
6257.685,PER,11,30.0,108.011,28.915,39.286,39.81,4.0,SOFT,1.0,True,Cadillac,67,16.0,False,216.0,112.0,242.0,219.0,6151.281,,False,,False
6341.101,PER,11,31.0,83.416,24.472,27.064,31.88,4.0,SOFT,2.0,True,Cadillac,71,16.0,False,233.0,261.0,281.0,309.0,,,False,,False
6420.349,PER,11,32.0,79.248,23.131,25.328,30.789,4.0,SOFT,3.0,True,Cadillac,1,16.0,True,236.0,283.0,286.0,326.0,,,False,,False
6501.602,PER,11,33.0,81.253,22.569,25.365,33.319,4.0,SOFT,4.0,True,Cadillac,1,16.0,True,232.0,245.0,280.0,211.0,,,False,,False
6579.714,PER,11,34.0,78.112,22.6,24.88,30.632,4.0,SOFT,5.0,True,Cadillac,1,16.0,True,232.0,276.0,281.0,310.0,,,False,,False
6656.834,PER,11,35.0,77.12,22.193,24.605,30.322,4.0,SOFT,6.0,True,Cadillac,1,16.0,True,233.0,280.0,288.0,323.0,,,False,,False
6734.232,PER,11,36.0,77.398,22.208,24.571,30.619,4.0,SOFT,7.0,True,Cadillac,1,16.0,True,231.0,290.0,275.0,305.0,,,False,,False
6811.147,PER,11,37.0,76.915,22.178,24.503,30.234,4.0,SOFT,8.0,True,Cadillac,1,16.0,True,233.0,280.0,281.0,313.0,,,False,,False
6888.57,PER,11,38.0,77.423,22.336,24.636,30.451,4.0,SOFT,9.0,True,Cadillac,12,15.0,True,234.0,280.0,272.0,340.0,,,False,,False
6969.434,PER,11,39.0,80.864,22.461,26.809,31.594,4.0,SOFT,10.0,True,Cadillac,1,15.0,True,231.0,273.0,274.0,302.0,,,False,,False
7042.618,PER,11,40.0,,22.469,24.759,,4.0,SOFT,11.0,True,Cadillac,1,14.0,False,233.0,279.0,,289.0,,7042.657,False,,False
3839.884,ANT,12,1.0,87.34,,26.222,31.942,1.0,SOFT,5.0,False,Mercedes,1,2.0,False,236.0,283.0,276.0,310.0,,,False,,False
3921.331,ANT,12,2.0,81.447,23.454,25.6,32.393,1.0,SOFT,6.0,False,Mercedes,1,1.0,True,242.0,282.0,265.0,300.0,,,False,,False
4000.305,ANT,12,3.0,78.974,22.886,24.922,31.166,1.0,SOFT,7.0,False,Mercedes,1,1.0,True,232.0,275.0,275.0,300.0,,,False,,False
4078.279,ANT,12,4.0,77.974,22.389,24.665,30.92,1.0,SOFT,8.0,False,Mercedes,1,1.0,True,234.0,274.0,273.0,299.0,,,False,,False
4155.337,ANT,12,5.0,77.058,22.001,24.485,30.572,1.0,SOFT,9.0,False,Mercedes,1,1.0,True,235.0,274.0,275.0,299.0,,,False,,False
4233.047,ANT,12,6.0,77.71,21.991,24.326,31.393,1.0,SOFT,10.0,False,Mercedes,1,2.0,True,235.0,274.0,277.0,299.0,,,True,TRACK LIMITS AT TURN 14 LAP 6 ,False
4309.92,ANT,12,7.0,76.873,22.33,24.415,30.128,1.0,SOFT,11.0,False,Mercedes,1,2.0,True,235.0,278.0,276.0,313.0,,,False,,False
4385.967,ANT,12,8.0,76.047,21.72,24.125,30.202,1.0,SOFT,12.0,False,Mercedes,1,2.0,True,237.0,279.0,272.0,310.0,,,False,,False
4461.815,ANT,12,9.0,75.848,21.781,24.074,29.993,1.0,SOFT,13.0,False,Mercedes,1,2.0,True,237.0,283.0,282.0,317.0,,,False,,False
4537.555,ANT,12,10.0,75.74,21.638,24.005,30.097,1.0,SOFT,14.0,False,Mercedes,1,2.0,True,238.0,281.0,279.0,310.0,,,False,,False
4613.185,ANT,12,11.0,75.63,21.538,24.042,30.05,1.0,SOFT,15.0,False,Mercedes,1,2.0,True,238.0,280.0,279.0,312.0,,,False,,False
4689.101,ANT,12,12.0,75.916,21.512,23.989,30.415,1.0,SOFT,16.0,False,Mercedes,1,2.0,True,238.0,280.0,302.0,302.0,,,False,,False
4766.934,ANT,12,13.0,77.833,22.734,24.512,30.587,1.0,SOFT,17.0,False,Mercedes,12,2.0,True,235.0,266.0,281.0,315.0,,,False,,False
4843.06,ANT,12,14.0,76.126,21.638,24.14,30.348,1.0,SOFT,18.0,False,Mercedes,21,2.0,True,240.0,285.0,282.0,320.0,,,False,,False
4918.695,ANT,12,15.0,75.635,21.585,23.961,30.089,1.0,SOFT,19.0,False,Mercedes,1,2.0,True,240.0,288.0,284.0,313.0,,,False,,False
4994.106,ANT,12,16.0,75.411,21.581,24.003,29.827,1.0,SOFT,20.0,False,Mercedes,1,2.0,True,241.0,287.0,285.0,325.0,,,False,,False
5070.637,ANT,12,17.0,76.531,21.601,24.215,30.715,1.0,SOFT,21.0,False,Mercedes,1,2.0,True,241.0,286.0,284.0,315.0,,,False,,False
5146.352,ANT,12,18.0,75.715,21.72,24.173,29.822,1.0,SOFT,22.0,False,Mercedes,1,2.0,True,241.0,287.0,286.0,326.0,,,False,,False
5221.939,ANT,12,19.0,75.587,21.707,24.079,29.801,1.0,SOFT,23.0,False,Mercedes,12,2.0,True,241.0,287.0,286.0,330.0,,,False,,False
5297.498,ANT,12,20.0,75.559,21.66,24.084,29.815,1.0,SOFT,24.0,False,Mercedes,1,2.0,True,240.0,286.0,283.0,327.0,,,False,,False
5372.937,ANT,12,21.0,75.439,21.58,23.96,29.899,1.0,SOFT,25.0,False,Mercedes,1,2.0,True,240.0,288.0,300.0,339.0,,,False,,False
5449.119,ANT,12,22.0,76.182,22.121,24.233,29.828,1.0,SOFT,26.0,False,Mercedes,1,1.0,True,238.0,285.0,272.0,328.0,,,False,,False
5524.532,ANT,12,23.0,75.413,21.467,24.151,29.795,1.0,SOFT,27.0,False,Mercedes,1,1.0,True,238.0,278.0,285.0,327.0,,,False,,False
5600.997,ANT,12,24.0,76.465,21.38,24.25,30.835,1.0,SOFT,28.0,False,Mercedes,1,1.0,True,236.0,278.0,270.0,325.0,,,True,TRACK LIMITS AT TURN 10 LAP 24 ,False
5679.54,ANT,12,25.0,78.543,22.432,25.706,30.405,1.0,SOFT,29.0,False,Mercedes,1,2.0,True,234.0,278.0,274.0,325.0,,,False,,False
5756.02,ANT,12,26.0,76.48,21.99,24.427,30.063,1.0,SOFT,30.0,False,Mercedes,1,2.0,True,236.0,284.0,278.0,338.0,,,False,,False
5831.991,ANT,12,27.0,75.971,21.874,24.201,29.896,1.0,SOFT,31.0,False,Mercedes,1,2.0,True,235.0,283.0,289.0,335.0,,,False,,False
5908.418,ANT,12,28.0,76.427,22.056,24.401,29.97,1.0,SOFT,32.0,False,Mercedes,1,2.0,True,238.0,286.0,282.0,338.0,,,False,,False
5984.17,ANT,12,29.0,75.752,22.017,24.009,29.726,1.0,SOFT,33.0,False,Mercedes,1,2.0,True,235.0,285.0,281.0,338.0,,,False,,False
6060.531,ANT,12,30.0,76.361,21.786,24.587,29.988,1.0,SOFT,34.0,False,Mercedes,12,1.0,True,236.0,274.0,275.0,323.0,,,False,,False
6179.77,ANT,12,31.0,119.239,26.854,37.012,55.373,1.0,SOFT,35.0,False,Mercedes,26,1.0,False,169.0,140.0,,270.0,,6156.253,False,,False
6280.871,ANT,12,32.0,101.101,28.986,34.74,37.375,2.0,MEDIUM,1.0,True,Mercedes,671,1.0,False,173.0,208.0,289.0,240.0,6181.314,,False,,False
6360.136,ANT,12,33.0,79.265,22.882,25.561,30.822,2.0,MEDIUM,2.0,True,Mercedes,1,1.0,True,239.0,266.0,268.0,294.0,,,False,,False
6436.426,ANT,12,34.0,76.29,21.855,24.269,30.166,2.0,MEDIUM,3.0,True,Mercedes,1,1.0,True,239.0,283.0,287.0,318.0,,,False,,False
6512.527,ANT,12,35.0,76.101,21.607,24.405,30.089,2.0,MEDIUM,4.0,True,Mercedes,1,1.0,True,241.0,283.0,282.0,308.0,,,False,,False
6588.235,ANT,12,36.0,75.708,21.535,24.03,30.143,2.0,MEDIUM,5.0,True,Mercedes,1,1.0,True,238.0,280.0,280.0,300.0,,,False,,False
6663.701,ANT,12,37.0,75.466,21.359,23.94,30.167,2.0,MEDIUM,6.0,True,Mercedes,1,1.0,True,240.0,281.0,281.0,303.0,,,False,,False
6738.936,ANT,12,38.0,75.235,21.321,23.936,29.978,2.0,MEDIUM,7.0,True,Mercedes,1,1.0,True,241.0,282.0,280.0,306.0,,,False,,False
6814.226,ANT,12,39.0,75.29,21.388,24.021,29.881,2.0,MEDIUM,8.0,True,Mercedes,1,1.0,True,241.0,284.0,282.0,307.0,,,False,,False
6890.097,ANT,12,40.0,75.871,21.34,24.012,30.519,2.0,MEDIUM,9.0,True,Mercedes,12,1.0,True,242.0,286.0,281.0,310.0,,,False,,False
6968.002,ANT,12,41.0,77.905,21.69,25.939,30.276,2.0,MEDIUM,10.0,True,Mercedes,1,1.0,True,241.0,285.0,277.0,301.0,,,False,,False
7043.246,ANT,12,42.0,75.244,21.285,23.963,29.996,2.0,MEDIUM,11.0,True,Mercedes,1,1.0,True,240.0,281.0,281.0,302.0,,,False,,False
7118.06,ANT,12,43.0,74.814,21.128,23.801,29.885,2.0,MEDIUM,12.0,True,Mercedes,1,1.0,True,241.0,282.0,283.0,306.0,,,False,,False
7193.239,ANT,12,44.0,75.179,21.308,23.88,29.991,2.0,MEDIUM,13.0,True,Mercedes,1,1.0,True,241.0,286.0,286.0,309.0,,,False,,False
7268.515,ANT,12,45.0,75.276,21.378,23.961,29.937,2.0,MEDIUM,14.0,True,Mercedes,1,1.0,True,241.0,283.0,283.0,306.0,,,False,,False
7361.9,ANT,12,46.0,93.385,21.219,32.216,39.95,2.0,MEDIUM,15.0,True,Mercedes,167,1.0,False,241.0,211.0,265.0,261.0,,,False,,False
7437.777,ANT,12,47.0,75.877,21.84,23.88,30.157,2.0,MEDIUM,16.0,True,Mercedes,1,1.0,True,240.0,282.0,278.0,301.0,,,False,,False
7512.796,ANT,12,48.0,75.019,21.109,23.688,30.222,2.0,MEDIUM,17.0,True,Mercedes,1,1.0,True,241.0,280.0,279.0,299.0,,,False,,False
7587.731,ANT,12,49.0,74.935,21.12,23.79,30.025,2.0,MEDIUM,18.0,True,Mercedes,1,1.0,True,240.0,281.0,277.0,299.0,,,False,,False
7662.501,ANT,12,50.0,74.77,21.099,23.646,30.025,2.0,MEDIUM,19.0,True,Mercedes,1,1.0,True,241.0,281.0,279.0,299.0,,,False,,False
7737.105,ANT,12,51.0,74.604,21.101,23.642,29.861,2.0,MEDIUM,20.0,True,Mercedes,1,1.0,True,241.0,282.0,282.0,309.0,,,False,,False
7811.471,ANT,12,52.0,74.366,21.05,23.653,29.663,2.0,MEDIUM,21.0,True,Mercedes,1,1.0,True,243.0,282.0,283.0,305.0,,,False,,False
7917.827,ANT,12,53.0,106.356,30.277,33.041,43.038,2.0,MEDIUM,22.0,True,Mercedes,16,1.0,False,179.0,210.0,234.0,239.0,,,False,,False
8001.463,ANT,12,54.0,83.636,27.668,25.392,30.576,2.0,MEDIUM,23.0,True,Mercedes,671,1.0,False,203.0,275.0,285.0,303.0,,,False,,False
8076.85,ANT,12,55.0,75.387,21.477,23.954,29.956,2.0,MEDIUM,24.0,True,Mercedes,1,1.0,True,241.0,283.0,283.0,305.0,,,False,,False
8151.859,ANT,12,56.0,75.009,21.261,24.022,29.726,2.0,MEDIUM,25.0,True,Mercedes,1,1.0,True,242.0,284.0,283.0,310.0,,,False,,False
8226.768,ANT,12,57.0,74.909,21.203,23.906,29.8,2.0,MEDIUM,26.0,True,Mercedes,1,1.0,True,241.0,282.0,278.0,304.0,,,False,,False
8301.469,ANT,12,58.0,74.701,21.192,23.678,29.831,2.0,MEDIUM,27.0,True,Mercedes,1,1.0,True,241.0,283.0,279.0,301.0,,,False,,False
8376.259,ANT,12,59.0,74.79,21.055,23.765,29.97,2.0,MEDIUM,28.0,True,Mercedes,1,1.0,True,242.0,283.0,281.0,304.0,,,False,,False
8450.704,ANT,12,60.0,74.445,21.244,23.692,29.509,2.0,MEDIUM,29.0,True,Mercedes,1,1.0,True,241.0,284.0,284.0,308.0,,,False,,False
8525.044,ANT,12,61.0,74.34,21.105,23.59,29.645,2.0,MEDIUM,30.0,True,Mercedes,12,1.0,True,243.0,287.0,258.0,317.0,,,False,,False
8600.457,ANT,12,62.0,75.413,22.236,23.657,29.52,2.0,MEDIUM,31.0,True,Mercedes,1,1.0,True,243.0,285.0,290.0,313.0,,,False,,False
8675.183,ANT,12,63.0,74.726,21.23,23.885,29.611,2.0,MEDIUM,32.0,True,Mercedes,1,1.0,True,243.0,283.0,282.0,309.0,,,False,,False
8750.302,ANT,12,64.0,75.119,21.455,23.821,29.843,2.0,MEDIUM,33.0,True,Mercedes,1,1.0,True,241.0,283.0,279.0,301.0,,,False,,False
8825.071,ANT,12,65.0,74.769,21.101,23.777,29.891,2.0,MEDIUM,34.0,True,Mercedes,1,1.0,True,241.0,282.0,280.0,301.0,,,False,,False
8899.483,ANT,12,66.0,74.412,21.124,23.791,29.497,2.0,MEDIUM,35.0,True,Mercedes,1,1.0,True,242.0,286.0,281.0,315.0,,,False,,False
8974.092,ANT,12,67.0,74.609,21.123,23.652,29.834,2.0,MEDIUM,36.0,True,Mercedes,1,1.0,True,241.0,282.0,280.0,301.0,,,False,,False
9048.302,ANT,12,68.0,74.21,20.989,23.638,29.583,2.0,MEDIUM,37.0,True,Mercedes,1,1.0,True,242.0,282.0,283.0,323.0,,,False,,False
3848.67,ALO,14,1.0,96.126,,28.969,32.99,1.0,SOFT,1.0,True,Aston Martin,1,14.0,False,209.0,274.0,273.0,322.0,,,False,,False
3932.378,ALO,14,2.0,83.708,24.705,26.647,32.356,1.0,SOFT,2.0,True,Aston Martin,1,10.0,True,229.0,270.0,273.0,325.0,,,False,,False
4013.962,ALO,14,3.0,81.584,23.899,26.104,31.581,1.0,SOFT,3.0,True,Aston Martin,1,10.0,True,228.0,270.0,274.0,310.0,,,False,,False
4095.594,ALO,14,4.0,81.632,23.438,25.899,32.295,1.0,SOFT,4.0,True,Aston Martin,1,10.0,True,228.0,269.0,269.0,336.0,,,False,,False
4175.975,ALO,14,5.0,80.381,23.438,25.564,31.379,1.0,SOFT,5.0,True,Aston Martin,1,10.0,True,230.0,271.0,269.0,315.0,,,False,,False
4256.917,ALO,14,6.0,80.942,23.25,25.723,31.969,1.0,SOFT,6.0,True,Aston Martin,1,11.0,True,228.0,265.0,274.0,309.0,,,False,,False
4336.868,ALO,14,7.0,79.951,23.165,25.501,31.285,1.0,SOFT,7.0,True,Aston Martin,1,11.0,True,229.0,268.0,267.0,314.0,,,False,,False
4417.487,ALO,14,8.0,80.619,23.062,26.002,31.555,1.0,SOFT,8.0,True,Aston Martin,1,13.0,True,229.0,270.0,276.0,319.0,,,False,,False
4497.195,ALO,14,9.0,79.708,23.368,25.382,30.958,1.0,SOFT,9.0,True,Aston Martin,1,14.0,True,232.0,271.0,270.0,317.0,,,False,,False
4576.83,ALO,14,10.0,79.635,22.795,25.491,31.349,1.0,SOFT,10.0,True,Aston Martin,1,14.0,True,230.0,266.0,266.0,300.0,,,False,,False
4656.567,ALO,14,11.0,79.737,22.837,25.436,31.464,1.0,SOFT,11.0,True,Aston Martin,1,14.0,True,228.0,264.0,265.0,299.0,,,False,,False
4736.701,ALO,14,12.0,80.134,22.698,25.486,31.95,1.0,SOFT,12.0,True,Aston Martin,12,12.0,True,228.0,264.0,270.0,298.0,,,False,,False
4817.303,ALO,14,13.0,80.602,22.744,25.391,32.467,1.0,SOFT,13.0,True,Aston Martin,2,12.0,True,231.0,266.0,271.0,294.0,,,False,,False
4897.002,ALO,14,14.0,79.699,22.725,25.222,31.752,1.0,SOFT,14.0,True,Aston Martin,21,12.0,True,232.0,270.0,262.0,297.0,,,False,,False
4977.226,ALO,14,15.0,80.224,22.883,25.856,31.485,1.0,SOFT,15.0,True,Aston Martin,1,12.0,True,227.0,269.0,279.0,322.0,,,False,,False
5057.635,ALO,14,16.0,80.409,23.006,25.511,31.892,1.0,SOFT,16.0,True,Aston Martin,1,12.0,True,227.0,266.0,263.0,309.0,,,False,,False
5138.425,ALO,14,17.0,80.79,23.037,25.699,32.054,1.0,SOFT,17.0,True,Aston Martin,1,13.0,True,228.0,264.0,274.0,296.0,,,False,,False
5218.766,ALO,14,18.0,80.341,23.483,25.458,31.4,1.0,SOFT,18.0,True,Aston Martin,12,14.0,True,232.0,270.0,272.0,312.0,,,False,,False
5300.76,ALO,14,19.0,81.994,22.971,27.277,31.746,1.0,SOFT,19.0,True,Aston Martin,1,14.0,True,231.0,267.0,273.0,303.0,,,False,,False
5398.014,ALO,14,20.0,97.254,22.975,25.307,48.972,1.0,SOFT,20.0,True,Aston Martin,1,15.0,False,234.0,270.0,,297.0,,5374.909,False,,False
5482.234,ALO,14,21.0,84.22,25.741,26.958,31.521,2.0,SOFT,1.0,True,Aston Martin,1,17.0,False,229.0,271.0,273.0,307.0,5399.578,,False,,False
5562.66,ALO,14,22.0,80.426,22.883,25.451,32.092,2.0,SOFT,2.0,True,Aston Martin,1,17.0,True,232.0,271.0,264.0,300.0,,,False,,False
5643.524,ALO,14,23.0,80.864,23.055,25.585,32.224,2.0,SOFT,3.0,True,Aston Martin,1,17.0,True,232.0,269.0,266.0,297.0,,,False,,False
5718.616,ALO,14,24.0,,23.178,25.951,,2.0,SOFT,4.0,True,Aston Martin,1,17.0,False,232.0,269.0,,309.0,,5718.696,False,,False
3842.997,LEC,16,1.0,90.453,,26.992,32.102,1.0,SOFT,5.0,False,Ferrari,1,6.0,False,213.0,292.0,292.0,317.0,,,False,,False
3923.348,LEC,16,2.0,80.351,23.603,25.524,31.224,1.0,SOFT,6.0,False,Ferrari,1,5.0,True,232.0,283.0,283.0,322.0,,,False,,False
4002.872,LEC,16,3.0,79.524,23.229,25.361,30.934,1.0,SOFT,7.0,False,Ferrari,1,5.0,True,231.0,283.0,290.0,327.0,,,False,,False
4081.508,LEC,16,4.0,78.636,22.874,25.042,30.72,1.0,SOFT,8.0,False,Ferrari,1,5.0,True,231.0,280.0,281.0,318.0,,,False,,False
4159.316,LEC,16,5.0,77.808,22.53,24.653,30.625,1.0,SOFT,9.0,False,Ferrari,1,5.0,True,234.0,278.0,277.0,310.0,,,False,,False
4236.66,LEC,16,6.0,77.344,22.241,24.459,30.644,1.0,SOFT,10.0,False,Ferrari,1,5.0,True,233.0,277.0,277.0,308.0,,,False,,False
4313.85,LEC,16,7.0,77.19,22.143,24.461,30.586,1.0,SOFT,11.0,False,Ferrari,1,5.0,True,233.0,275.0,276.0,308.0,,,False,,False
4390.489,LEC,16,8.0,76.639,21.944,24.271,30.424,1.0,SOFT,12.0,False,Ferrari,1,5.0,True,234.0,276.0,282.0,308.0,,,False,,False
4466.968,LEC,16,9.0,76.479,21.937,24.202,30.34,1.0,SOFT,13.0,False,Ferrari,1,5.0,True,233.0,278.0,280.0,312.0,,,False,,False
4543.437,LEC,16,10.0,76.469,21.959,24.276,30.234,1.0,SOFT,14.0,False,Ferrari,1,5.0,True,234.0,277.0,281.0,313.0,,,False,,False
4619.664,LEC,16,11.0,76.227,21.871,24.139,30.217,1.0,SOFT,15.0,False,Ferrari,1,5.0,True,236.0,279.0,279.0,313.0,,,False,,False
4695.882,LEC,16,12.0,76.218,21.854,24.305,30.059,1.0,SOFT,16.0,False,Ferrari,1,5.0,True,234.0,280.0,281.0,313.0,,,False,,False
4772.711,LEC,16,13.0,76.829,21.82,24.18,30.829,1.0,SOFT,17.0,False,Ferrari,12,5.0,True,236.0,276.0,279.0,310.0,,,False,,False
4852.913,LEC,16,14.0,80.202,21.799,27.573,30.83,1.0,SOFT,18.0,False,Ferrari,21,5.0,True,235.0,255.0,280.0,305.0,,,True,TRACK LIMITS AT TURN 8 LAP 14 ,False
4929.67,LEC,16,15.0,76.757,21.92,24.362,30.475,1.0,SOFT,19.0,False,Ferrari,1,5.0,True,234.0,275.0,273.0,305.0,,,False,,False
5006.253,LEC,16,16.0,76.583,21.85,24.259,30.474,1.0,SOFT,20.0,False,Ferrari,1,5.0,True,234.0,275.0,274.0,303.0,,,False,,False
5082.806,LEC,16,17.0,76.553,21.792,24.53,30.231,1.0,SOFT,21.0,False,Ferrari,1,5.0,True,236.0,275.0,275.0,305.0,,,False,,False
5159.391,LEC,16,18.0,76.585,21.749,24.298,30.538,1.0,SOFT,22.0,False,Ferrari,1,5.0,True,236.0,279.0,277.0,305.0,,,False,,False
5235.741,LEC,16,19.0,76.35,21.844,24.263,30.243,1.0,SOFT,23.0,False,Ferrari,12,5.0,True,235.0,276.0,277.0,305.0,,,False,,False
5312.021,LEC,16,20.0,76.28,21.742,24.201,30.337,1.0,SOFT,24.0,False,Ferrari,1,5.0,True,235.0,276.0,277.0,306.0,,,False,,False
5388.285,LEC,16,21.0,76.264,21.772,24.191,30.301,1.0,SOFT,25.0,False,Ferrari,1,5.0,True,234.0,278.0,279.0,306.0,,,False,,False
5464.376,LEC,16,22.0,76.091,21.694,24.229,30.168,1.0,SOFT,26.0,False,Ferrari,1,5.0,True,235.0,278.0,279.0,308.0,,,False,,False
5540.655,LEC,16,23.0,76.279,21.692,24.465,30.122,1.0,SOFT,27.0,False,Ferrari,1,5.0,True,236.0,280.0,281.0,309.0,,,False,,False
5616.751,LEC,16,24.0,76.096,21.786,24.178,30.132,1.0,SOFT,28.0,False,Ferrari,1,5.0,True,234.0,280.0,281.0,314.0,,,False,,False
5692.997,LEC,16,25.0,76.246,21.632,24.347,30.267,1.0,SOFT,29.0,False,Ferrari,1,5.0,True,236.0,278.0,279.0,310.0,,,False,,False
5769.276,LEC,16,26.0,76.279,21.89,24.272,30.117,1.0,SOFT,30.0,False,Ferrari,1,5.0,True,234.0,280.0,280.0,306.0,,,False,,False
5845.366,LEC,16,27.0,76.09,21.784,24.189,30.117,1.0,SOFT,31.0,False,Ferrari,1,5.0,True,234.0,279.0,279.0,306.0,,,False,,False
5921.827,LEC,16,28.0,76.461,21.615,24.11,30.736,1.0,SOFT,32.0,False,Ferrari,1,5.0,True,235.0,280.0,276.0,305.0,,,False,,False
5998.123,LEC,16,29.0,76.296,21.946,24.23,30.12,1.0,SOFT,33.0,False,Ferrari,1,5.0,True,235.0,279.0,280.0,306.0,,,False,,False
6078.211,LEC,16,30.0,80.088,21.752,24.885,33.451,1.0,SOFT,34.0,False,Ferrari,126,4.0,False,236.0,264.0,88.0,310.0,,,False,,False
6203.696,LEC,16,31.0,125.485,29.755,36.557,59.173,1.0,SOFT,35.0,False,Ferrari,6,5.0,False,180.0,149.0,,269.0,,6175.08,False,,False
6299.116,LEC,16,32.0,95.42,30.373,32.655,32.392,2.0,MEDIUM,1.0,True,Ferrari,671,5.0,False,187.0,236.0,285.0,293.0,6205.314,,False,,False
6376.735,LEC,16,33.0,77.619,22.431,24.782,30.406,2.0,MEDIUM,2.0,True,Ferrari,1,5.0,True,234.0,280.0,285.0,314.0,,,False,,False
6453.788,LEC,16,34.0,77.053,21.987,24.297,30.769,2.0,MEDIUM,3.0,True,Ferrari,1,5.0,True,237.0,288.0,268.0,304.0,,,False,,False
6530.039,LEC,16,35.0,76.251,22.018,24.109,30.124,2.0,MEDIUM,4.0,True,Ferrari,1,5.0,True,237.0,285.0,285.0,320.0,,,False,,False
6606.228,LEC,16,36.0,76.189,21.997,24.387,29.805,2.0,MEDIUM,5.0,True,Ferrari,1,5.0,True,237.0,280.0,291.0,322.0,,,False,,False
6681.525,LEC,16,37.0,75.297,21.737,24.12,29.44,2.0,MEDIUM,6.0,True,Ferrari,1,5.0,True,236.0,285.0,307.0,330.0,,,False,,False
6756.889,LEC,16,38.0,75.364,21.804,23.911,29.649,2.0,MEDIUM,7.0,True,Ferrari,1,5.0,True,237.0,283.0,288.0,332.0,,,False,,False
6832.7,LEC,16,39.0,75.811,21.97,24.193,29.648,2.0,MEDIUM,8.0,True,Ferrari,1,4.0,True,237.0,284.0,280.0,316.0,,,False,,False
6908.308,LEC,16,40.0,75.608,21.503,23.995,30.11,2.0,MEDIUM,9.0,True,Ferrari,12,4.0,True,238.0,278.0,277.0,305.0,,,False,,False
6983.92,LEC,16,41.0,75.612,21.587,24.052,29.973,2.0,MEDIUM,10.0,True,Ferrari,1,4.0,True,237.0,283.0,278.0,309.0,,,False,,False
7059.582,LEC,16,42.0,75.662,21.533,24.096,30.033,2.0,MEDIUM,11.0,True,Ferrari,1,4.0,True,237.0,279.0,281.0,301.0,,,False,,False
7135.102,LEC,16,43.0,75.52,21.57,23.911,30.039,2.0,MEDIUM,12.0,True,Ferrari,1,4.0,True,236.0,279.0,278.0,303.0,,,False,,False
7210.471,LEC,16,44.0,75.369,21.499,23.875,29.995,2.0,MEDIUM,13.0,True,Ferrari,1,4.0,True,238.0,280.0,280.0,304.0,,,False,,False
7285.851,LEC,16,45.0,75.38,21.35,23.808,30.222,2.0,MEDIUM,14.0,True,Ferrari,1,4.0,True,238.0,282.0,280.0,307.0,,,False,,False
7377.646,LEC,16,46.0,91.795,28.262,31.124,32.409,2.0,MEDIUM,15.0,True,Ferrari,167,4.0,False,240.0,178.0,288.0,303.0,,,False,,False
7453.006,LEC,16,47.0,75.36,21.424,23.966,29.97,2.0,MEDIUM,16.0,True,Ferrari,1,4.0,True,238.0,280.0,281.0,305.0,,,False,,False
7528.609,LEC,16,48.0,75.603,21.452,24.042,30.109,2.0,MEDIUM,17.0,True,Ferrari,1,4.0,True,237.0,280.0,282.0,304.0,,,False,,False
7604.307,LEC,16,49.0,75.698,21.558,24.001,30.139,2.0,MEDIUM,18.0,True,Ferrari,1,4.0,True,237.0,279.0,277.0,298.0,,,False,,False
7679.74,LEC,16,50.0,75.433,21.447,23.797,30.189,2.0,MEDIUM,19.0,True,Ferrari,1,4.0,True,237.0,280.0,276.0,299.0,,,False,,False
7756.86,LEC,16,51.0,77.12,22.898,24.188,30.034,2.0,MEDIUM,20.0,True,Ferrari,1,4.0,True,229.0,278.0,279.0,300.0,,,False,,False
7840.097,LEC,16,52.0,83.237,21.419,23.778,38.04,2.0,MEDIUM,21.0,True,Ferrari,16,4.0,False,238.0,280.0,226.0,211.0,,,False,,False
7947.364,LEC,16,53.0,107.267,28.873,33.476,44.918,2.0,MEDIUM,22.0,True,Ferrari,671,4.0,False,200.0,166.0,273.0,247.0,,,False,,False
8025.281,LEC,16,54.0,77.917,22.809,24.788,30.32,2.0,MEDIUM,23.0,True,Ferrari,1,4.0,True,234.0,281.0,284.0,304.0,,,False,,False
8101.89,LEC,16,55.0,76.609,21.709,24.207,30.693,2.0,MEDIUM,24.0,True,Ferrari,1,4.0,True,237.0,282.0,278.0,309.0,,,False,,False
8177.862,LEC,16,56.0,75.972,21.727,24.045,30.2,2.0,MEDIUM,25.0,True,Ferrari,1,4.0,True,239.0,279.0,280.0,302.0,,,False,,False
8253.737,LEC,16,57.0,75.875,21.691,23.992,30.192,2.0,MEDIUM,26.0,True,Ferrari,1,4.0,True,239.0,279.0,277.0,299.0,,,False,,False
8329.707,LEC,16,58.0,75.97,21.707,24.046,30.217,2.0,MEDIUM,27.0,True,Ferrari,1,4.0,True,238.0,279.0,278.0,299.0,,,False,,False
8405.688,LEC,16,59.0,75.981,21.651,24.071,30.259,2.0,MEDIUM,28.0,True,Ferrari,1,4.0,True,238.0,279.0,281.0,301.0,,,False,,False
8481.238,LEC,16,60.0,75.55,21.531,23.935,30.084,2.0,MEDIUM,29.0,True,Ferrari,1,4.0,True,237.0,280.0,278.0,302.0,,,False,,False
8556.635,LEC,16,61.0,75.397,21.51,23.993,29.894,2.0,MEDIUM,30.0,True,Ferrari,12,4.0,True,239.0,280.0,282.0,306.0,,,False,,False
8632.209,LEC,16,62.0,75.574,21.556,24.097,29.921,2.0,MEDIUM,31.0,True,Ferrari,1,4.0,True,238.0,283.0,279.0,305.0,,,False,,False
8708.126,LEC,16,63.0,75.917,21.545,24.019,30.353,2.0,MEDIUM,32.0,True,Ferrari,1,4.0,True,237.0,279.0,279.0,300.0,,,False,,False
8784.777,LEC,16,64.0,76.651,22.007,24.313,30.331,2.0,MEDIUM,33.0,True,Ferrari,1,4.0,True,236.0,278.0,280.0,299.0,,,False,,False
8861.249,LEC,16,65.0,76.472,21.868,24.105,30.499,2.0,MEDIUM,34.0,True,Ferrari,1,4.0,True,238.0,278.0,279.0,299.0,,,False,,False
8938.459,LEC,16,66.0,77.21,22.02,24.5,30.69,2.0,MEDIUM,35.0,True,Ferrari,1,4.0,True,236.0,280.0,281.0,300.0,,,False,,False
9014.927,LEC,16,67.0,76.468,21.779,24.328,30.361,2.0,MEDIUM,36.0,True,Ferrari,1,4.0,True,239.0,282.0,281.0,302.0,,,False,,False
9092.453,LEC,16,68.0,77.526,21.82,24.493,31.213,2.0,MEDIUM,37.0,True,Ferrari,1,4.0,True,239.0,281.0,238.0,303.0,,,False,,False
3854.389,STR,18,1.0,101.845,,27.978,33.166,1.0,SOFT,1.0,True,Aston Martin,1,20.0,False,223.0,266.0,266.0,303.0,3766.593,,False,,False
3939.467,STR,18,2.0,85.078,24.736,27.472,32.87,1.0,SOFT,2.0,True,Aston Martin,1,16.0,True,223.0,270.0,270.0,315.0,,,False,,False
4023.98,STR,18,3.0,84.513,25.059,27.322,32.132,1.0,SOFT,3.0,True,Aston Martin,1,15.0,True,219.0,267.0,267.0,308.0,,,False,,False
4106.498,STR,18,4.0,82.518,23.609,26.809,32.1,1.0,SOFT,4.0,True,Aston Martin,1,16.0,True,227.0,270.0,267.0,307.0,,,False,,False
4188.361,STR,18,5.0,81.863,23.563,26.125,32.175,1.0,SOFT,5.0,True,Aston Martin,1,16.0,True,227.0,266.0,267.0,310.0,,,False,,False
4269.198,STR,18,6.0,80.837,23.248,25.71,31.879,1.0,SOFT,6.0,True,Aston Martin,1,16.0,True,229.0,267.0,263.0,296.0,,,False,,False
4350.099,STR,18,7.0,80.901,23.232,25.878,31.791,1.0,SOFT,7.0,True,Aston Martin,1,16.0,True,226.0,262.0,269.0,297.0,,,False,,False
4433.692,STR,18,8.0,83.593,22.996,28.718,31.879,1.0,SOFT,8.0,True,Aston Martin,1,17.0,True,231.0,262.0,269.0,308.0,,,True,TRACK LIMITS AT TURN 8 LAP 8 ,False
4514.596,STR,18,9.0,80.904,23.235,26.017,31.652,1.0,SOFT,9.0,True,Aston Martin,1,18.0,True,232.0,273.0,268.0,308.0,,,False,,False
4594.862,STR,18,10.0,80.266,23.112,25.562,31.592,1.0,SOFT,10.0,True,Aston Martin,1,18.0,True,233.0,271.0,258.0,311.0,,,False,,False
4675.436,STR,18,11.0,80.574,23.149,25.55,31.875,1.0,SOFT,11.0,True,Aston Martin,1,19.0,True,231.0,268.0,267.0,297.0,,,False,,False
4755.569,STR,18,12.0,80.133,23.103,25.491,31.539,1.0,SOFT,12.0,True,Aston Martin,12,17.0,True,232.0,269.0,267.0,310.0,,,False,,False
4836.095,STR,18,13.0,80.526,22.889,25.398,32.239,1.0,SOFT,13.0,True,Aston Martin,21,18.0,True,230.0,267.0,264.0,304.0,,,False,,False
4932.306,STR,18,14.0,96.211,23.023,25.498,47.69,1.0,SOFT,14.0,True,Aston Martin,1,19.0,False,229.0,267.0,,314.0,,4909.716,False,,False
5018.117,STR,18,15.0,85.811,26.518,26.997,32.296,2.0,SOFT,1.0,True,Aston Martin,1,19.0,False,226.0,265.0,260.0,288.0,4933.966,,False,,False
5100.153,STR,18,16.0,82.036,23.335,25.734,32.967,2.0,SOFT,2.0,True,Aston Martin,1,19.0,True,229.0,266.0,262.0,283.0,,,False,,False
5181.288,STR,18,17.0,81.135,23.174,25.688,32.273,2.0,SOFT,3.0,True,Aston Martin,12,19.0,True,229.0,266.0,270.0,285.0,,,False,,False
5260.968,STR,18,18.0,79.68,22.989,25.362,31.329,2.0,SOFT,4.0,True,Aston Martin,21,19.0,True,232.0,270.0,262.0,309.0,,,False,,False
5341.004,STR,18,19.0,80.036,22.824,25.718,31.494,2.0,SOFT,5.0,True,Aston Martin,1,19.0,True,229.0,265.0,252.0,296.0,,,False,,False
5424.046,STR,18,20.0,83.042,24.332,25.51,33.2,2.0,SOFT,6.0,True,Aston Martin,1,19.0,True,228.0,265.0,271.0,296.0,,,True,TRACK LIMITS AT TURN 10 LAP 20 ,False
5503.908,STR,18,21.0,79.862,22.823,25.325,31.714,2.0,SOFT,7.0,True,Aston Martin,1,19.0,True,233.0,269.0,261.0,291.0,,,False,,False
5585.161,STR,18,22.0,81.253,22.79,26.164,32.299,2.0,SOFT,8.0,True,Aston Martin,1,19.0,True,228.0,259.0,274.0,314.0,,,False,,False
5664.283,STR,18,23.0,79.122,22.685,25.176,31.261,2.0,SOFT,9.0,True,Aston Martin,1,19.0,True,235.0,271.0,269.0,302.0,,,False,,False
5743.425,STR,18,24.0,79.142,22.627,25.235,31.28,2.0,SOFT,10.0,True,Aston Martin,1,19.0,True,232.0,268.0,269.0,298.0,,,False,,False
5822.501,STR,18,25.0,79.076,22.524,25.234,31.318,2.0,SOFT,11.0,True,Aston Martin,1,18.0,True,232.0,268.0,266.0,294.0,,,False,,False
5903.072,STR,18,26.0,80.571,22.72,25.308,32.543,2.0,SOFT,12.0,True,Aston Martin,1,18.0,True,232.0,268.0,268.0,277.0,,,False,,False
5982.467,STR,18,27.0,79.395,22.828,25.263,31.304,2.0,SOFT,13.0,True,Aston Martin,1,18.0,True,232.0,269.0,269.0,298.0,,,False,,False
6065.326,STR,18,28.0,82.859,24.661,26.679,31.519,2.0,SOFT,14.0,True,Aston Martin,12,18.0,True,230.0,272.0,267.0,302.0,,,False,,False
6168.219,STR,18,29.0,102.893,29.555,36.851,36.487,2.0,SOFT,15.0,True,Aston Martin,26,18.0,False,153.0,225.0,238.0,278.0,,,False,,False
6272.986,STR,18,30.0,104.767,32.374,34.879,37.514,2.0,SOFT,16.0,True,Aston Martin,671,17.0,False,168.0,153.0,262.0,268.0,,,False,,False
6355.216,STR,18,31.0,82.23,23.789,26.427,32.014,2.0,SOFT,17.0,True,Aston Martin,1,17.0,True,228.0,268.0,269.0,266.0,,,False,,False
6436.613,STR,18,32.0,81.397,22.756,26.709,31.932,2.0,SOFT,18.0,True,Aston Martin,1,17.0,True,231.0,276.0,224.0,310.0,,,False,,False
6517.078,STR,18,33.0,80.465,23.407,25.669,31.389,2.0,SOFT,19.0,True,Aston Martin,1,17.0,True,232.0,271.0,255.0,301.0,,,False,,False
6601.034,STR,18,34.0,83.956,24.688,26.412,32.856,2.0,SOFT,20.0,True,Aston Martin,1,17.0,True,232.0,275.0,271.0,260.0,,,False,,False
6680.936,STR,18,35.0,79.902,23.006,25.383,31.513,2.0,SOFT,21.0,True,Aston Martin,1,17.0,True,232.0,271.0,238.0,298.0,,,False,,False
6761.483,STR,18,36.0,80.547,23.959,25.284,31.304,2.0,SOFT,22.0,True,Aston Martin,1,17.0,True,233.0,273.0,272.0,301.0,,,False,,False
6841.449,STR,18,37.0,79.966,23.416,25.276,31.274,2.0,SOFT,23.0,True,Aston Martin,1,17.0,True,234.0,272.0,272.0,300.0,,,False,,False
6920.699,STR,18,38.0,79.25,22.733,25.15,31.367,2.0,SOFT,24.0,True,Aston Martin,12,17.0,True,234.0,270.0,268.0,296.0,,,False,,False
6999.42,STR,18,39.0,78.721,22.417,25.139,31.165,2.0,SOFT,25.0,True,Aston Martin,1,16.0,True,233.0,270.0,268.0,294.0,,,False,,False
7079.714,STR,18,40.0,80.294,24.036,25.193,31.065,2.0,SOFT,26.0,True,Aston Martin,1,16.0,True,233.0,271.0,270.0,298.0,,,False,,False
7158.64,STR,18,41.0,78.926,22.559,25.137,31.23,2.0,SOFT,27.0,True,Aston Martin,1,15.0,True,233.0,270.0,269.0,294.0,,,False,,False
7240.368,STR,18,42.0,81.728,24.007,26.36,31.361,2.0,SOFT,28.0,True,Aston Martin,1,15.0,True,231.0,272.0,267.0,297.0,,,True,TRACK LIMITS AT TURN 2 LAP 42 ,False
7331.339,STR,18,43.0,90.971,22.681,25.006,43.284,2.0,SOFT,29.0,True,Aston Martin,16,15.0,False,234.0,271.0,250.0,245.0,,,False,,False
7414.184,STR,18,44.0,82.845,25.513,25.718,31.614,2.0,SOFT,30.0,True,Aston Martin,671,15.0,False,231.0,270.0,270.0,293.0,,,False,,False
7495.096,STR,18,45.0,80.912,22.622,26.417,31.873,2.0,SOFT,31.0,True,Aston Martin,1,15.0,True,233.0,270.0,264.0,289.0,,,False,,False
7575.438,STR,18,46.0,80.342,22.843,25.42,32.079,2.0,SOFT,32.0,True,Aston Martin,1,15.0,True,232.0,268.0,264.0,288.0,,,False,,False
7656.725,STR,18,47.0,81.287,24.286,25.543,31.458,2.0,SOFT,33.0,True,Aston Martin,1,15.0,True,232.0,270.0,268.0,294.0,,,False,,False
7737.257,STR,18,48.0,80.532,22.968,25.512,32.052,2.0,SOFT,34.0,True,Aston Martin,1,15.0,True,232.0,269.0,215.0,291.0,,,False,,False
7834.144,STR,18,49.0,96.887,23.475,25.458,47.954,2.0,SOFT,35.0,True,Aston Martin,16,15.0,False,232.0,270.0,,294.0,,7811.608,False,,False
7939.824,STR,18,50.0,105.68,29.868,32.337,43.475,3.0,MEDIUM,1.0,True,Aston Martin,67,15.0,False,230.0,249.0,237.0,303.0,7835.733,,False,,False
8021.848,STR,18,51.0,82.024,24.574,25.714,31.736,3.0,MEDIUM,2.0,True,Aston Martin,71,15.0,False,231.0,262.0,273.0,296.0,,,False,,False
8102.693,STR,18,52.0,80.845,22.818,25.362,32.665,3.0,MEDIUM,3.0,True,Aston Martin,1,15.0,True,234.0,269.0,269.0,266.0,,,False,,False
8182.302,STR,18,53.0,79.609,22.888,25.428,31.293,3.0,MEDIUM,4.0,True,Aston Martin,1,15.0,True,235.0,272.0,271.0,298.0,,,False,,False
8261.462,STR,18,54.0,79.16,22.614,25.116,31.43,3.0,MEDIUM,5.0,True,Aston Martin,1,15.0,True,235.0,271.0,269.0,293.0,,,False,,False
8341.608,STR,18,55.0,80.146,23.708,25.265,31.173,3.0,MEDIUM,6.0,True,Aston Martin,1,15.0,True,233.0,273.0,274.0,297.0,,,False,,False
8424.149,STR,18,56.0,82.541,22.669,27.912,31.96,3.0,MEDIUM,7.0,True,Aston Martin,1,15.0,True,232.0,273.0,271.0,301.0,,,False,,False
8504.946,STR,18,57.0,80.797,24.098,25.478,31.221,3.0,MEDIUM,8.0,True,Aston Martin,1,15.0,True,235.0,272.0,271.0,300.0,,,False,,False
8584.082,STR,18,58.0,79.136,22.763,25.178,31.195,3.0,MEDIUM,9.0,True,Aston Martin,12,15.0,True,235.0,271.0,271.0,298.0,,,False,,False
8662.959,STR,18,59.0,78.877,22.536,25.111,31.23,3.0,MEDIUM,10.0,True,Aston Martin,1,15.0,True,236.0,271.0,271.0,293.0,,,False,,False
8742.371,STR,18,60.0,79.412,22.738,25.307,31.367,3.0,MEDIUM,11.0,True,Aston Martin,1,15.0,True,234.0,270.0,269.0,291.0,,,False,,False
8821.383,STR,18,61.0,79.012,22.593,25.047,31.372,3.0,MEDIUM,12.0,True,Aston Martin,1,15.0,True,235.0,270.0,270.0,290.0,,,False,,False
8900.818,STR,18,62.0,79.435,22.491,25.122,31.822,3.0,MEDIUM,13.0,True,Aston Martin,1,15.0,True,235.0,270.0,271.0,284.0,,,False,,False
8980.067,STR,18,63.0,79.249,22.67,25.674,30.905,3.0,MEDIUM,14.0,True,Aston Martin,1,15.0,True,233.0,277.0,275.0,307.0,,,False,,False
9066.699,STR,18,64.0,86.632,22.498,25.056,39.078,3.0,MEDIUM,15.0,True,Aston Martin,1,15.0,True,235.0,272.0,254.0,241.0,,,True,TRACK LIMITS AT TURN 10 LAP 64 ,False
3851.707,ALB,23,1.0,99.163,,29.38,33.908,1.0,SOFT,1.0,True,Williams,1,19.0,False,180.0,276.0,270.0,323.0,,,False,,False
3937.221,ALB,23,2.0,85.514,25.435,27.841,32.238,1.0,SOFT,2.0,True,Williams,1,14.0,True,220.0,278.0,248.0,324.0,,,True,TRACK LIMITS AT TURN 14 LAP 2 ,False
4020.025,ALB,23,3.0,82.804,24.572,26.098,32.134,1.0,SOFT,3.0,True,Williams,1,13.0,True,227.0,274.0,276.0,300.0,,,False,,False
4100.392,ALB,23,4.0,80.367,23.311,25.675,31.381,1.0,SOFT,4.0,True,Williams,1,13.0,True,231.0,276.0,278.0,306.0,,,False,,False
4179.451,ALB,23,5.0,79.059,22.778,25.23,31.051,1.0,SOFT,5.0,True,Williams,1,13.0,True,235.0,281.0,279.0,323.0,,,False,,False
4258.984,ALB,23,6.0,79.533,22.931,25.503,31.099,1.0,SOFT,6.0,True,Williams,1,12.0,True,238.0,285.0,281.0,325.0,,,False,,False
4337.622,ALB,23,7.0,78.638,22.576,25.064,30.998,1.0,SOFT,7.0,True,Williams,1,12.0,True,230.0,275.0,265.0,314.0,,,False,,False
4416.839,ALB,23,8.0,79.217,23.132,25.303,30.782,1.0,SOFT,8.0,True,Williams,1,12.0,True,236.0,290.0,272.0,318.0,,,False,,False
4494.48,ALB,23,9.0,77.641,22.172,24.778,30.691,1.0,SOFT,9.0,True,Williams,1,12.0,True,237.0,280.0,266.0,314.0,,,False,,False
4571.976,ALB,23,10.0,77.496,22.145,24.682,30.669,1.0,SOFT,10.0,True,Williams,1,12.0,True,237.0,276.0,268.0,309.0,,,False,,False
4649.197,ALB,23,11.0,77.221,21.979,24.649,30.593,1.0,SOFT,11.0,True,Williams,1,12.0,True,238.0,280.0,282.0,316.0,,,False,,False
4799.197,ALB,23,12.0,,,,,1.0,SOFT,12.0,True,Williams,12,,False,,,,,,,False,,True
3846.407,HUL,27,1.0,93.863,,27.701,33.081,1.0,INTERMEDIATE,1.0,True,Audi,1,10.0,False,200.0,280.0,269.0,330.0,,,False,,False
3949.474,HUL,27,2.0,103.067,25.038,27.491,50.538,1.0,INTERMEDIATE,2.0,True,Audi,1,18.0,False,216.0,272.0,,311.0,,3926.104,False,,False
4034.725,HUL,27,3.0,85.251,26.408,26.732,32.111,2.0,SOFT,5.0,False,Audi,1,17.0,False,226.0,272.0,271.0,303.0,3951.08,,False,,False
4115.776,HUL,27,4.0,81.051,23.277,25.417,32.357,2.0,SOFT,6.0,False,Audi,1,17.0,True,240.0,270.0,268.0,303.0,,,True,TRACK LIMITS AT TURN 14 LAP 4 ,False
4195.701,HUL,27,5.0,79.925,23.028,25.525,31.372,2.0,SOFT,7.0,False,Audi,1,17.0,True,236.0,268.0,272.0,303.0,,,False,,False
4277.577,HUL,27,6.0,81.876,22.52,25.128,34.228,2.0,SOFT,8.0,False,Audi,1,18.0,True,236.0,270.0,277.0,303.0,,,True,TRACK LIMITS AT TURN 10 LAP 6 ,False
4356.1,HUL,27,7.0,78.523,22.616,24.964,30.943,2.0,SOFT,9.0,False,Audi,1,18.0,True,238.0,273.0,277.0,310.0,,,False,,False
4434.196,HUL,27,8.0,78.096,22.28,24.931,30.885,2.0,SOFT,10.0,False,Audi,1,18.0,True,237.0,275.0,283.0,317.0,,,False,,False
4513.382,HUL,27,9.0,79.186,22.944,24.986,31.256,2.0,SOFT,11.0,False,Audi,1,17.0,True,235.0,276.0,269.0,302.0,,,False,,False
4591.723,HUL,27,10.0,78.341,22.422,24.954,30.965,2.0,SOFT,12.0,False,Audi,1,17.0,True,235.0,270.0,273.0,303.0,,,False,,False
4669.724,HUL,27,11.0,78.001,22.148,24.776,31.077,2.0,SOFT,13.0,False,Audi,1,17.0,True,236.0,271.0,274.0,304.0,,,False,,False
4747.712,HUL,27,12.0,77.988,22.062,24.637,31.289,2.0,SOFT,14.0,False,Audi,12,15.0,True,237.0,272.0,275.0,306.0,,,False,,False
4825.921,HUL,27,13.0,78.209,22.042,24.672,31.495,2.0,SOFT,15.0,False,Audi,2,15.0,True,236.0,270.0,275.0,311.0,,,False,,False
4903.597,HUL,27,14.0,77.676,22.087,24.828,30.761,2.0,SOFT,16.0,False,Audi,21,15.0,True,237.0,273.0,274.0,306.0,,,False,,False
4980.986,HUL,27,15.0,77.389,21.988,24.659,30.742,2.0,SOFT,17.0,False,Audi,1,15.0,True,239.0,273.0,276.0,307.0,,,False,,False
5060.025,HUL,27,16.0,79.039,22.578,25.363,31.098,2.0,SOFT,18.0,False,Audi,1,13.0,True,229.0,281.0,274.0,310.0,,,False,,False
5137.723,HUL,27,17.0,77.698,22.044,24.581,31.073,2.0,SOFT,19.0,False,Audi,1,12.0,True,238.0,277.0,280.0,304.0,,,False,,False
5215.219,HUL,27,18.0,77.496,22.05,24.568,30.878,2.0,SOFT,20.0,False,Audi,12,12.0,True,237.0,271.0,274.0,303.0,,,False,,False
5292.345,HUL,27,19.0,77.126,21.876,24.544,30.706,2.0,SOFT,21.0,False,Audi,1,12.0,True,238.0,272.0,275.0,304.0,,,False,,False
5392.782,HUL,27,20.0,100.437,21.833,24.569,54.035,2.0,SOFT,22.0,False,Audi,1,14.0,False,237.0,277.0,,311.0,,5363.472,False,,False
5475.423,HUL,27,21.0,82.641,25.611,25.653,31.377,3.0,MEDIUM,1.0,False,Audi,1,14.0,False,232.0,274.0,271.0,301.0,5394.422,,False,,False
5553.687,HUL,27,22.0,78.264,22.432,24.733,31.099,3.0,MEDIUM,2.0,False,Audi,1,14.0,True,238.0,271.0,273.0,301.0,,,False,,False
5631.413,HUL,27,23.0,77.726,22.152,24.576,30.998,3.0,MEDIUM,3.0,False,Audi,1,14.0,True,237.0,272.0,272.0,301.0,,,False,,False
5709.002,HUL,27,24.0,77.589,22.088,24.634,30.867,3.0,MEDIUM,4.0,False,Audi,1,14.0,True,238.0,273.0,271.0,304.0,,,False,,False
5786.454,HUL,27,25.0,77.452,22.062,24.564,30.826,3.0,MEDIUM,5.0,False,Audi,1,14.0,True,238.0,274.0,273.0,302.0,,,False,,False
5863.926,HUL,27,26.0,77.472,21.993,24.557,30.922,3.0,MEDIUM,6.0,False,Audi,1,14.0,True,239.0,273.0,273.0,302.0,,,False,,False
5941.656,HUL,27,27.0,77.73,22.076,24.681,30.973,3.0,MEDIUM,7.0,False,Audi,1,14.0,True,239.0,273.0,273.0,304.0,,,False,,False
6019.289,HUL,27,28.0,77.633,22.154,24.574,30.905,3.0,MEDIUM,8.0,False,Audi,1,14.0,True,239.0,273.0,274.0,303.0,,,False,,False
6108.985,HUL,27,29.0,89.696,22.031,25.892,41.773,3.0,MEDIUM,9.0,False,Audi,126,14.0,False,239.0,278.0,223.0,227.0,,,False,,False
6213.067,HUL,27,30.0,104.082,29.52,36.436,38.126,3.0,MEDIUM,10.0,False,Audi,6,13.0,False,225.0,218.0,263.0,150.0,,,False,,False
6306.36,HUL,27,31.0,93.293,30.035,31.573,31.685,3.0,MEDIUM,11.0,False,Audi,671,13.0,False,183.0,272.0,277.0,298.0,,,False,,False
6384.748,HUL,27,32.0,78.388,22.721,24.853,30.814,3.0,MEDIUM,12.0,False,Audi,1,13.0,True,241.0,274.0,277.0,305.0,,,False,,False
6462.65,HUL,27,33.0,77.902,22.353,24.643,30.906,3.0,MEDIUM,13.0,False,Audi,1,13.0,True,238.0,274.0,275.0,300.0,,,False,,False
6539.682,HUL,27,34.0,77.032,22.007,24.425,30.6,3.0,MEDIUM,14.0,False,Audi,1,13.0,True,240.0,274.0,276.0,302.0,,,False,,False
6616.733,HUL,27,35.0,77.051,21.972,24.431,30.648,3.0,MEDIUM,15.0,False,Audi,1,13.0,True,239.0,274.0,278.0,303.0,,,False,,False
6693.571,HUL,27,36.0,76.838,21.85,24.501,30.487,3.0,MEDIUM,16.0,False,Audi,1,13.0,True,239.0,274.0,277.0,305.0,,,False,,False
6770.149,HUL,27,37.0,76.578,21.885,24.315,30.378,3.0,MEDIUM,17.0,False,Audi,1,13.0,True,239.0,274.0,276.0,306.0,,,False,,False
6847.177,HUL,27,38.0,77.028,21.895,24.421,30.712,3.0,MEDIUM,18.0,False,Audi,1,13.0,True,238.0,275.0,275.0,306.0,,,False,,False
6923.866,HUL,27,39.0,76.689,21.71,24.528,30.451,3.0,MEDIUM,19.0,False,Audi,12,12.0,True,240.0,275.0,276.0,308.0,,,False,,False
7000.516,HUL,27,40.0,76.65,21.734,24.423,30.493,3.0,MEDIUM,20.0,False,Audi,1,12.0,True,241.0,277.0,277.0,310.0,,,False,,False
7077.353,HUL,27,41.0,76.837,21.978,24.325,30.534,3.0,MEDIUM,21.0,False,Audi,1,12.0,True,240.0,275.0,275.0,301.0,,,False,,False
7154.151,HUL,27,42.0,76.798,21.99,24.437,30.371,3.0,MEDIUM,22.0,False,Audi,1,12.0,True,240.0,275.0,275.0,301.0,,,False,,False
7231.002,HUL,27,43.0,76.851,21.845,24.376,30.63,3.0,MEDIUM,23.0,False,Audi,1,12.0,True,240.0,274.0,275.0,299.0,,,False,,False
7313.027,HUL,27,44.0,82.025,21.737,24.25,36.038,3.0,MEDIUM,24.0,False,Audi,16,12.0,False,240.0,274.0,266.0,238.0,,,False,,False
7400.276,HUL,27,45.0,87.249,28.9,27.572,30.777,3.0,MEDIUM,25.0,False,Audi,671,12.0,False,168.0,277.0,278.0,301.0,,,False,,False
7477.345,HUL,27,46.0,77.069,21.912,24.396,30.761,3.0,MEDIUM,26.0,False,Audi,1,12.0,True,241.0,275.0,275.0,302.0,,,False,,False
7554.446,HUL,27,47.0,77.101,21.977,24.475,30.649,3.0,MEDIUM,27.0,False,Audi,1,12.0,True,239.0,274.0,276.0,301.0,,,False,,False
7631.016,HUL,27,48.0,76.57,21.767,24.331,30.472,3.0,MEDIUM,28.0,False,Audi,1,12.0,True,239.0,275.0,276.0,300.0,,,False,,False
7707.64,HUL,27,49.0,76.624,21.831,24.246,30.547,3.0,MEDIUM,29.0,False,Audi,1,12.0,True,239.0,275.0,277.0,301.0,,,False,,False
7783.924,HUL,27,50.0,76.284,21.734,24.221,30.329,3.0,MEDIUM,30.0,False,Audi,1,12.0,True,241.0,275.0,277.0,303.0,,,False,,False
7878.164,HUL,27,51.0,94.24,21.78,31.447,41.013,3.0,MEDIUM,31.0,False,Audi,16,11.0,False,240.0,261.0,241.0,315.0,,,False,,False
7974.0,HUL,27,52.0,95.836,30.301,32.742,32.793,3.0,MEDIUM,32.0,False,Audi,671,11.0,False,224.0,211.0,276.0,287.0,,,False,,False
8051.497,HUL,27,53.0,77.497,22.355,24.527,30.615,3.0,MEDIUM,33.0,False,Audi,1,11.0,True,243.0,276.0,278.0,306.0,,,False,,False
8128.576,HUL,27,54.0,77.079,22.182,24.341,30.556,3.0,MEDIUM,34.0,False,Audi,1,11.0,True,240.0,276.0,279.0,304.0,,,False,,False
8205.034,HUL,27,55.0,76.458,21.645,24.395,30.418,3.0,MEDIUM,35.0,False,Audi,1,11.0,True,240.0,276.0,277.0,304.0,,,False,,False
8281.544,HUL,27,56.0,76.51,21.778,24.269,30.463,3.0,MEDIUM,36.0,False,Audi,1,11.0,True,242.0,276.0,277.0,302.0,,,False,,False
8357.819,HUL,27,57.0,76.275,21.619,24.145,30.511,3.0,MEDIUM,37.0,False,Audi,1,11.0,True,242.0,275.0,278.0,303.0,,,False,,False
8434.876,HUL,27,58.0,77.057,21.691,24.968,30.398,3.0,MEDIUM,38.0,False,Audi,1,11.0,True,243.0,277.0,278.0,305.0,,,False,,False
8511.205,HUL,27,59.0,76.329,21.761,24.201,30.367,3.0,MEDIUM,39.0,False,Audi,1,11.0,True,242.0,277.0,277.0,305.0,,,False,,False
8596.911,HUL,27,60.0,85.706,29.211,25.694,30.801,3.0,MEDIUM,40.0,False,Audi,12,11.0,True,233.0,273.0,274.0,298.0,,,True,TRACK LIMITS AT TURN 2 LAP 60 ,False
8673.796,HUL,27,61.0,76.885,21.97,24.402,30.513,3.0,MEDIUM,41.0,False,Audi,1,11.0,True,242.0,276.0,276.0,301.0,,,False,,False
8752.239,HUL,27,62.0,78.443,22.081,25.434,30.928,3.0,MEDIUM,42.0,False,Audi,1,11.0,True,243.0,283.0,264.0,316.0,,,False,,False
8829.259,HUL,27,63.0,77.02,22.66,24.269,30.091,3.0,MEDIUM,43.0,False,Audi,1,11.0,True,245.0,280.0,285.0,330.0,,,False,,False
8906.445,HUL,27,64.0,77.186,21.872,24.443,30.871,3.0,MEDIUM,44.0,False,Audi,1,12.0,True,237.0,278.0,283.0,324.0,,,False,,False
8982.898,HUL,27,65.0,76.453,22.349,24.238,29.866,3.0,MEDIUM,45.0,False,Audi,1,12.0,True,238.0,284.0,277.0,332.0,,,False,,False
9062.484,HUL,27,66.0,79.586,24.661,24.596,30.329,3.0,MEDIUM,46.0,False,Audi,1,12.0,True,238.0,282.0,289.0,334.0,,,False,,False
3842.468,VER,3,1.0,89.924,,26.974,32.019,1.0,SOFT,6.0,False,Red Bull Racing,1,5.0,False,232.0,280.0,268.0,321.0,,,False,,False
3922.744,VER,3,2.0,80.276,23.286,25.745,31.245,1.0,SOFT,7.0,False,Red Bull Racing,1,4.0,True,235.0,277.0,280.0,314.0,,,False,,False
4002.361,VER,3,3.0,79.617,23.159,25.506,30.952,1.0,SOFT,8.0,False,Red Bull Racing,1,4.0,True,234.0,278.0,286.0,309.0,,,False,,False
4080.195,VER,3,4.0,77.834,22.523,24.889,30.422,1.0,SOFT,9.0,False,Red Bull Racing,1,4.0,True,235.0,279.0,286.0,316.0,,,False,,False
4157.416,VER,3,5.0,77.221,22.183,24.715,30.323,1.0,SOFT,10.0,False,Red Bull Racing,1,4.0,True,240.0,280.0,287.0,319.0,,,False,,False
4234.622,VER,3,6.0,77.206,22.242,24.672,30.292,1.0,SOFT,11.0,False,Red Bull Racing,1,4.0,True,238.0,280.0,288.0,317.0,,,False,,False
4311.296,VER,3,7.0,76.674,22.06,24.508,30.106,1.0,SOFT,12.0,False,Red Bull Racing,1,4.0,True,241.0,281.0,287.0,320.0,,,False,,False
4387.872,VER,3,8.0,76.576,22.212,24.496,29.868,1.0,SOFT,13.0,False,Red Bull Racing,1,4.0,True,238.0,281.0,296.0,322.0,,,False,,False
4464.676,VER,3,9.0,76.804,22.075,24.446,30.283,1.0,SOFT,14.0,False,Red Bull Racing,1,3.0,True,238.0,276.0,274.0,303.0,,,False,,False
4541.135,VER,3,10.0,76.459,21.846,24.456,30.157,1.0,SOFT,15.0,False,Red Bull Racing,1,3.0,True,235.0,274.0,280.0,304.0,,,False,,False
4617.632,VER,3,11.0,76.497,21.643,24.369,30.485,1.0,SOFT,16.0,False,Red Bull Racing,1,3.0,True,240.0,272.0,278.0,300.0,,,False,,False
4693.984,VER,3,12.0,76.352,21.694,24.341,30.317,1.0,SOFT,17.0,False,Red Bull Racing,1,3.0,True,237.0,274.0,280.0,301.0,,,False,,False
4770.516,VER,3,13.0,76.532,21.64,24.386,30.506,1.0,SOFT,18.0,False,Red Bull Racing,12,3.0,True,238.0,272.0,280.0,303.0,,,False,,False
4846.888,VER,3,14.0,76.372,21.585,24.268,30.519,1.0,SOFT,19.0,False,Red Bull Racing,21,3.0,True,238.0,275.0,281.0,306.0,,,False,,False
4923.062,VER,3,15.0,76.174,21.657,24.367,30.15,1.0,SOFT,20.0,False,Red Bull Racing,1,3.0,True,238.0,276.0,281.0,311.0,,,False,,False
4999.194,VER,3,16.0,76.132,21.671,24.361,30.1,1.0,SOFT,21.0,False,Red Bull Racing,1,3.0,True,240.0,276.0,280.0,306.0,,,False,,False
5075.282,VER,3,17.0,76.088,21.565,24.237,30.286,1.0,SOFT,22.0,False,Red Bull Racing,1,3.0,True,239.0,273.0,281.0,303.0,,,False,,False
5151.288,VER,3,18.0,76.006,21.558,24.169,30.279,1.0,SOFT,23.0,False,Red Bull Racing,1,3.0,True,238.0,276.0,281.0,302.0,,,False,,False
5227.491,VER,3,19.0,76.203,21.641,24.36,30.202,1.0,SOFT,24.0,False,Red Bull Racing,12,3.0,True,237.0,274.0,281.0,302.0,,,False,,False
5303.671,VER,3,20.0,76.18,21.677,24.319,30.184,1.0,SOFT,25.0,False,Red Bull Racing,1,3.0,True,240.0,273.0,282.0,303.0,,,True,TRACK LIMITS AT TURN 14 LAP 20 ,False
5380.415,VER,3,21.0,76.744,21.851,24.364,30.529,1.0,SOFT,26.0,False,Red Bull Racing,1,3.0,True,240.0,280.0,277.0,301.0,,,False,,False
5456.252,VER,3,22.0,75.837,21.676,24.118,30.043,1.0,SOFT,27.0,False,Red Bull Racing,1,3.0,True,241.0,276.0,283.0,306.0,,,False,,False
5532.514,VER,3,23.0,76.262,21.772,24.266,30.224,1.0,SOFT,28.0,False,Red Bull Racing,1,3.0,True,236.0,275.0,281.0,301.0,,,False,,False
5609.385,VER,3,24.0,76.871,21.735,24.322,30.814,1.0,SOFT,29.0,False,Red Bull Racing,1,3.0,True,239.0,274.0,280.0,296.0,,,False,,False
5685.808,VER,3,25.0,76.423,21.774,24.355,30.294,1.0,SOFT,30.0,False,Red Bull Racing,1,3.0,True,237.0,275.0,280.0,302.0,,,False,,False
5762.143,VER,3,26.0,76.335,21.704,24.314,30.317,1.0,SOFT,31.0,False,Red Bull Racing,1,3.0,True,241.0,277.0,281.0,300.0,,,False,,False
5838.405,VER,3,27.0,76.262,21.746,24.345,30.171,1.0,SOFT,32.0,False,Red Bull Racing,1,3.0,True,240.0,275.0,283.0,302.0,,,False,,False
5914.506,VER,3,28.0,76.101,21.687,24.266,30.148,1.0,SOFT,33.0,False,Red Bull Racing,1,3.0,True,240.0,276.0,278.0,304.0,,,False,,False
5990.761,VER,3,29.0,76.255,21.69,24.248,30.317,1.0,SOFT,34.0,False,Red Bull Racing,1,3.0,True,240.0,277.0,283.0,302.0,,,False,,False
6066.771,VER,3,30.0,76.01,21.642,24.26,30.108,1.0,SOFT,35.0,False,Red Bull Racing,12,2.0,True,241.0,276.0,282.0,309.0,,,False,,False
6185.873,VER,3,31.0,119.102,28.872,36.39,53.84,1.0,SOFT,36.0,False,Red Bull Racing,26,2.0,False,171.0,226.0,,255.0,,6162.217,False,,False
6286.215,VER,3,32.0,100.342,29.162,36.652,34.528,2.0,MEDIUM,1.0,True,Red Bull Racing,671,2.0,False,222.0,193.0,283.0,288.0,6187.502,,False,,False
6364.535,VER,3,33.0,78.32,22.741,24.931,30.648,2.0,MEDIUM,2.0,True,Red Bull Racing,1,2.0,True,235.0,276.0,278.0,308.0,,,False,,False
6441.595,VER,3,34.0,77.06,22.186,24.535,30.339,2.0,MEDIUM,3.0,True,Red Bull Racing,1,2.0,True,238.0,276.0,282.0,300.0,,,False,,False
6518.025,VER,3,35.0,76.43,21.699,24.346,30.385,2.0,MEDIUM,4.0,True,Red Bull Racing,1,2.0,True,241.0,278.0,282.0,309.0,,,False,,False
6594.595,VER,3,36.0,76.57,22.085,24.211,30.274,2.0,MEDIUM,5.0,True,Red Bull Racing,1,2.0,True,240.0,277.0,282.0,303.0,,,False,,False
6670.13,VER,3,37.0,75.535,21.523,24.074,29.938,2.0,MEDIUM,6.0,True,Red Bull Racing,1,2.0,True,241.0,278.0,288.0,306.0,,,False,,False
6745.82,VER,3,38.0,75.69,21.48,24.033,30.177,2.0,MEDIUM,7.0,True,Red Bull Racing,1,2.0,True,242.0,280.0,282.0,306.0,,,False,,False
6821.455,VER,3,39.0,75.635,21.493,24.034,30.108,2.0,MEDIUM,8.0,True,Red Bull Racing,1,2.0,True,240.0,276.0,283.0,300.0,,,False,,False
6897.051,VER,3,40.0,75.596,21.321,23.995,30.28,2.0,MEDIUM,9.0,True,Red Bull Racing,12,2.0,True,243.0,277.0,284.0,300.0,,,False,,False
6972.669,VER,3,41.0,75.618,21.429,24.151,30.038,2.0,MEDIUM,10.0,True,Red Bull Racing,1,2.0,True,240.0,276.0,282.0,302.0,,,False,,False
7048.084,VER,3,42.0,75.415,21.365,24.024,30.026,2.0,MEDIUM,11.0,True,Red Bull Racing,1,2.0,True,243.0,280.0,283.0,311.0,,,False,,False
7123.471,VER,3,43.0,75.387,21.478,23.983,29.926,2.0,MEDIUM,12.0,True,Red Bull Racing,1,2.0,True,244.0,279.0,283.0,304.0,,,False,,False
7198.976,VER,3,44.0,75.505,21.302,24.059,30.144,2.0,MEDIUM,13.0,True,Red Bull Racing,1,2.0,True,241.0,276.0,280.0,296.0,,,False,,False
7274.198,VER,3,45.0,75.222,21.283,24.021,29.918,2.0,MEDIUM,14.0,True,Red Bull Racing,1,2.0,True,244.0,276.0,283.0,298.0,,,False,,False
7366.542,VER,3,46.0,92.344,21.399,33.692,37.253,2.0,MEDIUM,15.0,True,Red Bull Racing,167,2.0,False,197.0,229.0,296.0,298.0,,,False,,False
7442.018,VER,3,47.0,75.476,21.378,24.091,30.007,2.0,MEDIUM,16.0,True,Red Bull Racing,1,2.0,True,242.0,278.0,284.0,299.0,,,False,,False
7517.47,VER,3,48.0,75.452,21.447,23.906,30.099,2.0,MEDIUM,17.0,True,Red Bull Racing,1,2.0,True,242.0,281.0,284.0,302.0,,,False,,False
7593.005,VER,3,49.0,75.535,21.504,24.014,30.017,2.0,MEDIUM,18.0,True,Red Bull Racing,1,2.0,True,242.0,279.0,283.0,306.0,,,False,,False
7668.026,VER,3,50.0,75.021,21.291,23.841,29.889,2.0,MEDIUM,19.0,True,Red Bull Racing,1,2.0,True,244.0,280.0,284.0,303.0,,,False,,False
7743.52,VER,3,51.0,75.494,21.333,24.006,30.155,2.0,MEDIUM,20.0,True,Red Bull Racing,1,2.0,True,241.0,275.0,283.0,298.0,,,False,,False
7822.126,VER,3,52.0,78.606,21.232,23.914,33.46,2.0,MEDIUM,21.0,True,Red Bull Racing,16,2.0,False,242.0,279.0,228.0,305.0,,,False,,False
7926.46,VER,3,53.0,104.334,28.163,33.058,43.113,2.0,MEDIUM,22.0,True,Red Bull Racing,6,2.0,False,211.0,241.0,229.0,238.0,,,False,,False
8007.964,VER,3,54.0,81.504,26.242,24.834,30.428,2.0,MEDIUM,23.0,True,Red Bull Racing,671,2.0,False,238.0,277.0,282.0,300.0,,,False,,False
8083.417,VER,3,55.0,75.453,21.426,24.079,29.948,2.0,MEDIUM,24.0,True,Red Bull Racing,1,2.0,True,242.0,280.0,285.0,304.0,,,False,,False
8158.976,VER,3,56.0,75.559,21.415,23.92,30.224,2.0,MEDIUM,25.0,True,Red Bull Racing,1,2.0,True,242.0,278.0,284.0,303.0,,,False,,False
8234.926,VER,3,57.0,75.95,21.652,24.127,30.171,2.0,MEDIUM,26.0,True,Red Bull Racing,1,2.0,True,242.0,278.0,280.0,303.0,,,False,,False
8310.262,VER,3,58.0,75.336,21.407,23.898,30.031,2.0,MEDIUM,27.0,True,Red Bull Racing,1,2.0,True,243.0,278.0,287.0,298.0,,,False,,False
8385.053,VER,3,59.0,74.791,21.101,23.814,29.876,2.0,MEDIUM,28.0,True,Red Bull Racing,1,2.0,True,243.0,278.0,285.0,302.0,,,False,,False
8459.907,VER,3,60.0,74.854,21.217,23.798,29.839,2.0,MEDIUM,29.0,True,Red Bull Racing,1,2.0,True,244.0,277.0,285.0,306.0,,,False,,False
8535.004,VER,3,61.0,75.097,21.19,23.916,29.991,2.0,MEDIUM,30.0,True,Red Bull Racing,12,2.0,True,243.0,279.0,283.0,310.0,,,False,,False
8610.567,VER,3,62.0,75.563,21.979,23.97,29.614,2.0,MEDIUM,31.0,True,Red Bull Racing,1,3.0,True,243.0,286.0,305.0,316.0,,,False,,False
8685.72,VER,3,63.0,75.153,21.6,23.929,29.624,2.0,MEDIUM,32.0,True,Red Bull Racing,1,3.0,True,244.0,284.0,289.0,317.0,,,False,,False
8760.956,VER,3,64.0,75.236,21.439,24.099,29.698,2.0,MEDIUM,33.0,True,Red Bull Racing,1,3.0,True,245.0,283.0,290.0,313.0,,,False,,False
8835.379,VER,3,65.0,74.423,21.259,23.724,29.44,2.0,MEDIUM,34.0,True,Red Bull Racing,1,3.0,True,247.0,287.0,298.0,320.0,,,False,,False
8910.086,VER,3,66.0,74.707,21.361,23.901,29.445,2.0,MEDIUM,35.0,True,Red Bull Racing,1,3.0,True,245.0,288.0,309.0,321.0,,,False,,False
8985.18,VER,3,67.0,75.094,21.64,23.848,29.606,2.0,MEDIUM,36.0,True,Red Bull Racing,1,3.0,True,244.0,288.0,303.0,318.0,,,False,,False
9059.578,VER,3,68.0,74.398,21.164,23.796,29.438,2.0,MEDIUM,37.0,True,Red Bull Racing,1,3.0,True,245.0,286.0,265.0,329.0,,,False,,False
3845.766,LAW,30,1.0,93.222,,27.456,33.078,1.0,MEDIUM,1.0,True,Racing Bulls,1,9.0,False,215.0,283.0,257.0,314.0,,,False,,False
3928.448,LAW,30,2.0,82.682,24.189,26.265,32.228,1.0,MEDIUM,2.0,True,Racing Bulls,1,8.0,True,233.0,277.0,271.0,316.0,,,False,,False
4009.768,LAW,30,3.0,81.32,23.518,25.919,31.883,1.0,MEDIUM,3.0,True,Racing Bulls,1,8.0,True,236.0,275.0,280.0,313.0,,,False,,False
4089.893,LAW,30,4.0,80.125,23.004,25.551,31.57,1.0,MEDIUM,4.0,True,Racing Bulls,1,8.0,True,234.0,275.0,281.0,309.0,,,False,,False
4169.391,LAW,30,5.0,79.498,22.801,25.402,31.295,1.0,MEDIUM,5.0,True,Racing Bulls,1,8.0,True,239.0,272.0,281.0,307.0,,,False,,False
4248.261,LAW,30,6.0,78.87,22.617,25.407,30.846,1.0,MEDIUM,6.0,True,Racing Bulls,1,8.0,True,234.0,273.0,282.0,307.0,,,False,,False
4327.005,LAW,30,7.0,78.744,22.539,25.247,30.958,1.0,MEDIUM,7.0,True,Racing Bulls,1,8.0,True,232.0,273.0,281.0,305.0,,,False,,False
4405.151,LAW,30,8.0,78.146,22.401,25.047,30.698,1.0,MEDIUM,8.0,True,Racing Bulls,1,8.0,True,236.0,274.0,279.0,310.0,,,False,,False
4483.469,LAW,30,9.0,78.318,22.531,24.987,30.8,1.0,MEDIUM,9.0,True,Racing Bulls,1,8.0,True,234.0,275.0,281.0,305.0,,,False,,False
4561.637,LAW,30,10.0,78.168,22.464,24.897,30.807,1.0,MEDIUM,10.0,True,Racing Bulls,1,8.0,True,236.0,274.0,278.0,304.0,,,False,,False
4640.495,LAW,30,11.0,78.858,22.498,25.363,30.997,1.0,MEDIUM,11.0,True,Racing Bulls,1,8.0,True,237.0,275.0,281.0,303.0,,,False,,False
4718.679,LAW,30,12.0,78.184,22.309,24.973,30.902,1.0,MEDIUM,12.0,True,Racing Bulls,12,8.0,True,235.0,273.0,278.0,303.0,,,False,,False
4797.063,LAW,30,13.0,78.384,22.397,24.935,31.052,1.0,MEDIUM,13.0,True,Racing Bulls,2,8.0,True,237.0,272.0,277.0,303.0,,,False,,False
4875.377,LAW,30,14.0,78.314,22.361,25.0,30.953,1.0,MEDIUM,14.0,True,Racing Bulls,21,8.0,True,233.0,273.0,273.0,302.0,,,False,,False
4953.266,LAW,30,15.0,77.889,22.244,24.923,30.722,1.0,MEDIUM,15.0,True,Racing Bulls,1,8.0,True,237.0,274.0,277.0,302.0,,,False,,False
5031.067,LAW,30,16.0,77.801,22.098,24.872,30.831,1.0,MEDIUM,16.0,True,Racing Bulls,1,8.0,True,240.0,274.0,279.0,301.0,,,False,,False
5108.647,LAW,30,17.0,77.58,22.111,24.736,30.733,1.0,MEDIUM,17.0,True,Racing Bulls,1,8.0,True,239.0,272.0,281.0,301.0,,,False,,False
5186.196,LAW,30,18.0,77.549,22.136,24.709,30.704,1.0,MEDIUM,18.0,True,Racing Bulls,12,8.0,True,236.0,274.0,278.0,301.0,,,False,,False
5263.749,LAW,30,19.0,77.553,22.243,24.684,30.626,1.0,MEDIUM,19.0,True,Racing Bulls,1,8.0,True,238.0,276.0,276.0,307.0,,,False,,False
5341.625,LAW,30,20.0,77.876,22.123,24.908,30.845,1.0,MEDIUM,20.0,True,Racing Bulls,1,8.0,True,237.0,275.0,281.0,314.0,,,False,,False
5419.467,LAW,30,21.0,77.842,22.427,24.806,30.609,1.0,MEDIUM,21.0,True,Racing Bulls,1,8.0,True,239.0,275.0,279.0,305.0,,,False,,False
5496.951,LAW,30,22.0,77.484,22.089,24.694,30.701,1.0,MEDIUM,22.0,True,Racing Bulls,1,8.0,True,236.0,272.0,277.0,301.0,,,False,,False
5574.579,LAW,30,23.0,77.628,22.206,24.799,30.623,1.0,MEDIUM,23.0,True,Racing Bulls,1,8.0,True,238.0,274.0,282.0,303.0,,,False,,False
5652.042,LAW,30,24.0,77.463,22.053,24.814,30.596,1.0,MEDIUM,24.0,True,Racing Bulls,1,8.0,True,238.0,274.0,279.0,305.0,,,False,,False
5729.795,LAW,30,25.0,77.753,22.028,24.715,31.01,1.0,MEDIUM,25.0,True,Racing Bulls,1,8.0,True,240.0,276.0,279.0,303.0,,,False,,False
5807.364,LAW,30,26.0,77.569,22.227,24.656,30.686,1.0,MEDIUM,26.0,True,Racing Bulls,1,8.0,True,238.0,274.0,279.0,303.0,,,False,,False
5884.747,LAW,30,27.0,77.383,22.075,24.722,30.586,1.0,MEDIUM,27.0,True,Racing Bulls,1,8.0,True,240.0,277.0,280.0,302.0,,,False,,False
5962.28,LAW,30,28.0,77.533,22.058,24.728,30.747,1.0,MEDIUM,28.0,True,Racing Bulls,1,8.0,True,238.0,276.0,282.0,300.0,,,False,,False
6039.545,LAW,30,29.0,77.265,22.035,24.675,30.555,1.0,MEDIUM,29.0,True,Racing Bulls,12,8.0,True,241.0,276.0,281.0,304.0,,,False,,False
6150.863,LAW,30,30.0,111.318,22.06,35.581,53.677,1.0,MEDIUM,30.0,True,Racing Bulls,26,7.0,False,240.0,165.0,,258.0,,6128.207,False,,False
6259.095,LAW,30,31.0,108.232,29.107,39.648,39.477,2.0,SOFT,1.0,True,Racing Bulls,67,7.0,False,221.0,154.0,271.0,166.0,6152.36,,False,,False
6340.343,LAW,30,32.0,81.248,23.585,26.491,31.172,2.0,SOFT,2.0,True,Racing Bulls,71,7.0,False,239.0,284.0,285.0,329.0,,,False,,False
6418.776,LAW,30,33.0,78.433,22.529,25.031,30.873,2.0,SOFT,3.0,True,Racing Bulls,1,7.0,True,247.0,276.0,276.0,305.0,,,False,,False
6496.953,LAW,30,34.0,78.177,22.336,24.957,30.884,2.0,SOFT,4.0,True,Racing Bulls,1,7.0,True,240.0,275.0,280.0,301.0,,,False,,False
6574.323,LAW,30,35.0,77.37,22.05,24.666,30.654,2.0,SOFT,5.0,True,Racing Bulls,1,7.0,True,240.0,276.0,281.0,298.0,,,False,,False
6651.167,LAW,30,36.0,76.844,21.814,24.498,30.532,2.0,SOFT,6.0,True,Racing Bulls,1,7.0,True,241.0,275.0,285.0,297.0,,,False,,False
6728.141,LAW,30,37.0,76.974,21.817,24.491,30.666,2.0,SOFT,7.0,True,Racing Bulls,1,7.0,True,239.0,275.0,280.0,299.0,,,False,,False
6805.134,LAW,30,38.0,76.993,21.928,24.58,30.485,2.0,SOFT,8.0,True,Racing Bulls,1,7.0,True,240.0,276.0,284.0,299.0,,,False,,False
6882.326,LAW,30,39.0,77.192,21.735,24.342,31.115,2.0,SOFT,9.0,True,Racing Bulls,12,7.0,True,239.0,276.0,280.0,298.0,,,False,,False
6959.798,LAW,30,40.0,77.472,22.118,24.583,30.771,2.0,SOFT,10.0,True,Racing Bulls,1,7.0,True,241.0,276.0,279.0,299.0,,,False,,False
7036.807,LAW,30,41.0,77.009,21.787,24.565,30.657,2.0,SOFT,11.0,True,Racing Bulls,1,7.0,True,242.0,276.0,281.0,299.0,,,False,,False
7113.525,LAW,30,42.0,76.718,21.795,24.457,30.466,2.0,SOFT,12.0,True,Racing Bulls,1,7.0,True,240.0,278.0,280.0,302.0,,,False,,False
7190.123,LAW,30,43.0,76.598,21.711,24.408,30.479,2.0,SOFT,13.0,True,Racing Bulls,1,7.0,True,241.0,276.0,284.0,299.0,,,False,,False
7266.809,LAW,30,44.0,76.686,21.708,24.5,30.478,2.0,SOFT,14.0,True,Racing Bulls,1,7.0,True,241.0,279.0,282.0,305.0,,,False,,False
7360.369,LAW,30,45.0,93.56,21.634,31.724,40.202,2.0,SOFT,15.0,True,Racing Bulls,167,7.0,False,242.0,221.0,300.0,276.0,,,False,,False
7438.708,LAW,30,46.0,78.339,21.782,24.382,32.175,2.0,SOFT,16.0,True,Racing Bulls,1,7.0,True,244.0,279.0,285.0,237.0,,,False,,False
7515.593,LAW,30,47.0,76.885,22.022,24.335,30.528,2.0,SOFT,17.0,True,Racing Bulls,1,7.0,True,242.0,281.0,284.0,306.0,,,False,,False
7592.446,LAW,30,48.0,76.853,21.672,24.297,30.884,2.0,SOFT,18.0,True,Racing Bulls,1,7.0,True,241.0,277.0,220.0,299.0,,,False,,False
7671.642,LAW,30,49.0,79.196,23.016,25.323,30.857,2.0,SOFT,19.0,True,Racing Bulls,1,7.0,True,242.0,258.0,287.0,317.0,,,False,,False
7747.788,LAW,30,50.0,76.146,21.738,24.205,30.203,2.0,SOFT,20.0,True,Racing Bulls,1,7.0,True,244.0,295.0,280.0,309.0,,,False,,False
7829.614,LAW,30,51.0,81.826,21.68,24.259,35.887,2.0,SOFT,21.0,True,Racing Bulls,16,7.0,False,240.0,276.0,228.0,310.0,,,False,,False
7932.263,LAW,30,52.0,102.649,28.792,32.393,41.464,2.0,SOFT,22.0,True,Racing Bulls,67,7.0,False,231.0,216.0,281.0,277.0,,,False,,False
8014.883,LAW,30,53.0,82.62,27.471,24.988,30.161,2.0,SOFT,23.0,True,Racing Bulls,71,7.0,False,242.0,281.0,286.0,317.0,,,False,,False
8091.214,LAW,30,54.0,76.331,21.679,24.34,30.312,2.0,SOFT,24.0,True,Racing Bulls,1,7.0,True,240.0,275.0,284.0,305.0,,,False,,False
8167.294,LAW,30,55.0,76.08,21.556,24.311,30.213,2.0,SOFT,25.0,True,Racing Bulls,1,7.0,True,240.0,276.0,285.0,304.0,,,False,,False
8243.234,LAW,30,56.0,75.94,21.528,24.27,30.142,2.0,SOFT,26.0,True,Racing Bulls,1,7.0,True,242.0,278.0,282.0,303.0,,,False,,False
8319.04,LAW,30,57.0,75.806,21.539,24.161,30.106,2.0,SOFT,27.0,True,Racing Bulls,1,7.0,True,243.0,279.0,284.0,303.0,,,False,,False
8395.143,LAW,30,58.0,76.103,21.62,24.124,30.359,2.0,SOFT,28.0,True,Racing Bulls,1,7.0,True,240.0,280.0,283.0,308.0,,,False,,False
8470.747,LAW,30,59.0,75.604,21.411,24.113,30.08,2.0,SOFT,29.0,True,Racing Bulls,1,7.0,True,245.0,281.0,276.0,312.0,,,False,,False
8546.899,LAW,30,60.0,76.152,21.649,24.286,30.217,2.0,SOFT,30.0,True,Racing Bulls,12,7.0,True,242.0,278.0,278.0,304.0,,,False,,False
8622.88,LAW,30,61.0,75.981,21.6,24.186,30.195,2.0,SOFT,31.0,True,Racing Bulls,1,7.0,True,243.0,279.0,282.0,301.0,,,False,,False
8698.897,LAW,30,62.0,76.017,21.499,24.207,30.311,2.0,SOFT,32.0,True,Racing Bulls,1,7.0,True,242.0,277.0,280.0,306.0,,,False,,False
8774.953,LAW,30,63.0,76.056,21.627,24.178,30.251,2.0,SOFT,33.0,True,Racing Bulls,1,7.0,True,241.0,279.0,274.0,311.0,,,False,,False
8851.807,LAW,30,64.0,76.854,21.665,24.194,30.995,2.0,SOFT,34.0,True,Racing Bulls,1,7.0,True,243.0,277.0,257.0,310.0,,,True,TRACK LIMITS AT TURN 14 LAP 64 ,False
8929.669,LAW,30,65.0,77.862,22.696,24.592,30.574,2.0,SOFT,35.0,True,Racing Bulls,1,7.0,True,242.0,278.0,267.0,319.0,,,False,,False
9006.11,LAW,30,66.0,76.441,21.778,24.168,30.495,2.0,SOFT,36.0,True,Racing Bulls,1,7.0,True,243.0,278.0,280.0,300.0,,,False,,False
9082.537,LAW,30,67.0,76.427,21.592,24.446,30.389,2.0,SOFT,37.0,True,Racing Bulls,1,7.0,True,243.0,280.0,271.0,320.0,,,False,,False
3849.306,OCO,31,1.0,96.762,,28.91,33.363,1.0,SOFT,1.0,True,Haas F1 Team,1,15.0,False,200.0,281.0,285.0,320.0,,,False,,False
3935.002,OCO,31,2.0,85.696,25.899,27.088,32.709,1.0,SOFT,2.0,True,Haas F1 Team,1,12.0,True,215.0,279.0,275.0,308.0,,,False,,False
4016.687,OCO,31,3.0,81.685,23.929,26.089,31.667,1.0,SOFT,3.0,True,Haas F1 Team,1,12.0,True,227.0,284.0,276.0,329.0,,,False,,False
4098.312,OCO,31,4.0,81.625,23.505,26.327,31.793,1.0,SOFT,4.0,True,Haas F1 Team,1,12.0,True,228.0,268.0,272.0,312.0,,,False,,False
4179.02,OCO,31,5.0,80.708,23.503,25.891,31.314,1.0,SOFT,5.0,True,Haas F1 Team,1,12.0,True,227.0,272.0,267.0,313.0,,,False,,False
4259.645,OCO,31,6.0,80.625,23.044,25.559,32.022,1.0,SOFT,6.0,True,Haas F1 Team,1,13.0,True,228.0,267.0,266.0,314.0,,,False,,False
4343.171,OCO,31,7.0,83.526,23.616,27.99,31.92,1.0,SOFT,7.0,True,Haas F1 Team,1,15.0,True,227.0,261.0,251.0,329.0,,,True,TRACK LIMITS AT TURN 8 LAP 7 ,False
4422.824,OCO,31,8.0,79.653,23.133,25.305,31.215,1.0,SOFT,8.0,True,Haas F1 Team,1,15.0,True,227.0,271.0,267.0,312.0,,,False,,False
4501.926,OCO,31,9.0,79.102,22.688,25.106,31.308,1.0,SOFT,9.0,True,Haas F1 Team,1,15.0,True,228.0,271.0,272.0,301.0,,,False,,False
4580.431,OCO,31,10.0,78.505,22.56,24.882,31.063,1.0,SOFT,10.0,True,Haas F1 Team,1,15.0,True,231.0,271.0,270.0,301.0,,,False,,False
4659.432,OCO,31,11.0,79.001,22.446,25.491,31.064,1.0,SOFT,11.0,True,Haas F1 Team,1,15.0,True,230.0,271.0,274.0,302.0,,,False,,False
4739.045,OCO,31,12.0,79.613,22.574,25.136,31.903,1.0,SOFT,12.0,True,Haas F1 Team,12,13.0,True,229.0,273.0,273.0,301.0,,,False,,False
4818.589,OCO,31,13.0,79.544,22.67,25.101,31.773,1.0,SOFT,13.0,True,Haas F1 Team,2,13.0,True,228.0,267.0,275.0,304.0,,,False,,False
4897.704,OCO,31,14.0,79.115,22.57,25.014,31.531,1.0,SOFT,14.0,True,Haas F1 Team,21,14.0,True,231.0,275.0,265.0,309.0,,,False,,False
4977.387,OCO,31,15.0,79.683,23.185,25.199,31.299,1.0,SOFT,15.0,True,Haas F1 Team,1,13.0,True,231.0,281.0,290.0,327.0,,,False,,False
5075.778,OCO,31,16.0,98.391,23.358,25.262,49.771,1.0,SOFT,16.0,True,Haas F1 Team,1,16.0,False,229.0,279.0,,308.0,,5052.564,False,,False
5160.94,OCO,31,17.0,85.162,26.595,25.751,32.816,2.0,MEDIUM,1.0,True,Haas F1 Team,1,17.0,False,225.0,280.0,295.0,315.0,5077.392,,False,,False
5240.459,OCO,31,18.0,79.519,22.904,25.405,31.21,2.0,MEDIUM,2.0,True,Haas F1 Team,12,17.0,True,231.0,270.0,273.0,305.0,,,False,,False
5319.844,OCO,31,19.0,79.385,22.992,25.095,31.298,2.0,MEDIUM,3.0,True,Haas F1 Team,1,16.0,True,227.0,273.0,273.0,299.0,,,False,,False
5398.534,OCO,31,20.0,78.69,22.667,24.95,31.073,2.0,MEDIUM,4.0,True,Haas F1 Team,1,16.0,True,230.0,271.0,281.0,298.0,,,False,,False
5477.142,OCO,31,21.0,78.608,22.536,25.076,30.996,2.0,MEDIUM,5.0,True,Haas F1 Team,1,15.0,True,228.0,270.0,272.0,303.0,,,False,,False
5555.782,OCO,31,22.0,78.64,22.552,24.745,31.343,2.0,MEDIUM,6.0,True,Haas F1 Team,1,15.0,True,230.0,274.0,271.0,301.0,,,False,,False
5634.069,OCO,31,23.0,78.287,22.588,24.727,30.972,2.0,MEDIUM,7.0,True,Haas F1 Team,1,15.0,True,229.0,275.0,272.0,302.0,,,False,,False
5712.406,OCO,31,24.0,78.337,22.514,24.899,30.924,2.0,MEDIUM,8.0,True,Haas F1 Team,1,15.0,True,230.0,273.0,272.0,301.0,,,False,,False
5790.978,OCO,31,25.0,78.572,22.522,24.89,31.16,2.0,MEDIUM,9.0,True,Haas F1 Team,1,15.0,True,229.0,272.0,271.0,297.0,,,False,,False
5869.242,OCO,31,26.0,78.264,22.427,24.85,30.987,2.0,MEDIUM,10.0,True,Haas F1 Team,1,15.0,True,231.0,271.0,274.0,299.0,,,False,,False
5948.378,OCO,31,27.0,79.136,22.589,25.224,31.323,2.0,MEDIUM,11.0,True,Haas F1 Team,1,16.0,True,230.0,267.0,270.0,308.0,,,False,,False
6026.984,OCO,31,28.0,78.606,22.756,25.049,30.801,2.0,MEDIUM,12.0,True,Haas F1 Team,1,16.0,True,230.0,275.0,256.0,329.0,,,False,,False
6121.124,OCO,31,29.0,94.14,22.583,32.291,39.266,2.0,MEDIUM,13.0,True,Haas F1 Team,126,16.0,False,229.0,188.0,209.0,246.0,,,False,,False
6252.112,OCO,31,30.0,130.988,29.666,35.912,65.41,2.0,MEDIUM,14.0,True,Haas F1 Team,6,15.0,False,164.0,217.0,,232.0,,6218.334,False,,False
6340.388,OCO,31,31.0,88.276,29.462,26.155,32.659,3.0,SOFT,1.0,True,Haas F1 Team,671,15.0,False,225.0,277.0,234.0,297.0,6253.714,,False,,False
6419.893,OCO,31,32.0,79.505,23.513,25.109,30.883,3.0,SOFT,2.0,True,Haas F1 Team,1,15.0,True,234.0,279.0,282.0,304.0,,,False,,False
6498.209,OCO,31,33.0,78.316,22.51,24.973,30.833,3.0,SOFT,3.0,True,Haas F1 Team,1,15.0,True,233.0,275.0,272.0,314.0,,,False,,False
6578.425,OCO,31,34.0,80.216,22.504,26.577,31.135,3.0,SOFT,4.0,True,Haas F1 Team,1,15.0,True,231.0,260.0,279.0,314.0,,,False,,False
6655.684,OCO,31,35.0,77.259,22.41,24.595,30.254,3.0,SOFT,5.0,True,Haas F1 Team,1,15.0,True,234.0,278.0,285.0,324.0,,,False,,False
6733.042,OCO,31,36.0,77.358,22.253,24.684,30.421,3.0,SOFT,6.0,True,Haas F1 Team,1,15.0,True,231.0,276.0,266.0,313.0,,,False,,False
6810.634,OCO,31,37.0,77.592,22.233,24.797,30.562,3.0,SOFT,7.0,True,Haas F1 Team,1,15.0,True,231.0,278.0,276.0,314.0,,,False,,False
6888.767,OCO,31,38.0,78.133,22.261,24.541,31.331,3.0,SOFT,8.0,True,Haas F1 Team,12,16.0,True,233.0,276.0,292.0,312.0,,,False,,False
6969.004,OCO,31,39.0,80.237,23.955,25.354,30.928,3.0,SOFT,9.0,True,Haas F1 Team,1,14.0,True,231.0,276.0,278.0,340.0,,,False,,False
7046.406,OCO,31,40.0,77.402,22.348,24.742,30.312,3.0,SOFT,10.0,True,Haas F1 Team,1,15.0,True,233.0,275.0,274.0,321.0,,,False,,False
7124.989,OCO,31,41.0,78.583,22.183,25.682,30.718,3.0,SOFT,11.0,True,Haas F1 Team,1,14.0,True,232.0,277.0,269.0,314.0,,,False,,False
7203.542,OCO,31,42.0,78.553,22.206,25.041,31.306,3.0,SOFT,12.0,True,Haas F1 Team,1,14.0,True,232.0,223.0,277.0,316.0,,,False,,False
7280.217,OCO,31,43.0,76.675,22.046,24.437,30.192,3.0,SOFT,13.0,True,Haas F1 Team,1,14.0,True,234.0,275.0,280.0,327.0,,,False,,False
7373.42,OCO,31,44.0,93.203,27.674,30.663,34.866,3.0,SOFT,14.0,True,Haas F1 Team,167,14.0,False,126.0,194.0,292.0,303.0,,,False,,False
7451.173,OCO,31,45.0,77.753,22.21,24.868,30.675,3.0,SOFT,15.0,True,Haas F1 Team,1,14.0,True,232.0,274.0,267.0,309.0,,,False,,False
7530.027,OCO,31,46.0,78.854,22.28,25.938,30.636,3.0,SOFT,16.0,True,Haas F1 Team,1,14.0,True,231.0,277.0,277.0,315.0,,,False,,False
7609.772,OCO,31,47.0,79.745,24.116,24.931,30.698,3.0,SOFT,17.0,True,Haas F1 Team,1,14.0,True,230.0,278.0,280.0,310.0,,,False,,False
7688.723,OCO,31,48.0,78.951,22.073,24.661,32.217,3.0,SOFT,18.0,True,Haas F1 Team,1,14.0,True,231.0,274.0,279.0,287.0,,,False,,False
7766.037,OCO,31,49.0,77.314,22.278,24.663,30.373,3.0,SOFT,19.0,True,Haas F1 Team,1,14.0,True,235.0,274.0,275.0,329.0,,,False,,False
7858.569,OCO,31,50.0,92.532,22.355,24.699,45.478,3.0,SOFT,20.0,True,Haas F1 Team,16,14.0,False,231.0,273.0,238.0,229.0,,,False,,False
7957.149,OCO,31,51.0,98.58,26.09,33.194,39.296,3.0,SOFT,21.0,True,Haas F1 Team,671,14.0,False,175.0,202.0,295.0,229.0,,,False,,False
8037.624,OCO,31,52.0,80.475,22.759,25.082,32.634,3.0,SOFT,22.0,True,Haas F1 Team,1,14.0,True,230.0,270.0,279.0,246.0,,,False,,False
8115.964,OCO,31,53.0,78.34,22.724,24.944,30.672,3.0,SOFT,23.0,True,Haas F1 Team,1,14.0,True,232.0,272.0,265.0,323.0,,,False,,False
8192.942,OCO,31,54.0,76.978,22.248,24.456,30.274,3.0,SOFT,24.0,True,Haas F1 Team,1,14.0,True,233.0,278.0,276.0,313.0,,,False,,False
8271.326,OCO,31,55.0,78.384,22.109,25.677,30.598,3.0,SOFT,25.0,True,Haas F1 Team,1,14.0,True,233.0,277.0,284.0,312.0,,,False,,False
8348.05,OCO,31,56.0,76.724,21.914,24.43,30.38,3.0,SOFT,26.0,True,Haas F1 Team,1,14.0,True,235.0,276.0,272.0,312.0,,,False,,False
8424.962,OCO,31,57.0,76.912,22.085,24.48,30.347,3.0,SOFT,27.0,True,Haas F1 Team,1,14.0,True,232.0,275.0,281.0,313.0,,,False,,False
8501.876,OCO,31,58.0,76.914,22.189,24.326,30.399,3.0,SOFT,28.0,True,Haas F1 Team,1,14.0,True,233.0,274.0,272.0,310.0,,,False,,False
8578.758,OCO,31,59.0,76.882,22.039,24.542,30.301,3.0,SOFT,29.0,True,Haas F1 Team,12,14.0,True,234.0,270.0,276.0,311.0,,,False,,False
8655.523,OCO,31,60.0,76.765,21.961,24.417,30.387,3.0,SOFT,30.0,True,Haas F1 Team,1,14.0,True,234.0,277.0,275.0,297.0,,,False,,False
8733.039,OCO,31,61.0,77.516,22.162,24.547,30.807,3.0,SOFT,31.0,True,Haas F1 Team,1,14.0,True,233.0,276.0,274.0,297.0,,,False,,False
8810.031,OCO,31,62.0,76.992,22.084,24.416,30.492,3.0,SOFT,32.0,True,Haas F1 Team,1,14.0,True,233.0,276.0,278.0,296.0,,,False,,False
8886.867,OCO,31,63.0,76.836,22.014,24.342,30.48,3.0,SOFT,33.0,True,Haas F1 Team,1,14.0,True,234.0,277.0,279.0,297.0,,,False,,False
8963.444,OCO,31,64.0,76.577,21.845,24.294,30.438,3.0,SOFT,34.0,True,Haas F1 Team,1,14.0,True,234.0,275.0,278.0,297.0,,,False,,False
9040.183,OCO,31,65.0,76.739,21.903,24.265,30.571,3.0,SOFT,35.0,True,Haas F1 Team,1,14.0,True,233.0,276.0,277.0,299.0,,,False,,False
9116.937,OCO,31,66.0,76.754,21.955,24.337,30.462,3.0,SOFT,36.0,True,Haas F1 Team,1,14.0,True,234.0,277.0,277.0,298.0,,,False,,False
3845.219,COL,43,1.0,92.675,,27.483,32.879,1.0,MEDIUM,1.0,True,Alpine,1,8.0,False,226.0,283.0,258.0,314.0,,,False,,False
3927.444,COL,43,2.0,82.225,23.826,25.97,32.429,1.0,MEDIUM,2.0,True,Alpine,1,7.0,True,242.0,280.0,273.0,310.0,,,False,,False
4008.438,COL,43,3.0,80.994,23.19,25.815,31.989,1.0,MEDIUM,3.0,True,Alpine,1,7.0,True,236.0,276.0,277.0,305.0,,,False,,False
4088.481,COL,43,4.0,80.043,22.953,25.314,31.776,1.0,MEDIUM,4.0,True,Alpine,1,7.0,True,234.0,290.0,269.0,300.0,,,False,,False
4167.457,COL,43,5.0,78.976,22.671,25.045,31.26,1.0,MEDIUM,5.0,True,Alpine,1,7.0,True,236.0,278.0,279.0,306.0,,,False,,False
4246.322,COL,43,6.0,78.865,22.613,25.009,31.243,1.0,MEDIUM,6.0,True,Alpine,1,7.0,True,236.0,279.0,277.0,306.0,,,False,,False
4324.865,COL,43,7.0,78.543,22.498,24.957,31.088,1.0,MEDIUM,7.0,True,Alpine,1,7.0,True,236.0,277.0,281.0,306.0,,,False,,False
4403.152,COL,43,8.0,78.287,22.413,24.901,30.973,1.0,MEDIUM,8.0,True,Alpine,1,7.0,True,231.0,278.0,277.0,306.0,,,False,,False
4481.46,COL,43,9.0,78.308,22.408,24.881,31.019,1.0,MEDIUM,9.0,True,Alpine,1,7.0,True,229.0,279.0,277.0,304.0,,,False,,False
4559.464,COL,43,10.0,78.004,22.271,24.855,30.878,1.0,MEDIUM,10.0,True,Alpine,1,7.0,True,234.0,276.0,275.0,304.0,,,False,,False
4637.681,COL,43,11.0,78.217,22.214,25.008,30.995,1.0,MEDIUM,11.0,True,Alpine,1,7.0,True,230.0,276.0,278.0,304.0,,,False,,False
4715.383,COL,43,12.0,77.702,22.181,24.653,30.868,1.0,MEDIUM,12.0,True,Alpine,12,7.0,True,233.0,277.0,278.0,304.0,,,False,,False
4793.712,COL,43,13.0,78.329,22.04,24.896,31.393,1.0,MEDIUM,13.0,True,Alpine,2,7.0,True,238.0,263.0,272.0,305.0,,,False,,False
4871.54,COL,43,14.0,77.828,22.155,24.704,30.969,1.0,MEDIUM,14.0,True,Alpine,21,7.0,True,237.0,277.0,279.0,303.0,,,False,,False
4949.022,COL,43,15.0,77.482,21.944,24.653,30.885,1.0,MEDIUM,15.0,True,Alpine,1,7.0,True,238.0,280.0,272.0,303.0,,,False,,False
5026.314,COL,43,16.0,77.292,22.015,24.584,30.693,1.0,MEDIUM,16.0,True,Alpine,1,7.0,True,239.0,278.0,277.0,304.0,,,False,,False
5103.452,COL,43,17.0,77.138,21.88,24.576,30.682,1.0,MEDIUM,17.0,True,Alpine,1,7.0,True,238.0,279.0,275.0,306.0,,,False,,False
5180.467,COL,43,18.0,77.015,21.947,24.596,30.472,1.0,MEDIUM,18.0,True,Alpine,1,7.0,True,240.0,281.0,274.0,317.0,,,False,,False
5257.831,COL,43,19.0,77.364,21.968,24.545,30.851,1.0,MEDIUM,19.0,True,Alpine,12,7.0,True,240.0,272.0,273.0,305.0,,,False,,False
5334.849,COL,43,20.0,77.018,22.057,24.505,30.456,1.0,MEDIUM,20.0,True,Alpine,1,7.0,True,239.0,280.0,281.0,308.0,,,False,,False
5411.712,COL,43,21.0,76.863,21.912,24.387,30.564,1.0,MEDIUM,21.0,True,Alpine,1,7.0,True,239.0,282.0,282.0,311.0,,,False,,False
5488.847,COL,43,22.0,77.135,22.083,24.539,30.513,1.0,MEDIUM,22.0,True,Alpine,1,7.0,True,239.0,281.0,267.0,311.0,,,False,,False
5565.918,COL,43,23.0,77.071,22.049,24.369,30.653,1.0,MEDIUM,23.0,True,Alpine,1,7.0,True,241.0,280.0,271.0,307.0,,,False,,False
5642.746,COL,43,24.0,76.828,22.003,24.362,30.463,1.0,MEDIUM,24.0,True,Alpine,1,7.0,True,241.0,285.0,279.0,315.0,,,False,,False
5719.832,COL,43,25.0,77.086,21.991,24.396,30.699,1.0,MEDIUM,25.0,True,Alpine,1,7.0,True,241.0,281.0,273.0,308.0,,,False,,False
5796.934,COL,43,26.0,77.102,21.973,24.498,30.631,1.0,MEDIUM,26.0,True,Alpine,1,7.0,True,238.0,282.0,269.0,305.0,,,False,,False
5874.408,COL,43,27.0,77.474,22.032,24.535,30.907,1.0,MEDIUM,27.0,True,Alpine,1,7.0,True,240.0,273.0,277.0,306.0,,,False,,False
5951.473,COL,43,28.0,77.065,21.923,24.487,30.655,1.0,MEDIUM,28.0,True,Alpine,1,7.0,True,240.0,279.0,279.0,306.0,,,False,,False
6028.178,COL,43,29.0,76.705,21.872,24.451,30.382,1.0,MEDIUM,29.0,True,Alpine,1,7.0,True,241.0,283.0,279.0,314.0,,,False,,False
6137.125,COL,43,30.0,108.947,22.022,29.909,57.016,1.0,MEDIUM,30.0,True,Alpine,126,6.0,False,242.0,174.0,,215.0,,6113.114,False,,False
6242.462,COL,43,31.0,105.337,33.22,33.116,39.001,2.0,HARD,1.0,True,Alpine,6,6.0,False,211.0,225.0,187.0,209.0,6138.68,,False,,False
6328.975,COL,43,32.0,86.513,28.593,26.384,31.536,2.0,HARD,2.0,True,Alpine,671,6.0,False,217.0,290.0,278.0,301.0,,,False,,False
6407.772,COL,43,33.0,78.797,22.525,24.978,31.294,2.0,HARD,3.0,True,Alpine,1,6.0,True,243.0,278.0,277.0,303.0,,,False,,False
6485.594,COL,43,34.0,77.822,22.232,24.673,30.917,2.0,HARD,4.0,True,Alpine,1,6.0,True,242.0,280.0,275.0,304.0,,,False,,False
6562.929,COL,43,35.0,77.335,22.17,24.423,30.742,2.0,HARD,5.0,True,Alpine,1,6.0,True,241.0,278.0,273.0,300.0,,,False,,False
6640.168,COL,43,36.0,77.239,21.944,24.452,30.843,2.0,HARD,6.0,True,Alpine,1,6.0,True,240.0,281.0,278.0,301.0,,,False,,False
6716.84,COL,43,37.0,76.672,21.871,24.259,30.542,2.0,HARD,7.0,True,Alpine,1,6.0,True,241.0,280.0,270.0,304.0,,,False,,False
6793.386,COL,43,38.0,76.546,21.847,24.279,30.42,2.0,HARD,8.0,True,Alpine,1,6.0,True,242.0,281.0,284.0,307.0,,,False,,False
6870.065,COL,43,39.0,76.679,21.735,24.324,30.62,2.0,HARD,9.0,True,Alpine,12,6.0,True,243.0,278.0,277.0,299.0,,,False,,False
6946.944,COL,43,40.0,76.879,21.827,24.439,30.613,2.0,HARD,10.0,True,Alpine,1,6.0,True,242.0,279.0,273.0,303.0,,,False,,False
7023.734,COL,43,41.0,76.79,21.867,24.317,30.606,2.0,HARD,11.0,True,Alpine,1,6.0,True,241.0,280.0,275.0,299.0,,,False,,False
7100.352,COL,43,42.0,76.618,21.763,24.269,30.586,2.0,HARD,12.0,True,Alpine,1,6.0,True,243.0,280.0,272.0,299.0,,,False,,False
7177.278,COL,43,43.0,76.926,21.829,24.289,30.808,2.0,HARD,13.0,True,Alpine,1,6.0,True,242.0,281.0,274.0,300.0,,,False,,False
7253.527,COL,43,44.0,76.249,21.603,24.022,30.624,2.0,HARD,14.0,True,Alpine,1,6.0,True,242.0,280.0,267.0,299.0,,,False,,False
7343.85,COL,43,45.0,90.323,21.517,27.498,41.308,2.0,HARD,15.0,True,Alpine,167,6.0,False,244.0,176.0,208.0,192.0,,,False,,False
7423.447,COL,43,46.0,79.597,24.339,24.646,30.612,2.0,HARD,16.0,True,Alpine,71,6.0,False,245.0,282.0,271.0,306.0,,,False,,False
7500.068,COL,43,47.0,76.621,21.699,24.169,30.753,2.0,HARD,17.0,True,Alpine,1,6.0,True,243.0,281.0,270.0,301.0,,,False,,False
7576.678,COL,43,48.0,76.61,21.682,24.165,30.763,2.0,HARD,18.0,True,Alpine,1,6.0,True,244.0,283.0,282.0,305.0,,,False,,False
7653.215,COL,43,49.0,76.537,21.72,24.15,30.667,2.0,HARD,19.0,True,Alpine,1,6.0,True,243.0,278.0,275.0,300.0,,,False,,False
7729.525,COL,43,50.0,76.31,21.574,24.123,30.613,2.0,HARD,20.0,True,Alpine,1,6.0,True,243.0,281.0,267.0,300.0,,,False,,False
7805.778,COL,43,51.0,76.253,21.738,24.024,30.491,2.0,HARD,21.0,True,Alpine,1,6.0,True,244.0,280.0,276.0,302.0,,,False,,False
7908.722,COL,43,52.0,102.944,28.269,32.218,42.457,2.0,HARD,22.0,True,Alpine,16,6.0,False,173.0,200.0,190.0,213.0,,,False,,False
7996.088,COL,43,53.0,87.366,28.857,27.044,31.465,2.0,HARD,23.0,True,Alpine,671,6.0,False,189.0,292.0,284.0,293.0,,,False,,False
8073.765,COL,43,54.0,77.677,22.286,24.539,30.852,2.0,HARD,24.0,True,Alpine,1,6.0,True,243.0,284.0,284.0,308.0,,,False,,False
8150.574,COL,43,55.0,76.809,21.884,24.314,30.611,2.0,HARD,25.0,True,Alpine,1,6.0,True,243.0,279.0,279.0,305.0,,,False,,False
8228.504,COL,43,56.0,77.93,21.95,25.61,30.37,2.0,HARD,26.0,True,Alpine,1,6.0,True,205.0,286.0,279.0,312.0,,,False,,False
8305.015,COL,43,57.0,76.511,21.686,24.192,30.633,2.0,HARD,27.0,True,Alpine,1,6.0,True,244.0,283.0,277.0,304.0,,,False,,False
8381.383,COL,43,58.0,76.368,21.602,24.2,30.566,2.0,HARD,28.0,True,Alpine,1,6.0,True,245.0,281.0,274.0,305.0,,,False,,False
8457.47,COL,43,59.0,76.087,21.667,24.072,30.348,2.0,HARD,29.0,True,Alpine,1,6.0,True,246.0,275.0,278.0,305.0,,,False,,False
8533.66,COL,43,60.0,76.19,21.543,24.066,30.581,2.0,HARD,30.0,True,Alpine,12,6.0,True,246.0,284.0,275.0,305.0,,,False,,False
8612.133,COL,43,61.0,78.473,24.029,24.288,30.156,2.0,HARD,31.0,True,Alpine,1,6.0,True,249.0,290.0,285.0,315.0,,,False,,False
8687.898,COL,43,62.0,75.765,21.567,24.001,30.197,2.0,HARD,32.0,True,Alpine,1,6.0,True,245.0,287.0,280.0,314.0,,,False,,False
8764.184,COL,43,63.0,76.286,21.693,24.202,30.391,2.0,HARD,33.0,True,Alpine,1,6.0,True,243.0,280.0,280.0,308.0,,,False,,False
8840.229,COL,43,64.0,76.045,21.577,24.086,30.382,2.0,HARD,34.0,True,Alpine,1,6.0,True,245.0,284.0,277.0,305.0,,,False,,False
8916.209,COL,43,65.0,75.98,21.521,24.107,30.352,2.0,HARD,35.0,True,Alpine,1,6.0,True,246.0,277.0,283.0,306.0,,,False,,False
8992.35,COL,43,66.0,76.141,21.614,24.127,30.4,2.0,HARD,36.0,True,Alpine,1,6.0,True,246.0,281.0,283.0,309.0,,,False,,False
9067.812,COL,43,67.0,75.462,21.489,23.97,30.003,2.0,HARD,37.0,True,Alpine,1,6.0,True,247.0,285.0,290.0,330.0,,,False,,False
3841.066,HAM,44,1.0,88.522,,26.605,31.751,1.0,SOFT,4.0,False,Ferrari,1,4.0,False,227.0,294.0,289.0,319.0,,,False,,False
3921.736,HAM,44,2.0,80.67,23.569,25.55,31.551,1.0,SOFT,5.0,False,Ferrari,1,3.0,True,233.0,280.0,287.0,328.0,,,False,,False
4001.444,HAM,44,3.0,79.708,23.77,25.036,30.902,1.0,SOFT,6.0,False,Ferrari,1,3.0,True,229.0,278.0,281.0,322.0,,,False,,False
4079.437,HAM,44,4.0,77.993,22.768,24.704,30.521,1.0,SOFT,7.0,False,Ferrari,1,3.0,True,231.0,280.0,268.0,337.0,,,False,,False
4156.892,HAM,44,5.0,77.455,22.407,24.493,30.555,1.0,SOFT,8.0,False,Ferrari,1,3.0,True,232.0,279.0,266.0,328.0,,,False,,False
4233.906,HAM,44,6.0,77.014,22.235,24.273,30.506,1.0,SOFT,9.0,False,Ferrari,1,3.0,True,232.0,277.0,280.0,313.0,,,False,,False
4310.888,HAM,44,7.0,76.982,22.206,24.366,30.41,1.0,SOFT,10.0,False,Ferrari,1,3.0,True,233.0,280.0,265.0,328.0,,,False,,False
4387.549,HAM,44,8.0,76.661,22.125,24.331,30.205,1.0,SOFT,11.0,False,Ferrari,1,3.0,True,233.0,278.0,266.0,331.0,,,False,,False
4465.469,HAM,44,9.0,77.92,22.974,24.507,30.439,1.0,SOFT,12.0,False,Ferrari,1,4.0,True,232.0,278.0,276.0,314.0,,,False,,False
4541.889,HAM,44,10.0,76.42,21.941,24.294,30.185,1.0,SOFT,13.0,False,Ferrari,1,4.0,True,234.0,280.0,283.0,320.0,,,False,,False
4618.352,HAM,44,11.0,76.463,21.959,24.183,30.321,1.0,SOFT,14.0,False,Ferrari,1,4.0,True,234.0,279.0,280.0,318.0,,,False,,False
4694.579,HAM,44,12.0,76.227,21.819,24.342,30.066,1.0,SOFT,15.0,False,Ferrari,1,4.0,True,235.0,279.0,283.0,320.0,,,False,,False
4771.061,HAM,44,13.0,76.482,21.801,24.281,30.4,1.0,SOFT,16.0,False,Ferrari,12,4.0,True,234.0,276.0,283.0,321.0,,,False,,False
4847.459,HAM,44,14.0,76.398,21.867,24.254,30.277,1.0,SOFT,17.0,False,Ferrari,21,4.0,True,235.0,271.0,285.0,323.0,,,False,,False
4923.718,HAM,44,15.0,76.259,21.878,24.358,30.023,1.0,SOFT,18.0,False,Ferrari,1,4.0,True,234.0,280.0,284.0,325.0,,,False,,False
4999.725,HAM,44,16.0,76.007,21.815,24.22,29.972,1.0,SOFT,19.0,False,Ferrari,1,4.0,True,235.0,282.0,285.0,323.0,,,False,,False
5075.793,HAM,44,17.0,76.068,21.867,24.223,29.978,1.0,SOFT,20.0,False,Ferrari,1,4.0,True,235.0,280.0,285.0,322.0,,,False,,False
5151.964,HAM,44,18.0,76.171,21.945,24.274,29.952,1.0,SOFT,21.0,False,Ferrari,1,4.0,True,233.0,280.0,285.0,320.0,,,False,,False
5228.028,HAM,44,19.0,76.064,21.899,24.269,29.896,1.0,SOFT,22.0,False,Ferrari,12,4.0,True,233.0,280.0,286.0,321.0,,,False,,False
5303.989,HAM,44,20.0,75.961,21.848,24.161,29.952,1.0,SOFT,23.0,False,Ferrari,1,4.0,True,235.0,282.0,301.0,322.0,,,False,,False
5380.842,HAM,44,21.0,76.853,22.132,24.4,30.321,1.0,SOFT,24.0,False,Ferrari,1,4.0,True,235.0,278.0,301.0,320.0,,,False,,False
5461.041,HAM,44,22.0,80.199,21.893,27.568,30.738,1.0,SOFT,25.0,False,Ferrari,1,4.0,True,235.0,255.0,281.0,311.0,,,True,TRACK LIMITS AT TURN 8 LAP 22 ,False
5537.525,HAM,44,23.0,76.484,21.798,24.307,30.379,1.0,SOFT,26.0,False,Ferrari,1,4.0,True,234.0,273.0,276.0,302.0,,,False,,False
5614.028,HAM,44,24.0,76.503,21.845,24.287,30.371,1.0,SOFT,27.0,False,Ferrari,1,4.0,True,234.0,273.0,276.0,305.0,,,False,,False
5690.432,HAM,44,25.0,76.404,21.737,24.326,30.341,1.0,SOFT,28.0,False,Ferrari,1,4.0,True,235.0,277.0,273.0,304.0,,,False,,False
5766.865,HAM,44,26.0,76.433,21.763,24.321,30.349,1.0,SOFT,29.0,False,Ferrari,1,4.0,True,234.0,276.0,274.0,301.0,,,False,,False
5843.28,HAM,44,27.0,76.415,21.788,24.36,30.267,1.0,SOFT,30.0,False,Ferrari,1,4.0,True,234.0,276.0,278.0,302.0,,,False,,False
5919.46,HAM,44,28.0,76.18,21.693,24.215,30.272,1.0,SOFT,31.0,False,Ferrari,1,4.0,True,235.0,276.0,274.0,302.0,,,False,,False
5995.834,HAM,44,29.0,76.374,21.75,24.272,30.352,1.0,SOFT,32.0,False,Ferrari,1,4.0,True,235.0,274.0,275.0,302.0,,,False,,False
6074.807,HAM,44,30.0,78.973,21.868,25.284,31.821,1.0,SOFT,33.0,False,Ferrari,126,3.0,False,235.0,262.0,110.0,304.0,,,False,,False
6197.761,HAM,44,31.0,122.954,31.103,37.431,54.42,1.0,SOFT,34.0,False,Ferrari,6,3.0,False,172.0,125.0,,245.0,,6173.424,False,,False
6294.172,HAM,44,32.0,96.411,29.796,33.799,32.816,2.0,MEDIUM,1.0,True,Ferrari,671,3.0,False,220.0,196.0,280.0,304.0,6199.361,,False,,False
6372.147,HAM,44,33.0,77.975,22.557,24.865,30.553,2.0,MEDIUM,2.0,True,Ferrari,1,3.0,True,231.0,276.0,282.0,305.0,,,False,,False
6448.645,HAM,44,34.0,76.498,21.834,24.42,30.244,2.0,MEDIUM,3.0,True,Ferrari,1,3.0,True,233.0,277.0,280.0,304.0,,,False,,False
6524.417,HAM,44,35.0,75.772,21.656,24.047,30.069,2.0,MEDIUM,4.0,True,Ferrari,1,3.0,True,236.0,277.0,280.0,304.0,,,False,,False
6600.067,HAM,44,36.0,75.65,21.589,23.879,30.182,2.0,MEDIUM,5.0,True,Ferrari,1,3.0,True,236.0,281.0,277.0,310.0,,,False,,False
6675.352,HAM,44,37.0,75.285,21.511,23.908,29.866,2.0,MEDIUM,6.0,True,Ferrari,1,3.0,True,238.0,282.0,284.0,311.0,,,False,,False
6750.905,HAM,44,38.0,75.553,21.713,23.928,29.912,2.0,MEDIUM,7.0,True,Ferrari,1,3.0,True,234.0,278.0,280.0,311.0,,,False,,False
6826.291,HAM,44,39.0,75.386,21.359,23.857,30.17,2.0,MEDIUM,8.0,True,Ferrari,1,3.0,True,237.0,279.0,278.0,304.0,,,False,,False
6901.43,HAM,44,40.0,75.139,21.416,23.868,29.855,2.0,MEDIUM,9.0,True,Ferrari,12,3.0,True,237.0,280.0,282.0,307.0,,,False,,False
6976.887,HAM,44,41.0,75.457,21.425,24.143,29.889,2.0,MEDIUM,10.0,True,Ferrari,1,3.0,True,238.0,279.0,280.0,303.0,,,False,,False
7052.13,HAM,44,42.0,75.243,21.311,23.842,30.09,2.0,MEDIUM,11.0,True,Ferrari,1,3.0,True,236.0,278.0,278.0,301.0,,,False,,False
7127.415,HAM,44,43.0,75.285,21.647,23.811,29.827,2.0,MEDIUM,12.0,True,Ferrari,1,3.0,True,236.0,279.0,278.0,305.0,,,False,,False
7202.623,HAM,44,44.0,75.208,21.362,23.795,30.051,2.0,MEDIUM,13.0,True,Ferrari,1,3.0,True,237.0,283.0,273.0,301.0,,,False,,False
7277.583,HAM,44,45.0,74.96,21.283,23.722,29.955,2.0,MEDIUM,14.0,True,Ferrari,1,3.0,True,237.0,277.0,277.0,301.0,,,False,,False
7369.751,HAM,44,46.0,92.168,25.939,30.828,35.401,2.0,MEDIUM,15.0,True,Ferrari,167,3.0,False,123.0,182.0,279.0,300.0,,,False,,False
7445.162,HAM,44,47.0,75.411,21.582,23.812,30.017,2.0,MEDIUM,16.0,True,Ferrari,1,3.0,True,239.0,280.0,280.0,301.0,,,False,,False
7520.076,HAM,44,48.0,74.914,21.364,23.654,29.896,2.0,MEDIUM,17.0,True,Ferrari,1,3.0,True,236.0,280.0,281.0,303.0,,,False,,False
7595.262,HAM,44,49.0,75.186,21.339,24.029,29.818,2.0,MEDIUM,18.0,True,Ferrari,1,3.0,True,237.0,281.0,285.0,311.0,,,False,,False
7670.643,HAM,44,50.0,75.381,21.51,23.9,29.971,2.0,MEDIUM,19.0,True,Ferrari,1,3.0,True,239.0,279.0,281.0,302.0,,,False,,False
7745.605,HAM,44,51.0,74.962,21.35,23.743,29.869,2.0,MEDIUM,20.0,True,Ferrari,1,3.0,True,235.0,280.0,282.0,303.0,,,False,,False
7825.174,HAM,44,52.0,79.569,21.226,23.797,34.546,2.0,MEDIUM,21.0,True,Ferrari,16,3.0,False,238.0,280.0,247.0,306.0,,,False,,False
7927.942,HAM,44,53.0,102.768,27.266,33.201,42.301,2.0,MEDIUM,22.0,True,Ferrari,6,3.0,False,217.0,187.0,184.0,244.0,,,False,,False
8008.987,HAM,44,54.0,81.045,26.814,24.241,29.99,2.0,MEDIUM,23.0,True,Ferrari,671,3.0,False,250.0,286.0,293.0,309.0,,,False,,False
8084.077,HAM,44,55.0,75.09,21.464,23.814,29.812,2.0,MEDIUM,24.0,True,Ferrari,1,3.0,True,238.0,285.0,283.0,316.0,,,False,,False
8159.249,HAM,44,56.0,75.172,21.549,23.774,29.849,2.0,MEDIUM,25.0,True,Ferrari,1,3.0,True,238.0,285.0,306.0,328.0,,,False,,False
8235.232,HAM,44,57.0,75.983,21.953,24.026,30.004,2.0,MEDIUM,26.0,True,Ferrari,1,3.0,True,238.0,282.0,299.0,320.0,,,False,,False
8310.691,HAM,44,58.0,75.459,21.829,23.92,29.71,2.0,MEDIUM,27.0,True,Ferrari,1,3.0,True,236.0,281.0,302.0,315.0,,,False,,False
8385.836,HAM,44,59.0,75.145,21.512,23.804,29.829,2.0,MEDIUM,28.0,True,Ferrari,1,3.0,True,237.0,284.0,268.0,327.0,,,False,,False
8460.587,HAM,44,60.0,74.751,21.485,23.742,29.524,2.0,MEDIUM,29.0,True,Ferrari,1,3.0,True,237.0,283.0,279.0,323.0,,,False,,False
8535.16,HAM,44,61.0,74.573,21.319,23.726,29.528,2.0,MEDIUM,30.0,True,Ferrari,12,3.0,True,238.0,286.0,311.0,328.0,,,False,,False
8610.276,HAM,44,62.0,75.116,21.339,23.879,29.898,2.0,MEDIUM,31.0,True,Ferrari,1,2.0,True,237.0,277.0,278.0,301.0,,,False,,False
8685.166,HAM,44,63.0,74.89,21.371,23.803,29.716,2.0,MEDIUM,32.0,True,Ferrari,1,2.0,True,237.0,277.0,276.0,308.0,,,False,,False
8760.235,HAM,44,64.0,75.069,21.476,23.708,29.885,2.0,MEDIUM,33.0,True,Ferrari,1,2.0,True,236.0,278.0,273.0,307.0,,,False,,False
8834.924,HAM,44,65.0,74.689,21.28,23.72,29.689,2.0,MEDIUM,34.0,True,Ferrari,1,2.0,True,237.0,279.0,277.0,309.0,,,False,,False
8909.725,HAM,44,66.0,74.801,21.296,23.69,29.815,2.0,MEDIUM,35.0,True,Ferrari,1,2.0,True,238.0,280.0,276.0,311.0,,,False,,False
8984.424,HAM,44,67.0,74.699,21.521,23.608,29.57,2.0,MEDIUM,36.0,True,Ferrari,1,2.0,True,238.0,281.0,286.0,313.0,,,False,,False
9059.07,HAM,44,68.0,74.646,21.302,23.721,29.623,2.0,MEDIUM,37.0,True,Ferrari,1,2.0,True,238.0,279.0,270.0,316.0,,,False,,False
3848.093,BOR,5,1.0,95.549,,28.391,33.851,1.0,INTERMEDIATE,1.0,True,Audi,1,13.0,False,202.0,271.0,265.0,321.0,,,False,,False
3955.447,BOR,5,2.0,107.354,25.844,27.267,54.243,1.0,INTERMEDIATE,2.0,True,Audi,1,20.0,False,227.0,273.0,,284.0,,3928.994,False,,False
4042.588,BOR,5,3.0,87.141,27.435,26.964,32.742,2.0,SOFT,1.0,True,Audi,1,19.0,False,231.0,272.0,262.0,303.0,3957.11,,False,,False
4123.807,BOR,5,4.0,81.219,23.661,25.742,31.816,2.0,SOFT,2.0,True,Audi,1,19.0,True,234.0,270.0,268.0,302.0,,,False,,False
4203.647,BOR,5,5.0,79.84,23.117,25.417,31.306,2.0,SOFT,3.0,True,Audi,1,19.0,True,233.0,270.0,271.0,301.0,,,False,,False
4282.955,BOR,5,6.0,79.308,22.668,25.265,31.375,2.0,SOFT,4.0,True,Audi,1,19.0,True,235.0,268.0,271.0,301.0,,,False,,False
4361.5,BOR,5,7.0,78.545,22.492,25.147,30.906,2.0,SOFT,5.0,True,Audi,1,19.0,True,235.0,270.0,272.0,301.0,,,True,TRACK LIMITS AT TURN 14 LAP 7 ,False
4440.016,BOR,5,8.0,78.516,22.571,25.079,30.866,2.0,SOFT,6.0,True,Audi,1,19.0,True,236.0,270.0,273.0,303.0,,,False,,False
4518.369,BOR,5,9.0,78.353,22.384,25.101,30.868,2.0,SOFT,7.0,True,Audi,1,19.0,True,235.0,271.0,273.0,303.0,,,False,,False
4596.3,BOR,5,10.0,77.931,22.329,24.944,30.658,2.0,SOFT,8.0,True,Audi,1,19.0,True,235.0,271.0,274.0,306.0,,,False,,False
4674.768,BOR,5,11.0,78.468,22.217,25.377,30.874,2.0,SOFT,9.0,True,Audi,1,18.0,True,239.0,278.0,270.0,317.0,,,False,,False
4753.213,BOR,5,12.0,78.445,22.298,24.827,31.32,2.0,SOFT,10.0,True,Audi,12,16.0,True,236.0,264.0,272.0,304.0,,,False,,False
4831.492,BOR,5,13.0,78.279,22.303,24.968,31.008,2.0,SOFT,11.0,True,Audi,21,16.0,True,236.0,271.0,271.0,302.0,,,False,,False
4909.19,BOR,5,14.0,77.698,22.184,24.84,30.674,2.0,SOFT,12.0,True,Audi,1,16.0,True,236.0,270.0,271.0,303.0,,,False,,False
4987.094,BOR,5,15.0,77.904,22.25,24.827,30.827,2.0,SOFT,13.0,True,Audi,1,16.0,True,236.0,270.0,271.0,301.0,,,False,,False
5064.846,BOR,5,16.0,77.752,22.218,24.826,30.708,2.0,SOFT,14.0,True,Audi,1,15.0,True,236.0,270.0,273.0,304.0,,,False,,False
5142.547,BOR,5,17.0,77.701,22.228,24.702,30.771,2.0,SOFT,15.0,True,Audi,1,15.0,True,236.0,272.0,273.0,303.0,,,False,,False
5236.961,BOR,5,18.0,94.414,22.148,24.775,47.491,2.0,SOFT,16.0,True,Audi,12,16.0,False,237.0,277.0,,317.0,,5214.006,False,,False
5322.069,BOR,5,19.0,85.108,26.942,26.595,31.571,3.0,MEDIUM,1.0,False,Audi,1,17.0,False,229.0,274.0,272.0,302.0,5238.599,,False,,False
5401.059,BOR,5,20.0,78.99,22.931,25.163,30.896,3.0,MEDIUM,2.0,False,Audi,1,17.0,True,235.0,272.0,273.0,304.0,,,False,,False
5481.039,BOR,5,21.0,79.98,22.981,25.837,31.162,3.0,MEDIUM,3.0,False,Audi,1,16.0,True,237.0,273.0,272.0,303.0,,,False,,False
5559.249,BOR,5,22.0,78.21,22.474,24.996,30.74,3.0,MEDIUM,4.0,False,Audi,1,16.0,True,237.0,271.0,275.0,302.0,,,False,,False
5636.96,BOR,5,23.0,77.711,22.246,24.783,30.682,3.0,MEDIUM,5.0,False,Audi,1,16.0,True,237.0,273.0,273.0,304.0,,,False,,False
5714.443,BOR,5,24.0,77.483,22.287,24.642,30.554,3.0,MEDIUM,6.0,False,Audi,1,16.0,True,236.0,275.0,272.0,305.0,,,False,,False
5792.126,BOR,5,25.0,77.683,22.512,24.764,30.407,3.0,MEDIUM,7.0,False,Audi,1,16.0,True,235.0,275.0,277.0,306.0,,,False,,False
5869.834,BOR,5,26.0,77.708,22.259,24.776,30.673,3.0,MEDIUM,8.0,False,Audi,1,16.0,True,238.0,277.0,279.0,316.0,,,False,,False
5947.805,BOR,5,27.0,77.971,22.371,25.181,30.419,3.0,MEDIUM,9.0,False,Audi,1,15.0,True,239.0,279.0,274.0,336.0,,,False,,False
6025.161,BOR,5,28.0,77.356,22.271,24.713,30.372,3.0,MEDIUM,10.0,False,Audi,1,15.0,True,232.0,270.0,270.0,314.0,,,False,,False
6115.485,BOR,5,29.0,90.324,22.18,25.35,42.794,3.0,MEDIUM,11.0,False,Audi,126,15.0,False,232.0,231.0,213.0,297.0,,,False,,False
6220.289,BOR,5,30.0,104.804,30.029,34.789,39.986,3.0,MEDIUM,12.0,False,Audi,6,14.0,False,194.0,190.0,229.0,212.0,,,True,TRACK LIMITS AT TURN 14 LAP 30 ,False
6312.915,BOR,5,31.0,92.626,29.301,31.547,31.778,3.0,MEDIUM,13.0,False,Audi,671,14.0,False,192.0,262.0,272.0,314.0,,,False,,False
6391.706,BOR,5,32.0,78.791,22.81,25.141,30.84,3.0,MEDIUM,14.0,False,Audi,1,14.0,True,237.0,272.0,273.0,302.0,,,False,,False
6469.521,BOR,5,33.0,77.815,22.366,24.808,30.641,3.0,MEDIUM,15.0,False,Audi,1,14.0,True,238.0,272.0,272.0,300.0,,,False,,False
6547.029,BOR,5,34.0,77.508,22.186,24.689,30.633,3.0,MEDIUM,16.0,False,Audi,1,14.0,True,237.0,272.0,275.0,298.0,,,False,,False
6624.138,BOR,5,35.0,77.109,22.033,24.475,30.601,3.0,MEDIUM,17.0,False,Audi,1,14.0,True,238.0,271.0,273.0,298.0,,,False,,False
6701.001,BOR,5,36.0,76.863,21.99,24.432,30.441,3.0,MEDIUM,18.0,False,Audi,1,14.0,True,238.0,272.0,272.0,300.0,,,False,,False
6777.685,BOR,5,37.0,76.684,21.874,24.386,30.424,3.0,MEDIUM,19.0,False,Audi,1,14.0,True,238.0,272.0,276.0,301.0,,,False,,False
6854.234,BOR,5,38.0,76.549,21.828,24.393,30.328,3.0,MEDIUM,20.0,False,Audi,1,14.0,True,239.0,273.0,274.0,299.0,,,False,,False
6930.652,BOR,5,39.0,76.418,21.758,24.327,30.333,3.0,MEDIUM,21.0,False,Audi,12,13.0,True,240.0,273.0,273.0,303.0,,,False,,False
7007.267,BOR,5,40.0,76.615,21.83,24.427,30.358,3.0,MEDIUM,22.0,False,Audi,1,13.0,True,240.0,273.0,273.0,301.0,,,False,,False
7083.894,BOR,5,41.0,76.627,21.824,24.506,30.297,3.0,MEDIUM,23.0,False,Audi,1,13.0,True,241.0,276.0,273.0,302.0,,,False,,False
7160.296,BOR,5,42.0,76.402,21.897,24.269,30.236,3.0,MEDIUM,24.0,False,Audi,1,13.0,True,240.0,275.0,274.0,305.0,,,False,,False
7238.44,BOR,5,43.0,78.144,22.522,25.073,30.549,3.0,MEDIUM,25.0,False,Audi,1,13.0,True,233.0,274.0,274.0,297.0,,,False,,False
7324.194,BOR,5,44.0,85.754,21.867,24.372,39.515,3.0,MEDIUM,26.0,False,Audi,16,13.0,False,239.0,271.0,247.0,173.0,,,False,,False
7408.451,BOR,5,45.0,84.257,28.572,25.179,30.506,3.0,MEDIUM,27.0,False,Audi,671,13.0,False,217.0,275.0,278.0,301.0,,,False,,False
7485.114,BOR,5,46.0,76.663,21.814,24.518,30.331,3.0,MEDIUM,28.0,False,Audi,1,13.0,True,241.0,273.0,272.0,299.0,,,False,,False
7561.771,BOR,5,47.0,76.657,21.839,24.332,30.486,3.0,MEDIUM,29.0,False,Audi,1,13.0,True,240.0,272.0,273.0,298.0,,,False,,False
7638.037,BOR,5,48.0,76.266,21.76,24.327,30.179,3.0,MEDIUM,30.0,False,Audi,1,13.0,True,240.0,272.0,274.0,299.0,,,False,,False
7714.799,BOR,5,49.0,76.762,21.853,24.446,30.463,3.0,MEDIUM,31.0,False,Audi,1,13.0,True,238.0,272.0,273.0,300.0,,,False,,False
7791.02,BOR,5,50.0,76.221,21.737,24.229,30.255,3.0,MEDIUM,32.0,False,Audi,1,13.0,True,241.0,273.0,275.0,300.0,,,False,,False
7887.991,BOR,5,51.0,96.971,21.735,32.799,42.437,3.0,MEDIUM,33.0,False,Audi,16,12.0,False,240.0,219.0,190.0,184.0,,,False,,False
7984.29,BOR,5,52.0,96.299,30.1,34.976,31.223,3.0,MEDIUM,34.0,False,Audi,671,12.0,False,149.0,272.0,276.0,298.0,,,False,,False
8061.959,BOR,5,53.0,77.669,22.303,24.708,30.658,3.0,MEDIUM,35.0,False,Audi,1,12.0,True,242.0,274.0,273.0,300.0,,,False,,False
8139.08,BOR,5,54.0,77.121,22.116,24.55,30.455,3.0,MEDIUM,36.0,False,Audi,1,12.0,True,239.0,273.0,272.0,299.0,,,False,,False
8216.031,BOR,5,55.0,76.951,21.97,24.691,30.29,3.0,MEDIUM,37.0,False,Audi,1,12.0,True,240.0,274.0,271.0,303.0,,,False,,False
8292.761,BOR,5,56.0,76.73,21.944,24.437,30.349,3.0,MEDIUM,38.0,False,Audi,1,12.0,True,240.0,274.0,274.0,296.0,,,False,,False
8369.56,BOR,5,57.0,76.799,21.949,24.313,30.537,3.0,MEDIUM,39.0,False,Audi,1,12.0,True,239.0,273.0,274.0,300.0,,,False,,False
8446.259,BOR,5,58.0,76.699,21.992,24.508,30.199,3.0,MEDIUM,40.0,False,Audi,1,12.0,True,240.0,274.0,274.0,300.0,,,False,,False
8522.63,BOR,5,59.0,76.371,21.795,24.296,30.28,3.0,MEDIUM,41.0,False,Audi,12,12.0,True,242.0,275.0,274.0,301.0,,,False,,False
8599.199,BOR,5,60.0,76.569,21.995,24.399,30.175,3.0,MEDIUM,42.0,False,Audi,21,12.0,True,242.0,276.0,276.0,307.0,,,False,,False
8676.524,BOR,5,61.0,77.325,21.91,25.327,30.088,3.0,MEDIUM,43.0,False,Audi,1,12.0,True,243.0,283.0,279.0,316.0,,,False,,False
8753.457,BOR,5,62.0,76.933,21.989,24.56,30.384,3.0,MEDIUM,44.0,False,Audi,1,12.0,True,242.0,281.0,279.0,311.0,,,False,,False
8830.896,BOR,5,63.0,77.439,22.012,24.707,30.72,3.0,MEDIUM,45.0,False,Audi,1,13.0,True,244.0,280.0,284.0,323.0,,,False,,False
8911.395,BOR,5,64.0,80.499,21.783,26.523,32.193,3.0,MEDIUM,46.0,False,Audi,1,13.0,True,243.0,255.0,283.0,326.0,,,True,TRACK LIMITS AT TURN 8 LAP 64 ,False
8987.882,BOR,5,65.0,76.487,22.028,24.374,30.085,3.0,MEDIUM,47.0,False,Audi,1,13.0,True,242.0,283.0,277.0,314.0,,,False,,False
9064.458,BOR,5,66.0,76.576,21.854,24.508,30.214,3.0,MEDIUM,48.0,False,Audi,1,13.0,True,242.0,280.0,298.0,315.0,,,False,,False
3850.658,SAI,55,1.0,98.114,,29.098,33.957,1.0,INTERMEDIATE,1.0,True,Williams,1,16.0,False,194.0,278.0,265.0,315.0,,,False,,False
3953.117,SAI,55,2.0,102.459,25.377,27.774,49.308,1.0,INTERMEDIATE,2.0,True,Williams,1,19.0,False,197.0,274.0,,312.0,,3930.088,False,,False
4039.503,SAI,55,3.0,86.386,26.944,26.758,32.684,2.0,MEDIUM,9.0,False,Williams,1,18.0,False,223.0,267.0,266.0,298.0,3954.704,,False,,False
4119.324,SAI,55,4.0,79.821,23.11,25.348,31.363,2.0,MEDIUM,10.0,False,Williams,1,18.0,True,232.0,276.0,277.0,303.0,,,False,,False
4197.929,SAI,55,5.0,78.605,22.548,24.99,31.067,2.0,MEDIUM,11.0,False,Williams,1,18.0,True,235.0,278.0,279.0,306.0,,,False,,False
4276.113,SAI,55,6.0,78.184,22.27,24.749,31.165,2.0,MEDIUM,12.0,False,Williams,1,17.0,True,237.0,279.0,266.0,301.0,,,False,,False
4354.249,SAI,55,7.0,78.136,22.294,24.818,31.024,2.0,MEDIUM,13.0,False,Williams,1,17.0,True,236.0,276.0,267.0,305.0,,,False,,False
4432.222,SAI,55,8.0,77.973,22.151,24.796,31.026,2.0,MEDIUM,14.0,False,Williams,1,16.0,True,237.0,276.0,274.0,302.0,,,False,,False
4509.818,SAI,55,9.0,77.596,22.074,24.716,30.806,2.0,MEDIUM,15.0,False,Williams,1,16.0,True,235.0,276.0,278.0,300.0,,,False,,False
4587.186,SAI,55,10.0,77.368,22.007,24.522,30.839,2.0,MEDIUM,16.0,False,Williams,1,16.0,True,236.0,278.0,276.0,302.0,,,False,,False
4664.64,SAI,55,11.0,77.454,21.92,24.628,30.906,2.0,MEDIUM,17.0,False,Williams,1,16.0,True,236.0,277.0,258.0,303.0,,,True,TRACK LIMITS AT TURN 14 LAP 11 ,False
4743.034,SAI,55,12.0,78.394,22.172,24.657,31.565,2.0,MEDIUM,18.0,False,Williams,12,14.0,True,235.0,275.0,277.0,304.0,,,False,,False
4820.652,SAI,55,13.0,77.618,21.946,24.545,31.127,2.0,MEDIUM,19.0,False,Williams,2,14.0,True,236.0,277.0,283.0,307.0,,,False,,False
4897.698,SAI,55,14.0,77.046,21.951,24.521,30.574,2.0,MEDIUM,20.0,False,Williams,21,13.0,True,238.0,284.0,296.0,320.0,,,False,,False
4976.659,SAI,55,15.0,78.961,22.5,25.024,31.437,2.0,MEDIUM,21.0,False,Williams,1,11.0,True,237.0,267.0,260.0,294.0,,,False,,False
5054.203,SAI,55,16.0,77.544,22.077,24.546,30.921,2.0,MEDIUM,22.0,False,Williams,1,11.0,True,237.0,276.0,265.0,301.0,,,False,,False
5131.424,SAI,55,17.0,77.221,21.95,24.543,30.728,2.0,MEDIUM,23.0,False,Williams,1,11.0,True,237.0,277.0,273.0,302.0,,,False,,False
5208.593,SAI,55,18.0,77.169,21.98,24.443,30.746,2.0,MEDIUM,24.0,False,Williams,12,11.0,True,236.0,277.0,277.0,306.0,,,False,,False
5286.072,SAI,55,19.0,77.479,22.103,24.559,30.817,2.0,MEDIUM,25.0,False,Williams,1,11.0,True,236.0,275.0,274.0,297.0,,,False,,False
5363.204,SAI,55,20.0,77.132,21.911,24.4,30.821,2.0,MEDIUM,26.0,False,Williams,1,11.0,True,236.0,277.0,277.0,299.0,,,False,,False
5440.428,SAI,55,21.0,77.224,21.827,24.495,30.902,2.0,MEDIUM,27.0,False,Williams,1,11.0,True,238.0,277.0,279.0,300.0,,,False,,False
5517.643,SAI,55,22.0,77.215,21.843,24.424,30.948,2.0,MEDIUM,28.0,False,Williams,1,11.0,True,238.0,278.0,277.0,298.0,,,False,,False
5594.641,SAI,55,23.0,76.998,21.949,24.483,30.566,2.0,MEDIUM,29.0,False,Williams,1,11.0,True,237.0,278.0,278.0,302.0,,,False,,False
5671.781,SAI,55,24.0,77.14,21.815,24.75,30.575,2.0,MEDIUM,30.0,False,Williams,1,11.0,True,238.0,278.0,276.0,302.0,,,False,,False
5748.618,SAI,55,25.0,76.837,21.854,24.382,30.601,2.0,MEDIUM,31.0,False,Williams,1,11.0,True,238.0,279.0,274.0,301.0,,,False,,False
5825.273,SAI,55,26.0,76.655,21.817,24.328,30.51,2.0,MEDIUM,32.0,False,Williams,1,11.0,True,237.0,279.0,278.0,303.0,,,False,,False
5902.262,SAI,55,27.0,76.989,21.912,24.496,30.581,2.0,MEDIUM,33.0,False,Williams,1,11.0,True,239.0,282.0,273.0,311.0,,,False,,False
5979.321,SAI,55,28.0,77.059,21.793,24.394,30.872,2.0,MEDIUM,34.0,False,Williams,1,11.0,True,238.0,278.0,274.0,299.0,,,False,,False
6056.057,SAI,55,29.0,76.736,21.877,24.349,30.51,2.0,MEDIUM,35.0,False,Williams,12,11.0,True,238.0,278.0,270.0,302.0,,,False,,False
6172.34,SAI,55,30.0,116.283,26.995,35.29,53.998,2.0,MEDIUM,36.0,False,Williams,26,10.0,False,155.0,188.0,,269.0,,6148.362,False,,False
6276.923,SAI,55,31.0,104.583,30.612,36.432,37.539,3.0,MEDIUM,1.0,True,Williams,671,10.0,False,215.0,210.0,263.0,258.0,6173.97,,False,,False
6356.715,SAI,55,32.0,79.792,23.209,25.552,31.031,3.0,MEDIUM,2.0,True,Williams,1,10.0,True,238.0,278.0,279.0,302.0,,,False,,False
6435.315,SAI,55,33.0,78.6,22.386,25.105,31.109,3.0,MEDIUM,3.0,True,Williams,1,10.0,True,240.0,279.0,276.0,301.0,,,False,,False
6514.057,SAI,55,34.0,78.742,22.284,25.842,30.616,3.0,MEDIUM,4.0,True,Williams,1,10.0,True,203.0,280.0,277.0,310.0,,,False,,False
6591.225,SAI,55,35.0,77.168,21.951,24.493,30.724,3.0,MEDIUM,5.0,True,Williams,1,10.0,True,238.0,279.0,272.0,303.0,,,False,,False
6667.824,SAI,55,36.0,76.599,21.778,24.305,30.516,3.0,MEDIUM,6.0,True,Williams,1,10.0,True,240.0,280.0,276.0,303.0,,,False,,False
6746.785,SAI,55,37.0,78.961,22.23,24.504,32.227,3.0,MEDIUM,7.0,True,Williams,1,10.0,True,239.0,279.0,271.0,264.0,,,False,,False
6823.302,SAI,55,38.0,76.517,21.921,24.239,30.357,3.0,MEDIUM,8.0,True,Williams,1,10.0,True,241.0,283.0,274.0,311.0,,,False,,False
6900.066,SAI,55,39.0,76.764,21.746,24.362,30.656,3.0,MEDIUM,9.0,True,Williams,12,9.0,True,240.0,280.0,269.0,304.0,,,True,TRACK LIMITS AT TURN 14 LAP 54 ,False
6978.488,SAI,55,40.0,78.422,22.271,25.771,30.38,3.0,MEDIUM,10.0,True,Williams,1,9.0,True,207.0,283.0,279.0,309.0,,,False,,False
7055.14,SAI,55,41.0,76.652,21.674,24.138,30.84,3.0,MEDIUM,11.0,True,Williams,1,9.0,True,241.0,281.0,278.0,302.0,,,False,,False
7131.972,SAI,55,42.0,76.832,21.698,24.703,30.431,3.0,MEDIUM,12.0,True,Williams,1,9.0,True,241.0,280.0,278.0,301.0,,,False,,False
7208.375,SAI,55,43.0,76.403,21.632,24.217,30.554,3.0,MEDIUM,13.0,True,Williams,1,9.0,True,241.0,280.0,281.0,299.0,,,False,,False
7286.876,SAI,55,44.0,78.501,21.541,24.318,32.642,3.0,MEDIUM,14.0,True,Williams,1,9.0,True,241.0,281.0,271.0,237.0,,,False,,False
7381.777,SAI,55,45.0,94.901,32.618,28.986,33.297,3.0,MEDIUM,15.0,True,Williams,167,9.0,False,201.0,243.0,304.0,270.0,,,False,,False
7458.244,SAI,55,46.0,76.467,21.528,24.304,30.635,3.0,MEDIUM,16.0,True,Williams,1,9.0,True,245.0,284.0,267.0,306.0,,,False,,False
7535.228,SAI,55,47.0,76.984,21.835,24.402,30.747,3.0,MEDIUM,17.0,True,Williams,1,9.0,True,240.0,281.0,262.0,305.0,,,False,,False
7611.542,SAI,55,48.0,76.314,21.768,24.291,30.255,3.0,MEDIUM,18.0,True,Williams,1,9.0,True,241.0,287.0,281.0,311.0,,,False,,False
7688.051,SAI,55,49.0,76.509,21.714,24.203,30.592,3.0,MEDIUM,19.0,True,Williams,1,9.0,True,240.0,285.0,276.0,298.0,,,False,,False
7764.364,SAI,55,50.0,76.313,21.66,24.206,30.447,3.0,MEDIUM,20.0,True,Williams,1,9.0,True,241.0,281.0,277.0,302.0,,,False,,False
7857.021,SAI,55,51.0,92.657,22.478,24.41,45.769,3.0,MEDIUM,21.0,True,Williams,16,9.0,False,233.0,282.0,237.0,254.0,,,False,,False
7954.997,SAI,55,52.0,97.976,25.324,33.675,38.977,3.0,MEDIUM,22.0,True,Williams,671,9.0,False,218.0,224.0,260.0,221.0,,,False,,False
8032.759,SAI,55,53.0,77.762,22.637,24.581,30.544,3.0,MEDIUM,23.0,True,Williams,1,9.0,True,237.0,281.0,279.0,300.0,,,False,,False
8109.523,SAI,55,54.0,76.764,21.734,24.315,30.715,3.0,MEDIUM,24.0,True,Williams,1,9.0,True,240.0,282.0,270.0,302.0,,,True,TRACK LIMITS AT TURN 14 LAP 54 ,False
8186.377,SAI,55,55.0,76.854,22.162,24.297,30.395,3.0,MEDIUM,25.0,True,Williams,1,9.0,True,239.0,282.0,284.0,305.0,,,False,,False
8262.468,SAI,55,56.0,76.091,21.648,24.137,30.306,3.0,MEDIUM,26.0,True,Williams,1,9.0,True,241.0,283.0,287.0,307.0,,,False,,False
8338.787,SAI,55,57.0,76.319,21.726,24.247,30.346,3.0,MEDIUM,27.0,True,Williams,1,9.0,True,241.0,280.0,278.0,299.0,,,False,,False
8416.031,SAI,55,58.0,77.244,21.608,25.202,30.434,3.0,MEDIUM,28.0,True,Williams,1,9.0,True,241.0,282.0,277.0,301.0,,,False,,False
8492.362,SAI,55,59.0,76.331,21.754,24.191,30.386,3.0,MEDIUM,29.0,True,Williams,1,9.0,True,242.0,281.0,277.0,299.0,,,False,,False
8568.396,SAI,55,60.0,76.034,21.573,24.279,30.182,3.0,MEDIUM,30.0,True,Williams,12,9.0,True,241.0,282.0,280.0,303.0,,,False,,False
8645.836,SAI,55,61.0,77.44,21.602,25.692,30.146,3.0,MEDIUM,31.0,True,Williams,1,9.0,True,214.0,287.0,279.0,311.0,,,False,,False
8722.333,SAI,55,62.0,76.497,21.681,24.253,30.563,3.0,MEDIUM,32.0,True,Williams,1,9.0,True,243.0,280.0,272.0,298.0,,,False,,False
8798.706,SAI,55,63.0,76.373,21.691,24.14,30.542,3.0,MEDIUM,33.0,True,Williams,1,9.0,True,243.0,281.0,275.0,296.0,,,False,,False
8874.594,SAI,55,64.0,75.888,21.51,24.092,30.286,3.0,MEDIUM,34.0,True,Williams,1,9.0,True,241.0,281.0,280.0,300.0,,,False,,False
8950.446,SAI,55,65.0,75.852,21.595,24.082,30.175,3.0,MEDIUM,35.0,True,Williams,1,9.0,True,241.0,282.0,280.0,301.0,,,False,,False
9029.856,SAI,55,66.0,79.41,21.594,27.03,30.786,3.0,MEDIUM,36.0,True,Williams,1,9.0,True,241.0,270.0,280.0,300.0,,,True,TRACK LIMITS AT TURN 8 LAP 66 ,False
9106.316,SAI,55,67.0,76.46,21.798,24.246,30.416,3.0,MEDIUM,37.0,True,Williams,1,9.0,True,241.0,282.0,286.0,313.0,,,False,,False
3844.101,HAD,6,1.0,91.557,,27.319,32.188,1.0,SOFT,5.0,False,Red Bull Racing,1,7.0,False,226.0,281.0,281.0,318.0,,,False,,False
3924.777,HAD,6,2.0,80.676,23.667,25.815,31.194,1.0,SOFT,6.0,False,Red Bull Racing,1,6.0,True,237.0,280.0,282.0,316.0,,,False,,False
4004.058,HAD,6,3.0,79.281,22.96,25.381,30.94,1.0,SOFT,7.0,False,Red Bull Racing,1,6.0,True,237.0,279.0,284.0,315.0,,,False,,False
4083.018,HAD,6,4.0,78.96,22.529,25.291,31.14,1.0,SOFT,8.0,False,Red Bull Racing,1,6.0,True,239.0,278.0,286.0,315.0,,,True,TRACK LIMITS AT TURN 14 LAP 4 ,False
4160.931,HAD,6,5.0,77.913,22.373,24.933,30.607,1.0,SOFT,9.0,False,Red Bull Racing,1,6.0,True,241.0,279.0,286.0,314.0,,,False,,False
4238.769,HAD,6,6.0,77.838,22.021,24.849,30.968,1.0,SOFT,10.0,False,Red Bull Racing,1,6.0,True,239.0,277.0,283.0,310.0,,,False,,False
4315.933,HAD,6,7.0,77.164,21.867,24.642,30.655,1.0,SOFT,11.0,False,Red Bull Racing,1,6.0,True,241.0,278.0,286.0,310.0,,,False,,False
4392.815,HAD,6,8.0,76.882,21.828,24.586,30.468,1.0,SOFT,12.0,False,Red Bull Racing,1,6.0,True,240.0,279.0,282.0,311.0,,,False,,False
4469.713,HAD,6,9.0,76.898,21.747,24.765,30.386,1.0,SOFT,13.0,False,Red Bull Racing,1,6.0,True,240.0,276.0,284.0,311.0,,,False,,False
4546.075,HAD,6,10.0,76.362,21.626,24.545,30.191,1.0,SOFT,14.0,False,Red Bull Racing,1,6.0,True,241.0,277.0,283.0,311.0,,,False,,False
4622.297,HAD,6,11.0,76.222,21.608,24.413,30.201,1.0,SOFT,15.0,False,Red Bull Racing,1,6.0,True,239.0,277.0,284.0,311.0,,,False,,False
4698.959,HAD,6,12.0,76.662,21.784,24.402,30.476,1.0,SOFT,16.0,False,Red Bull Racing,1,6.0,True,239.0,278.0,284.0,309.0,,,False,,False
4776.019,HAD,6,13.0,77.06,21.7,24.614,30.746,1.0,SOFT,17.0,False,Red Bull Racing,12,6.0,True,241.0,277.0,283.0,309.0,,,False,,False
4853.485,HAD,6,14.0,77.466,21.744,24.576,31.146,1.0,SOFT,18.0,False,Red Bull Racing,21,6.0,True,241.0,267.0,286.0,321.0,,,False,,False
4930.326,HAD,6,15.0,76.841,21.983,24.605,30.253,1.0,SOFT,19.0,False,Red Bull Racing,1,6.0,True,242.0,281.0,287.0,321.0,,,False,,False
5006.863,HAD,6,16.0,76.537,21.843,24.494,30.2,1.0,SOFT,20.0,False,Red Bull Racing,1,6.0,True,242.0,283.0,289.0,320.0,,,False,,False
5083.362,HAD,6,17.0,76.499,21.823,24.473,30.203,1.0,SOFT,21.0,False,Red Bull Racing,1,6.0,True,243.0,284.0,289.0,324.0,,,False,,False
5160.094,HAD,6,18.0,76.732,21.915,24.338,30.479,1.0,SOFT,22.0,False,Red Bull Racing,1,6.0,True,242.0,284.0,288.0,322.0,,,False,,False
5236.569,HAD,6,19.0,76.475,21.83,24.441,30.204,1.0,SOFT,23.0,False,Red Bull Racing,12,6.0,True,244.0,282.0,285.0,321.0,,,False,,False
5313.084,HAD,6,20.0,76.515,21.722,24.358,30.435,1.0,SOFT,24.0,False,Red Bull Racing,1,6.0,True,243.0,283.0,292.0,320.0,,,False,,False
5389.366,HAD,6,21.0,76.282,21.626,24.383,30.273,1.0,SOFT,25.0,False,Red Bull Racing,1,6.0,True,243.0,279.0,284.0,316.0,,,False,,False
5465.688,HAD,6,22.0,76.322,21.724,24.423,30.175,1.0,SOFT,26.0,False,Red Bull Racing,1,6.0,True,243.0,280.0,288.0,317.0,,,False,,False
5541.864,HAD,6,23.0,76.176,21.649,24.333,30.194,1.0,SOFT,27.0,False,Red Bull Racing,1,6.0,True,241.0,281.0,286.0,316.0,,,False,,False
5618.291,HAD,6,24.0,76.427,21.752,24.42,30.255,1.0,SOFT,28.0,False,Red Bull Racing,1,6.0,True,241.0,280.0,284.0,317.0,,,False,,False
5694.851,HAD,6,25.0,76.56,21.718,24.365,30.477,1.0,SOFT,29.0,False,Red Bull Racing,1,6.0,True,240.0,280.0,282.0,313.0,,,False,,False
5771.004,HAD,6,26.0,76.153,21.734,24.377,30.042,1.0,SOFT,30.0,False,Red Bull Racing,1,6.0,True,242.0,283.0,285.0,312.0,,,False,,False
5847.322,HAD,6,27.0,76.318,21.62,24.454,30.244,1.0,SOFT,31.0,False,Red Bull Racing,1,6.0,True,241.0,281.0,283.0,311.0,,,False,,False
5923.951,HAD,6,28.0,76.629,21.742,24.504,30.383,1.0,SOFT,32.0,False,Red Bull Racing,1,6.0,True,240.0,278.0,283.0,306.0,,,False,,False
6001.044,HAD,6,29.0,77.093,22.013,24.628,30.452,1.0,SOFT,33.0,False,Red Bull Racing,1,6.0,True,239.0,279.0,281.0,305.0,,,False,,False
6083.362,HAD,6,30.0,82.318,21.816,24.449,36.053,1.0,SOFT,34.0,False,Red Bull Racing,126,5.0,False,240.0,277.0,189.0,310.0,,,False,,False
6200.88,HAD,6,31.0,117.518,26.876,35.326,55.316,1.0,SOFT,35.0,False,Red Bull Racing,6,4.0,False,197.0,200.0,,191.0,,6177.689,False,,False
6297.262,HAD,6,32.0,96.382,31.26,32.702,32.42,2.0,MEDIUM,1.0,True,Red Bull Racing,671,4.0,False,212.0,234.0,279.0,323.0,6202.424,,False,,False
6375.956,HAD,6,33.0,78.694,22.687,25.151,30.856,2.0,MEDIUM,2.0,True,Red Bull Racing,1,4.0,True,238.0,280.0,283.0,308.0,,,False,,False
6453.306,HAD,6,34.0,77.35,21.957,24.673,30.72,2.0,MEDIUM,3.0,True,Red Bull Racing,1,4.0,True,241.0,277.0,285.0,305.0,,,False,,False
6529.788,HAD,6,35.0,76.482,21.716,24.316,30.45,2.0,MEDIUM,4.0,True,Red Bull Racing,1,4.0,True,240.0,281.0,279.0,301.0,,,False,,False
6605.814,HAD,6,36.0,76.026,21.763,24.131,30.132,2.0,MEDIUM,5.0,True,Red Bull Racing,1,4.0,True,242.0,278.0,285.0,305.0,,,False,,False
6681.273,HAD,6,37.0,75.459,21.544,24.174,29.741,2.0,MEDIUM,6.0,True,Red Bull Racing,1,4.0,True,240.0,283.0,289.0,316.0,,,False,,False
6756.685,HAD,6,38.0,75.412,21.441,23.94,30.031,2.0,MEDIUM,7.0,True,Red Bull Racing,1,4.0,True,243.0,281.0,278.0,310.0,,,False,,False
6833.197,HAD,6,39.0,76.512,21.74,24.178,30.594,2.0,MEDIUM,8.0,True,Red Bull Racing,1,5.0,True,242.0,276.0,292.0,308.0,,,False,,False
6909.445,HAD,6,40.0,76.248,21.83,24.236,30.182,2.0,MEDIUM,9.0,True,Red Bull Racing,12,5.0,True,245.0,283.0,291.0,319.0,,,False,,False
6985.06,HAD,6,41.0,75.615,21.585,24.138,29.892,2.0,MEDIUM,10.0,True,Red Bull Racing,1,5.0,True,243.0,283.0,285.0,315.0,,,False,,False
7060.841,HAD,6,42.0,75.781,21.787,24.213,29.781,2.0,MEDIUM,11.0,True,Red Bull Racing,1,5.0,True,244.0,283.0,287.0,312.0,,,False,,False
7136.304,HAD,6,43.0,75.463,21.556,23.98,29.927,2.0,MEDIUM,12.0,True,Red Bull Racing,1,5.0,True,243.0,281.0,285.0,314.0,,,False,,False
7212.053,HAD,6,44.0,75.749,21.544,24.143,30.062,2.0,MEDIUM,13.0,True,Red Bull Racing,1,5.0,True,243.0,281.0,286.0,311.0,,,False,,False
7287.414,HAD,6,45.0,75.361,21.388,24.007,29.966,2.0,MEDIUM,14.0,True,Red Bull Racing,1,5.0,True,243.0,283.0,294.0,310.0,,,False,,False
7378.514,HAD,6,46.0,91.1,30.424,29.529,31.147,2.0,MEDIUM,15.0,True,Red Bull Racing,167,5.0,False,199.0,234.0,292.0,326.0,,,False,,False
7455.402,HAD,6,47.0,76.888,21.605,25.005,30.278,2.0,MEDIUM,16.0,True,Red Bull Racing,1,5.0,True,243.0,279.0,282.0,303.0,,,False,,False
7530.977,HAD,6,48.0,75.575,21.604,24.178,29.793,2.0,MEDIUM,17.0,True,Red Bull Racing,1,5.0,True,242.0,280.0,287.0,314.0,,,False,,False
7606.65,HAD,6,49.0,75.673,21.5,24.035,30.138,2.0,MEDIUM,18.0,True,Red Bull Racing,1,5.0,True,244.0,279.0,285.0,305.0,,,False,,False
7682.216,HAD,6,50.0,75.566,21.596,24.05,29.92,2.0,MEDIUM,19.0,True,Red Bull Racing,1,5.0,True,242.0,280.0,283.0,306.0,,,False,,False
7757.727,HAD,6,51.0,75.511,21.42,24.166,29.925,2.0,MEDIUM,20.0,True,Red Bull Racing,1,5.0,True,244.0,282.0,288.0,313.0,,,False,,False
7868.036,HAD,6,52.0,110.309,21.445,23.974,64.89,2.0,MEDIUM,21.0,True,Red Bull Racing,16,5.0,False,246.0,286.0,,233.0,,7834.905,False,,False
7965.717,HAD,6,53.0,97.681,28.819,33.114,35.748,3.0,SOFT,5.0,False,Red Bull Racing,671,5.0,False,207.0,226.0,299.0,284.0,7869.61,,False,,False
8043.341,HAD,6,54.0,77.624,22.422,24.742,30.46,3.0,SOFT,6.0,False,Red Bull Racing,1,5.0,True,242.0,282.0,284.0,308.0,,,False,,False
8119.336,HAD,6,55.0,75.995,21.816,24.285,29.894,3.0,SOFT,7.0,False,Red Bull Racing,1,5.0,True,242.0,282.0,287.0,310.0,,,False,,False
8194.499,HAD,6,56.0,75.163,21.414,24.022,29.727,3.0,SOFT,8.0,False,Red Bull Racing,1,5.0,True,244.0,282.0,289.0,315.0,,,False,,False
8269.509,HAD,6,57.0,75.01,21.392,24.015,29.603,3.0,SOFT,9.0,False,Red Bull Racing,1,5.0,True,245.0,280.0,282.0,310.0,,,False,,False
8344.267,HAD,6,58.0,74.758,21.275,23.858,29.625,3.0,SOFT,10.0,False,Red Bull Racing,1,5.0,True,244.0,284.0,290.0,312.0,,,False,,False
8419.522,HAD,6,59.0,75.255,21.291,24.077,29.887,3.0,SOFT,11.0,False,Red Bull Racing,1,5.0,True,245.0,283.0,285.0,304.0,,,False,,False
8494.53,HAD,6,60.0,75.008,21.25,23.867,29.891,3.0,SOFT,12.0,False,Red Bull Racing,1,5.0,True,245.0,282.0,284.0,309.0,,,False,,False
8569.579,HAD,6,61.0,75.049,21.33,24.069,29.65,3.0,SOFT,13.0,False,Red Bull Racing,12,5.0,True,243.0,282.0,284.0,314.0,,,False,,False
8672.575,HAD,6,62.0,102.996,21.276,24.117,57.603,3.0,SOFT,14.0,False,Red Bull Racing,1,5.0,False,245.0,278.0,,300.0,,8639.361,False,,False
8752.118,HAD,6,63.0,79.543,24.872,24.676,29.995,4.0,SOFT,15.0,False,Red Bull Racing,1,5.0,False,245.0,286.0,285.0,326.0,8674.208,,False,,False
8827.517,HAD,6,64.0,75.399,21.476,23.993,29.93,4.0,SOFT,16.0,False,Red Bull Racing,1,5.0,True,246.0,284.0,287.0,311.0,,,False,,False
8902.527,HAD,6,65.0,75.01,21.381,23.928,29.701,4.0,SOFT,17.0,False,Red Bull Racing,1,5.0,True,244.0,283.0,287.0,310.0,,,False,,False
8978.757,HAD,6,66.0,76.23,21.347,24.446,30.437,4.0,SOFT,18.0,False,Red Bull Racing,1,5.0,True,245.0,280.0,286.0,305.0,,,False,,False
9053.335,HAD,6,67.0,74.578,21.18,23.82,29.578,4.0,SOFT,19.0,False,Red Bull Racing,1,5.0,True,244.0,281.0,284.0,311.0,,,False,,False
3840.509,RUS,63,1.0,87.965,,26.419,31.635,1.0,SOFT,4.0,False,Mercedes,1,3.0,False,234.0,285.0,283.0,315.0,,,False,,False
3921.434,RUS,63,2.0,80.925,23.553,25.496,31.876,1.0,SOFT,5.0,False,Mercedes,1,2.0,True,239.0,286.0,289.0,318.0,,,False,,False
4000.854,RUS,63,3.0,79.42,23.408,25.005,31.007,1.0,SOFT,6.0,False,Mercedes,1,2.0,True,232.0,278.0,283.0,313.0,,,False,,False
4078.799,RUS,63,4.0,77.945,22.525,24.756,30.664,1.0,SOFT,7.0,False,Mercedes,1,2.0,True,235.0,282.0,276.0,315.0,,,False,,False
4155.833,RUS,63,5.0,77.034,22.186,24.48,30.368,1.0,SOFT,8.0,False,Mercedes,1,2.0,True,238.0,282.0,280.0,319.0,,,False,,False
4232.198,RUS,63,6.0,76.365,22.024,24.19,30.151,1.0,SOFT,9.0,False,Mercedes,1,1.0,True,238.0,285.0,285.0,333.0,,,False,,False
4308.782,RUS,63,7.0,76.584,21.738,24.313,30.533,1.0,SOFT,10.0,False,Mercedes,1,1.0,True,236.0,274.0,271.0,308.0,,,False,,False
4384.887,RUS,63,8.0,76.105,21.85,24.177,30.078,1.0,SOFT,11.0,False,Mercedes,1,1.0,True,236.0,275.0,271.0,309.0,,,False,,False
4460.683,RUS,63,9.0,75.796,21.751,24.142,29.903,1.0,SOFT,12.0,False,Mercedes,1,1.0,True,236.0,276.0,273.0,312.0,,,False,,False
4536.461,RUS,63,10.0,75.778,21.668,24.109,30.001,1.0,SOFT,13.0,False,Mercedes,1,1.0,True,237.0,279.0,271.0,309.0,,,False,,False
4612.033,RUS,63,11.0,75.572,21.485,24.034,30.053,1.0,SOFT,14.0,False,Mercedes,1,1.0,True,238.0,275.0,271.0,308.0,,,False,,False
4688.837,RUS,63,12.0,76.804,21.483,23.953,31.368,1.0,SOFT,15.0,False,Mercedes,1,1.0,True,238.0,275.0,275.0,316.0,,,True,TRACK LIMITS AT TURN 10 LAP 12 ,False
4766.178,RUS,63,13.0,77.341,22.74,24.186,30.415,1.0,SOFT,16.0,False,Mercedes,12,1.0,True,234.0,277.0,274.0,310.0,,,False,,False
4842.37,RUS,63,14.0,76.192,21.668,24.059,30.465,1.0,SOFT,17.0,False,Mercedes,21,1.0,True,238.0,278.0,272.0,316.0,,,False,,False
4918.161,RUS,63,15.0,75.791,21.56,24.016,30.215,1.0,SOFT,18.0,False,Mercedes,1,1.0,True,238.0,280.0,284.0,308.0,,,False,,False
4993.638,RUS,63,16.0,75.477,21.517,24.073,29.887,1.0,SOFT,19.0,False,Mercedes,1,1.0,True,238.0,279.0,276.0,316.0,,,False,,False
5070.183,RUS,63,17.0,76.545,21.635,24.186,30.724,1.0,SOFT,20.0,False,Mercedes,1,1.0,True,237.0,278.0,272.0,313.0,,,False,,False
5145.918,RUS,63,18.0,75.735,21.648,24.069,30.018,1.0,SOFT,21.0,False,Mercedes,1,1.0,True,237.0,277.0,275.0,314.0,,,False,,False
5221.494,RUS,63,19.0,75.576,21.608,24.092,29.876,1.0,SOFT,22.0,False,Mercedes,12,1.0,True,238.0,281.0,275.0,320.0,,,False,,False
5297.032,RUS,63,20.0,75.538,21.611,24.033,29.894,1.0,SOFT,23.0,False,Mercedes,1,1.0,True,238.0,278.0,277.0,315.0,,,False,,False
5372.791,RUS,63,21.0,75.759,21.545,23.998,30.216,1.0,SOFT,24.0,False,Mercedes,1,1.0,True,237.0,280.0,276.0,316.0,,,False,,False
5449.448,RUS,63,22.0,76.657,21.784,24.096,30.777,1.0,SOFT,25.0,False,Mercedes,1,2.0,True,238.0,282.0,282.0,312.0,,,False,,False
5525.325,RUS,63,23.0,75.877,22.019,24.131,29.727,1.0,SOFT,26.0,False,Mercedes,1,2.0,True,237.0,283.0,279.0,335.0,,,False,,False
5602.153,RUS,63,24.0,76.828,21.603,24.084,31.141,1.0,SOFT,27.0,False,Mercedes,1,2.0,True,238.0,282.0,276.0,318.0,,,True,TRACK LIMITS AT TURN 14 LAP 24 ,False
5679.191,RUS,63,25.0,77.038,22.08,24.356,30.602,1.0,SOFT,28.0,False,Mercedes,1,1.0,True,237.0,278.0,274.0,324.0,,,False,,False
5755.512,RUS,63,26.0,76.321,21.786,24.397,30.138,1.0,SOFT,29.0,False,Mercedes,1,1.0,True,236.0,276.0,271.0,310.0,,,False,,False
5831.785,RUS,63,27.0,76.273,21.774,24.276,30.223,1.0,SOFT,30.0,False,Mercedes,1,1.0,True,237.0,278.0,273.0,311.0,,,False,,False
5908.057,RUS,63,28.0,76.272,21.916,24.208,30.148,1.0,SOFT,31.0,False,Mercedes,1,1.0,True,238.0,279.0,270.0,311.0,,,False,,False
5983.598,RUS,63,29.0,75.541,21.577,24.039,29.925,1.0,SOFT,32.0,False,Mercedes,1,1.0,True,238.0,281.0,279.0,316.0,,,False,,False
6133.598,RUS,63,30.0,,,,,1.0,SOFT,33.0,False,Mercedes,126,,False,,,,,,,False,,True
3851.275,BOT,77,1.0,98.731,,29.157,33.988,1.0,INTERMEDIATE,1.0,True,Cadillac,1,18.0,False,200.0,279.0,277.0,321.0,,,False,,False
3938.952,BOT,77,2.0,87.677,25.636,28.413,33.628,1.0,INTERMEDIATE,2.0,True,Cadillac,1,15.0,True,206.0,274.0,271.0,314.0,,,False,,False
4046.756,BOT,77,3.0,107.804,25.338,28.634,53.832,1.0,INTERMEDIATE,3.0,True,Cadillac,1,21.0,False,214.0,260.0,,302.0,,4020.092,False,,False
4133.55,BOT,77,4.0,86.794,27.036,27.229,32.529,2.0,SOFT,1.0,True,Cadillac,1,21.0,False,205.0,266.0,277.0,296.0,4048.382,,False,,False
4215.788,BOT,77,5.0,82.238,23.896,26.332,32.01,2.0,SOFT,2.0,True,Cadillac,1,21.0,True,225.0,259.0,276.0,295.0,,,False,,False
4296.828,BOT,77,6.0,81.04,23.305,25.93,31.805,2.0,SOFT,3.0,True,Cadillac,1,21.0,True,225.0,261.0,267.0,288.0,,,False,,False
4377.117,BOT,77,7.0,80.289,22.891,25.792,31.606,2.0,SOFT,4.0,True,Cadillac,1,21.0,True,226.0,263.0,264.0,290.0,,,False,,False
4457.042,BOT,77,8.0,79.925,22.908,25.682,31.335,2.0,SOFT,5.0,True,Cadillac,1,21.0,True,228.0,265.0,267.0,291.0,,,False,,False
4556.481,BOT,77,9.0,99.439,22.925,25.656,50.858,2.0,SOFT,6.0,True,Cadillac,1,21.0,False,225.0,263.0,,304.0,,4533.182,False,,False
4642.511,BOT,77,10.0,86.03,26.794,27.522,31.714,3.0,MEDIUM,1.0,True,Cadillac,1,21.0,False,223.0,273.0,279.0,295.0,4558.036,,False,,False
4722.428,BOT,77,11.0,79.917,23.015,25.481,31.421,3.0,MEDIUM,2.0,True,Cadillac,12,21.0,True,226.0,269.0,271.0,296.0,,,False,,False
4804.666,BOT,77,12.0,82.238,23.183,26.944,32.111,3.0,MEDIUM,3.0,True,Cadillac,2,20.0,True,227.0,260.0,269.0,300.0,,,False,,False
4887.409,BOT,77,13.0,82.743,23.021,28.425,31.297,3.0,MEDIUM,4.0,True,Cadillac,21,20.0,True,226.0,272.0,273.0,303.0,,,False,,False
4966.77,BOT,77,14.0,79.361,22.671,25.366,31.324,3.0,MEDIUM,5.0,True,Cadillac,1,20.0,True,230.0,269.0,270.0,297.0,,,False,,False
5045.995,BOT,77,15.0,79.225,22.804,25.218,31.203,3.0,MEDIUM,6.0,True,Cadillac,1,20.0,True,227.0,270.0,270.0,295.0,,,False,,False
5125.527,BOT,77,16.0,79.532,22.686,25.428,31.418,3.0,MEDIUM,7.0,True,Cadillac,1,20.0,True,229.0,265.0,267.0,291.0,,,False,,False
5207.37,BOT,77,17.0,81.843,22.732,25.362,33.749,3.0,MEDIUM,8.0,True,Cadillac,12,20.0,True,228.0,268.0,264.0,290.0,,,True,TRACK LIMITS AT TURN 10 LAP 17 ,False
5288.475,BOT,77,18.0,81.105,24.452,25.455,31.198,3.0,MEDIUM,9.0,True,Cadillac,1,20.0,True,229.0,271.0,278.0,297.0,,,False,,False
5368.166,BOT,77,19.0,79.691,22.737,25.543,31.411,3.0,MEDIUM,10.0,True,Cadillac,1,20.0,True,227.0,268.0,269.0,292.0,,,False,,False
5450.719,BOT,77,20.0,82.553,23.029,26.442,33.082,3.0,MEDIUM,11.0,True,Cadillac,1,20.0,True,227.0,268.0,272.0,246.0,,,False,,False
5530.209,BOT,77,21.0,79.49,22.842,25.406,31.242,3.0,MEDIUM,12.0,True,Cadillac,1,20.0,True,228.0,269.0,272.0,297.0,,,False,,False
5611.173,BOT,77,22.0,80.964,22.918,26.683,31.363,3.0,MEDIUM,13.0,True,Cadillac,1,20.0,True,227.0,271.0,271.0,304.0,,,False,,False
5691.645,BOT,77,23.0,80.472,22.883,25.76,31.829,3.0,MEDIUM,14.0,True,Cadillac,1,20.0,True,229.0,267.0,273.0,306.0,,,False,,False
5773.492,BOT,77,24.0,81.847,23.765,26.607,31.475,3.0,MEDIUM,15.0,True,Cadillac,1,20.0,True,219.0,275.0,236.0,321.0,,,False,,False
5854.065,BOT,77,25.0,80.573,23.647,25.548,31.378,3.0,MEDIUM,16.0,True,Cadillac,1,19.0,True,227.0,270.0,267.0,295.0,,,False,,False
5933.523,BOT,77,26.0,79.458,22.807,25.454,31.197,3.0,MEDIUM,17.0,True,Cadillac,1,19.0,True,228.0,268.0,268.0,290.0,,,False,,False
6012.859,BOT,77,27.0,79.336,22.748,25.318,31.27,3.0,MEDIUM,18.0,True,Cadillac,1,19.0,True,227.0,266.0,268.0,289.0,,,False,,False
6103.287,BOT,77,28.0,90.428,22.662,26.89,40.876,3.0,MEDIUM,19.0,True,Cadillac,126,19.0,False,230.0,258.0,218.0,196.0,,,False,,False
6225.063,BOT,77,29.0,121.776,30.137,38.409,53.23,3.0,MEDIUM,20.0,True,Cadillac,6,19.0,False,190.0,188.0,,262.0,,6202.299,False,,False
6314.446,BOT,77,30.0,89.383,27.389,29.748,32.246,4.0,SOFT,1.0,True,Cadillac,671,18.0,False,206.0,274.0,278.0,296.0,6226.692,,False,,False
6395.593,BOT,77,31.0,81.147,23.657,25.908,31.582,4.0,SOFT,2.0,True,Cadillac,1,18.0,True,228.0,267.0,273.0,298.0,,,False,,False
6475.56,BOT,77,32.0,79.967,23.12,25.59,31.257,4.0,SOFT,3.0,True,Cadillac,1,18.0,True,227.0,269.0,274.0,295.0,,,False,,False
6554.723,BOT,77,33.0,79.163,22.731,25.194,31.238,4.0,SOFT,4.0,True,Cadillac,1,18.0,True,230.0,270.0,273.0,287.0,,,False,,False
6633.963,BOT,77,34.0,79.24,22.651,25.218,31.371,4.0,SOFT,5.0,True,Cadillac,1,18.0,True,229.0,270.0,268.0,286.0,,,False,,False
6712.958,BOT,77,35.0,78.995,22.678,25.191,31.126,4.0,SOFT,6.0,True,Cadillac,1,18.0,True,229.0,269.0,269.0,290.0,,,False,,False
6791.845,BOT,77,36.0,78.887,22.59,25.108,31.189,4.0,SOFT,7.0,True,Cadillac,1,18.0,True,230.0,270.0,269.0,287.0,,,False,,False
6871.506,BOT,77,37.0,79.661,22.663,25.849,31.149,4.0,SOFT,8.0,True,Cadillac,12,18.0,True,227.0,273.0,268.0,295.0,,,False,,False
6950.435,BOT,77,38.0,78.929,22.647,25.136,31.146,4.0,SOFT,9.0,True,Cadillac,1,18.0,True,230.0,270.0,273.0,293.0,,,False,,False
7029.21,BOT,77,39.0,78.775,22.469,25.191,31.115,4.0,SOFT,10.0,True,Cadillac,1,17.0,True,231.0,270.0,272.0,287.0,,,False,,False
7108.066,BOT,77,40.0,78.856,22.49,25.101,31.265,4.0,SOFT,11.0,True,Cadillac,1,17.0,True,231.0,270.0,271.0,288.0,,,False,,False
7187.125,BOT,77,41.0,79.059,22.644,25.252,31.163,4.0,SOFT,12.0,True,Cadillac,1,16.0,True,229.0,270.0,270.0,285.0,,,False,,False
7266.537,BOT,77,42.0,79.412,22.599,25.329,31.484,4.0,SOFT,13.0,True,Cadillac,1,16.0,True,230.0,268.0,238.0,284.0,,,False,,False
7366.079,BOT,77,43.0,99.542,27.717,33.984,37.841,4.0,SOFT,14.0,True,Cadillac,167,16.0,False,227.0,224.0,255.0,280.0,,,False,,False
7448.194,BOT,77,44.0,82.115,23.959,26.361,31.795,4.0,SOFT,15.0,True,Cadillac,1,16.0,True,231.0,278.0,272.0,294.0,,,False,,False
7527.298,BOT,77,45.0,79.104,22.826,25.221,31.057,4.0,SOFT,16.0,True,Cadillac,1,16.0,True,229.0,274.0,276.0,292.0,,,False,,False
7612.59,BOT,77,46.0,85.292,27.757,25.401,32.134,4.0,SOFT,17.0,True,Cadillac,1,16.0,True,228.0,279.0,279.0,262.0,,,False,,False
7692.872,BOT,77,47.0,80.282,24.341,25.012,30.929,4.0,SOFT,18.0,True,Cadillac,1,16.0,True,231.0,278.0,279.0,309.0,,,False,,False
7771.542,BOT,77,48.0,78.67,22.541,25.141,30.988,4.0,SOFT,19.0,True,Cadillac,1,16.0,True,231.0,276.0,272.0,295.0,,,False,,False
7891.065,BOT,77,49.0,119.523,24.479,31.299,63.745,4.0,SOFT,20.0,True,Cadillac,16,16.0,False,230.0,161.0,,251.0,,7861.607,False,,False
7990.634,BOT,77,50.0,99.569,28.416,37.152,34.001,5.0,MEDIUM,1.0,True,Cadillac,671,16.0,False,164.0,264.0,277.0,279.0,7892.655,,False,,False
8072.22,BOT,77,51.0,81.586,23.824,26.208,31.554,5.0,MEDIUM,2.0,True,Cadillac,1,16.0,True,232.0,271.0,277.0,294.0,,,False,,False
8154.921,BOT,77,52.0,82.701,24.622,26.783,31.296,5.0,MEDIUM,3.0,True,Cadillac,1,16.0,True,230.0,274.0,276.0,299.0,,,False,,False
8236.606,BOT,77,53.0,81.685,22.968,25.425,33.292,5.0,MEDIUM,4.0,True,Cadillac,1,16.0,True,230.0,273.0,279.0,261.0,,,False,,False
8315.964,BOT,77,54.0,79.358,22.923,25.299,31.136,5.0,MEDIUM,5.0,True,Cadillac,1,16.0,True,231.0,276.0,272.0,296.0,,,False,,False
8394.521,BOT,77,55.0,78.557,22.494,24.974,31.089,5.0,MEDIUM,6.0,True,Cadillac,1,16.0,True,232.0,272.0,274.0,292.0,,,False,,False
8475.587,BOT,77,56.0,81.066,24.739,25.271,31.056,5.0,MEDIUM,7.0,True,Cadillac,1,16.0,True,232.0,272.0,277.0,294.0,,,False,,False
8553.868,BOT,77,57.0,78.281,22.426,24.902,30.953,5.0,MEDIUM,8.0,True,Cadillac,12,16.0,True,230.0,272.0,276.0,293.0,,,False,,False
8633.452,BOT,77,58.0,79.584,22.541,24.839,32.204,5.0,MEDIUM,9.0,True,Cadillac,1,16.0,True,231.0,273.0,277.0,283.0,,,False,,False
8711.177,BOT,77,59.0,77.725,22.337,24.744,30.644,5.0,MEDIUM,10.0,True,Cadillac,1,16.0,True,234.0,276.0,276.0,301.0,,,False,,False
8789.26,BOT,77,60.0,78.083,22.386,24.789,30.908,5.0,MEDIUM,11.0,True,Cadillac,1,16.0,True,233.0,272.0,275.0,288.0,,,False,,False
8867.371,BOT,77,61.0,78.111,22.283,24.781,31.047,5.0,MEDIUM,12.0,True,Cadillac,1,16.0,True,231.0,274.0,275.0,288.0,,,False,,False
8945.622,BOT,77,62.0,78.251,22.367,24.973,30.911,5.0,MEDIUM,13.0,True,Cadillac,1,16.0,True,232.0,272.0,275.0,290.0,,,False,,False
9023.627,BOT,77,63.0,78.005,22.336,24.741,30.928,5.0,MEDIUM,14.0,True,Cadillac,1,16.0,True,232.0,274.0,293.0,291.0,,,False,,False
9101.692,BOT,77,64.0,78.065,22.13,24.742,31.193,5.0,MEDIUM,15.0,True,Cadillac,1,16.0,True,233.0,276.0,271.0,292.0,,,False,,False
3858.068,PIA,81,1.0,105.524,,26.881,48.015,1.0,INTERMEDIATE,1.0,True,McLaren,1,21.0,False,218.0,287.0,,319.0,,3835.522,False,,False
3942.687,PIA,81,2.0,84.619,26.085,26.273,32.261,2.0,MEDIUM,1.0,True,McLaren,1,17.0,False,234.0,278.0,277.0,307.0,3859.635,,False,,False
4024.506,PIA,81,3.0,81.819,23.446,26.68,31.693,2.0,MEDIUM,2.0,True,McLaren,1,16.0,True,234.0,273.0,277.0,315.0,,,False,,False
4105.28,PIA,81,4.0,80.774,23.336,26.038,31.4,2.0,MEDIUM,3.0,True,McLaren,1,15.0,True,233.0,278.0,279.0,306.0,,,False,,False
4184.546,PIA,81,5.0,79.266,22.9,25.365,31.001,2.0,MEDIUM,4.0,True,McLaren,1,15.0,True,232.0,276.0,281.0,304.0,,,False,,False
4262.515,PIA,81,6.0,77.969,22.284,24.897,30.788,2.0,MEDIUM,5.0,True,McLaren,1,15.0,True,236.0,278.0,283.0,306.0,,,False,,False
4339.92,PIA,81,7.0,77.405,22.165,24.559,30.681,2.0,MEDIUM,6.0,True,McLaren,1,14.0,True,236.0,280.0,281.0,310.0,,,False,,False
4417.683,PIA,81,8.0,77.763,22.312,24.71,30.741,2.0,MEDIUM,7.0,True,McLaren,1,14.0,True,236.0,285.0,300.0,326.0,,,False,,False
4495.54,PIA,81,9.0,77.857,22.467,24.599,30.791,2.0,MEDIUM,8.0,True,McLaren,1,13.0,True,236.0,283.0,287.0,313.0,,,False,,False
4573.377,PIA,81,10.0,77.837,22.274,24.532,31.031,2.0,MEDIUM,9.0,True,McLaren,1,13.0,True,236.0,282.0,283.0,312.0,,,False,,False
4650.366,PIA,81,11.0,76.989,22.07,24.343,30.576,2.0,MEDIUM,10.0,True,McLaren,1,13.0,True,236.0,282.0,289.0,312.0,,,False,,False
4760.052,PIA,81,12.0,109.686,22.124,24.685,62.877,2.0,MEDIUM,11.0,True,McLaren,12,19.0,False,236.0,292.0,,257.0,,4725.068,False,,False
4843.895,PIA,81,13.0,83.843,25.078,25.555,33.21,3.0,MEDIUM,5.0,False,McLaren,21,19.0,False,239.0,271.0,282.0,228.0,4761.703,,False,,False
4921.561,PIA,81,14.0,77.666,22.383,24.712,30.571,3.0,MEDIUM,6.0,False,McLaren,1,18.0,True,246.0,282.0,282.0,312.0,,,False,,False
5000.76,PIA,81,15.0,79.199,21.949,24.303,32.947,3.0,MEDIUM,7.0,False,McLaren,1,17.0,True,236.0,278.0,272.0,222.0,,,False,,False
5078.068,PIA,81,16.0,77.308,22.28,24.404,30.624,3.0,MEDIUM,8.0,False,McLaren,1,17.0,True,238.0,283.0,264.0,313.0,,,False,,False
5155.233,PIA,81,17.0,77.165,22.083,24.323,30.759,3.0,MEDIUM,9.0,False,McLaren,1,16.0,True,236.0,280.0,263.0,306.0,,,False,,False
5231.899,PIA,81,18.0,76.666,21.872,24.242,30.552,3.0,MEDIUM,10.0,False,McLaren,12,15.0,True,238.0,281.0,274.0,307.0,,,True,TRACK LIMITS AT TURN 14 LAP 18 ,False
5309.422,PIA,81,19.0,77.523,22.298,24.554,30.671,3.0,MEDIUM,11.0,False,McLaren,1,15.0,True,235.0,278.0,279.0,302.0,,,False,,False
5386.038,PIA,81,20.0,76.616,21.778,24.25,30.588,3.0,MEDIUM,12.0,False,McLaren,1,13.0,True,237.0,280.0,279.0,303.0,,,False,,False
5462.33,PIA,81,21.0,76.292,21.674,24.257,30.361,3.0,MEDIUM,13.0,False,McLaren,1,13.0,True,237.0,280.0,284.0,310.0,,,False,,False
5539.057,PIA,81,22.0,76.727,21.766,24.634,30.327,3.0,MEDIUM,14.0,False,McLaren,1,13.0,True,238.0,284.0,281.0,307.0,,,False,,False
5616.426,PIA,81,23.0,77.369,21.779,24.328,31.262,3.0,MEDIUM,15.0,False,McLaren,1,13.0,True,237.0,284.0,196.0,308.0,,,False,,False
5696.673,PIA,81,24.0,80.247,24.904,24.787,30.556,3.0,MEDIUM,16.0,False,McLaren,1,13.0,True,249.0,280.0,270.0,310.0,,,False,,False
5773.678,PIA,81,25.0,77.005,22.127,24.391,30.487,3.0,MEDIUM,17.0,False,McLaren,1,13.0,True,238.0,285.0,269.0,317.0,,,False,,False
5850.458,PIA,81,26.0,76.78,22.053,24.455,30.272,3.0,MEDIUM,18.0,False,McLaren,1,13.0,True,241.0,282.0,283.0,312.0,,,False,,False
5927.662,PIA,81,27.0,77.204,21.841,24.421,30.942,3.0,MEDIUM,19.0,False,McLaren,1,13.0,True,238.0,280.0,278.0,303.0,,,False,,False
6004.154,PIA,81,28.0,76.492,21.865,24.248,30.379,3.0,MEDIUM,20.0,False,McLaren,1,13.0,True,238.0,282.0,283.0,305.0,,,False,,False
6090.83,PIA,81,29.0,86.676,21.893,26.644,38.139,3.0,MEDIUM,21.0,False,McLaren,126,13.0,False,238.0,221.0,224.0,166.0,,,False,,False
6193.88,PIA,81,30.0,103.05,28.924,35.67,38.456,3.0,MEDIUM,22.0,False,McLaren,6,12.0,False,172.0,162.0,236.0,261.0,,,False,,False
6294.884,PIA,81,31.0,101.004,29.466,36.938,34.6,3.0,MEDIUM,23.0,False,McLaren,671,12.0,False,175.0,191.0,292.0,248.0,,,False,,False
6374.313,PIA,81,32.0,79.429,23.198,25.319,30.912,3.0,MEDIUM,24.0,False,McLaren,1,12.0,True,249.0,287.0,280.0,304.0,,,False,,False
6454.907,PIA,81,33.0,80.594,22.413,27.318,30.863,3.0,MEDIUM,25.0,False,McLaren,1,12.0,True,238.0,288.0,289.0,310.0,,,False,,False
6532.22,PIA,81,34.0,77.313,22.207,24.547,30.559,3.0,MEDIUM,26.0,False,McLaren,1,12.0,True,238.0,280.0,283.0,306.0,,,False,,False
6609.161,PIA,81,35.0,76.941,21.882,24.511,30.548,3.0,MEDIUM,27.0,False,McLaren,1,12.0,True,248.0,280.0,282.0,303.0,,,False,,False
6685.54,PIA,81,36.0,76.379,21.737,24.358,30.284,3.0,MEDIUM,28.0,False,McLaren,1,12.0,True,240.0,281.0,283.0,307.0,,,False,,False
6762.074,PIA,81,37.0,76.534,21.811,24.324,30.399,3.0,MEDIUM,29.0,False,McLaren,1,12.0,True,238.0,288.0,287.0,312.0,,,False,,False
6838.61,PIA,81,38.0,76.536,22.021,24.198,30.317,3.0,MEDIUM,30.0,False,McLaren,1,12.0,True,244.0,285.0,283.0,305.0,,,False,,False
6915.16,PIA,81,39.0,76.55,22.023,24.28,30.247,3.0,MEDIUM,31.0,False,McLaren,12,11.0,True,242.0,283.0,280.0,303.0,,,False,,False
6991.887,PIA,81,40.0,76.727,21.899,24.409,30.419,3.0,MEDIUM,32.0,False,McLaren,1,11.0,True,239.0,282.0,279.0,302.0,,,False,,False
7068.511,PIA,81,41.0,76.624,21.852,24.345,30.427,3.0,MEDIUM,33.0,False,McLaren,1,11.0,True,238.0,284.0,282.0,300.0,,,False,,False
7144.521,PIA,81,42.0,76.01,21.711,24.106,30.193,3.0,MEDIUM,34.0,False,McLaren,1,11.0,True,238.0,283.0,281.0,303.0,,,False,,False
7220.464,PIA,81,43.0,75.943,21.579,24.057,30.307,3.0,MEDIUM,35.0,False,McLaren,1,11.0,True,240.0,283.0,280.0,300.0,,,False,,False
7299.07,PIA,81,44.0,78.606,21.687,24.176,32.743,3.0,MEDIUM,36.0,False,McLaren,16,11.0,False,240.0,277.0,106.0,302.0,,,False,,False
7390.397,PIA,81,45.0,91.327,31.521,28.458,31.348,3.0,MEDIUM,37.0,False,McLaren,671,11.0,False,181.0,292.0,285.0,303.0,,,False,,False
7467.586,PIA,81,46.0,77.189,22.057,24.423,30.709,3.0,MEDIUM,38.0,False,McLaren,1,11.0,True,244.0,287.0,278.0,298.0,,,False,,False
7544.014,PIA,81,47.0,76.428,21.716,24.109,30.603,3.0,MEDIUM,39.0,False,McLaren,1,11.0,True,240.0,283.0,281.0,301.0,,,False,,False
7621.067,PIA,81,48.0,77.053,22.298,24.251,30.504,3.0,MEDIUM,40.0,False,McLaren,1,11.0,True,235.0,282.0,284.0,300.0,,,False,,False
7697.331,PIA,81,49.0,76.264,21.649,24.137,30.478,3.0,MEDIUM,41.0,False,McLaren,1,11.0,True,239.0,284.0,285.0,301.0,,,False,,False
7773.132,PIA,81,50.0,75.801,21.505,24.036,30.26,3.0,MEDIUM,42.0,False,McLaren,1,11.0,True,240.0,283.0,288.0,307.0,,,False,,False
7893.253,PIA,81,51.0,120.121,21.687,29.001,69.433,3.0,MEDIUM,43.0,False,McLaren,16,13.0,False,240.0,171.0,,280.0,,7858.956,False,,False
7988.399,PIA,81,52.0,95.146,28.17,34.785,32.191,4.0,SOFT,5.0,False,McLaren,671,13.0,False,202.0,284.0,292.0,300.0,7894.799,,False,,False
8066.796,PIA,81,53.0,78.397,22.638,24.785,30.974,4.0,SOFT,6.0,False,McLaren,1,13.0,True,245.0,280.0,283.0,299.0,,,False,,False
8143.933,PIA,81,54.0,77.137,22.221,24.457,30.459,4.0,SOFT,7.0,False,McLaren,1,13.0,True,238.0,284.0,282.0,302.0,,,False,,False
8220.619,PIA,81,55.0,76.686,22.033,24.212,30.441,4.0,SOFT,8.0,False,McLaren,1,13.0,True,238.0,284.0,281.0,303.0,,,False,,False
8296.553,PIA,81,56.0,75.934,21.734,23.968,30.232,4.0,SOFT,9.0,False,McLaren,1,13.0,True,241.0,284.0,284.0,299.0,,,False,,False
8372.208,PIA,81,57.0,75.655,21.48,23.874,30.301,4.0,SOFT,10.0,False,McLaren,1,13.0,True,239.0,284.0,283.0,304.0,,,False,,False
8448.647,PIA,81,58.0,76.439,22.263,24.107,30.069,4.0,SOFT,11.0,False,McLaren,1,13.0,True,241.0,284.0,278.0,304.0,,,True,TRACK LIMITS AT TURN 1 LAP 58 ,False
8524.855,PIA,81,59.0,76.208,21.638,23.941,30.629,4.0,SOFT,12.0,False,McLaren,12,13.0,True,240.0,287.0,223.0,307.0,,,False,,False
8602.332,PIA,81,60.0,77.477,23.236,24.28,29.961,4.0,SOFT,13.0,False,McLaren,1,13.0,True,256.0,289.0,277.0,309.0,,,False,,False
8677.788,PIA,81,61.0,75.456,21.695,23.849,29.912,4.0,SOFT,14.0,False,McLaren,1,13.0,True,241.0,288.0,284.0,313.0,,,False,,False
8754.131,PIA,81,62.0,76.343,22.314,24.084,29.945,4.0,SOFT,15.0,False,McLaren,1,13.0,True,241.0,291.0,288.0,316.0,,,False,,False
8830.014,PIA,81,63.0,75.883,21.763,24.286,29.834,4.0,SOFT,16.0,False,McLaren,1,12.0,True,244.0,298.0,292.0,319.0,,,False,,False
8905.956,PIA,81,64.0,75.942,21.612,24.23,30.1,4.0,SOFT,17.0,False,McLaren,1,11.0,True,244.0,296.0,284.0,336.0,,,False,,False
8982.531,PIA,81,65.0,76.575,21.78,24.002,30.793,4.0,SOFT,18.0,False,McLaren,1,11.0,True,237.0,284.0,269.0,305.0,,,True,TRACK LIMITS AT TURN 14 LAP 65 ,False
9061.001,PIA,81,66.0,78.47,21.928,25.474,31.068,4.0,SOFT,19.0,False,McLaren,1,11.0,True,241.0,192.0,280.0,318.0,,,False,,False
3847.838,BEA,87,1.0,95.294,,28.916,32.518,1.0,SOFT,6.0,False,Haas F1 Team,1,11.0,False,198.0,284.0,297.0,326.0,,,False,,False
3931.695,BEA,87,2.0,83.857,24.542,26.874,32.441,1.0,SOFT,7.0,False,Haas F1 Team,1,9.0,True,223.0,273.0,278.0,328.0,,,False,,False
4013.443,BEA,87,3.0,81.748,23.82,26.156,31.772,1.0,SOFT,8.0,False,Haas F1 Team,1,9.0,True,227.0,270.0,274.0,304.0,,,False,,False
4095.024,BEA,87,4.0,81.581,23.227,25.608,32.746,1.0,SOFT,9.0,False,Haas F1 Team,1,9.0,True,226.0,270.0,260.0,301.0,,,False,,False
4175.087,BEA,87,5.0,80.063,23.284,25.357,31.422,1.0,SOFT,10.0,False,Haas F1 Team,1,9.0,True,229.0,272.0,278.0,304.0,,,False,,False
4254.408,BEA,87,6.0,79.321,22.835,25.361,31.125,1.0,SOFT,11.0,False,Haas F1 Team,1,9.0,True,228.0,271.0,277.0,303.0,,,False,,False
4334.038,BEA,87,7.0,79.63,22.951,25.24,31.439,1.0,SOFT,12.0,False,Haas F1 Team,1,9.0,True,228.0,271.0,276.0,303.0,,,False,,False
4412.928,BEA,87,8.0,78.89,22.727,25.066,31.097,1.0,SOFT,13.0,False,Haas F1 Team,1,9.0,True,230.0,272.0,275.0,302.0,,,False,,False
4491.021,BEA,87,9.0,78.093,22.502,24.866,30.725,1.0,SOFT,14.0,False,Haas F1 Team,1,9.0,True,230.0,272.0,277.0,302.0,,,False,,False
4568.95,BEA,87,10.0,77.929,22.395,24.819,30.715,1.0,SOFT,15.0,False,Haas F1 Team,1,9.0,True,231.0,272.0,273.0,301.0,,,False,,False
4648.702,BEA,87,11.0,79.752,22.268,25.819,31.665,1.0,SOFT,16.0,False,Haas F1 Team,1,11.0,True,231.0,265.0,298.0,327.0,,,False,,False
4729.004,BEA,87,12.0,80.302,22.897,25.397,32.008,1.0,SOFT,17.0,False,Haas F1 Team,12,11.0,True,232.0,279.0,274.0,311.0,,,False,,False
4807.528,BEA,87,13.0,78.524,22.641,24.805,31.078,1.0,SOFT,18.0,False,Haas F1 Team,2,11.0,True,232.0,274.0,279.0,309.0,,,False,,False
4885.733,BEA,87,14.0,78.205,22.471,25.032,30.702,1.0,SOFT,19.0,False,Haas F1 Team,21,11.0,True,232.0,274.0,282.0,311.0,,,False,,False
4963.242,BEA,87,15.0,77.509,22.33,24.828,30.351,1.0,SOFT,20.0,False,Haas F1 Team,1,10.0,True,231.0,275.0,278.0,308.0,,,True,TRACK LIMITS AT TURN 14 LAP 15 ,False
5041.362,BEA,87,16.0,78.12,22.63,24.8,30.69,1.0,SOFT,21.0,False,Haas F1 Team,1,10.0,True,233.0,278.0,278.0,306.0,,,False,,False
5118.882,BEA,87,17.0,77.52,22.256,24.616,30.648,1.0,SOFT,22.0,False,Haas F1 Team,1,10.0,True,231.0,275.0,278.0,306.0,,,False,,False
5196.345,BEA,87,18.0,77.463,22.351,24.563,30.549,1.0,SOFT,23.0,False,Haas F1 Team,12,10.0,True,231.0,275.0,281.0,306.0,,,False,,False
5273.934,BEA,87,19.0,77.589,22.447,24.583,30.559,1.0,SOFT,24.0,False,Haas F1 Team,1,10.0,True,231.0,276.0,282.0,307.0,,,False,,False
5351.58,BEA,87,20.0,77.646,22.188,24.906,30.552,1.0,SOFT,25.0,False,Haas F1 Team,1,10.0,True,232.0,275.0,281.0,306.0,,,False,,False
5429.065,BEA,87,21.0,77.485,22.29,24.576,30.619,1.0,SOFT,26.0,False,Haas F1 Team,1,10.0,True,232.0,276.0,281.0,307.0,,,False,,False
5506.515,BEA,87,22.0,77.45,22.28,24.658,30.512,1.0,SOFT,27.0,False,Haas F1 Team,1,10.0,True,232.0,277.0,283.0,308.0,,,False,,False
5584.144,BEA,87,23.0,77.629,22.371,24.67,30.588,1.0,SOFT,28.0,False,Haas F1 Team,1,10.0,True,231.0,280.0,281.0,309.0,,,False,,False
5661.408,BEA,87,24.0,77.264,22.252,24.704,30.308,1.0,SOFT,29.0,False,Haas F1 Team,1,10.0,True,233.0,276.0,280.0,308.0,,,False,,False
5738.805,BEA,87,25.0,77.397,22.193,24.63,30.574,1.0,SOFT,30.0,False,Haas F1 Team,1,10.0,True,232.0,276.0,278.0,306.0,,,False,,False
5816.324,BEA,87,26.0,77.519,22.237,24.633,30.649,1.0,SOFT,31.0,False,Haas F1 Team,1,10.0,True,233.0,276.0,280.0,305.0,,,False,,False
5893.994,BEA,87,27.0,77.67,22.393,24.723,30.554,1.0,SOFT,32.0,False,Haas F1 Team,1,10.0,True,232.0,276.0,278.0,304.0,,,False,,False
5971.368,BEA,87,28.0,77.374,22.203,24.684,30.487,1.0,SOFT,33.0,False,Haas F1 Team,1,10.0,True,233.0,275.0,277.0,302.0,,,False,,False
6048.651,BEA,87,29.0,77.283,22.216,24.623,30.444,1.0,SOFT,34.0,False,Haas F1 Team,12,10.0,True,232.0,275.0,279.0,304.0,,,False,,False
6182.477,BEA,87,30.0,133.826,22.155,38.091,73.58,1.0,SOFT,35.0,False,Haas F1 Team,26,11.0,False,232.0,238.0,,268.0,,6139.133,False,,False
6284.378,BEA,87,31.0,101.901,30.1,35.204,36.597,2.0,MEDIUM,1.0,True,Haas F1 Team,671,11.0,False,159.0,195.0,277.0,252.0,6184.08,,False,,False
6363.493,BEA,87,32.0,79.115,22.725,25.205,31.185,2.0,MEDIUM,2.0,True,Haas F1 Team,1,11.0,True,232.0,275.0,217.0,304.0,,,False,,False
6443.021,BEA,87,33.0,79.528,24.239,24.827,30.462,2.0,MEDIUM,3.0,True,Haas F1 Team,1,11.0,True,233.0,281.0,284.0,311.0,,,False,,False
6520.286,BEA,87,34.0,77.265,22.259,24.527,30.479,2.0,MEDIUM,4.0,True,Haas F1 Team,1,11.0,True,235.0,278.0,281.0,308.0,,,False,,False
6597.711,BEA,87,35.0,77.425,22.191,24.825,30.409,2.0,MEDIUM,5.0,True,Haas F1 Team,1,11.0,True,235.0,280.0,278.0,304.0,,,False,,False
6674.581,BEA,87,36.0,76.87,22.041,24.428,30.401,2.0,MEDIUM,6.0,True,Haas F1 Team,1,11.0,True,235.0,279.0,249.0,304.0,,,False,,False
6752.664,BEA,87,37.0,78.083,23.362,24.512,30.209,2.0,MEDIUM,7.0,True,Haas F1 Team,1,11.0,True,234.0,280.0,281.0,309.0,,,False,,False
6829.4,BEA,87,38.0,76.736,21.941,24.51,30.285,2.0,MEDIUM,8.0,True,Haas F1 Team,1,11.0,True,234.0,277.0,284.0,304.0,,,False,,False
6905.958,BEA,87,39.0,76.558,21.815,24.351,30.392,2.0,MEDIUM,9.0,True,Haas F1 Team,12,10.0,True,235.0,277.0,277.0,303.0,,,False,,False
6983.215,BEA,87,40.0,77.257,22.135,24.554,30.568,2.0,MEDIUM,10.0,True,Haas F1 Team,1,10.0,True,232.0,277.0,219.0,302.0,,,False,,False
7062.172,BEA,87,41.0,78.957,23.415,25.211,30.331,2.0,MEDIUM,11.0,True,Haas F1 Team,1,10.0,True,233.0,285.0,286.0,311.0,,,False,,False
7138.849,BEA,87,42.0,76.677,22.077,24.256,30.344,2.0,MEDIUM,12.0,True,Haas F1 Team,1,10.0,True,235.0,280.0,280.0,306.0,,,False,,False
7215.33,BEA,87,43.0,76.481,21.989,24.253,30.239,2.0,MEDIUM,13.0,True,Haas F1 Team,1,10.0,True,235.0,279.0,284.0,303.0,,,False,,False
7291.82,BEA,87,44.0,76.49,21.931,24.27,30.289,2.0,MEDIUM,14.0,True,Haas F1 Team,1,10.0,True,234.0,278.0,282.0,302.0,,,False,,False
7383.794,BEA,87,45.0,91.974,30.698,30.527,30.749,2.0,MEDIUM,15.0,True,Haas F1 Team,167,10.0,False,210.0,259.0,285.0,305.0,,,False,,False
7460.646,BEA,87,46.0,76.852,22.105,24.399,30.348,2.0,MEDIUM,16.0,True,Haas F1 Team,1,10.0,True,236.0,276.0,284.0,306.0,,,False,,False
7537.341,BEA,87,47.0,76.695,21.942,24.407,30.346,2.0,MEDIUM,17.0,True,Haas F1 Team,1,10.0,True,234.0,278.0,285.0,305.0,,,False,,False
7613.933,BEA,87,48.0,76.592,21.923,24.411,30.258,2.0,MEDIUM,18.0,True,Haas F1 Team,1,10.0,True,235.0,279.0,286.0,304.0,,,False,,False
7691.676,BEA,87,49.0,77.743,22.046,24.355,31.342,2.0,MEDIUM,19.0,True,Haas F1 Team,1,10.0,True,236.0,279.0,279.0,302.0,,,False,,False
7768.257,BEA,87,50.0,76.581,22.022,24.357,30.202,2.0,MEDIUM,20.0,True,Haas F1 Team,1,10.0,True,237.0,280.0,283.0,307.0,,,False,,False
7860.733,BEA,87,51.0,92.476,21.873,24.483,46.12,2.0,MEDIUM,21.0,True,Haas F1 Team,16,10.0,False,236.0,230.0,242.0,226.0,,,False,,False
7958.919,BEA,87,52.0,98.186,25.845,33.665,38.676,2.0,MEDIUM,22.0,True,Haas F1 Team,671,10.0,False,203.0,188.0,279.0,220.0,,,False,,False
8036.948,BEA,87,53.0,78.029,22.772,24.755,30.502,2.0,MEDIUM,23.0,True,Haas F1 Team,1,10.0,True,233.0,282.0,282.0,308.0,,,False,,False
8113.86,BEA,87,54.0,76.912,22.1,24.464,30.348,2.0,MEDIUM,24.0,True,Haas F1 Team,1,10.0,True,234.0,279.0,282.0,304.0,,,False,,False
8190.348,BEA,87,55.0,76.488,21.875,24.297,30.316,2.0,MEDIUM,25.0,True,Haas F1 Team,1,10.0,True,235.0,278.0,277.0,304.0,,,False,,False
8266.641,BEA,87,56.0,76.293,21.913,24.207,30.173,2.0,MEDIUM,26.0,True,Haas F1 Team,1,10.0,True,235.0,280.0,281.0,302.0,,,False,,False
8342.911,BEA,87,57.0,76.27,21.823,24.353,30.094,2.0,MEDIUM,27.0,True,Haas F1 Team,1,10.0,True,235.0,277.0,286.0,306.0,,,False,,False
8420.233,BEA,87,58.0,77.322,21.939,24.368,31.015,2.0,MEDIUM,28.0,True,Haas F1 Team,1,10.0,True,236.0,272.0,302.0,317.0,,,False,,False
8496.983,BEA,87,59.0,76.75,22.063,24.446,30.241,2.0,MEDIUM,29.0,True,Haas F1 Team,1,10.0,True,236.0,279.0,264.0,312.0,,,False,,False
8573.486,BEA,87,60.0,76.503,21.966,24.298,30.239,2.0,MEDIUM,30.0,True,Haas F1 Team,12,10.0,True,236.0,277.0,281.0,305.0,,,False,,False
8650.058,BEA,87,61.0,76.572,21.871,24.413,30.288,2.0,MEDIUM,31.0,True,Haas F1 Team,1,10.0,True,237.0,279.0,281.0,301.0,,,False,,False
8726.721,BEA,87,62.0,76.663,21.894,24.43,30.339,2.0,MEDIUM,32.0,True,Haas F1 Team,1,10.0,True,237.0,277.0,280.0,300.0,,,False,,False
8803.097,BEA,87,63.0,76.376,21.857,24.237,30.282,2.0,MEDIUM,33.0,True,Haas F1 Team,1,10.0,True,237.0,277.0,279.0,299.0,,,False,,False
8879.099,BEA,87,64.0,76.002,21.687,24.222,30.093,2.0,MEDIUM,34.0,True,Haas F1 Team,1,10.0,True,236.0,279.0,281.0,300.0,,,False,,False
8955.288,BEA,87,65.0,76.189,21.844,24.237,30.108,2.0,MEDIUM,35.0,True,Haas F1 Team,1,10.0,True,237.0,277.0,282.0,301.0,,,False,,False
9031.303,BEA,87,66.0,76.015,21.74,24.207,30.068,2.0,MEDIUM,36.0,True,Haas F1 Team,1,10.0,True,237.0,280.0,284.0,307.0,,,False,,False
9107.351,BEA,87,67.0,76.048,21.737,24.172,30.139,2.0,MEDIUM,37.0,True,Haas F1 Team,1,10.0,True,238.0,281.0,284.0,328.0,,,False,,False
