Time,Driver,DriverNumber,LapNumber,LapTime,Sector1Time,Sector2Time,Sector3Time,Stint,Compound,TyreLife,FreshTyre,Team,TrackStatus,Position,IsAccurate,SpeedI1,SpeedI2,SpeedFL,SpeedST,PitOutTime,PitInTime,Deleted,DeletedReason,FastF1Generated
3540.108,NOR,1,1.0,98.115,,34.453,25.729,1.0,MEDIUM,1.0,True,McLaren,1,3.0,False,213.0,183.0,273.0,298.0,,,False,,False
3632.878,NOR,1,2.0,92.77,32.593,34.6,25.577,1.0,MEDIUM,2.0,True,McLaren,1,3.0,True,211.0,184.0,271.0,317.0,,,False,,False
3726.141,NOR,1,3.0,93.263,32.816,34.702,25.745,1.0,MEDIUM,3.0,True,McLaren,1,3.0,True,209.0,185.0,270.0,313.0,,,False,,False
3819.955,NOR,1,4.0,93.814,33.089,34.864,25.861,1.0,MEDIUM,4.0,True,McLaren,1,3.0,True,205.0,186.0,273.0,310.0,,,False,,False
3913.797,NOR,1,5.0,93.842,32.883,35.214,25.745,1.0,MEDIUM,5.0,True,McLaren,12,3.0,True,210.0,183.0,281.0,308.0,,,False,,False
4044.147,NOR,1,6.0,130.35,40.675,51.989,37.686,1.0,MEDIUM,6.0,True,McLaren,24,2.0,False,84.0,108.0,249.0,98.0,,,False,,False
4181.989,NOR,1,7.0,137.842,41.553,54.69,41.599,1.0,MEDIUM,7.0,True,McLaren,4,2.0,False,119.0,108.0,192.0,132.0,,,False,,False
4324.388,NOR,1,8.0,142.399,50.043,54.546,37.81,1.0,MEDIUM,8.0,True,McLaren,4,2.0,False,108.0,97.0,240.0,110.0,,,False,,False
4472.014,NOR,1,9.0,147.626,48.536,55.467,43.623,1.0,MEDIUM,9.0,True,McLaren,4,2.0,False,138.0,84.0,228.0,156.0,,,False,,False
4611.133,NOR,1,10.0,139.119,48.549,55.495,35.075,1.0,MEDIUM,10.0,True,McLaren,4,2.0,False,120.0,94.0,223.0,211.0,,,False,,False
4761.96,NOR,1,11.0,,47.831,47.757,55.27,1.0,MEDIUM,11.0,True,McLaren,41,2.0,False,134.0,125.0,276.0,63.0,,,False,,False
4854.516,NOR,1,12.0,92.556,32.418,34.694,25.444,1.0,MEDIUM,12.0,True,McLaren,1,2.0,True,213.0,189.0,281.0,310.0,,,False,,False
4947.41,NOR,1,13.0,92.894,32.681,34.671,25.542,1.0,MEDIUM,13.0,True,McLaren,1,1.0,True,213.0,188.0,274.0,306.0,,,False,,False
5040.204,NOR,1,14.0,92.794,32.324,34.849,25.621,1.0,MEDIUM,14.0,True,McLaren,1,1.0,True,212.0,187.0,276.0,306.0,,,False,,False
5133.191,NOR,1,15.0,92.987,32.39,34.976,25.621,1.0,MEDIUM,15.0,True,McLaren,1,1.0,True,209.0,187.0,276.0,305.0,,,False,,False
5226.061,NOR,1,16.0,92.87,32.306,34.906,25.658,1.0,MEDIUM,16.0,True,McLaren,12,1.0,True,211.0,187.0,275.0,305.0,,,False,,False
5319.155,NOR,1,17.0,93.094,32.405,35.03,25.659,1.0,MEDIUM,17.0,True,McLaren,1,1.0,True,210.0,187.0,276.0,304.0,,,False,,False
5412.195,NOR,1,18.0,93.04,32.364,35.022,25.654,1.0,MEDIUM,18.0,True,McLaren,1,1.0,True,211.0,185.0,276.0,305.0,,,False,,False
5505.203,NOR,1,19.0,93.008,32.283,35.061,25.664,1.0,MEDIUM,19.0,True,McLaren,1,1.0,True,209.0,186.0,276.0,305.0,,,False,,False
5598.396,NOR,1,20.0,93.193,32.444,35.079,25.67,1.0,MEDIUM,20.0,True,McLaren,1,1.0,True,210.0,187.0,276.0,304.0,,,False,,False
5691.277,NOR,1,21.0,92.881,32.334,34.827,25.72,1.0,MEDIUM,21.0,True,McLaren,1,1.0,True,211.0,186.0,276.0,304.0,,,False,,False
5784.325,NOR,1,22.0,93.048,32.369,34.868,25.811,1.0,MEDIUM,22.0,True,McLaren,1,1.0,True,209.0,187.0,275.0,303.0,,,False,,False
5877.423,NOR,1,23.0,93.098,32.291,35.073,25.734,1.0,MEDIUM,23.0,True,McLaren,1,1.0,True,209.0,187.0,276.0,305.0,,,False,,False
5970.516,NOR,1,24.0,93.093,32.353,35.069,25.671,1.0,MEDIUM,24.0,True,McLaren,1,1.0,True,211.0,186.0,278.0,306.0,,,False,,False
6063.9,NOR,1,25.0,93.384,32.476,35.253,25.655,1.0,MEDIUM,25.0,True,McLaren,1,1.0,True,209.0,187.0,278.0,306.0,,,False,,False
6156.959,NOR,1,26.0,93.059,32.397,34.932,25.73,1.0,MEDIUM,26.0,True,McLaren,1,1.0,True,212.0,186.0,279.0,306.0,,,False,,False
6255.463,NOR,1,27.0,98.504,32.644,35.079,30.781,1.0,MEDIUM,27.0,True,McLaren,1,1.0,False,210.0,186.0,,313.0,,6249.959,False,,False
6362.616,NOR,1,28.0,107.153,46.898,34.483,25.772,2.0,HARD,1.0,True,McLaren,1,3.0,False,213.0,188.0,274.0,301.0,6272.511,,False,,False
6456.067,NOR,1,29.0,93.451,32.814,34.969,25.668,2.0,HARD,2.0,True,McLaren,1,2.0,True,214.0,187.0,275.0,314.0,,,False,,False
6548.314,NOR,1,30.0,92.247,32.402,34.47,25.375,2.0,HARD,3.0,True,McLaren,1,2.0,True,214.0,188.0,282.0,313.0,,,False,,False
6640.383,NOR,1,31.0,92.069,32.221,34.432,25.416,2.0,HARD,4.0,True,McLaren,1,2.0,True,214.0,188.0,284.0,317.0,,,False,,False
6732.538,NOR,1,32.0,92.155,32.204,34.587,25.364,2.0,HARD,5.0,True,McLaren,1,2.0,True,212.0,187.0,282.0,316.0,,,False,,False
6824.529,NOR,1,33.0,91.991,31.956,34.58,25.455,2.0,HARD,6.0,True,McLaren,1,2.0,True,212.0,186.0,282.0,319.0,,,False,,False
6916.849,NOR,1,34.0,92.32,32.266,34.684,25.37,2.0,HARD,7.0,True,McLaren,1,2.0,True,213.0,185.0,282.0,318.0,,,False,,False
7008.718,NOR,1,35.0,91.869,31.893,34.8,25.176,2.0,HARD,8.0,True,McLaren,1,2.0,True,210.0,187.0,283.0,321.0,,,False,,False
7101.044,NOR,1,36.0,92.326,32.166,34.835,25.325,2.0,HARD,9.0,True,McLaren,1,2.0,True,209.0,186.0,271.0,330.0,,,False,,False
7193.435,NOR,1,37.0,92.391,32.206,34.813,25.372,2.0,HARD,10.0,True,McLaren,1,2.0,True,212.0,183.0,284.0,318.0,,,False,,False
7285.818,NOR,1,38.0,92.383,32.187,34.915,25.281,2.0,HARD,11.0,True,McLaren,1,2.0,True,212.0,186.0,282.0,323.0,,,False,,False
7378.475,NOR,1,39.0,92.657,32.544,34.824,25.289,2.0,HARD,12.0,True,McLaren,1,2.0,True,211.0,183.0,286.0,322.0,,,False,,False
7471.115,NOR,1,40.0,92.64,32.468,34.753,25.419,2.0,HARD,13.0,True,McLaren,1,2.0,True,208.0,186.0,284.0,322.0,,,False,,False
7563.791,NOR,1,41.0,92.676,32.599,34.767,25.31,2.0,HARD,14.0,True,McLaren,1,2.0,True,210.0,183.0,284.0,320.0,,,False,,False
7656.453,NOR,1,42.0,92.662,32.325,34.922,25.415,2.0,HARD,15.0,True,McLaren,1,2.0,True,213.0,186.0,286.0,319.0,,,True,TRACK LIMITS AT TURN 5 LAP 42 ,False
7748.944,NOR,1,43.0,92.491,32.159,34.897,25.435,2.0,HARD,16.0,True,McLaren,1,2.0,True,207.0,186.0,284.0,318.0,,,False,,False
7841.535,NOR,1,44.0,92.591,32.378,34.747,25.466,2.0,HARD,17.0,True,McLaren,1,2.0,True,212.0,186.0,285.0,317.0,,,False,,False
7934.004,NOR,1,45.0,92.469,32.091,34.829,25.549,2.0,HARD,18.0,True,McLaren,1,2.0,True,211.0,186.0,283.0,314.0,,,False,,False
8026.719,NOR,1,46.0,92.715,32.259,34.78,25.676,2.0,HARD,19.0,True,McLaren,1,2.0,True,211.0,186.0,280.0,313.0,,,False,,False
8118.954,NOR,1,47.0,92.235,32.136,34.698,25.401,2.0,HARD,20.0,True,McLaren,1,2.0,True,213.0,186.0,281.0,315.0,,,False,,False
8211.352,NOR,1,48.0,92.398,32.189,34.767,25.442,2.0,HARD,21.0,True,McLaren,12,2.0,True,212.0,185.0,281.0,316.0,,,False,,False
8303.621,NOR,1,49.0,92.269,32.263,34.571,25.435,2.0,HARD,22.0,True,McLaren,1,2.0,True,211.0,187.0,280.0,317.0,,,False,,False
8396.049,NOR,1,50.0,92.428,32.249,34.72,25.459,2.0,HARD,23.0,True,McLaren,1,2.0,True,207.0,187.0,282.0,318.0,,,False,,False
8488.443,NOR,1,51.0,92.394,32.203,34.802,25.389,2.0,HARD,24.0,True,McLaren,1,2.0,True,214.0,185.0,284.0,324.0,,,False,,False
8580.907,NOR,1,52.0,92.464,32.159,35.004,25.301,2.0,HARD,25.0,True,McLaren,1,2.0,True,212.0,183.0,285.0,323.0,,,False,,False
8673.645,NOR,1,53.0,92.738,32.57,34.784,25.384,2.0,HARD,26.0,True,McLaren,1,2.0,True,210.0,187.0,285.0,316.0,,,False,,False
8765.683,NOR,1,54.0,92.038,31.961,34.654,25.423,2.0,HARD,27.0,True,McLaren,1,2.0,True,212.0,187.0,282.0,316.0,,,False,,False
8858.176,NOR,1,55.0,92.493,32.37,34.848,25.275,2.0,HARD,28.0,True,McLaren,1,2.0,True,212.0,186.0,283.0,321.0,,,False,,False
8951.025,NOR,1,56.0,92.849,32.413,34.893,25.543,2.0,HARD,29.0,True,McLaren,1,2.0,True,212.0,187.0,283.0,315.0,,,False,,False
9044.499,NOR,1,57.0,93.474,32.345,34.947,26.182,2.0,HARD,30.0,True,McLaren,12,2.0,True,212.0,186.0,282.0,315.0,,,False,,False
3547.236,GAS,10,1.0,105.243,,37.363,26.123,1.0,MEDIUM,1.0,True,Alpine,1,12.0,False,204.0,176.0,277.0,303.0,,,False,,False
3642.812,GAS,10,2.0,95.576,34.166,35.189,26.221,1.0,MEDIUM,2.0,True,Alpine,1,11.0,True,203.0,183.0,258.0,312.0,,,False,,False
3737.858,GAS,10,3.0,95.046,33.854,35.291,25.901,1.0,MEDIUM,3.0,True,Alpine,1,11.0,True,212.0,181.0,262.0,320.0,,,False,,False
3832.714,GAS,10,4.0,94.856,33.93,35.021,25.905,1.0,MEDIUM,4.0,True,Alpine,1,11.0,True,211.0,185.0,260.0,311.0,,,False,,False
3982.714,GAS,10,5.0,,,,,1.0,MEDIUM,5.0,True,Alpine,124,,False,,,,,,,False,,True
3549.917,PER,11,1.0,107.924,,37.85,26.42,1.0,MEDIUM,1.0,True,Cadillac,1,17.0,False,205.0,175.0,279.0,295.0,,,False,,False
3646.7,PER,11,2.0,96.783,34.763,36.096,25.924,1.0,MEDIUM,2.0,True,Cadillac,1,17.0,True,210.0,183.0,276.0,291.0,,,False,,False
3743.709,PER,11,3.0,97.009,34.616,36.358,26.035,1.0,MEDIUM,3.0,True,Cadillac,1,18.0,True,203.0,183.0,276.0,277.0,,,False,,False
3840.016,PER,11,4.0,96.307,34.425,35.585,26.297,1.0,MEDIUM,4.0,True,Cadillac,1,18.0,True,210.0,183.0,277.0,282.0,,,False,,False
3936.844,PER,11,5.0,96.828,34.235,35.829,26.764,1.0,MEDIUM,5.0,True,Cadillac,124,14.0,False,208.0,178.0,245.0,292.0,,,False,,False
4071.521,PER,11,6.0,134.677,44.577,51.251,38.849,1.0,MEDIUM,6.0,True,Cadillac,4,14.0,False,179.0,129.0,273.0,102.0,,,False,,False
4200.414,PER,11,7.0,128.893,39.402,48.06,41.431,1.0,MEDIUM,7.0,True,Cadillac,4,13.0,False,152.0,100.0,273.0,98.0,,,False,,False
4341.863,PER,11,8.0,141.449,42.953,57.7,40.796,1.0,MEDIUM,8.0,True,Cadillac,4,13.0,False,115.0,58.0,196.0,95.0,,,False,,False
4484.986,PER,11,9.0,143.123,44.365,58.947,39.811,1.0,MEDIUM,9.0,True,Cadillac,4,13.0,False,105.0,88.0,246.0,120.0,,,False,,False
4625.158,PER,11,10.0,140.172,46.616,58.783,34.773,1.0,MEDIUM,10.0,True,Cadillac,4,13.0,False,99.0,107.0,217.0,144.0,,,False,,False
4767.564,PER,11,11.0,142.406,46.572,45.727,50.107,1.0,MEDIUM,11.0,True,Cadillac,41,13.0,False,115.0,124.0,278.0,39.0,,,False,,False
4864.515,PER,11,12.0,96.951,33.776,36.869,26.306,1.0,MEDIUM,12.0,True,Cadillac,1,13.0,True,209.0,184.0,272.0,294.0,,,True,TRACK LIMITS AT TURN 11 LAP 12 ,False
4961.12,PER,11,13.0,96.605,34.553,35.995,26.057,1.0,MEDIUM,13.0,True,Cadillac,1,15.0,True,203.0,182.0,279.0,282.0,,,False,,False
5057.691,PER,11,14.0,96.571,34.885,35.611,26.075,1.0,MEDIUM,14.0,True,Cadillac,1,15.0,True,209.0,182.0,276.0,293.0,,,False,,False
5153.905,PER,11,15.0,96.214,34.085,35.75,26.379,1.0,MEDIUM,15.0,True,Cadillac,12,15.0,True,206.0,183.0,277.0,303.0,,,False,,False
5250.309,PER,11,16.0,96.404,34.233,35.989,26.182,1.0,MEDIUM,16.0,True,Cadillac,1,15.0,True,206.0,182.0,278.0,301.0,,,False,,False
5346.745,PER,11,17.0,96.436,34.134,35.977,26.325,1.0,MEDIUM,17.0,True,Cadillac,1,15.0,True,208.0,182.0,276.0,290.0,,,False,,False
5443.303,PER,11,18.0,96.558,34.039,36.051,26.468,1.0,MEDIUM,18.0,True,Cadillac,1,15.0,True,205.0,182.0,275.0,285.0,,,False,,False
5539.708,PER,11,19.0,96.405,34.08,35.893,26.432,1.0,MEDIUM,19.0,True,Cadillac,1,15.0,True,206.0,182.0,278.0,291.0,,,False,,False
5636.206,PER,11,20.0,96.498,34.125,36.033,26.34,1.0,MEDIUM,20.0,True,Cadillac,1,15.0,True,203.0,182.0,278.0,293.0,,,False,,False
5732.726,PER,11,21.0,96.52,34.131,36.094,26.295,1.0,MEDIUM,21.0,True,Cadillac,1,15.0,True,203.0,180.0,280.0,296.0,,,False,,False
5828.981,PER,11,22.0,96.255,33.943,35.882,26.43,1.0,MEDIUM,22.0,True,Cadillac,1,15.0,True,208.0,183.0,276.0,291.0,,,False,,False
5925.598,PER,11,23.0,96.617,34.193,36.081,26.343,1.0,MEDIUM,23.0,True,Cadillac,1,15.0,True,203.0,182.0,280.0,297.0,,,False,,False
6021.951,PER,11,24.0,96.353,33.973,36.086,26.294,1.0,MEDIUM,24.0,True,Cadillac,1,15.0,True,207.0,184.0,278.0,294.0,,,False,,False
6118.683,PER,11,25.0,96.732,34.042,36.314,26.376,1.0,MEDIUM,25.0,True,Cadillac,1,15.0,True,204.0,184.0,276.0,295.0,,,False,,False
6214.961,PER,11,26.0,96.278,33.963,35.878,26.437,1.0,MEDIUM,26.0,True,Cadillac,1,15.0,True,205.0,184.0,277.0,290.0,,,False,,False
6311.346,PER,11,27.0,96.385,33.927,35.978,26.48,1.0,MEDIUM,27.0,True,Cadillac,1,15.0,True,207.0,183.0,278.0,290.0,,,False,,False
6408.265,PER,11,28.0,96.919,34.169,36.368,26.382,1.0,MEDIUM,28.0,True,Cadillac,1,15.0,True,202.0,180.0,281.0,291.0,,,False,,False
6510.547,PER,11,29.0,102.282,34.077,36.082,32.123,1.0,MEDIUM,29.0,True,Cadillac,1,15.0,False,204.0,182.0,,299.0,,6505.241,False,,False
6620.4,PER,11,30.0,109.853,48.761,35.174,25.918,2.0,HARD,1.0,True,Cadillac,1,16.0,False,212.0,188.0,285.0,283.0,6528.425,,False,,False
6715.295,PER,11,31.0,94.895,32.995,35.639,26.261,2.0,HARD,2.0,True,Cadillac,1,16.0,True,211.0,186.0,276.0,290.0,,,False,,False
6810.674,PER,11,32.0,95.379,33.465,35.692,26.222,2.0,HARD,3.0,True,Cadillac,1,16.0,True,208.0,185.0,281.0,284.0,,,False,,False
6905.685,PER,11,33.0,95.011,33.134,35.651,26.226,2.0,HARD,4.0,True,Cadillac,1,16.0,True,211.0,185.0,280.0,286.0,,,False,,False
7000.997,PER,11,34.0,95.312,33.417,35.695,26.2,2.0,HARD,5.0,True,Cadillac,1,16.0,True,209.0,185.0,277.0,295.0,,,False,,False
7096.645,PER,11,35.0,95.648,33.576,35.946,26.126,2.0,HARD,6.0,True,Cadillac,1,16.0,True,206.0,183.0,280.0,295.0,,,False,,False
7194.507,PER,11,36.0,97.862,33.519,36.116,28.227,2.0,HARD,7.0,True,Cadillac,1,16.0,True,208.0,171.0,285.0,279.0,,,False,,False
7290.24,PER,11,37.0,95.733,33.724,35.673,26.336,2.0,HARD,8.0,True,Cadillac,1,16.0,True,205.0,182.0,280.0,281.0,,,False,,False
7385.779,PER,11,38.0,95.539,33.559,35.875,26.105,2.0,HARD,9.0,True,Cadillac,1,16.0,True,208.0,184.0,281.0,297.0,,,False,,False
7481.608,PER,11,39.0,95.829,33.769,35.878,26.182,2.0,HARD,10.0,True,Cadillac,1,16.0,True,206.0,183.0,282.0,289.0,,,False,,False
7578.778,PER,11,40.0,97.17,33.602,36.429,27.139,2.0,HARD,11.0,True,Cadillac,1,16.0,True,207.0,164.0,286.0,260.0,,,False,,False
7676.128,PER,11,41.0,97.35,33.548,37.053,26.749,2.0,HARD,12.0,True,Cadillac,1,16.0,True,211.0,117.0,278.0,296.0,,,False,,False
7772.806,PER,11,42.0,96.678,33.682,36.926,26.07,2.0,HARD,13.0,True,Cadillac,1,15.0,True,208.0,183.0,281.0,304.0,,,False,,False
7869.985,PER,11,43.0,97.179,33.711,37.059,26.409,2.0,HARD,14.0,True,Cadillac,1,15.0,True,208.0,131.0,286.0,304.0,,,False,,False
7965.542,PER,11,44.0,95.557,33.8,35.652,26.105,2.0,HARD,15.0,True,Cadillac,1,15.0,True,206.0,181.0,280.0,300.0,,,False,,False
8061.918,PER,11,45.0,96.376,33.806,36.619,25.951,2.0,HARD,16.0,True,Cadillac,1,15.0,True,205.0,181.0,286.0,304.0,,,False,,False
8158.327,PER,11,46.0,96.409,33.554,36.47,26.385,2.0,HARD,17.0,True,Cadillac,12,15.0,True,206.0,179.0,262.0,305.0,,,False,,False
8255.219,PER,11,47.0,96.892,34.222,36.034,26.636,2.0,HARD,18.0,True,Cadillac,1,15.0,True,206.0,183.0,260.0,296.0,,,False,,False
8351.853,PER,11,48.0,96.634,34.132,36.058,26.444,2.0,HARD,19.0,True,Cadillac,1,15.0,True,208.0,181.0,279.0,298.0,,,False,,False
8448.74,PER,11,49.0,96.887,34.011,36.14,26.736,2.0,HARD,20.0,True,Cadillac,1,15.0,True,209.0,180.0,273.0,296.0,,,False,,False
8545.296,PER,11,50.0,96.556,34.657,35.626,26.273,2.0,HARD,21.0,True,Cadillac,1,15.0,True,208.0,182.0,277.0,302.0,,,False,,False
8641.607,PER,11,51.0,96.311,33.688,35.833,26.79,2.0,HARD,22.0,True,Cadillac,1,16.0,True,206.0,180.0,250.0,311.0,,,False,,False
8737.421,PER,11,52.0,95.814,34.02,35.861,25.933,2.0,HARD,23.0,True,Cadillac,1,16.0,True,206.0,183.0,279.0,302.0,,,False,,False
8832.777,PER,11,53.0,95.356,33.675,35.6,26.081,2.0,HARD,24.0,True,Cadillac,1,16.0,True,211.0,183.0,284.0,299.0,,,False,,False
8928.279,PER,11,54.0,95.502,33.566,35.719,26.217,2.0,HARD,25.0,True,Cadillac,1,16.0,True,209.0,183.0,289.0,294.0,,,False,,False
9023.529,PER,11,55.0,95.25,33.514,35.681,26.055,2.0,HARD,26.0,True,Cadillac,12,16.0,True,211.0,182.0,284.0,306.0,,,False,,False
9118.779,PER,11,56.0,95.25,33.597,35.613,26.04,2.0,HARD,27.0,True,Cadillac,1,16.0,True,207.0,182.0,268.0,318.0,,,False,,False
3539.236,ANT,12,1.0,97.243,,34.209,25.71,1.0,MEDIUM,1.0,True,Mercedes,1,2.0,False,213.0,189.0,267.0,311.0,,,False,,False
3632.172,ANT,12,2.0,92.936,32.563,34.481,25.892,1.0,MEDIUM,2.0,True,Mercedes,1,2.0,True,211.0,188.0,259.0,316.0,,,False,,False
3725.396,ANT,12,3.0,93.224,32.814,34.577,25.833,1.0,MEDIUM,3.0,True,Mercedes,1,2.0,True,210.0,186.0,263.0,310.0,,,False,,False
3818.982,ANT,12,4.0,93.586,32.729,35.095,25.762,1.0,MEDIUM,4.0,True,Mercedes,1,1.0,True,212.0,184.0,283.0,303.0,,,False,,False
3913.584,ANT,12,5.0,94.602,32.893,35.572,26.137,1.0,MEDIUM,5.0,True,Mercedes,12,2.0,True,209.0,186.0,257.0,313.0,,,False,,False
4045.677,ANT,12,6.0,132.093,41.747,51.819,38.527,1.0,MEDIUM,6.0,True,Mercedes,24,3.0,False,85.0,101.0,241.0,92.0,,,False,,False
4182.778,ANT,12,7.0,137.101,40.592,55.122,41.387,1.0,MEDIUM,7.0,True,Mercedes,4,3.0,False,121.0,107.0,226.0,140.0,,,False,,False
4325.406,ANT,12,8.0,142.628,50.121,54.811,37.696,1.0,MEDIUM,8.0,True,Mercedes,4,3.0,False,90.0,80.0,247.0,97.0,,,False,,False
4473.426,ANT,12,9.0,148.02,48.055,56.357,43.608,1.0,MEDIUM,9.0,True,Mercedes,4,3.0,False,157.0,77.0,231.0,169.0,,,False,,False
4612.197,ANT,12,10.0,138.771,48.165,55.71,34.896,1.0,MEDIUM,10.0,True,Mercedes,4,3.0,False,119.0,85.0,207.0,235.0,,,False,,False
4762.357,ANT,12,11.0,,48.216,47.879,54.069,1.0,MEDIUM,11.0,True,Mercedes,41,3.0,False,133.0,118.0,281.0,61.0,,,False,,False
4855.4,ANT,12,12.0,93.043,32.726,34.667,25.65,1.0,MEDIUM,12.0,True,Mercedes,1,3.0,True,215.0,187.0,260.0,320.0,,,False,,False
4948.47,ANT,12,13.0,93.07,32.789,34.815,25.466,1.0,MEDIUM,13.0,True,Mercedes,1,2.0,True,211.0,187.0,273.0,319.0,,,False,,False
5041.784,ANT,12,14.0,93.314,33.294,34.303,25.717,1.0,MEDIUM,14.0,True,Mercedes,1,2.0,True,212.0,186.0,267.0,304.0,,,False,,False
5134.964,ANT,12,15.0,93.18,32.618,34.662,25.9,1.0,MEDIUM,15.0,True,Mercedes,1,2.0,True,209.0,186.0,258.0,313.0,,,False,,False
5228.622,ANT,12,16.0,93.658,32.887,34.798,25.973,1.0,MEDIUM,16.0,True,Mercedes,12,2.0,True,210.0,185.0,260.0,310.0,,,False,,False
5321.675,ANT,12,17.0,93.053,32.586,34.57,25.897,1.0,MEDIUM,17.0,True,Mercedes,1,2.0,True,211.0,185.0,269.0,309.0,,,False,,False
5414.919,ANT,12,18.0,93.244,32.549,34.76,25.935,1.0,MEDIUM,18.0,True,Mercedes,1,2.0,True,211.0,184.0,265.0,311.0,,,False,,False
5508.264,ANT,12,19.0,93.345,32.774,34.648,25.923,1.0,MEDIUM,19.0,True,Mercedes,1,2.0,True,208.0,184.0,269.0,310.0,,,True,TRACK LIMITS AT TURN 5 LAP 19 ,False
5601.275,ANT,12,20.0,93.011,32.577,34.549,25.885,1.0,MEDIUM,20.0,True,Mercedes,1,2.0,True,210.0,184.0,269.0,310.0,,,False,,False
5694.424,ANT,12,21.0,93.149,32.71,34.534,25.905,1.0,MEDIUM,21.0,True,Mercedes,1,2.0,True,211.0,185.0,269.0,309.0,,,False,,False
5787.203,ANT,12,22.0,92.779,32.5,34.488,25.791,1.0,MEDIUM,22.0,True,Mercedes,1,2.0,True,210.0,186.0,269.0,309.0,,,False,,False
5880.197,ANT,12,23.0,92.994,32.513,34.581,25.9,1.0,MEDIUM,23.0,True,Mercedes,1,2.0,True,210.0,184.0,267.0,312.0,,,False,,False
5972.999,ANT,12,24.0,92.802,32.418,34.518,25.866,1.0,MEDIUM,24.0,True,Mercedes,1,2.0,True,212.0,184.0,265.0,314.0,,,False,,False
6066.067,ANT,12,25.0,93.068,32.423,34.87,25.775,1.0,MEDIUM,25.0,True,Mercedes,1,2.0,True,211.0,186.0,267.0,312.0,,,False,,False
6163.951,ANT,12,26.0,97.884,32.448,34.563,30.873,1.0,MEDIUM,26.0,True,Mercedes,1,2.0,False,209.0,184.0,,313.0,,6158.637,False,,False
6269.552,ANT,12,27.0,105.601,46.283,34.093,25.225,2.0,HARD,1.0,True,Mercedes,1,4.0,False,218.0,188.0,266.0,326.0,6180.687,,False,,False
6362.466,ANT,12,28.0,92.914,32.308,34.583,26.023,2.0,HARD,2.0,True,Mercedes,1,2.0,True,216.0,185.0,258.0,292.0,,,False,,False
6454.797,ANT,12,29.0,92.331,32.558,33.975,25.798,2.0,HARD,3.0,True,Mercedes,1,1.0,True,214.0,187.0,275.0,290.0,,,False,,False
6547.007,ANT,12,30.0,92.21,32.108,34.411,25.691,2.0,HARD,4.0,True,Mercedes,1,1.0,True,212.0,187.0,272.0,301.0,,,False,,False
6639.265,ANT,12,31.0,92.258,31.992,34.515,25.751,2.0,HARD,5.0,True,Mercedes,1,1.0,True,212.0,187.0,273.0,301.0,,,False,,False
6731.311,ANT,12,32.0,92.046,32.068,34.325,25.653,2.0,HARD,6.0,True,Mercedes,1,1.0,True,213.0,187.0,273.0,309.0,,,False,,False
6823.424,ANT,12,33.0,92.113,32.066,34.475,25.572,2.0,HARD,7.0,True,Mercedes,1,1.0,True,212.0,186.0,273.0,309.0,,,False,,False
6915.392,ANT,12,34.0,91.968,31.959,34.466,25.543,2.0,HARD,8.0,True,Mercedes,1,1.0,True,211.0,187.0,271.0,312.0,,,False,,False
7007.879,ANT,12,35.0,92.487,32.212,34.578,25.697,2.0,HARD,9.0,True,Mercedes,1,1.0,True,214.0,186.0,268.0,304.0,,,False,,False
7100.233,ANT,12,36.0,92.354,32.185,34.587,25.582,2.0,HARD,10.0,True,Mercedes,1,1.0,True,212.0,185.0,274.0,313.0,,,False,,False
7192.716,ANT,12,37.0,92.483,32.188,34.704,25.591,2.0,HARD,11.0,True,Mercedes,1,1.0,True,211.0,183.0,279.0,312.0,,,False,,False
7285.139,ANT,12,38.0,92.423,32.221,34.621,25.581,2.0,HARD,12.0,True,Mercedes,1,1.0,True,211.0,185.0,275.0,311.0,,,False,,False
7377.521,ANT,12,39.0,92.382,32.232,34.598,25.552,2.0,HARD,13.0,True,Mercedes,1,1.0,True,214.0,187.0,278.0,313.0,,,False,,False
7470.399,ANT,12,40.0,92.878,32.548,34.608,25.722,2.0,HARD,14.0,True,Mercedes,1,1.0,True,213.0,186.0,275.0,317.0,,,False,,False
7562.73,ANT,12,41.0,92.331,32.274,34.579,25.478,2.0,HARD,15.0,True,Mercedes,1,1.0,True,211.0,186.0,284.0,309.0,,,False,,False
7655.226,ANT,12,42.0,92.496,32.173,34.72,25.603,2.0,HARD,16.0,True,Mercedes,1,1.0,True,213.0,186.0,278.0,311.0,,,False,,False
7747.412,ANT,12,43.0,92.186,32.087,34.567,25.532,2.0,HARD,17.0,True,Mercedes,1,1.0,True,210.0,185.0,277.0,314.0,,,False,,False
7839.623,ANT,12,44.0,92.211,32.144,34.561,25.506,2.0,HARD,18.0,True,Mercedes,1,1.0,True,213.0,185.0,279.0,319.0,,,False,,False
7932.022,ANT,12,45.0,92.399,32.121,34.66,25.618,2.0,HARD,19.0,True,Mercedes,1,1.0,True,213.0,186.0,278.0,311.0,,,True,TRACK LIMITS AT TURN 11 LAP 45 ,False
8024.553,ANT,12,46.0,92.531,32.103,34.801,25.627,2.0,HARD,20.0,True,Mercedes,1,1.0,True,211.0,185.0,279.0,314.0,,,False,,False
8117.335,ANT,12,47.0,92.782,32.714,34.489,25.579,2.0,HARD,21.0,True,Mercedes,1,1.0,True,211.0,186.0,276.0,313.0,,,False,,False
8209.712,ANT,12,48.0,92.377,32.149,34.682,25.546,2.0,HARD,22.0,True,Mercedes,12,1.0,True,214.0,185.0,278.0,314.0,,,False,,False
8301.955,ANT,12,49.0,92.243,32.084,34.65,25.509,2.0,HARD,23.0,True,Mercedes,1,1.0,True,212.0,185.0,276.0,317.0,,,False,,False
8394.052,ANT,12,50.0,92.097,32.102,34.587,25.408,2.0,HARD,24.0,True,Mercedes,1,1.0,True,213.0,186.0,281.0,320.0,,,False,,False
8486.47,ANT,12,51.0,92.418,32.144,34.714,25.56,2.0,HARD,25.0,True,Mercedes,1,1.0,True,213.0,186.0,281.0,321.0,,,False,,False
8578.897,ANT,12,52.0,92.427,32.267,34.588,25.572,2.0,HARD,26.0,True,Mercedes,1,1.0,True,210.0,186.0,274.0,314.0,,,False,,False
8671.251,ANT,12,53.0,92.354,32.07,34.676,25.608,2.0,HARD,27.0,True,Mercedes,1,1.0,True,212.0,185.0,273.0,316.0,,,False,,False
8763.237,ANT,12,54.0,91.986,32.04,34.599,25.347,2.0,HARD,28.0,True,Mercedes,1,1.0,True,213.0,186.0,281.0,321.0,,,False,,False
8855.584,ANT,12,55.0,92.347,32.376,34.451,25.52,2.0,HARD,29.0,True,Mercedes,1,1.0,True,211.0,186.0,276.0,315.0,,,False,,False
8948.17,ANT,12,56.0,92.586,32.122,34.808,25.656,2.0,HARD,30.0,True,Mercedes,1,1.0,True,213.0,186.0,279.0,316.0,,,False,,False
9041.262,ANT,12,57.0,93.092,32.418,34.81,25.864,2.0,HARD,31.0,True,Mercedes,12,1.0,True,214.0,186.0,269.0,322.0,,,False,,False
3551.945,ALO,14,1.0,109.952,,38.503,27.007,1.0,MEDIUM,1.0,True,Aston Martin,1,20.0,False,200.0,181.0,263.0,297.0,,,False,,False
3648.572,ALO,14,2.0,96.627,34.472,35.834,26.321,1.0,MEDIUM,2.0,True,Aston Martin,1,20.0,True,204.0,180.0,271.0,304.0,,,False,,False
3745.077,ALO,14,3.0,96.505,34.435,35.967,26.103,1.0,MEDIUM,3.0,True,Aston Martin,1,20.0,True,203.0,181.0,273.0,299.0,,,False,,False
3841.527,ALO,14,4.0,96.45,34.101,36.003,26.346,1.0,MEDIUM,4.0,True,Aston Martin,1,20.0,True,204.0,181.0,275.0,302.0,,,False,,False
3941.669,ALO,14,5.0,100.142,33.915,36.24,29.987,1.0,MEDIUM,5.0,True,Aston Martin,124,17.0,False,205.0,180.0,102.0,278.0,,,False,,False
4076.851,ALO,14,6.0,135.182,44.673,51.274,39.235,1.0,MEDIUM,6.0,True,Aston Martin,4,17.0,False,186.0,150.0,221.0,84.0,,,False,,False
4206.807,ALO,14,7.0,129.956,39.034,49.822,41.1,1.0,MEDIUM,7.0,True,Aston Martin,4,17.0,False,171.0,136.0,214.0,105.0,,,False,,False
4349.188,ALO,14,8.0,142.381,40.614,59.926,41.841,1.0,MEDIUM,8.0,True,Aston Martin,4,17.0,False,155.0,50.0,220.0,108.0,,,False,,False
4491.417,ALO,14,9.0,142.229,40.463,63.484,38.282,1.0,MEDIUM,9.0,True,Aston Martin,4,17.0,False,136.0,107.0,215.0,209.0,,,False,,False
4631.612,ALO,14,10.0,140.195,44.824,60.795,34.576,1.0,MEDIUM,10.0,True,Aston Martin,4,17.0,False,92.0,69.0,215.0,240.0,,,False,,False
4769.427,ALO,14,11.0,137.815,44.428,48.072,45.315,1.0,MEDIUM,11.0,True,Aston Martin,41,17.0,False,137.0,160.0,278.0,40.0,,,False,,False
4866.227,ALO,14,12.0,96.8,34.086,36.435,26.279,1.0,MEDIUM,12.0,True,Aston Martin,1,17.0,True,206.0,180.0,282.0,289.0,,,False,,False
4962.576,ALO,14,13.0,96.349,34.305,35.916,26.128,1.0,MEDIUM,13.0,True,Aston Martin,1,17.0,True,203.0,180.0,275.0,303.0,,,False,,False
5059.058,ALO,14,14.0,96.482,34.407,35.928,26.147,1.0,MEDIUM,14.0,True,Aston Martin,1,17.0,True,208.0,179.0,263.0,311.0,,,False,,False
5156.693,ALO,14,15.0,97.635,35.336,36.016,26.283,1.0,MEDIUM,15.0,True,Aston Martin,12,17.0,True,203.0,180.0,268.0,311.0,,,False,,False
5252.836,ALO,14,16.0,96.143,33.918,35.931,26.294,1.0,MEDIUM,16.0,True,Aston Martin,1,17.0,True,197.0,180.0,271.0,304.0,,,False,,False
5349.289,ALO,14,17.0,96.453,33.761,36.262,26.43,1.0,MEDIUM,17.0,True,Aston Martin,1,17.0,True,201.0,180.0,271.0,297.0,,,False,,False
5446.228,ALO,14,18.0,96.939,34.132,36.336,26.471,1.0,MEDIUM,18.0,True,Aston Martin,1,17.0,True,194.0,179.0,270.0,304.0,,,False,,False
5543.064,ALO,14,19.0,96.836,34.232,36.064,26.54,1.0,MEDIUM,19.0,True,Aston Martin,1,17.0,True,204.0,181.0,272.0,303.0,,,False,,False
5639.285,ALO,14,20.0,96.221,33.989,35.784,26.448,1.0,MEDIUM,20.0,True,Aston Martin,1,16.0,True,203.0,181.0,270.0,299.0,,,False,,False
5735.846,ALO,14,21.0,96.561,33.714,36.197,26.65,1.0,MEDIUM,21.0,True,Aston Martin,1,16.0,True,203.0,181.0,272.0,292.0,,,False,,False
5832.14,ALO,14,22.0,96.294,33.715,36.016,26.563,1.0,MEDIUM,22.0,True,Aston Martin,1,16.0,True,198.0,181.0,269.0,295.0,,,False,,False
5928.526,ALO,14,23.0,96.386,33.654,36.078,26.654,1.0,MEDIUM,23.0,True,Aston Martin,1,16.0,True,201.0,182.0,266.0,294.0,,,True,TRACK LIMITS AT TURN 5 LAP 23 ,False
6025.192,ALO,14,24.0,96.666,33.735,36.178,26.753,1.0,MEDIUM,24.0,True,Aston Martin,1,16.0,True,201.0,181.0,271.0,293.0,,,False,,False
6121.669,ALO,14,25.0,96.477,33.469,36.274,26.734,1.0,MEDIUM,25.0,True,Aston Martin,1,16.0,True,202.0,182.0,269.0,293.0,,,False,,False
6217.938,ALO,14,26.0,96.269,33.537,35.955,26.777,1.0,MEDIUM,26.0,True,Aston Martin,1,16.0,True,203.0,182.0,271.0,292.0,,,False,,False
6314.009,ALO,14,27.0,96.071,33.539,35.912,26.62,1.0,MEDIUM,27.0,True,Aston Martin,1,16.0,True,203.0,183.0,273.0,295.0,,,False,,False
6409.994,ALO,14,28.0,95.985,33.452,35.977,26.556,1.0,MEDIUM,28.0,True,Aston Martin,1,16.0,True,203.0,183.0,270.0,296.0,,,False,,False
6506.074,ALO,14,29.0,96.08,33.629,35.917,26.534,1.0,MEDIUM,29.0,True,Aston Martin,1,14.0,True,202.0,182.0,271.0,297.0,,,True,TRACK LIMITS AT TURN 5 LAP 29 ,False
6602.265,ALO,14,30.0,96.191,33.74,35.868,26.583,1.0,MEDIUM,30.0,True,Aston Martin,1,14.0,True,198.0,183.0,270.0,292.0,,,False,,False
6698.655,ALO,14,31.0,96.39,33.697,35.938,26.755,1.0,MEDIUM,31.0,True,Aston Martin,1,14.0,True,201.0,182.0,266.0,289.0,,,False,,False
6794.99,ALO,14,32.0,96.335,33.567,35.876,26.892,1.0,MEDIUM,32.0,True,Aston Martin,1,14.0,True,201.0,182.0,271.0,288.0,,,False,,False
6891.698,ALO,14,33.0,96.708,33.582,36.656,26.47,1.0,MEDIUM,33.0,True,Aston Martin,1,15.0,True,200.0,181.0,275.0,307.0,,,False,,False
6987.342,ALO,14,34.0,95.644,33.555,35.827,26.262,1.0,MEDIUM,34.0,True,Aston Martin,1,15.0,True,203.0,182.0,272.0,307.0,,,False,,False
7083.885,ALO,14,35.0,96.543,33.832,36.031,26.68,1.0,MEDIUM,35.0,True,Aston Martin,1,15.0,True,204.0,180.0,272.0,289.0,,,False,,False
7180.336,ALO,14,36.0,96.451,33.604,36.152,26.695,1.0,MEDIUM,36.0,True,Aston Martin,1,15.0,True,200.0,182.0,270.0,293.0,,,False,,False
7276.894,ALO,14,37.0,96.558,33.619,36.103,26.836,1.0,MEDIUM,37.0,True,Aston Martin,1,15.0,True,203.0,182.0,265.0,287.0,,,False,,False
7373.764,ALO,14,38.0,96.87,33.803,36.135,26.932,1.0,MEDIUM,38.0,True,Aston Martin,1,15.0,True,205.0,183.0,270.0,289.0,,,False,,False
7470.158,ALO,14,39.0,96.394,33.528,35.997,26.869,1.0,MEDIUM,39.0,True,Aston Martin,1,15.0,True,204.0,182.0,266.0,289.0,,,False,,False
7567.875,ALO,14,40.0,97.717,35.001,35.835,26.881,1.0,MEDIUM,40.0,True,Aston Martin,1,15.0,True,201.0,180.0,259.0,293.0,,,False,,False
7669.664,ALO,14,41.0,101.789,33.744,36.309,31.736,1.0,MEDIUM,41.0,True,Aston Martin,1,15.0,False,202.0,181.0,,290.0,,7664.258,False,,False
7779.011,ALO,14,42.0,109.347,47.823,35.177,26.347,2.0,SOFT,1.0,True,Aston Martin,1,16.0,False,209.0,184.0,269.0,295.0,7687.56,,False,,False
7874.561,ALO,14,43.0,95.55,33.03,35.525,26.995,2.0,SOFT,2.0,True,Aston Martin,1,16.0,True,209.0,179.0,279.0,275.0,,,False,,False
7968.073,ALO,14,44.0,93.512,32.733,35.079,25.7,2.0,SOFT,3.0,True,Aston Martin,1,16.0,True,207.0,185.0,274.0,316.0,,,True,TRACK LIMITS AT TURN 5 LAP 44 ,False
8062.667,ALO,14,45.0,94.594,33.059,35.618,25.917,2.0,SOFT,4.0,True,Aston Martin,1,16.0,True,207.0,183.0,277.0,306.0,,,False,,False
8159.056,ALO,14,46.0,96.389,33.197,36.452,26.74,2.0,SOFT,5.0,True,Aston Martin,12,16.0,True,208.0,183.0,269.0,329.0,,,True,TRACK LIMITS AT TURN 17 LAP 46 ,False
8255.247,ALO,14,47.0,96.191,33.84,36.147,26.204,2.0,SOFT,6.0,True,Aston Martin,1,16.0,True,204.0,182.0,277.0,291.0,,,False,,False
8352.012,ALO,14,48.0,96.765,34.601,36.054,26.11,2.0,SOFT,7.0,True,Aston Martin,1,16.0,True,207.0,182.0,282.0,295.0,,,False,,False
8449.689,ALO,14,49.0,97.677,34.196,36.34,27.141,2.0,SOFT,8.0,True,Aston Martin,1,16.0,True,206.0,179.0,259.0,266.0,,,False,,False
8545.805,ALO,14,50.0,96.116,34.269,35.73,26.117,2.0,SOFT,9.0,True,Aston Martin,1,16.0,True,208.0,182.0,256.0,302.0,,,False,,False
8640.964,ALO,14,51.0,95.159,33.589,35.796,25.774,2.0,SOFT,10.0,True,Aston Martin,1,15.0,True,211.0,183.0,259.0,319.0,,,False,,False
8736.055,ALO,14,52.0,95.091,33.052,35.804,26.235,2.0,SOFT,11.0,True,Aston Martin,1,15.0,True,208.0,184.0,272.0,294.0,,,False,,False
8831.07,ALO,14,53.0,95.015,32.89,35.866,26.259,2.0,SOFT,12.0,True,Aston Martin,1,15.0,True,206.0,186.0,275.0,291.0,,,False,,False
8926.04,ALO,14,54.0,94.97,32.731,36.012,26.227,2.0,SOFT,13.0,True,Aston Martin,1,15.0,True,207.0,186.0,274.0,293.0,,,False,,False
9020.984,ALO,14,55.0,94.944,32.754,35.922,26.268,2.0,SOFT,14.0,True,Aston Martin,12,15.0,True,209.0,186.0,271.0,292.0,,,False,,False
9116.23,ALO,14,56.0,95.246,32.89,35.877,26.479,2.0,SOFT,15.0,True,Aston Martin,1,15.0,True,209.0,185.0,269.0,275.0,,,False,,False
3538.087,LEC,16,1.0,96.094,,34.486,26.068,1.0,MEDIUM,1.0,True,Ferrari,1,1.0,False,211.0,188.0,268.0,287.0,,,False,,False
3631.123,LEC,16,2.0,93.036,32.306,34.696,26.034,1.0,MEDIUM,2.0,True,Ferrari,1,1.0,True,212.0,187.0,265.0,298.0,,,False,,False
3724.48,LEC,16,3.0,93.357,32.59,34.697,26.07,1.0,MEDIUM,3.0,True,Ferrari,1,1.0,True,209.0,187.0,270.0,298.0,,,False,,False
3819.21,LEC,16,4.0,94.73,32.82,35.26,26.65,1.0,MEDIUM,4.0,True,Ferrari,1,2.0,True,210.0,185.0,275.0,293.0,,,False,,False
3912.907,LEC,16,5.0,93.697,33.187,34.271,26.239,1.0,MEDIUM,5.0,True,Ferrari,12,1.0,True,211.0,183.0,267.0,299.0,,,False,,False
4042.37,LEC,16,6.0,129.463,39.229,52.226,38.008,1.0,MEDIUM,6.0,True,Ferrari,24,1.0,False,93.0,140.0,270.0,117.0,,,False,,False
4180.384,LEC,16,7.0,138.014,41.184,55.067,41.763,1.0,MEDIUM,7.0,True,Ferrari,4,1.0,False,136.0,139.0,176.0,137.0,,,False,,False
4323.192,LEC,16,8.0,142.808,49.733,53.527,39.548,1.0,MEDIUM,8.0,True,Ferrari,4,1.0,False,142.0,144.0,175.0,147.0,,,False,,False
4470.676,LEC,16,9.0,147.484,47.881,55.025,44.578,1.0,MEDIUM,9.0,True,Ferrari,4,1.0,False,171.0,106.0,194.0,144.0,,,False,,False
4609.438,LEC,16,10.0,138.762,48.254,54.401,36.107,1.0,MEDIUM,10.0,True,Ferrari,4,1.0,False,162.0,116.0,218.0,162.0,,,False,,False
4761.3,LEC,16,11.0,,48.092,48.067,55.734,1.0,MEDIUM,11.0,True,Ferrari,41,1.0,False,178.0,142.0,284.0,64.0,,,False,,False
4854.178,LEC,16,12.0,92.878,32.29,34.628,25.96,1.0,MEDIUM,12.0,True,Ferrari,1,1.0,True,213.0,188.0,270.0,296.0,,,False,,False
4948.559,LEC,16,13.0,94.381,32.533,35.784,26.064,1.0,MEDIUM,13.0,True,Ferrari,1,3.0,True,212.0,185.0,282.0,302.0,,,False,,False
5042.303,LEC,16,14.0,93.744,32.501,35.49,25.753,1.0,MEDIUM,14.0,True,Ferrari,1,3.0,True,210.0,185.0,276.0,315.0,,,False,,False
5135.863,LEC,16,15.0,93.56,32.977,34.789,25.794,1.0,MEDIUM,15.0,True,Ferrari,1,3.0,True,206.0,183.0,250.0,312.0,,,False,,False
5229.399,LEC,16,16.0,93.536,33.073,34.727,25.736,1.0,MEDIUM,16.0,True,Ferrari,12,3.0,True,212.0,184.0,277.0,311.0,,,False,,False
5324.856,LEC,16,17.0,95.457,34.048,35.517,25.892,1.0,MEDIUM,17.0,True,Ferrari,1,3.0,True,169.0,184.0,274.0,309.0,,,False,,False
5418.548,LEC,16,18.0,93.692,32.874,34.835,25.983,1.0,MEDIUM,18.0,True,Ferrari,1,3.0,True,211.0,185.0,275.0,306.0,,,False,,False
5512.087,LEC,16,19.0,93.539,32.757,34.899,25.883,1.0,MEDIUM,19.0,True,Ferrari,1,3.0,True,210.0,185.0,275.0,306.0,,,False,,False
5605.776,LEC,16,20.0,93.689,32.831,34.98,25.878,1.0,MEDIUM,20.0,True,Ferrari,1,3.0,True,210.0,185.0,278.0,305.0,,,False,,False
5704.28,LEC,16,21.0,98.504,32.83,34.697,30.977,1.0,MEDIUM,21.0,True,Ferrari,1,5.0,False,209.0,186.0,,303.0,,5698.981,False,,False
5813.255,LEC,16,22.0,108.975,48.356,35.418,25.201,2.0,HARD,1.0,True,Ferrari,1,11.0,False,214.0,186.0,288.0,312.0,5722.343,,False,,False
5907.141,LEC,16,23.0,93.886,32.676,34.841,26.369,2.0,HARD,2.0,True,Ferrari,1,10.0,True,206.0,185.0,275.0,320.0,,,False,,False
6000.729,LEC,16,24.0,93.588,32.758,35.473,25.357,2.0,HARD,3.0,True,Ferrari,1,9.0,True,207.0,186.0,285.0,319.0,,,False,,False
6093.715,LEC,16,25.0,92.986,32.642,34.901,25.443,2.0,HARD,4.0,True,Ferrari,1,9.0,True,212.0,185.0,289.0,316.0,,,False,,False
6187.62,LEC,16,26.0,93.905,32.807,35.61,25.488,2.0,HARD,5.0,True,Ferrari,1,8.0,True,211.0,185.0,275.0,310.0,,,False,,False
6280.542,LEC,16,27.0,92.922,32.69,34.645,25.587,2.0,HARD,6.0,True,Ferrari,1,8.0,True,208.0,184.0,280.0,312.0,,,False,,False
6373.194,LEC,16,28.0,92.652,32.567,34.436,25.649,2.0,HARD,7.0,True,Ferrari,1,7.0,True,211.0,183.0,276.0,319.0,,,False,,False
6465.98,LEC,16,29.0,92.786,32.732,34.512,25.542,2.0,HARD,8.0,True,Ferrari,1,6.0,True,210.0,184.0,289.0,316.0,,,False,,False
6559.396,LEC,16,30.0,93.416,33.182,34.743,25.491,2.0,HARD,9.0,True,Ferrari,1,6.0,True,212.0,185.0,289.0,322.0,,,False,,False
6652.341,LEC,16,31.0,92.945,32.711,34.453,25.781,2.0,HARD,10.0,True,Ferrari,1,4.0,True,213.0,185.0,273.0,311.0,,,False,,False
6745.336,LEC,16,32.0,92.995,32.55,34.623,25.822,2.0,HARD,11.0,True,Ferrari,1,4.0,True,211.0,184.0,278.0,305.0,,,False,,False
6838.411,LEC,16,33.0,93.075,32.527,34.697,25.851,2.0,HARD,12.0,True,Ferrari,1,4.0,True,210.0,184.0,277.0,304.0,,,False,,False
6931.382,LEC,16,34.0,92.971,32.48,34.729,25.762,2.0,HARD,13.0,True,Ferrari,1,4.0,True,212.0,182.0,279.0,305.0,,,False,,False
7024.375,LEC,16,35.0,92.993,32.362,34.904,25.727,2.0,HARD,14.0,True,Ferrari,1,4.0,True,207.0,184.0,280.0,306.0,,,False,,False
7117.254,LEC,16,36.0,92.879,32.476,34.717,25.686,2.0,HARD,15.0,True,Ferrari,1,4.0,True,212.0,183.0,281.0,307.0,,,False,,False
7210.409,LEC,16,37.0,93.155,32.388,35.012,25.755,2.0,HARD,16.0,True,Ferrari,1,4.0,True,209.0,182.0,280.0,305.0,,,False,,False
7303.402,LEC,16,38.0,92.993,32.393,34.915,25.685,2.0,HARD,17.0,True,Ferrari,1,4.0,True,213.0,185.0,280.0,304.0,,,False,,False
7396.157,LEC,16,39.0,92.755,32.401,34.698,25.656,2.0,HARD,18.0,True,Ferrari,1,4.0,True,213.0,186.0,281.0,307.0,,,False,,False
7488.924,LEC,16,40.0,92.767,32.366,34.653,25.748,2.0,HARD,19.0,True,Ferrari,1,4.0,True,210.0,184.0,280.0,307.0,,,False,,False
7581.61,LEC,16,41.0,92.686,32.341,34.73,25.615,2.0,HARD,20.0,True,Ferrari,1,4.0,True,213.0,184.0,281.0,307.0,,,False,,False
7674.652,LEC,16,42.0,93.042,32.45,34.911,25.681,2.0,HARD,21.0,True,Ferrari,1,4.0,True,212.0,186.0,283.0,306.0,,,False,,False
7767.264,LEC,16,43.0,92.612,32.264,34.738,25.61,2.0,HARD,22.0,True,Ferrari,1,4.0,True,213.0,184.0,284.0,310.0,,,False,,False
7859.779,LEC,16,44.0,92.515,32.323,34.622,25.57,2.0,HARD,23.0,True,Ferrari,1,4.0,True,213.0,182.0,283.0,311.0,,,False,,False
7952.653,LEC,16,45.0,92.874,32.502,34.867,25.505,2.0,HARD,24.0,True,Ferrari,1,4.0,True,212.0,184.0,280.0,315.0,,,False,,False
8046.121,LEC,16,46.0,93.468,32.72,34.919,25.829,2.0,HARD,25.0,True,Ferrari,1,4.0,True,209.0,181.0,291.0,309.0,,,False,,False
8139.799,LEC,16,47.0,93.678,33.285,34.361,26.032,2.0,HARD,26.0,True,Ferrari,1,3.0,True,212.0,185.0,288.0,300.0,,,False,,False
8232.691,LEC,16,48.0,92.892,32.22,34.846,25.826,2.0,HARD,27.0,True,Ferrari,12,3.0,True,213.0,183.0,274.0,304.0,,,False,,False
8325.425,LEC,16,49.0,92.734,32.36,34.61,25.764,2.0,HARD,28.0,True,Ferrari,1,3.0,True,212.0,185.0,281.0,306.0,,,False,,False
8417.991,LEC,16,50.0,92.566,32.222,34.621,25.723,2.0,HARD,29.0,True,Ferrari,1,3.0,True,213.0,185.0,283.0,311.0,,,False,,False
8510.569,LEC,16,51.0,92.578,32.062,34.705,25.811,2.0,HARD,30.0,True,Ferrari,1,3.0,True,212.0,186.0,281.0,307.0,,,False,,False
8603.148,LEC,16,52.0,92.579,32.144,34.812,25.623,2.0,HARD,31.0,True,Ferrari,1,3.0,True,212.0,186.0,284.0,309.0,,,False,,False
8695.827,LEC,16,53.0,92.679,32.17,34.722,25.787,2.0,HARD,32.0,True,Ferrari,1,3.0,True,213.0,185.0,285.0,313.0,,,False,,False
8788.494,LEC,16,54.0,92.667,32.188,34.697,25.782,2.0,HARD,33.0,True,Ferrari,1,3.0,True,212.0,186.0,281.0,306.0,,,False,,False
8881.435,LEC,16,55.0,92.941,32.136,35.017,25.788,2.0,HARD,34.0,True,Ferrari,1,3.0,True,214.0,186.0,280.0,305.0,,,False,,False
8975.646,LEC,16,56.0,94.211,32.217,35.405,26.589,2.0,HARD,35.0,True,Ferrari,1,4.0,True,215.0,186.0,277.0,293.0,,,False,,False
9085.48,LEC,16,57.0,109.834,41.346,40.868,27.62,2.0,HARD,36.0,True,Ferrari,12,6.0,True,206.0,180.0,214.0,277.0,,,True,TRACK LIMITS AT TURN 7 LAP 57 ,False
3549.624,STR,18,1.0,107.631,,38.092,26.585,1.0,MEDIUM,1.0,True,Aston Martin,1,16.0,False,204.0,183.0,266.0,297.0,,,False,,False
3646.193,STR,18,2.0,96.569,34.568,36.011,25.99,1.0,MEDIUM,2.0,True,Aston Martin,1,16.0,True,207.0,182.0,267.0,315.0,,,False,,False
3743.212,STR,18,3.0,97.019,34.324,36.037,26.658,1.0,MEDIUM,3.0,True,Aston Martin,1,17.0,True,205.0,182.0,271.0,291.0,,,False,,False
3839.63,STR,18,4.0,96.418,34.128,35.764,26.526,1.0,MEDIUM,4.0,True,Aston Martin,1,17.0,True,206.0,183.0,266.0,303.0,,,False,,False
3938.824,STR,18,5.0,99.194,33.807,37.093,28.294,1.0,MEDIUM,5.0,True,Aston Martin,124,16.0,False,205.0,181.0,178.0,278.0,,,False,,False
4075.546,STR,18,6.0,136.722,45.722,51.938,39.062,1.0,MEDIUM,6.0,True,Aston Martin,4,16.0,False,196.0,151.0,256.0,82.0,,,False,,False
4204.051,STR,18,7.0,128.505,38.383,48.857,41.265,1.0,MEDIUM,7.0,True,Aston Martin,4,15.0,False,170.0,113.0,218.0,98.0,,,False,,False
4345.509,STR,18,8.0,141.458,41.308,59.376,40.774,1.0,MEDIUM,8.0,True,Aston Martin,4,15.0,False,117.0,55.0,212.0,102.0,,,False,,False
4488.156,STR,18,9.0,142.647,42.959,60.632,39.056,1.0,MEDIUM,9.0,True,Aston Martin,4,15.0,False,109.0,79.0,214.0,172.0,,,False,,False
4627.332,STR,18,10.0,139.176,45.681,59.716,33.779,1.0,MEDIUM,10.0,True,Aston Martin,4,15.0,False,106.0,92.0,256.0,147.0,,,False,,False
4768.502,STR,18,11.0,141.17,46.719,46.079,48.372,1.0,MEDIUM,11.0,True,Aston Martin,41,15.0,False,142.0,164.0,279.0,38.0,,,False,,False
4865.944,STR,18,12.0,97.442,34.243,36.78,26.419,1.0,MEDIUM,12.0,True,Aston Martin,1,16.0,True,206.0,183.0,267.0,306.0,,,False,,False
4962.029,STR,18,13.0,96.085,34.162,35.757,26.166,1.0,MEDIUM,13.0,True,Aston Martin,1,16.0,True,205.0,181.0,263.0,308.0,,,False,,False
5058.611,STR,18,14.0,96.582,34.558,35.87,26.154,1.0,MEDIUM,14.0,True,Aston Martin,1,16.0,True,204.0,180.0,268.0,311.0,,,False,,False
5159.564,STR,18,15.0,100.953,34.239,36.064,30.65,1.0,MEDIUM,15.0,True,Aston Martin,12,18.0,True,204.0,181.0,264.0,306.0,,,True,TRACK LIMITS AT TURN 17 LAP 15 ,False
5256.538,STR,18,16.0,96.974,34.067,36.17,26.737,1.0,MEDIUM,16.0,True,Aston Martin,1,18.0,True,206.0,181.0,271.0,294.0,,,False,,False
5352.909,STR,18,17.0,96.371,33.661,36.11,26.6,1.0,MEDIUM,17.0,True,Aston Martin,1,18.0,True,205.0,182.0,268.0,296.0,,,True,TRACK LIMITS AT TURN 5 LAP 17 ,False
5449.448,STR,18,18.0,96.539,33.809,36.077,26.653,1.0,MEDIUM,18.0,True,Aston Martin,1,18.0,True,207.0,183.0,269.0,296.0,,,False,,False
5546.47,STR,18,19.0,97.022,33.863,36.318,26.841,1.0,MEDIUM,19.0,True,Aston Martin,1,18.0,True,205.0,182.0,266.0,294.0,,,False,,False
5643.321,STR,18,20.0,96.851,33.896,36.208,26.747,1.0,MEDIUM,20.0,True,Aston Martin,1,18.0,True,205.0,182.0,267.0,295.0,,,False,,False
5744.764,STR,18,21.0,101.443,33.888,36.193,31.362,1.0,MEDIUM,21.0,True,Aston Martin,1,18.0,False,204.0,182.0,,301.0,,5739.713,False,,False
5855.293,STR,18,22.0,110.529,48.548,35.778,26.203,2.0,SOFT,4.0,False,Aston Martin,1,18.0,False,208.0,186.0,270.0,296.0,5762.375,,False,,False
5950.683,STR,18,23.0,95.39,33.294,36.086,26.01,2.0,SOFT,5.0,False,Aston Martin,1,17.0,True,207.0,186.0,263.0,313.0,,,False,,False
6047.824,STR,18,24.0,97.141,33.858,36.545,26.738,2.0,SOFT,6.0,False,Aston Martin,1,17.0,True,207.0,185.0,269.0,288.0,,,False,,False
6143.745,STR,18,25.0,95.921,33.309,36.026,26.586,2.0,SOFT,7.0,False,Aston Martin,1,17.0,True,206.0,184.0,263.0,289.0,,,False,,False
6239.769,STR,18,26.0,96.024,33.577,35.856,26.591,2.0,SOFT,8.0,False,Aston Martin,1,17.0,True,206.0,184.0,268.0,288.0,,,False,,False
6335.587,STR,18,27.0,95.818,33.286,35.845,26.687,2.0,SOFT,9.0,False,Aston Martin,1,17.0,True,207.0,185.0,265.0,288.0,,,False,,False
6431.529,STR,18,28.0,95.942,33.275,35.903,26.764,2.0,SOFT,10.0,False,Aston Martin,1,17.0,True,207.0,185.0,265.0,287.0,,,False,,False
6527.302,STR,18,29.0,95.773,33.29,35.863,26.62,2.0,SOFT,11.0,False,Aston Martin,1,17.0,True,207.0,185.0,267.0,289.0,,,False,,False
6622.807,STR,18,30.0,95.505,33.513,35.585,26.407,2.0,SOFT,12.0,False,Aston Martin,1,17.0,True,206.0,185.0,269.0,295.0,,,False,,False
6718.239,STR,18,31.0,95.432,33.281,35.645,26.506,2.0,SOFT,13.0,False,Aston Martin,1,17.0,True,208.0,184.0,269.0,292.0,,,False,,False
6813.84,STR,18,32.0,95.601,33.349,35.696,26.556,2.0,SOFT,14.0,False,Aston Martin,1,17.0,True,206.0,184.0,271.0,292.0,,,False,,False
6909.043,STR,18,33.0,95.203,33.156,35.638,26.409,2.0,SOFT,15.0,False,Aston Martin,1,17.0,True,207.0,185.0,270.0,294.0,,,False,,False
7004.892,STR,18,34.0,95.849,33.385,35.928,26.536,2.0,SOFT,16.0,False,Aston Martin,1,17.0,True,206.0,184.0,271.0,292.0,,,False,,False
7103.405,STR,18,35.0,98.513,33.348,38.795,26.37,2.0,SOFT,17.0,False,Aston Martin,1,17.0,True,207.0,181.0,275.0,303.0,,,False,,False
7199.423,STR,18,36.0,96.018,33.5,35.993,26.525,2.0,SOFT,18.0,False,Aston Martin,1,17.0,True,206.0,182.0,270.0,295.0,,,False,,False
7300.447,STR,18,37.0,101.024,33.507,35.922,31.595,2.0,SOFT,19.0,False,Aston Martin,1,17.0,False,205.0,184.0,,292.0,,7295.485,False,,False
7409.994,STR,18,38.0,109.547,47.841,35.496,26.21,3.0,SOFT,1.0,True,Aston Martin,1,17.0,False,211.0,184.0,270.0,302.0,7317.542,,False,,False
7505.106,STR,18,39.0,95.112,33.264,35.512,26.336,3.0,SOFT,2.0,True,Aston Martin,1,17.0,True,206.0,186.0,271.0,295.0,,,False,,False
7600.064,STR,18,40.0,94.958,33.199,35.501,26.258,3.0,SOFT,3.0,True,Aston Martin,1,17.0,True,209.0,185.0,271.0,295.0,,,False,,False
7695.208,STR,18,41.0,95.144,33.211,35.579,26.354,3.0,SOFT,4.0,True,Aston Martin,1,17.0,True,207.0,185.0,270.0,293.0,,,False,,False
7790.532,STR,18,42.0,95.324,33.272,35.65,26.402,3.0,SOFT,5.0,True,Aston Martin,1,17.0,True,208.0,185.0,270.0,291.0,,,False,,False
7885.757,STR,18,43.0,95.225,33.036,35.704,26.485,3.0,SOFT,6.0,True,Aston Martin,1,17.0,True,208.0,187.0,244.0,290.0,,,False,,False
7983.136,STR,18,44.0,97.379,35.224,35.799,26.356,3.0,SOFT,7.0,True,Aston Martin,1,17.0,True,210.0,184.0,274.0,296.0,,,False,,False
8077.956,STR,18,45.0,94.82,33.012,35.556,26.252,3.0,SOFT,8.0,True,Aston Martin,1,17.0,True,210.0,184.0,269.0,298.0,,,False,,False
8173.13,STR,18,46.0,95.174,33.029,35.699,26.446,3.0,SOFT,9.0,True,Aston Martin,12,17.0,True,208.0,184.0,268.0,293.0,,,False,,False
8268.345,STR,18,47.0,95.215,33.078,35.754,26.383,3.0,SOFT,10.0,True,Aston Martin,1,17.0,True,209.0,186.0,272.0,293.0,,,False,,False
8363.48,STR,18,48.0,95.135,32.987,35.72,26.428,3.0,SOFT,11.0,True,Aston Martin,1,17.0,True,208.0,185.0,272.0,292.0,,,False,,False
8458.578,STR,18,49.0,95.098,32.974,35.77,26.354,3.0,SOFT,12.0,True,Aston Martin,1,17.0,True,210.0,186.0,271.0,293.0,,,False,,False
8553.765,STR,18,50.0,95.187,33.096,35.724,26.367,3.0,SOFT,13.0,True,Aston Martin,1,17.0,True,209.0,185.0,272.0,293.0,,,False,,False
8648.656,STR,18,51.0,94.891,32.923,35.69,26.278,3.0,SOFT,14.0,True,Aston Martin,1,17.0,True,209.0,185.0,272.0,295.0,,,False,,False
8743.415,STR,18,52.0,94.759,32.821,35.703,26.235,3.0,SOFT,15.0,True,Aston Martin,1,17.0,True,209.0,183.0,272.0,296.0,,,False,,False
8838.226,STR,18,53.0,94.811,32.95,35.644,26.217,3.0,SOFT,16.0,True,Aston Martin,1,17.0,True,211.0,186.0,272.0,296.0,,,False,,False
8933.032,STR,18,54.0,94.806,32.926,35.582,26.298,3.0,SOFT,17.0,True,Aston Martin,1,17.0,True,211.0,185.0,270.0,295.0,,,False,,False
9029.181,STR,18,55.0,96.149,32.944,35.626,27.579,3.0,SOFT,18.0,True,Aston Martin,12,17.0,True,212.0,185.0,271.0,226.0,,,False,,False
9123.897,STR,18,56.0,94.716,33.623,35.444,25.649,3.0,SOFT,19.0,True,Aston Martin,1,17.0,True,211.0,182.0,266.0,324.0,,,False,,False
3546.976,ALB,23,1.0,104.983,,36.586,26.418,1.0,MEDIUM,1.0,True,Williams,1,10.0,False,211.0,186.0,255.0,293.0,,,False,,False
3642.38,ALB,23,2.0,95.404,33.896,35.234,26.274,1.0,MEDIUM,2.0,True,Williams,1,10.0,True,210.0,184.0,255.0,305.0,,,False,,False
3737.312,ALB,23,3.0,94.932,33.763,35.17,25.999,1.0,MEDIUM,3.0,True,Williams,1,10.0,True,210.0,185.0,259.0,314.0,,,False,,False
3832.082,ALB,23,4.0,94.77,33.744,35.219,25.807,1.0,MEDIUM,4.0,True,Williams,1,10.0,True,209.0,185.0,271.0,324.0,,,False,,False
3927.97,ALB,23,5.0,95.888,33.837,35.798,26.253,1.0,MEDIUM,5.0,True,Williams,12,9.0,True,208.0,185.0,276.0,287.0,,,False,,False
4063.297,ALB,23,6.0,135.327,41.435,49.604,44.288,1.0,MEDIUM,6.0,True,Williams,24,9.0,False,175.0,130.0,197.0,123.0,,,False,,False
4191.267,ALB,23,7.0,127.97,36.259,49.483,42.228,1.0,MEDIUM,7.0,True,Williams,4,8.0,False,192.0,105.0,240.0,90.0,,,False,,False
4335.947,ALB,23,8.0,144.68,46.479,57.298,40.903,1.0,MEDIUM,8.0,True,Williams,4,8.0,False,99.0,67.0,220.0,100.0,,,False,,False
4479.462,ALB,23,9.0,143.515,44.037,57.731,41.747,1.0,MEDIUM,9.0,True,Williams,4,8.0,False,130.0,66.0,187.0,163.0,,,False,,False
4619.574,ALB,23,10.0,140.112,47.224,57.169,35.719,1.0,MEDIUM,10.0,True,Williams,4,8.0,False,96.0,69.0,229.0,140.0,,,False,,False
4764.75,ALB,23,11.0,145.176,46.281,47.048,51.847,1.0,MEDIUM,11.0,True,Williams,41,8.0,False,97.0,125.0,280.0,55.0,,,False,,False
4859.956,ALB,23,12.0,95.206,33.695,35.604,25.907,1.0,MEDIUM,12.0,True,Williams,1,8.0,True,209.0,186.0,262.0,322.0,,,False,,False
4954.509,ALB,23,13.0,94.553,33.662,35.118,25.773,1.0,MEDIUM,13.0,True,Williams,1,8.0,True,207.0,184.0,276.0,321.0,,,False,,False
5048.67,ALB,23,14.0,94.161,33.205,35.073,25.883,1.0,MEDIUM,14.0,True,Williams,1,8.0,True,208.0,184.0,277.0,311.0,,,False,,False
5144.14,ALB,23,15.0,95.47,33.462,36.126,25.882,1.0,MEDIUM,15.0,True,Williams,1,9.0,True,209.0,183.0,260.0,322.0,,,False,,False
5239.385,ALB,23,16.0,95.245,33.854,35.354,26.037,1.0,MEDIUM,16.0,True,Williams,12,9.0,True,205.0,183.0,279.0,322.0,,,False,,False
5335.209,ALB,23,17.0,95.824,34.501,35.289,26.034,1.0,MEDIUM,17.0,True,Williams,1,10.0,True,207.0,182.0,276.0,312.0,,,False,,False
5430.398,ALB,23,18.0,95.189,33.781,35.369,26.039,1.0,MEDIUM,18.0,True,Williams,1,10.0,True,207.0,182.0,279.0,316.0,,,False,,False
5525.377,ALB,23,19.0,94.979,33.663,35.309,26.007,1.0,MEDIUM,19.0,True,Williams,1,10.0,True,207.0,182.0,277.0,317.0,,,False,,False
5620.589,ALB,23,20.0,95.212,33.784,35.397,26.031,1.0,MEDIUM,20.0,True,Williams,1,10.0,True,206.0,182.0,275.0,318.0,,,False,,False
5715.468,ALB,23,21.0,94.879,33.615,35.3,25.964,1.0,MEDIUM,21.0,True,Williams,1,9.0,True,207.0,185.0,278.0,317.0,,,False,,False
5810.268,ALB,23,22.0,94.8,33.59,35.238,25.972,1.0,MEDIUM,22.0,True,Williams,1,8.0,True,207.0,184.0,280.0,315.0,,,False,,False
5905.365,ALB,23,23.0,95.097,33.777,35.328,25.992,1.0,MEDIUM,23.0,True,Williams,1,8.0,True,209.0,184.0,269.0,315.0,,,False,,False
6001.266,ALB,23,24.0,95.901,33.612,36.142,26.147,1.0,MEDIUM,24.0,True,Williams,1,10.0,True,209.0,182.0,282.0,322.0,,,False,,False
6096.385,ALB,23,25.0,95.119,33.722,35.303,26.094,1.0,MEDIUM,25.0,True,Williams,1,10.0,True,208.0,185.0,278.0,313.0,,,False,,False
6191.349,ALB,23,26.0,94.964,33.571,35.358,26.035,1.0,MEDIUM,26.0,True,Williams,1,10.0,True,207.0,183.0,280.0,316.0,,,False,,False
6291.113,ALB,23,27.0,99.764,33.673,35.145,30.946,1.0,MEDIUM,27.0,True,Williams,1,11.0,False,208.0,184.0,,322.0,,6285.912,False,,False
6398.911,ALB,23,28.0,107.798,47.468,34.621,25.709,2.0,HARD,1.0,True,Williams,1,12.0,False,215.0,189.0,249.0,321.0,6308.74,,False,,False
6492.786,ALB,23,29.0,93.875,33.21,34.972,25.693,2.0,HARD,2.0,True,Williams,1,12.0,True,208.0,186.0,271.0,315.0,,,False,,False
6586.57,ALB,23,30.0,93.784,33.258,34.81,25.716,2.0,HARD,3.0,True,Williams,1,12.0,True,211.0,186.0,277.0,315.0,,,False,,False
6680.407,ALB,23,31.0,93.837,33.142,34.87,25.825,2.0,HARD,4.0,True,Williams,1,12.0,True,211.0,184.0,280.0,317.0,,,False,,False
6774.601,ALB,23,32.0,94.194,33.232,35.097,25.865,2.0,HARD,5.0,True,Williams,1,10.0,True,210.0,183.0,271.0,314.0,,,False,,False
6868.841,ALB,23,33.0,94.24,33.293,35.104,25.843,2.0,HARD,6.0,True,Williams,1,10.0,True,211.0,185.0,275.0,313.0,,,False,,False
6963.274,ALB,23,34.0,94.433,33.363,35.117,25.953,2.0,HARD,7.0,True,Williams,1,10.0,True,210.0,184.0,276.0,311.0,,,False,,False
7057.57,ALB,23,35.0,94.296,33.302,35.247,25.747,2.0,HARD,8.0,True,Williams,1,10.0,True,210.0,180.0,283.0,314.0,,,False,,False
7151.771,ALB,23,36.0,94.201,33.172,35.251,25.778,2.0,HARD,9.0,True,Williams,1,10.0,True,211.0,184.0,283.0,312.0,,,False,,False
7246.256,ALB,23,37.0,94.485,33.091,35.38,26.014,2.0,HARD,10.0,True,Williams,1,10.0,True,207.0,184.0,271.0,309.0,,,False,,False
7340.696,ALB,23,38.0,94.44,33.305,35.117,26.018,2.0,HARD,11.0,True,Williams,1,10.0,True,210.0,184.0,270.0,309.0,,,False,,False
7435.033,ALB,23,39.0,94.337,33.28,35.029,26.028,2.0,HARD,12.0,True,Williams,1,10.0,True,210.0,184.0,277.0,310.0,,,False,,False
7529.472,ALB,23,40.0,94.439,33.306,35.169,25.964,2.0,HARD,13.0,True,Williams,1,10.0,True,207.0,183.0,279.0,315.0,,,False,,False
7623.644,ALB,23,41.0,94.172,33.2,35.07,25.902,2.0,HARD,14.0,True,Williams,1,10.0,True,210.0,185.0,279.0,311.0,,,False,,False
7718.01,ALB,23,42.0,94.366,33.177,35.213,25.976,2.0,HARD,15.0,True,Williams,1,10.0,True,209.0,184.0,275.0,310.0,,,False,,False
7812.3,ALB,23,43.0,94.29,33.084,35.28,25.926,2.0,HARD,16.0,True,Williams,1,10.0,True,209.0,183.0,277.0,309.0,,,False,,False
7906.439,ALB,23,44.0,94.139,33.002,35.108,26.029,2.0,HARD,17.0,True,Williams,1,10.0,True,209.0,186.0,276.0,307.0,,,False,,False
8000.749,ALB,23,45.0,94.31,33.156,35.091,26.063,2.0,HARD,18.0,True,Williams,1,10.0,True,210.0,185.0,275.0,308.0,,,False,,False
8094.948,ALB,23,46.0,94.199,33.156,35.034,26.009,2.0,HARD,19.0,True,Williams,1,10.0,True,209.0,184.0,277.0,309.0,,,False,,False
8189.509,ALB,23,47.0,94.561,33.21,34.971,26.38,2.0,HARD,20.0,True,Williams,12,10.0,True,210.0,184.0,279.0,310.0,,,False,,False
8283.834,ALB,23,48.0,94.325,33.382,34.917,26.026,2.0,HARD,21.0,True,Williams,1,10.0,True,210.0,185.0,277.0,310.0,,,False,,False
8378.014,ALB,23,49.0,94.18,33.228,34.959,25.993,2.0,HARD,22.0,True,Williams,1,10.0,True,210.0,186.0,276.0,308.0,,,False,,False
8472.37,ALB,23,50.0,94.356,33.295,35.014,26.047,2.0,HARD,23.0,True,Williams,1,10.0,True,208.0,184.0,279.0,309.0,,,False,,False
8566.777,ALB,23,51.0,94.407,33.227,35.131,26.049,2.0,HARD,24.0,True,Williams,1,10.0,True,209.0,184.0,278.0,310.0,,,False,,False
8661.064,ALB,23,52.0,94.287,33.118,35.169,26.0,2.0,HARD,25.0,True,Williams,1,10.0,True,211.0,185.0,279.0,310.0,,,False,,False
8755.415,ALB,23,53.0,94.351,33.294,35.164,25.893,2.0,HARD,26.0,True,Williams,1,10.0,True,211.0,185.0,277.0,311.0,,,False,,False
8849.668,ALB,23,54.0,94.253,33.296,34.963,25.994,2.0,HARD,27.0,True,Williams,1,10.0,True,210.0,186.0,282.0,310.0,,,False,,False
8943.777,ALB,23,55.0,94.109,33.208,35.015,25.886,2.0,HARD,28.0,True,Williams,1,10.0,True,211.0,186.0,281.0,311.0,,,False,,False
9037.94,ALB,23,56.0,94.163,33.13,35.053,25.98,2.0,HARD,29.0,True,Williams,12,10.0,True,211.0,185.0,279.0,311.0,,,False,,False
9132.238,ALB,23,57.0,94.298,33.156,35.255,25.887,2.0,HARD,30.0,True,Williams,1,10.0,True,212.0,183.0,263.0,327.0,,,False,,False
3556.244,HUL,27,1.0,114.251,,37.861,32.305,1.0,MEDIUM,1.0,True,Audi,1,22.0,False,202.0,185.0,,289.0,,3550.357,False,,False
3676.518,HUL,27,2.0,120.274,58.859,35.18,26.235,2.0,MEDIUM,1.0,True,Audi,1,22.0,False,210.0,187.0,264.0,300.0,3583.967,,False,,False
3771.448,HUL,27,3.0,94.93,33.374,35.066,26.49,2.0,MEDIUM,2.0,True,Audi,1,22.0,True,210.0,186.0,260.0,290.0,,,False,,False
3865.971,HUL,27,4.0,94.523,33.228,34.897,26.398,2.0,MEDIUM,3.0,True,Audi,1,22.0,True,210.0,186.0,262.0,293.0,,,False,,False
3975.458,HUL,27,5.0,109.487,33.252,36.287,39.948,2.0,MEDIUM,4.0,True,Audi,124,20.0,False,209.0,181.0,243.0,210.0,,,False,,False
4110.608,HUL,27,6.0,135.15,38.954,49.759,46.437,2.0,MEDIUM,5.0,True,Audi,4,19.0,False,167.0,133.0,224.0,92.0,,,False,,False
4282.019,HUL,27,7.0,,37.13,43.74,90.511,2.0,MEDIUM,6.0,True,Audi,4,19.0,False,185.0,83.0,,57.0,,4275.306,False,,False
3546.904,VER,3,1.0,104.911,,36.327,27.361,1.0,MEDIUM,1.0,True,Red Bull Racing,1,9.0,False,207.0,173.0,247.0,306.0,,,False,,False
3640.368,VER,3,2.0,93.464,32.94,34.738,25.786,1.0,MEDIUM,2.0,True,Red Bull Racing,1,8.0,True,214.0,186.0,260.0,310.0,,,False,,False
3733.607,VER,3,3.0,93.239,32.585,34.865,25.789,1.0,MEDIUM,3.0,True,Red Bull Racing,1,8.0,True,211.0,185.0,262.0,313.0,,,False,,False
3827.143,VER,3,4.0,93.536,32.735,34.937,25.864,1.0,MEDIUM,4.0,True,Red Bull Racing,1,8.0,True,210.0,184.0,261.0,313.0,,,False,,False
3921.233,VER,3,5.0,94.09,32.98,35.12,25.99,1.0,MEDIUM,5.0,True,Red Bull Racing,12,8.0,True,212.0,184.0,239.0,314.0,,,False,,False
4062.181,VER,3,6.0,140.948,42.754,52.183,46.011,1.0,MEDIUM,6.0,True,Red Bull Racing,24,8.0,False,166.0,136.0,,102.0,,4056.745,False,,False
4204.835,VER,3,7.0,142.654,52.723,49.164,40.767,2.0,HARD,1.0,True,Red Bull Racing,4,16.0,False,176.0,141.0,223.0,86.0,4079.396,,False,,False
4346.774,VER,3,8.0,141.939,41.268,60.077,40.594,2.0,HARD,2.0,True,Red Bull Racing,4,16.0,False,103.0,53.0,222.0,110.0,,,False,,False
4489.357,VER,3,9.0,142.583,42.138,62.696,37.749,2.0,HARD,3.0,True,Red Bull Racing,4,16.0,False,95.0,92.0,226.0,192.0,,,False,,False
4629.529,VER,3,10.0,140.172,45.957,60.071,34.144,2.0,HARD,4.0,True,Red Bull Racing,4,16.0,False,100.0,90.0,226.0,258.0,,,False,,False
4768.972,VER,3,11.0,139.443,46.07,45.171,48.202,2.0,HARD,5.0,True,Red Bull Racing,41,16.0,False,121.0,165.0,283.0,38.0,,,False,,False
4864.756,VER,3,12.0,95.784,33.534,36.532,25.718,2.0,HARD,6.0,True,Red Bull Racing,1,14.0,True,209.0,185.0,263.0,322.0,,,False,,False
4958.316,VER,3,13.0,93.56,32.983,34.8,25.777,2.0,HARD,7.0,True,Red Bull Racing,1,12.0,True,215.0,185.0,260.0,315.0,,,False,,False
5051.946,VER,3,14.0,93.63,32.814,35.007,25.809,2.0,HARD,8.0,True,Red Bull Racing,1,12.0,True,212.0,185.0,282.0,324.0,,,False,,False
5145.498,VER,3,15.0,93.552,32.814,35.278,25.46,2.0,HARD,9.0,True,Red Bull Racing,1,10.0,True,214.0,185.0,264.0,332.0,,,False,,False
5239.616,VER,3,16.0,94.118,33.054,35.238,25.826,2.0,HARD,10.0,True,Red Bull Racing,12,10.0,True,214.0,184.0,276.0,327.0,,,False,,False
5333.415,VER,3,17.0,93.799,33.113,34.995,25.691,2.0,HARD,11.0,True,Red Bull Racing,1,9.0,True,213.0,183.0,280.0,322.0,,,False,,False
5427.085,VER,3,18.0,93.67,32.704,35.093,25.873,2.0,HARD,12.0,True,Red Bull Racing,1,8.0,True,212.0,185.0,264.0,312.0,,,False,,False
5520.466,VER,3,19.0,93.381,32.522,34.966,25.893,2.0,HARD,13.0,True,Red Bull Racing,1,8.0,True,212.0,185.0,259.0,315.0,,,False,,False
5614.328,VER,3,20.0,93.862,33.11,34.996,25.756,2.0,HARD,14.0,True,Red Bull Racing,1,8.0,True,212.0,183.0,284.0,316.0,,,False,,False
5707.669,VER,3,21.0,93.341,32.489,35.035,25.817,2.0,HARD,15.0,True,Red Bull Racing,1,6.0,True,212.0,186.0,266.0,310.0,,,False,,False
5800.993,VER,3,22.0,93.324,32.626,34.9,25.798,2.0,HARD,16.0,True,Red Bull Racing,1,5.0,True,212.0,185.0,268.0,310.0,,,False,,False
5894.348,VER,3,23.0,93.355,32.468,35.03,25.857,2.0,HARD,17.0,True,Red Bull Racing,1,5.0,True,211.0,186.0,264.0,312.0,,,False,,False
5987.458,VER,3,24.0,93.11,32.616,34.806,25.688,2.0,HARD,18.0,True,Red Bull Racing,1,5.0,True,214.0,186.0,264.0,316.0,,,False,,False
6080.957,VER,3,25.0,93.499,32.632,35.306,25.561,2.0,HARD,19.0,True,Red Bull Racing,1,5.0,True,214.0,187.0,266.0,318.0,,,False,,False
6174.801,VER,3,26.0,93.844,32.748,35.404,25.692,2.0,HARD,20.0,True,Red Bull Racing,1,4.0,True,213.0,183.0,267.0,325.0,,,False,,False
6268.273,VER,3,27.0,93.472,32.604,34.898,25.97,2.0,HARD,21.0,True,Red Bull Racing,1,3.0,True,213.0,186.0,263.0,306.0,,,False,,False
6362.051,VER,3,28.0,93.778,32.682,34.989,26.107,2.0,HARD,22.0,True,Red Bull Racing,1,1.0,True,213.0,186.0,269.0,305.0,,,False,,False
6456.401,VER,3,29.0,94.35,32.511,35.479,26.36,2.0,HARD,23.0,True,Red Bull Racing,1,3.0,True,213.0,186.0,268.0,291.0,,,False,,False
6550.573,VER,3,30.0,94.172,33.217,35.019,25.936,2.0,HARD,24.0,True,Red Bull Racing,1,3.0,True,212.0,186.0,260.0,311.0,,,False,,False
6643.854,VER,3,31.0,93.281,32.645,34.792,25.844,2.0,HARD,25.0,True,Red Bull Racing,1,3.0,True,212.0,187.0,268.0,311.0,,,False,,False
6737.436,VER,3,32.0,93.582,32.659,34.932,25.991,2.0,HARD,26.0,True,Red Bull Racing,1,3.0,True,212.0,186.0,266.0,307.0,,,False,,False
6830.978,VER,3,33.0,93.542,32.559,34.999,25.984,2.0,HARD,27.0,True,Red Bull Racing,1,3.0,True,213.0,185.0,269.0,307.0,,,False,,False
6924.44,VER,3,34.0,93.462,32.505,35.076,25.881,2.0,HARD,28.0,True,Red Bull Racing,1,3.0,True,214.0,187.0,265.0,308.0,,,False,,False
7017.89,VER,3,35.0,93.45,32.522,34.937,25.991,2.0,HARD,29.0,True,Red Bull Racing,1,3.0,True,214.0,187.0,264.0,308.0,,,False,,False
7111.244,VER,3,36.0,93.354,32.448,35.032,25.874,2.0,HARD,30.0,True,Red Bull Racing,1,3.0,True,211.0,188.0,271.0,309.0,,,False,,False
7204.357,VER,3,37.0,93.113,32.275,34.857,25.981,2.0,HARD,31.0,True,Red Bull Racing,1,3.0,True,210.0,185.0,267.0,308.0,,,False,,False
7297.505,VER,3,38.0,93.148,32.46,34.804,25.884,2.0,HARD,32.0,True,Red Bull Racing,1,3.0,True,212.0,187.0,268.0,311.0,,,False,,False
7390.673,VER,3,39.0,93.168,32.419,34.793,25.956,2.0,HARD,33.0,True,Red Bull Racing,1,3.0,True,213.0,187.0,265.0,309.0,,,False,,False
7484.178,VER,3,40.0,93.505,32.504,34.933,26.068,2.0,HARD,34.0,True,Red Bull Racing,1,3.0,True,212.0,181.0,270.0,310.0,,,False,,False
7577.953,VER,3,41.0,93.775,32.602,35.135,26.038,2.0,HARD,35.0,True,Red Bull Racing,1,3.0,True,210.0,185.0,267.0,307.0,,,False,,False
7671.335,VER,3,42.0,93.382,32.465,34.912,26.005,2.0,HARD,36.0,True,Red Bull Racing,1,3.0,True,213.0,187.0,268.0,307.0,,,False,,False
7765.074,VER,3,43.0,93.739,32.505,35.118,26.116,2.0,HARD,37.0,True,Red Bull Racing,1,3.0,True,213.0,186.0,269.0,306.0,,,False,,False
7858.725,VER,3,44.0,93.651,32.412,35.029,26.21,2.0,HARD,38.0,True,Red Bull Racing,1,3.0,True,215.0,187.0,268.0,306.0,,,False,,False
7952.173,VER,3,45.0,93.448,32.439,34.922,26.087,2.0,HARD,39.0,True,Red Bull Racing,1,3.0,True,213.0,188.0,269.0,306.0,,,False,,False
8045.866,VER,3,46.0,93.693,32.459,35.079,26.155,2.0,HARD,40.0,True,Red Bull Racing,1,3.0,True,213.0,188.0,266.0,305.0,,,False,,False
8140.849,VER,3,47.0,94.983,33.212,35.883,25.888,2.0,HARD,41.0,True,Red Bull Racing,1,4.0,True,213.0,184.0,274.0,316.0,,,False,,False
8235.217,VER,3,48.0,94.368,32.932,35.271,26.165,2.0,HARD,42.0,True,Red Bull Racing,12,5.0,True,213.0,184.0,280.0,313.0,,,False,,False
8329.617,VER,3,49.0,94.4,33.206,35.187,26.007,2.0,HARD,43.0,True,Red Bull Racing,1,5.0,True,211.0,185.0,274.0,317.0,,,False,,False
8423.209,VER,3,50.0,93.592,32.683,35.044,25.865,2.0,HARD,44.0,True,Red Bull Racing,1,5.0,True,212.0,184.0,273.0,314.0,,,False,,False
8517.104,VER,3,51.0,93.895,32.724,35.058,26.113,2.0,HARD,45.0,True,Red Bull Racing,1,5.0,True,214.0,186.0,272.0,312.0,,,False,,False
8611.035,VER,3,52.0,93.931,32.572,35.269,26.09,2.0,HARD,46.0,True,Red Bull Racing,1,5.0,True,213.0,186.0,270.0,311.0,,,False,,False
8704.908,VER,3,53.0,93.873,32.605,35.153,26.115,2.0,HARD,47.0,True,Red Bull Racing,1,5.0,True,213.0,187.0,273.0,309.0,,,False,,False
8799.151,VER,3,54.0,94.243,32.642,35.278,26.323,2.0,HARD,48.0,True,Red Bull Racing,1,5.0,True,214.0,188.0,267.0,309.0,,,False,,False
8895.024,VER,3,55.0,95.873,33.478,35.839,26.556,2.0,HARD,49.0,True,Red Bull Racing,1,5.0,True,213.0,185.0,268.0,323.0,,,False,,False
8990.601,VER,3,56.0,95.577,32.976,35.948,26.653,2.0,HARD,50.0,True,Red Bull Racing,1,6.0,True,213.0,184.0,269.0,324.0,,,False,,False
9085.215,VER,3,57.0,94.614,33.098,35.275,26.241,2.0,HARD,51.0,True,Red Bull Racing,12,5.0,True,211.0,182.0,249.0,330.0,,,False,,False
3544.834,LAW,30,1.0,102.841,,36.127,25.913,1.0,MEDIUM,1.0,True,Racing Bulls,1,8.0,False,199.0,186.0,256.0,310.0,,,False,,False
3641.913,LAW,30,2.0,97.079,33.722,36.87,26.487,1.0,MEDIUM,2.0,True,Racing Bulls,1,9.0,True,212.0,186.0,255.0,293.0,,,False,,False
3736.727,LAW,30,3.0,94.814,33.437,35.147,26.23,1.0,MEDIUM,3.0,True,Racing Bulls,1,9.0,True,213.0,186.0,262.0,305.0,,,False,,False
3831.911,LAW,30,4.0,95.184,33.415,35.368,26.401,1.0,MEDIUM,4.0,True,Racing Bulls,1,9.0,True,212.0,186.0,260.0,300.0,,,False,,False
3954.763,LAW,30,5.0,122.852,34.619,35.83,52.403,1.0,MEDIUM,5.0,True,Racing Bulls,124,19.0,False,208.0,182.0,153.0,301.0,,,False,,False
4117.851,LAW,30,6.0,,50.513,49.357,63.212,1.0,MEDIUM,6.0,True,Racing Bulls,4,20.0,False,143.0,100.0,,102.0,,4111.785,False,,False
3547.493,OCO,31,1.0,105.5,,37.375,25.924,1.0,MEDIUM,1.0,True,Haas F1 Team,1,13.0,False,209.0,185.0,289.0,296.0,,,False,,False
3644.961,OCO,31,2.0,97.468,35.371,36.014,26.083,1.0,MEDIUM,2.0,True,Haas F1 Team,1,14.0,True,213.0,183.0,278.0,325.0,,,False,,False
3740.142,OCO,31,3.0,95.181,34.036,35.311,25.834,1.0,MEDIUM,3.0,True,Haas F1 Team,1,14.0,True,211.0,185.0,276.0,325.0,,,False,,False
3835.606,OCO,31,4.0,95.464,34.01,35.389,26.065,1.0,MEDIUM,4.0,True,Haas F1 Team,1,14.0,True,211.0,185.0,277.0,309.0,,,False,,False
3930.912,OCO,31,5.0,95.306,33.823,35.446,26.037,1.0,MEDIUM,5.0,True,Haas F1 Team,12,12.0,True,210.0,184.0,276.0,314.0,,,False,,False
4066.253,OCO,31,6.0,135.341,45.536,48.146,41.659,1.0,MEDIUM,6.0,True,Haas F1 Team,24,12.0,False,193.0,128.0,203.0,142.0,,,False,,False
4195.159,OCO,31,7.0,128.906,37.501,48.15,43.255,1.0,MEDIUM,7.0,True,Haas F1 Team,4,11.0,False,198.0,99.0,246.0,84.0,,,False,,False
4339.06,OCO,31,8.0,143.901,45.215,58.318,40.368,1.0,MEDIUM,8.0,True,Haas F1 Team,4,11.0,False,96.0,53.0,230.0,98.0,,,False,,False
4482.215,OCO,31,9.0,143.155,44.659,58.107,40.389,1.0,MEDIUM,9.0,True,Haas F1 Team,4,11.0,False,97.0,66.0,234.0,150.0,,,False,,False
4622.195,OCO,31,10.0,139.98,47.124,57.919,34.937,1.0,MEDIUM,10.0,True,Haas F1 Team,4,11.0,False,95.0,83.0,239.0,162.0,,,False,,False
4766.335,OCO,31,11.0,144.14,47.089,46.108,50.943,1.0,MEDIUM,11.0,True,Haas F1 Team,41,11.0,False,121.0,128.0,284.0,47.0,,,False,,False
4861.548,OCO,31,12.0,95.213,33.691,35.613,25.909,1.0,MEDIUM,12.0,True,Haas F1 Team,1,11.0,True,210.0,186.0,281.0,301.0,,,False,,False
4956.618,OCO,31,13.0,95.07,33.916,35.39,25.764,1.0,MEDIUM,13.0,True,Haas F1 Team,1,11.0,True,210.0,185.0,276.0,294.0,,,False,,False
5051.48,OCO,31,14.0,94.862,33.69,35.293,25.879,1.0,MEDIUM,14.0,True,Haas F1 Team,1,11.0,True,212.0,184.0,278.0,309.0,,,False,,False
5147.145,OCO,31,15.0,95.665,34.035,35.537,26.093,1.0,MEDIUM,15.0,True,Haas F1 Team,1,12.0,True,211.0,184.0,277.0,321.0,,,False,,False
5242.341,OCO,31,16.0,95.196,33.716,35.456,26.024,1.0,MEDIUM,16.0,True,Haas F1 Team,12,12.0,True,211.0,184.0,281.0,316.0,,,False,,False
5337.468,OCO,31,17.0,95.127,33.727,35.455,25.945,1.0,MEDIUM,17.0,True,Haas F1 Team,1,12.0,True,211.0,184.0,278.0,312.0,,,False,,False
5432.694,OCO,31,18.0,95.226,33.745,35.535,25.946,1.0,MEDIUM,18.0,True,Haas F1 Team,1,12.0,True,210.0,183.0,281.0,315.0,,,False,,False
5527.66,OCO,31,19.0,94.966,33.522,35.479,25.965,1.0,MEDIUM,19.0,True,Haas F1 Team,1,12.0,True,209.0,183.0,281.0,316.0,,,False,,False
5622.87,OCO,31,20.0,95.21,33.664,35.576,25.97,1.0,MEDIUM,20.0,True,Haas F1 Team,1,12.0,True,209.0,182.0,281.0,318.0,,,False,,False
5717.987,OCO,31,21.0,95.117,33.593,35.607,25.917,1.0,MEDIUM,21.0,True,Haas F1 Team,1,11.0,True,209.0,182.0,281.0,316.0,,,False,,False
5814.157,OCO,31,22.0,96.17,33.604,36.195,26.371,1.0,MEDIUM,22.0,True,Haas F1 Team,1,12.0,True,209.0,183.0,283.0,271.0,,,False,,False
5909.158,OCO,31,23.0,95.001,33.681,35.441,25.879,1.0,MEDIUM,23.0,True,Haas F1 Team,1,12.0,True,210.0,183.0,278.0,320.0,,,False,,False
6004.371,OCO,31,24.0,95.213,33.823,35.486,25.904,1.0,MEDIUM,24.0,True,Haas F1 Team,1,12.0,True,212.0,185.0,284.0,315.0,,,False,,False
6099.774,OCO,31,25.0,95.403,33.702,35.717,25.984,1.0,MEDIUM,25.0,True,Haas F1 Team,1,12.0,True,210.0,185.0,282.0,314.0,,,False,,False
6194.785,OCO,31,26.0,95.011,33.447,35.522,26.042,1.0,MEDIUM,26.0,True,Haas F1 Team,1,11.0,True,210.0,184.0,281.0,314.0,,,False,,False
6290.254,OCO,31,27.0,95.469,33.665,35.687,26.117,1.0,MEDIUM,27.0,True,Haas F1 Team,1,10.0,True,208.0,185.0,278.0,309.0,,,False,,False
6385.722,OCO,31,28.0,95.468,33.831,35.598,26.039,1.0,MEDIUM,28.0,True,Haas F1 Team,1,10.0,True,209.0,184.0,281.0,310.0,,,False,,False
6481.248,OCO,31,29.0,95.526,33.511,35.71,26.305,1.0,MEDIUM,29.0,True,Haas F1 Team,1,9.0,True,209.0,184.0,277.0,307.0,,,False,,False
6576.641,OCO,31,30.0,95.393,33.602,35.655,26.136,1.0,MEDIUM,30.0,True,Haas F1 Team,1,9.0,True,209.0,184.0,281.0,306.0,,,False,,False
6676.977,OCO,31,31.0,100.336,33.441,35.398,31.497,1.0,MEDIUM,31.0,True,Haas F1 Team,1,10.0,False,210.0,186.0,,310.0,,6671.591,False,,False
6786.431,OCO,31,32.0,109.454,48.709,34.877,25.868,2.0,HARD,1.0,True,Haas F1 Team,1,13.0,False,216.0,191.0,279.0,306.0,6695.658,,False,,False
6880.143,OCO,31,33.0,93.712,32.71,35.083,25.919,2.0,HARD,2.0,True,Haas F1 Team,1,12.0,True,215.0,189.0,278.0,305.0,,,False,,False
6974.194,OCO,31,34.0,94.051,32.781,35.359,25.911,2.0,HARD,3.0,True,Haas F1 Team,1,12.0,True,212.0,187.0,279.0,306.0,,,False,,False
7068.064,OCO,31,35.0,93.87,32.718,35.265,25.887,2.0,HARD,4.0,True,Haas F1 Team,1,12.0,True,214.0,186.0,279.0,306.0,,,False,,False
7162.314,OCO,31,36.0,94.25,32.911,35.358,25.981,2.0,HARD,5.0,True,Haas F1 Team,1,12.0,True,212.0,187.0,279.0,305.0,,,False,,False
7256.675,OCO,31,37.0,94.361,32.983,35.361,26.017,2.0,HARD,6.0,True,Haas F1 Team,1,12.0,True,211.0,186.0,279.0,305.0,,,False,,False
7351.213,OCO,31,38.0,94.538,33.133,35.425,25.98,2.0,HARD,7.0,True,Haas F1 Team,1,12.0,True,212.0,186.0,282.0,304.0,,,False,,False
7445.642,OCO,31,39.0,94.429,33.03,35.406,25.993,2.0,HARD,8.0,True,Haas F1 Team,1,12.0,True,212.0,185.0,280.0,305.0,,,False,,False
7540.106,OCO,31,40.0,94.464,33.158,35.392,25.914,2.0,HARD,9.0,True,Haas F1 Team,1,12.0,True,209.0,184.0,282.0,305.0,,,False,,False
7634.555,OCO,31,41.0,94.449,33.009,35.514,25.926,2.0,HARD,10.0,True,Haas F1 Team,1,12.0,True,212.0,187.0,282.0,306.0,,,False,,False
7729.144,OCO,31,42.0,94.589,33.019,35.555,26.015,2.0,HARD,11.0,True,Haas F1 Team,1,12.0,True,212.0,184.0,283.0,308.0,,,False,,False
7823.736,OCO,31,43.0,94.592,33.189,35.412,25.991,2.0,HARD,12.0,True,Haas F1 Team,1,12.0,True,212.0,187.0,282.0,305.0,,,False,,False
7918.263,OCO,31,44.0,94.527,33.04,35.515,25.972,2.0,HARD,13.0,True,Haas F1 Team,1,12.0,True,214.0,186.0,282.0,304.0,,,False,,False
8013.069,OCO,31,45.0,94.806,32.99,35.607,26.209,2.0,HARD,14.0,True,Haas F1 Team,1,12.0,True,211.0,185.0,281.0,303.0,,,False,,False
8108.724,OCO,31,46.0,95.655,33.245,36.421,25.989,2.0,HARD,15.0,True,Haas F1 Team,1,13.0,True,211.0,182.0,288.0,317.0,,,False,,False
8203.275,OCO,31,47.0,94.551,33.415,35.406,25.73,2.0,HARD,16.0,True,Haas F1 Team,12,13.0,True,213.0,183.0,278.0,319.0,,,False,,False
8297.535,OCO,31,48.0,94.26,33.311,35.213,25.736,2.0,HARD,17.0,True,Haas F1 Team,1,13.0,True,210.0,184.0,283.0,319.0,,,False,,False
8391.794,OCO,31,49.0,94.259,33.033,35.459,25.767,2.0,HARD,18.0,True,Haas F1 Team,1,13.0,True,212.0,183.0,286.0,317.0,,,False,,False
8488.473,OCO,31,50.0,96.679,33.093,37.155,26.431,2.0,HARD,19.0,True,Haas F1 Team,1,13.0,True,208.0,183.0,246.0,316.0,,,False,,False
8583.326,OCO,31,51.0,94.853,33.859,35.306,25.688,2.0,HARD,20.0,True,Haas F1 Team,1,13.0,True,210.0,183.0,288.0,317.0,,,False,,False
8677.765,OCO,31,52.0,94.439,33.152,35.399,25.888,2.0,HARD,21.0,True,Haas F1 Team,1,13.0,True,213.0,184.0,282.0,314.0,,,False,,False
8772.192,OCO,31,53.0,94.427,33.012,35.513,25.902,2.0,HARD,22.0,True,Haas F1 Team,1,13.0,True,212.0,184.0,283.0,313.0,,,False,,False
8866.316,OCO,31,54.0,94.124,33.026,35.308,25.79,2.0,HARD,23.0,True,Haas F1 Team,1,13.0,True,213.0,185.0,286.0,312.0,,,False,,False
8960.732,OCO,31,55.0,94.416,32.967,35.547,25.902,2.0,HARD,24.0,True,Haas F1 Team,1,13.0,True,212.0,182.0,285.0,312.0,,,False,,False
9055.139,OCO,31,56.0,94.407,33.071,35.469,25.867,2.0,HARD,25.0,True,Haas F1 Team,12,13.0,True,212.0,186.0,283.0,311.0,,,False,,False
3548.542,LIN,41,1.0,106.549,,37.844,26.021,1.0,MEDIUM,1.0,True,Racing Bulls,1,15.0,False,202.0,185.0,276.0,306.0,,,False,,False
3645.282,LIN,41,2.0,96.74,34.996,35.818,25.926,1.0,MEDIUM,2.0,True,Racing Bulls,1,15.0,True,212.0,185.0,268.0,319.0,,,False,,False
3741.492,LIN,41,3.0,96.21,34.525,35.732,25.953,1.0,MEDIUM,3.0,True,Racing Bulls,1,15.0,True,207.0,184.0,257.0,299.0,,,False,,False
3837.147,LIN,41,4.0,95.655,33.944,35.655,26.056,1.0,MEDIUM,4.0,True,Racing Bulls,1,15.0,True,212.0,183.0,263.0,308.0,,,False,,False
3934.27,LIN,41,5.0,97.123,33.677,36.382,27.064,1.0,MEDIUM,5.0,True,Racing Bulls,124,13.0,False,212.0,183.0,263.0,309.0,,,False,,False
4068.478,LIN,41,6.0,134.208,44.482,48.237,41.489,1.0,MEDIUM,6.0,True,Racing Bulls,4,13.0,False,175.0,128.0,211.0,135.0,,,False,,False
4197.183,LIN,41,7.0,128.705,37.857,48.28,42.568,1.0,MEDIUM,7.0,True,Racing Bulls,4,12.0,False,182.0,124.0,221.0,85.0,,,False,,False
4340.171,LIN,41,8.0,142.988,44.134,58.493,40.361,1.0,MEDIUM,8.0,True,Racing Bulls,4,12.0,False,98.0,55.0,204.0,104.0,,,False,,False
4483.367,LIN,41,9.0,143.196,44.502,58.409,40.285,1.0,MEDIUM,9.0,True,Racing Bulls,4,12.0,False,101.0,72.0,208.0,146.0,,,False,,False
4624.311,LIN,41,10.0,140.944,46.754,58.795,35.395,1.0,MEDIUM,10.0,True,Racing Bulls,4,12.0,False,95.0,91.0,218.0,160.0,,,False,,False
4767.004,LIN,41,11.0,142.693,45.924,45.661,51.108,1.0,MEDIUM,11.0,True,Racing Bulls,41,12.0,False,126.0,132.0,275.0,46.0,,,False,,False
4863.78,LIN,41,12.0,96.776,33.856,36.82,26.1,1.0,MEDIUM,12.0,True,Racing Bulls,1,12.0,True,211.0,185.0,265.0,311.0,,,False,,False
4959.486,LIN,41,13.0,95.706,33.598,36.345,25.763,1.0,MEDIUM,13.0,True,Racing Bulls,1,13.0,True,211.0,183.0,271.0,315.0,,,False,,False
5054.719,LIN,41,14.0,95.233,33.496,35.842,25.895,1.0,MEDIUM,14.0,True,Racing Bulls,1,13.0,True,212.0,184.0,269.0,314.0,,,False,,False
5150.883,LIN,41,15.0,96.164,33.968,36.037,26.159,1.0,MEDIUM,15.0,True,Racing Bulls,12,13.0,True,211.0,185.0,266.0,310.0,,,False,,False
5246.7,LIN,41,16.0,95.817,33.648,35.857,26.312,1.0,MEDIUM,16.0,True,Racing Bulls,21,13.0,True,212.0,183.0,265.0,300.0,,,False,,False
5342.65,LIN,41,17.0,95.95,33.668,35.841,26.441,1.0,MEDIUM,17.0,True,Racing Bulls,1,13.0,True,212.0,182.0,257.0,295.0,,,False,,False
5438.59,LIN,41,18.0,95.94,33.705,35.777,26.458,1.0,MEDIUM,18.0,True,Racing Bulls,1,13.0,True,211.0,183.0,267.0,299.0,,,False,,False
5535.455,LIN,41,19.0,96.865,33.711,36.688,26.466,1.0,MEDIUM,19.0,True,Racing Bulls,1,14.0,True,212.0,182.0,269.0,300.0,,,False,,False
5631.877,LIN,41,20.0,96.422,34.424,35.772,26.226,1.0,MEDIUM,20.0,True,Racing Bulls,1,14.0,True,205.0,183.0,253.0,309.0,,,False,,False
5727.889,LIN,41,21.0,96.012,34.202,35.567,26.243,1.0,MEDIUM,21.0,True,Racing Bulls,1,14.0,True,209.0,182.0,252.0,312.0,,,False,,False
5823.842,LIN,41,22.0,95.953,34.124,35.53,26.299,1.0,MEDIUM,22.0,True,Racing Bulls,1,14.0,True,211.0,182.0,252.0,307.0,,,False,,False
5919.54,LIN,41,23.0,95.698,33.978,35.373,26.347,1.0,MEDIUM,23.0,True,Racing Bulls,1,14.0,True,211.0,183.0,251.0,307.0,,,False,,False
6015.431,LIN,41,24.0,95.891,33.953,35.552,26.386,1.0,MEDIUM,24.0,True,Racing Bulls,1,14.0,True,212.0,184.0,250.0,306.0,,,False,,False
6111.469,LIN,41,25.0,96.038,33.888,35.68,26.47,1.0,MEDIUM,25.0,True,Racing Bulls,1,14.0,True,212.0,182.0,248.0,303.0,,,False,,False
6207.304,LIN,41,26.0,95.835,33.84,35.591,26.404,1.0,MEDIUM,26.0,True,Racing Bulls,1,14.0,True,211.0,183.0,250.0,302.0,,,False,,False
6303.374,LIN,41,27.0,96.07,33.771,35.8,26.499,1.0,MEDIUM,27.0,True,Racing Bulls,1,13.0,True,212.0,184.0,267.0,298.0,,,False,,False
6404.297,LIN,41,28.0,100.923,33.437,35.694,31.792,1.0,MEDIUM,28.0,True,Racing Bulls,1,14.0,False,212.0,184.0,,295.0,,6398.974,False,,False
6513.324,LIN,41,29.0,109.027,47.962,35.117,25.948,2.0,HARD,1.0,True,Racing Bulls,1,16.0,False,215.0,188.0,266.0,301.0,6421.672,,False,,False
6607.382,LIN,41,30.0,94.058,32.711,35.166,26.181,2.0,HARD,2.0,True,Racing Bulls,1,15.0,True,216.0,188.0,261.0,296.0,,,False,,False
6701.557,LIN,41,31.0,94.175,32.902,35.173,26.1,2.0,HARD,3.0,True,Racing Bulls,1,15.0,True,214.0,186.0,264.0,300.0,,,False,,False
6795.935,LIN,41,32.0,94.378,33.105,35.231,26.042,2.0,HARD,4.0,True,Racing Bulls,1,15.0,True,213.0,185.0,266.0,302.0,,,False,,False
6891.006,LIN,41,33.0,95.071,33.427,35.369,26.275,2.0,HARD,5.0,True,Racing Bulls,1,14.0,True,214.0,184.0,265.0,298.0,,,False,,False
6986.029,LIN,41,34.0,95.023,33.2,35.599,26.224,2.0,HARD,6.0,True,Racing Bulls,1,14.0,True,214.0,185.0,265.0,299.0,,,False,,False
7080.893,LIN,41,35.0,94.864,32.987,35.51,26.367,2.0,HARD,7.0,True,Racing Bulls,1,14.0,True,214.0,184.0,261.0,296.0,,,False,,False
7175.756,LIN,41,36.0,94.863,33.1,35.574,26.189,2.0,HARD,8.0,True,Racing Bulls,1,14.0,True,214.0,185.0,268.0,297.0,,,False,,False
7270.814,LIN,41,37.0,95.058,33.09,35.633,26.335,2.0,HARD,9.0,True,Racing Bulls,1,14.0,True,213.0,185.0,267.0,295.0,,,False,,False
7365.543,LIN,41,38.0,94.729,33.054,35.359,26.316,2.0,HARD,10.0,True,Racing Bulls,1,14.0,True,214.0,186.0,264.0,285.0,,,False,,False
7460.091,LIN,41,39.0,94.548,32.963,35.428,26.157,2.0,HARD,11.0,True,Racing Bulls,1,14.0,True,212.0,185.0,267.0,300.0,,,False,,False
7554.772,LIN,41,40.0,94.681,33.038,35.381,26.262,2.0,HARD,12.0,True,Racing Bulls,1,14.0,True,213.0,185.0,270.0,294.0,,,False,,False
7649.448,LIN,41,41.0,94.676,32.956,35.391,26.329,2.0,HARD,13.0,True,Racing Bulls,1,14.0,True,215.0,185.0,264.0,294.0,,,False,,False
7743.958,LIN,41,42.0,94.51,33.025,35.39,26.095,2.0,HARD,14.0,True,Racing Bulls,1,14.0,True,212.0,185.0,270.0,302.0,,,False,,False
7838.644,LIN,41,43.0,94.686,33.056,35.481,26.149,2.0,HARD,15.0,True,Racing Bulls,1,14.0,True,212.0,184.0,273.0,299.0,,,False,,False
7937.061,LIN,41,44.0,98.417,36.742,35.518,26.157,2.0,HARD,16.0,True,Racing Bulls,1,14.0,True,200.0,182.0,267.0,300.0,,,False,,False
8031.659,LIN,41,45.0,94.598,32.977,35.471,26.15,2.0,HARD,17.0,True,Racing Bulls,1,14.0,True,213.0,185.0,266.0,302.0,,,False,,False
8126.237,LIN,41,46.0,94.578,33.285,35.354,25.939,2.0,HARD,18.0,True,Racing Bulls,1,14.0,True,213.0,184.0,276.0,304.0,,,False,,False
8220.816,LIN,41,47.0,94.579,33.286,35.476,25.817,2.0,HARD,19.0,True,Racing Bulls,12,14.0,True,213.0,183.0,276.0,306.0,,,False,,False
8316.174,LIN,41,48.0,95.358,33.095,36.076,26.187,2.0,HARD,20.0,True,Racing Bulls,1,14.0,True,213.0,185.0,277.0,305.0,,,False,,False
8410.992,LIN,41,49.0,94.818,33.278,35.525,26.015,2.0,HARD,21.0,True,Racing Bulls,1,14.0,True,215.0,185.0,273.0,307.0,,,False,,False
8505.597,LIN,41,50.0,94.605,33.198,35.331,26.076,2.0,HARD,22.0,True,Racing Bulls,1,14.0,True,214.0,185.0,279.0,307.0,,,False,,False
8600.15,LIN,41,51.0,94.553,33.016,35.47,26.067,2.0,HARD,23.0,True,Racing Bulls,1,14.0,True,213.0,184.0,275.0,306.0,,,False,,False
8694.448,LIN,41,52.0,94.298,33.06,35.245,25.993,2.0,HARD,24.0,True,Racing Bulls,1,14.0,True,214.0,185.0,278.0,306.0,,,False,,False
8791.791,LIN,41,53.0,97.343,32.961,38.4,25.982,2.0,HARD,25.0,True,Racing Bulls,1,14.0,True,187.0,180.0,274.0,315.0,,,False,,False
8886.623,LIN,41,54.0,94.832,33.526,35.336,25.97,2.0,HARD,26.0,True,Racing Bulls,1,14.0,True,213.0,185.0,277.0,311.0,,,False,,False
8981.105,LIN,41,55.0,94.482,33.071,35.335,26.076,2.0,HARD,27.0,True,Racing Bulls,1,14.0,True,215.0,185.0,280.0,308.0,,,False,,False
9086.047,LIN,41,56.0,104.942,35.663,40.132,29.147,2.0,HARD,28.0,True,Racing Bulls,12,14.0,True,207.0,181.0,214.0,207.0,,,False,,False
3543.549,COL,43,1.0,101.556,,35.479,26.585,1.0,MEDIUM,1.0,True,Alpine,1,7.0,False,211.0,181.0,259.0,280.0,,,False,,False
3637.662,COL,43,2.0,94.113,33.119,35.025,25.969,1.0,MEDIUM,2.0,True,Alpine,1,7.0,True,211.0,186.0,268.0,309.0,,,False,,False
3732.122,COL,43,3.0,94.46,33.077,35.266,26.117,1.0,MEDIUM,3.0,True,Alpine,1,7.0,True,211.0,184.0,258.0,315.0,,,False,,False
3826.461,COL,43,4.0,94.339,33.1,35.171,26.068,1.0,MEDIUM,4.0,True,Alpine,1,7.0,True,212.0,185.0,267.0,305.0,,,False,,False
3921.197,COL,43,5.0,94.736,33.038,35.262,26.436,1.0,MEDIUM,5.0,True,Alpine,12,7.0,True,212.0,185.0,269.0,275.0,,,False,,False
4057.37,COL,43,6.0,136.173,42.236,51.997,41.94,1.0,MEDIUM,6.0,True,Alpine,24,7.0,False,150.0,100.0,228.0,112.0,,,False,,False
4189.366,COL,43,7.0,131.996,36.807,53.545,41.644,1.0,MEDIUM,7.0,True,Alpine,4,7.0,False,185.0,91.0,239.0,95.0,,,False,,False
4332.493,COL,43,8.0,143.127,47.528,56.998,38.601,1.0,MEDIUM,8.0,True,Alpine,4,7.0,False,91.0,65.0,244.0,102.0,,,False,,False
4478.859,COL,43,9.0,146.366,45.832,58.158,42.376,1.0,MEDIUM,9.0,True,Alpine,4,7.0,False,125.0,63.0,219.0,167.0,,,False,,False
4616.992,COL,43,10.0,138.133,47.025,57.22,33.888,1.0,MEDIUM,10.0,True,Alpine,4,7.0,False,95.0,69.0,235.0,242.0,,,False,,False
4764.271,COL,43,11.0,147.279,48.18,47.122,51.977,1.0,MEDIUM,11.0,True,Alpine,41,7.0,False,91.0,121.0,281.0,57.0,,,False,,False
4859.405,COL,43,12.0,95.134,33.645,35.491,25.998,1.0,MEDIUM,12.0,True,Alpine,1,7.0,True,206.0,187.0,274.0,294.0,,,False,,False
4953.651,COL,43,13.0,94.246,33.068,35.319,25.859,1.0,MEDIUM,13.0,True,Alpine,1,7.0,True,212.0,184.0,278.0,318.0,,,False,,False
5047.592,COL,43,14.0,93.941,32.931,35.12,25.89,1.0,MEDIUM,14.0,True,Alpine,1,7.0,True,213.0,186.0,275.0,318.0,,,False,,False
5141.716,COL,43,15.0,94.124,32.941,35.36,25.823,1.0,MEDIUM,15.0,True,Alpine,1,7.0,True,211.0,185.0,273.0,317.0,,,False,,False
5235.853,COL,43,16.0,94.137,32.925,35.235,25.977,1.0,MEDIUM,16.0,True,Alpine,12,7.0,True,210.0,183.0,274.0,314.0,,,False,,False
5330.253,COL,43,17.0,94.4,33.163,35.345,25.892,1.0,MEDIUM,17.0,True,Alpine,1,7.0,True,212.0,183.0,272.0,317.0,,,False,,False
5424.907,COL,43,18.0,94.654,33.282,35.335,26.037,1.0,MEDIUM,18.0,True,Alpine,1,7.0,True,211.0,183.0,279.0,313.0,,,False,,False
5519.412,COL,43,19.0,94.505,33.058,35.452,25.995,1.0,MEDIUM,19.0,True,Alpine,1,7.0,True,210.0,184.0,276.0,313.0,,,False,,False
5614.003,COL,43,20.0,94.591,33.15,35.425,26.016,1.0,MEDIUM,20.0,True,Alpine,1,7.0,True,211.0,184.0,278.0,311.0,,,False,,False
5708.97,COL,43,21.0,94.967,33.899,35.27,25.798,1.0,MEDIUM,21.0,True,Alpine,1,7.0,True,208.0,184.0,279.0,319.0,,,False,,False
5803.245,COL,43,22.0,94.275,33.198,35.177,25.9,1.0,MEDIUM,22.0,True,Alpine,1,6.0,True,210.0,184.0,280.0,313.0,,,False,,False
5897.254,COL,43,23.0,94.009,32.804,35.273,25.932,1.0,MEDIUM,23.0,True,Alpine,1,6.0,True,208.0,185.0,278.0,315.0,,,False,,False
5991.457,COL,43,24.0,94.203,32.907,35.347,25.949,1.0,MEDIUM,24.0,True,Alpine,1,6.0,True,211.0,184.0,278.0,314.0,,,False,,False
6085.694,COL,43,25.0,94.237,32.884,35.367,25.986,1.0,MEDIUM,25.0,True,Alpine,1,6.0,True,211.0,187.0,277.0,311.0,,,False,,False
6179.685,COL,43,26.0,93.991,32.766,35.252,25.973,1.0,MEDIUM,26.0,True,Alpine,1,6.0,True,212.0,185.0,276.0,312.0,,,False,,False
6273.96,COL,43,27.0,94.275,32.961,35.272,26.042,1.0,MEDIUM,27.0,True,Alpine,1,5.0,True,209.0,185.0,278.0,313.0,,,False,,False
6368.351,COL,43,28.0,94.391,32.939,35.293,26.159,1.0,MEDIUM,28.0,True,Alpine,1,5.0,True,210.0,186.0,280.0,309.0,,,False,,False
6462.674,COL,43,29.0,94.323,32.946,35.329,26.048,1.0,MEDIUM,29.0,True,Alpine,1,4.0,True,210.0,185.0,279.0,310.0,,,False,,False
6556.866,COL,43,30.0,94.192,32.873,35.332,25.987,1.0,MEDIUM,30.0,True,Alpine,1,4.0,True,209.0,187.0,281.0,311.0,,,False,,False
6656.298,COL,43,31.0,99.432,32.855,35.16,31.417,1.0,MEDIUM,31.0,True,Alpine,1,7.0,False,206.0,187.0,,310.0,,6650.804,False,,False
6765.024,COL,43,32.0,108.726,48.074,34.879,25.773,2.0,HARD,1.0,True,Alpine,1,8.0,False,213.0,189.0,280.0,309.0,6673.924,,False,,False
6858.059,COL,43,33.0,93.035,32.531,34.849,25.655,2.0,HARD,2.0,True,Alpine,1,8.0,True,215.0,189.0,278.0,309.0,,,False,,False
6951.129,COL,43,34.0,93.07,32.333,34.947,25.79,2.0,HARD,3.0,True,Alpine,1,8.0,True,214.0,188.0,277.0,310.0,,,False,,False
7044.291,COL,43,35.0,93.162,32.394,34.993,25.775,2.0,HARD,4.0,True,Alpine,1,8.0,True,213.0,187.0,276.0,311.0,,,False,,False
7137.632,COL,43,36.0,93.341,32.462,35.088,25.791,2.0,HARD,5.0,True,Alpine,1,8.0,True,213.0,185.0,277.0,314.0,,,False,,False
7231.388,COL,43,37.0,93.756,32.709,35.189,25.858,2.0,HARD,6.0,True,Alpine,1,8.0,True,210.0,184.0,278.0,310.0,,,False,,False
7325.112,COL,43,38.0,93.724,32.588,35.219,25.917,2.0,HARD,7.0,True,Alpine,1,8.0,True,211.0,186.0,270.0,309.0,,,False,,False
7418.829,COL,43,39.0,93.717,32.65,35.135,25.932,2.0,HARD,8.0,True,Alpine,1,8.0,True,214.0,186.0,280.0,310.0,,,False,,False
7512.563,COL,43,40.0,93.734,32.566,35.219,25.949,2.0,HARD,9.0,True,Alpine,1,8.0,True,211.0,185.0,277.0,310.0,,,False,,False
7606.366,COL,43,41.0,93.803,32.636,35.344,25.823,2.0,HARD,10.0,True,Alpine,1,8.0,True,212.0,185.0,282.0,310.0,,,False,,False
7700.225,COL,43,42.0,93.859,32.697,35.298,25.864,2.0,HARD,11.0,True,Alpine,1,8.0,True,209.0,185.0,281.0,311.0,,,False,,False
7793.641,COL,43,43.0,93.416,32.498,35.182,25.736,2.0,HARD,12.0,True,Alpine,1,8.0,True,213.0,185.0,281.0,312.0,,,False,,False
7887.025,COL,43,44.0,93.384,32.541,35.173,25.67,2.0,HARD,13.0,True,Alpine,1,8.0,True,211.0,187.0,281.0,316.0,,,False,,False
7980.976,COL,43,45.0,93.951,32.704,35.293,25.954,2.0,HARD,14.0,True,Alpine,1,8.0,True,212.0,185.0,278.0,309.0,,,False,,False
8074.588,COL,43,46.0,93.612,32.605,35.272,25.735,2.0,HARD,15.0,True,Alpine,1,8.0,True,213.0,186.0,281.0,310.0,,,False,,False
8167.92,COL,43,47.0,93.332,32.408,35.119,25.805,2.0,HARD,16.0,True,Alpine,12,8.0,True,213.0,186.0,281.0,311.0,,,False,,False
8261.641,COL,43,48.0,93.721,32.644,35.271,25.806,2.0,HARD,17.0,True,Alpine,1,8.0,True,211.0,186.0,281.0,312.0,,,False,,False
8355.021,COL,43,49.0,93.38,32.431,35.249,25.7,2.0,HARD,18.0,True,Alpine,1,8.0,True,212.0,185.0,283.0,316.0,,,False,,False
8449.197,COL,43,50.0,94.176,32.703,35.503,25.97,2.0,HARD,19.0,True,Alpine,1,8.0,True,210.0,184.0,284.0,307.0,,,False,,False
8542.972,COL,43,51.0,93.775,32.746,35.302,25.727,2.0,HARD,20.0,True,Alpine,1,8.0,True,211.0,185.0,283.0,311.0,,,False,,False
8636.763,COL,43,52.0,93.791,32.407,35.574,25.81,2.0,HARD,21.0,True,Alpine,1,8.0,True,209.0,186.0,280.0,310.0,,,False,,False
8730.291,COL,43,53.0,93.528,32.418,35.341,25.769,2.0,HARD,22.0,True,Alpine,1,8.0,True,213.0,186.0,280.0,310.0,,,False,,False
8823.595,COL,43,54.0,93.304,32.361,35.101,25.842,2.0,HARD,23.0,True,Alpine,1,8.0,True,214.0,187.0,280.0,311.0,,,False,,False
8916.93,COL,43,55.0,93.335,32.504,35.172,25.659,2.0,HARD,24.0,True,Alpine,1,8.0,True,213.0,184.0,282.0,313.0,,,False,,False
9009.989,COL,43,56.0,93.059,32.271,35.086,25.702,2.0,HARD,25.0,True,Alpine,12,8.0,True,211.0,185.0,282.0,319.0,,,False,,False
9103.137,COL,43,57.0,93.148,32.432,35.27,25.446,2.0,HARD,26.0,True,Alpine,1,8.0,True,212.0,187.0,268.0,331.0,,,False,,False
3542.676,HAM,44,1.0,100.683,,35.479,25.471,1.0,MEDIUM,1.0,True,Ferrari,1,6.0,False,215.0,187.0,285.0,301.0,,,False,,False
3636.221,HAM,44,2.0,93.545,32.78,35.071,25.694,1.0,MEDIUM,2.0,True,Ferrari,1,6.0,True,213.0,186.0,272.0,317.0,,,False,,False
3730.01,HAM,44,3.0,93.789,32.999,35.048,25.742,1.0,MEDIUM,3.0,True,Ferrari,1,6.0,True,209.0,186.0,275.0,309.0,,,False,,False
3823.981,HAM,44,4.0,93.971,33.103,35.127,25.741,1.0,MEDIUM,4.0,True,Ferrari,1,6.0,True,207.0,185.0,274.0,314.0,,,False,,False
3918.165,HAM,44,5.0,94.184,33.02,35.272,25.892,1.0,MEDIUM,5.0,True,Ferrari,12,6.0,True,205.0,185.0,277.0,313.0,,,False,,False
4053.191,HAM,44,6.0,135.026,41.582,54.703,38.741,1.0,MEDIUM,6.0,True,Ferrari,24,6.0,False,97.0,102.0,264.0,126.0,,,False,,False
4187.461,HAM,44,7.0,134.27,36.947,55.983,41.34,1.0,MEDIUM,7.0,True,Ferrari,4,6.0,False,108.0,98.0,255.0,108.0,,,False,,False
4330.32,HAM,44,8.0,142.859,48.68,56.568,37.611,1.0,MEDIUM,8.0,True,Ferrari,4,6.0,False,92.0,67.0,274.0,111.0,,,False,,False
4477.52,HAM,44,9.0,147.2,47.245,57.573,42.382,1.0,MEDIUM,9.0,True,Ferrari,4,6.0,False,130.0,64.0,225.0,136.0,,,False,,False
4615.41,HAM,44,10.0,137.89,47.441,57.12,33.329,1.0,MEDIUM,10.0,True,Ferrari,4,6.0,False,106.0,75.0,257.0,243.0,,,False,,False
4763.678,HAM,44,11.0,148.268,49.037,46.595,52.636,1.0,MEDIUM,11.0,True,Ferrari,41,6.0,False,93.0,118.0,286.0,59.0,,,False,,False
4858.404,HAM,44,12.0,94.726,33.883,35.081,25.762,1.0,MEDIUM,12.0,True,Ferrari,1,6.0,True,210.0,186.0,274.0,307.0,,,False,,False
4952.158,HAM,44,13.0,93.754,33.028,35.102,25.624,1.0,MEDIUM,13.0,True,Ferrari,1,6.0,True,209.0,182.0,277.0,320.0,,,False,,False
5045.712,HAM,44,14.0,93.554,32.776,35.07,25.708,1.0,MEDIUM,14.0,True,Ferrari,1,6.0,True,210.0,185.0,274.0,326.0,,,False,,False
5139.489,HAM,44,15.0,93.777,32.951,35.081,25.745,1.0,MEDIUM,15.0,True,Ferrari,1,6.0,True,210.0,183.0,274.0,323.0,,,False,,False
5233.194,HAM,44,16.0,93.705,32.944,35.012,25.749,1.0,MEDIUM,16.0,True,Ferrari,12,6.0,True,211.0,183.0,273.0,318.0,,,False,,False
5327.199,HAM,44,17.0,94.005,33.038,35.293,25.674,1.0,MEDIUM,17.0,True,Ferrari,1,6.0,True,207.0,183.0,275.0,311.0,,,False,,False
5421.431,HAM,44,18.0,94.232,33.188,35.201,25.843,1.0,MEDIUM,18.0,True,Ferrari,1,6.0,True,208.0,182.0,275.0,310.0,,,False,,False
5515.455,HAM,44,19.0,94.024,33.086,35.19,25.748,1.0,MEDIUM,19.0,True,Ferrari,1,6.0,True,206.0,183.0,280.0,319.0,,,False,,False
5609.672,HAM,44,20.0,94.217,33.108,35.284,25.825,1.0,MEDIUM,20.0,True,Ferrari,1,5.0,True,198.0,184.0,276.0,316.0,,,False,,False
5703.869,HAM,44,21.0,94.197,33.075,35.275,25.847,1.0,MEDIUM,21.0,True,Ferrari,1,4.0,True,203.0,184.0,279.0,311.0,,,False,,False
5798.036,HAM,44,22.0,94.167,33.027,35.208,25.932,1.0,MEDIUM,22.0,True,Ferrari,1,4.0,True,205.0,184.0,274.0,308.0,,,False,,False
5891.962,HAM,44,23.0,93.926,32.873,35.15,25.903,1.0,MEDIUM,23.0,True,Ferrari,1,4.0,True,206.0,185.0,276.0,309.0,,,False,,False
5986.019,HAM,44,24.0,94.057,32.839,35.313,25.905,1.0,MEDIUM,24.0,True,Ferrari,1,4.0,True,209.0,185.0,279.0,307.0,,,False,,False
6080.209,HAM,44,25.0,94.19,32.872,35.445,25.873,1.0,MEDIUM,25.0,True,Ferrari,1,4.0,True,205.0,185.0,278.0,308.0,,,False,,False
6175.193,HAM,44,26.0,94.984,32.723,35.577,26.684,1.0,MEDIUM,26.0,True,Ferrari,1,5.0,True,209.0,185.0,279.0,307.0,,,False,,False
6274.589,HAM,44,27.0,99.396,33.188,35.201,31.007,1.0,MEDIUM,27.0,True,Ferrari,1,6.0,False,204.0,184.0,,313.0,,6269.2,False,,False
6382.458,HAM,44,28.0,107.869,47.745,34.578,25.546,2.0,HARD,1.0,True,Ferrari,1,8.0,False,216.0,188.0,278.0,310.0,6292.967,,False,,False
6475.134,HAM,44,29.0,92.676,32.276,34.769,25.631,2.0,HARD,2.0,True,Ferrari,1,8.0,True,211.0,187.0,279.0,308.0,,,False,,False
6567.846,HAM,44,30.0,92.712,32.284,34.838,25.59,2.0,HARD,3.0,True,Ferrari,1,8.0,True,212.0,187.0,280.0,308.0,,,False,,False
6660.71,HAM,44,31.0,92.864,32.326,34.851,25.687,2.0,HARD,4.0,True,Ferrari,1,8.0,True,211.0,186.0,280.0,308.0,,,False,,False
6753.831,HAM,44,32.0,93.121,32.479,34.874,25.768,2.0,HARD,5.0,True,Ferrari,1,7.0,True,210.0,185.0,276.0,310.0,,,False,,False
6846.811,HAM,44,33.0,92.98,32.395,34.831,25.754,2.0,HARD,6.0,True,Ferrari,1,7.0,True,211.0,186.0,277.0,310.0,,,False,,False
6939.985,HAM,44,34.0,93.174,32.498,34.994,25.682,2.0,HARD,7.0,True,Ferrari,1,7.0,True,213.0,184.0,280.0,318.0,,,False,,False
7032.924,HAM,44,35.0,92.939,32.464,34.927,25.548,2.0,HARD,8.0,True,Ferrari,1,7.0,True,212.0,184.0,277.0,316.0,,,False,,False
7126.593,HAM,44,36.0,93.669,32.603,35.035,26.031,2.0,HARD,9.0,True,Ferrari,1,7.0,True,211.0,185.0,254.0,313.0,,,False,,False
7221.396,HAM,44,37.0,94.803,32.806,35.528,26.469,2.0,HARD,10.0,True,Ferrari,1,7.0,True,209.0,185.0,257.0,303.0,,,False,,False
7314.948,HAM,44,38.0,93.552,32.751,35.043,25.758,2.0,HARD,11.0,True,Ferrari,1,7.0,True,209.0,185.0,285.0,311.0,,,False,,False
7408.046,HAM,44,39.0,93.098,32.35,35.057,25.691,2.0,HARD,12.0,True,Ferrari,1,7.0,True,211.0,186.0,278.0,310.0,,,False,,False
7501.497,HAM,44,40.0,93.451,32.52,35.215,25.716,2.0,HARD,13.0,True,Ferrari,1,7.0,True,210.0,185.0,280.0,311.0,,,False,,False
7594.78,HAM,44,41.0,93.283,32.498,35.061,25.724,2.0,HARD,14.0,True,Ferrari,1,7.0,True,210.0,186.0,281.0,311.0,,,False,,False
7688.017,HAM,44,42.0,93.237,32.407,35.066,25.764,2.0,HARD,15.0,True,Ferrari,1,7.0,True,210.0,186.0,281.0,306.0,,,False,,False
7781.146,HAM,44,43.0,93.129,32.487,34.988,25.654,2.0,HARD,16.0,True,Ferrari,1,7.0,True,212.0,185.0,282.0,313.0,,,False,,False
7874.039,HAM,44,44.0,92.893,32.477,35.037,25.379,2.0,HARD,17.0,True,Ferrari,1,7.0,True,209.0,184.0,286.0,317.0,,,False,,False
7967.168,HAM,44,45.0,93.129,32.469,34.995,25.665,2.0,HARD,18.0,True,Ferrari,1,7.0,True,203.0,186.0,282.0,315.0,,,False,,False
8060.303,HAM,44,46.0,93.135,32.768,34.791,25.576,2.0,HARD,19.0,True,Ferrari,1,7.0,True,205.0,185.0,285.0,312.0,,,False,,False
8153.643,HAM,44,47.0,93.34,32.489,35.128,25.723,2.0,HARD,20.0,True,Ferrari,12,7.0,True,212.0,186.0,278.0,307.0,,,False,,False
8247.218,HAM,44,48.0,93.575,32.536,35.194,25.845,2.0,HARD,21.0,True,Ferrari,1,7.0,True,212.0,185.0,281.0,291.0,,,False,,False
8340.853,HAM,44,49.0,93.635,32.612,35.194,25.829,2.0,HARD,22.0,True,Ferrari,1,7.0,True,210.0,184.0,283.0,292.0,,,False,,False
8434.359,HAM,44,50.0,93.506,32.646,35.17,25.69,2.0,HARD,23.0,True,Ferrari,1,7.0,True,209.0,185.0,286.0,306.0,,,False,,False
8527.929,HAM,44,51.0,93.57,32.477,35.335,25.758,2.0,HARD,24.0,True,Ferrari,1,7.0,True,211.0,184.0,284.0,294.0,,,False,,False
8622.563,HAM,44,52.0,94.634,33.098,35.721,25.815,2.0,HARD,25.0,True,Ferrari,1,7.0,True,210.0,179.0,280.0,301.0,,,False,,False
8716.865,HAM,44,53.0,94.302,33.03,35.476,25.796,2.0,HARD,26.0,True,Ferrari,1,7.0,True,212.0,182.0,282.0,310.0,,,False,,False
8811.195,HAM,44,54.0,94.33,32.72,35.605,26.005,2.0,HARD,27.0,True,Ferrari,1,7.0,True,209.0,182.0,283.0,304.0,,,False,,False
8905.502,HAM,44,55.0,94.307,32.834,35.641,25.832,2.0,HARD,28.0,True,Ferrari,1,7.0,True,211.0,179.0,281.0,304.0,,,False,,False
9000.069,HAM,44,56.0,94.567,32.834,35.64,26.093,2.0,HARD,29.0,True,Ferrari,12,7.0,True,206.0,179.0,276.0,309.0,,,False,,False
9095.019,HAM,44,57.0,94.95,32.821,36.114,26.015,2.0,HARD,30.0,True,Ferrari,1,7.0,True,210.0,182.0,276.0,299.0,,,False,,False
3551.242,BOR,5,1.0,109.249,,37.806,26.906,1.0,MEDIUM,1.0,True,Audi,1,18.0,False,187.0,184.0,252.0,288.0,,,False,,False
3648.041,BOR,5,2.0,96.799,33.955,36.04,26.804,1.0,MEDIUM,2.0,True,Audi,1,19.0,True,209.0,182.0,253.0,294.0,,,False,,False
3744.425,BOR,5,3.0,96.384,33.959,36.089,26.336,1.0,MEDIUM,3.0,True,Audi,1,19.0,True,207.0,181.0,265.0,296.0,,,False,,False
3840.958,BOR,5,4.0,96.533,34.18,35.664,26.689,1.0,MEDIUM,4.0,True,Audi,1,19.0,True,203.0,181.0,266.0,300.0,,,False,,False
3938.237,BOR,5,5.0,97.279,33.897,36.094,27.288,1.0,MEDIUM,5.0,True,Audi,124,15.0,False,207.0,181.0,207.0,283.0,,,False,,False
4073.732,BOR,5,6.0,135.495,45.499,50.475,39.521,1.0,MEDIUM,6.0,True,Audi,4,15.0,False,184.0,121.0,237.0,108.0,,,False,,False
4202.502,BOR,5,7.0,128.77,39.016,48.186,41.568,1.0,MEDIUM,7.0,True,Audi,4,14.0,False,191.0,122.0,227.0,90.0,,,False,,False
4343.253,BOR,5,8.0,140.751,41.904,58.134,40.713,1.0,MEDIUM,8.0,True,Audi,4,14.0,False,119.0,54.0,190.0,96.0,,,False,,False
4485.871,BOR,5,9.0,142.618,44.019,58.609,39.99,1.0,MEDIUM,9.0,True,Audi,4,14.0,False,118.0,115.0,234.0,137.0,,,False,,False
4626.645,BOR,5,10.0,140.774,46.963,58.869,34.942,1.0,MEDIUM,10.0,True,Audi,4,14.0,False,101.0,104.0,238.0,153.0,,,False,,False
4768.149,BOR,5,11.0,141.504,46.105,45.16,50.239,1.0,MEDIUM,11.0,True,Audi,41,14.0,False,149.0,129.0,263.0,40.0,,,False,,False
4865.309,BOR,5,12.0,97.16,33.726,36.792,26.642,1.0,MEDIUM,12.0,True,Audi,1,15.0,True,208.0,182.0,267.0,282.0,,,False,,False
4960.858,BOR,5,13.0,95.549,33.996,35.113,26.44,1.0,MEDIUM,13.0,True,Audi,1,14.0,True,211.0,180.0,258.0,301.0,,,False,,False
5056.665,BOR,5,14.0,95.807,34.078,35.269,26.46,1.0,MEDIUM,14.0,True,Audi,1,14.0,True,211.0,182.0,258.0,297.0,,,False,,False
5152.387,BOR,5,15.0,95.722,33.653,35.555,26.514,1.0,MEDIUM,15.0,True,Audi,12,14.0,True,210.0,181.0,259.0,303.0,,,False,,False
5247.872,BOR,5,16.0,95.485,33.546,35.495,26.444,1.0,MEDIUM,16.0,True,Audi,1,14.0,True,210.0,181.0,261.0,301.0,,,False,,False
5343.365,BOR,5,17.0,95.493,33.644,35.456,26.393,1.0,MEDIUM,17.0,True,Audi,1,14.0,True,209.0,181.0,267.0,299.0,,,False,,False
5439.208,BOR,5,18.0,95.843,33.675,35.746,26.422,1.0,MEDIUM,18.0,True,Audi,1,14.0,True,208.0,180.0,272.0,303.0,,,False,,False
5535.001,BOR,5,19.0,95.793,33.708,35.457,26.628,1.0,MEDIUM,19.0,True,Audi,1,13.0,True,207.0,179.0,262.0,291.0,,,False,,False
5630.79,BOR,5,20.0,95.789,33.58,35.773,26.436,1.0,MEDIUM,20.0,True,Audi,1,13.0,True,209.0,182.0,266.0,297.0,,,False,,False
5725.94,BOR,5,21.0,95.15,33.331,35.428,26.391,1.0,MEDIUM,21.0,True,Audi,1,13.0,True,209.0,182.0,264.0,297.0,,,False,,False
5820.989,BOR,5,22.0,95.049,33.261,35.468,26.32,1.0,MEDIUM,22.0,True,Audi,1,13.0,True,208.0,183.0,264.0,297.0,,,False,,False
5915.642,BOR,5,23.0,94.653,33.213,35.117,26.323,1.0,MEDIUM,23.0,True,Audi,1,13.0,True,209.0,183.0,263.0,299.0,,,False,,False
6010.638,BOR,5,24.0,94.996,33.352,35.389,26.255,1.0,MEDIUM,24.0,True,Audi,1,13.0,True,209.0,183.0,263.0,300.0,,,False,,False
6105.639,BOR,5,25.0,95.001,33.263,35.735,26.003,1.0,MEDIUM,25.0,True,Audi,1,13.0,True,203.0,182.0,260.0,310.0,,,False,,False
6200.55,BOR,5,26.0,94.911,33.422,35.448,26.041,1.0,MEDIUM,26.0,True,Audi,1,13.0,True,209.0,184.0,257.0,310.0,,,False,,False
6295.802,BOR,5,27.0,95.252,33.419,35.312,26.521,1.0,MEDIUM,27.0,True,Audi,1,12.0,True,210.0,182.0,262.0,296.0,,,False,,False
6390.775,BOR,5,28.0,94.973,33.525,35.434,26.014,1.0,MEDIUM,28.0,True,Audi,1,11.0,True,210.0,184.0,260.0,309.0,,,False,,False
6485.798,BOR,5,29.0,95.023,33.452,35.513,26.058,1.0,MEDIUM,29.0,True,Audi,1,10.0,True,210.0,183.0,261.0,308.0,,,False,,False
6580.824,BOR,5,30.0,95.026,33.372,35.441,26.213,1.0,MEDIUM,30.0,True,Audi,1,10.0,True,208.0,184.0,264.0,298.0,,,False,,False
6676.028,BOR,5,31.0,95.204,33.319,35.41,26.475,1.0,MEDIUM,31.0,True,Audi,1,9.0,True,210.0,183.0,268.0,297.0,,,False,,False
6776.5,BOR,5,32.0,100.472,33.276,35.196,32.0,1.0,MEDIUM,32.0,True,Audi,1,12.0,False,209.0,183.0,,305.0,,6770.817,False,,False
6885.329,BOR,5,33.0,108.829,48.591,34.416,25.822,2.0,HARD,1.0,True,Audi,1,13.0,False,214.0,185.0,267.0,304.0,6794.743,,False,,False
6978.888,BOR,5,34.0,93.559,32.64,35.155,25.764,2.0,HARD,2.0,True,Audi,1,13.0,True,213.0,185.0,260.0,309.0,,,False,,False
7072.79,BOR,5,35.0,93.902,32.803,35.163,25.936,2.0,HARD,3.0,True,Audi,1,13.0,True,213.0,184.0,264.0,300.0,,,False,,False
7166.38,BOR,5,36.0,93.59,32.445,35.269,25.876,2.0,HARD,4.0,True,Audi,1,13.0,True,213.0,186.0,264.0,301.0,,,False,,False
7260.125,BOR,5,37.0,93.745,32.519,35.301,25.925,2.0,HARD,5.0,True,Audi,1,13.0,True,213.0,185.0,266.0,301.0,,,False,,False
7354.057,BOR,5,38.0,93.932,32.665,35.359,25.908,2.0,HARD,6.0,True,Audi,1,13.0,True,212.0,185.0,265.0,304.0,,,False,,False
7448.012,BOR,5,39.0,93.955,32.807,35.188,25.96,2.0,HARD,7.0,True,Audi,1,13.0,True,212.0,185.0,265.0,305.0,,,False,,False
7542.047,BOR,5,40.0,94.035,32.782,35.369,25.884,2.0,HARD,8.0,True,Audi,1,13.0,True,212.0,184.0,263.0,304.0,,,False,,False
7635.686,BOR,5,41.0,93.639,32.707,35.255,25.677,2.0,HARD,9.0,True,Audi,1,13.0,True,213.0,184.0,265.0,313.0,,,False,,False
7729.728,BOR,5,42.0,94.042,32.881,35.15,26.011,2.0,HARD,10.0,True,Audi,1,13.0,True,212.0,182.0,269.0,310.0,,,False,,False
7824.466,BOR,5,43.0,94.738,33.27,35.409,26.059,2.0,HARD,11.0,True,Audi,1,13.0,True,210.0,181.0,272.0,302.0,,,False,,False
7918.976,BOR,5,44.0,94.51,33.011,35.519,25.98,2.0,HARD,12.0,True,Audi,1,13.0,True,212.0,183.0,271.0,302.0,,,False,,False
8013.403,BOR,5,45.0,94.427,32.871,35.523,26.033,2.0,HARD,13.0,True,Audi,1,13.0,True,213.0,183.0,286.0,295.0,,,False,,False
8108.266,BOR,5,46.0,94.863,33.407,35.2,26.256,2.0,HARD,14.0,True,Audi,1,12.0,True,213.0,183.0,264.0,291.0,,,False,,False
8202.437,BOR,5,47.0,94.171,32.954,35.407,25.81,2.0,HARD,15.0,True,Audi,12,12.0,True,211.0,183.0,261.0,318.0,,,False,,False
8296.278,BOR,5,48.0,93.841,32.777,35.278,25.786,2.0,HARD,16.0,True,Audi,1,12.0,True,209.0,183.0,258.0,318.0,,,False,,False
8390.548,BOR,5,49.0,94.27,32.715,35.814,25.741,2.0,HARD,17.0,True,Audi,1,12.0,True,213.0,186.0,263.0,319.0,,,False,,False
8484.957,BOR,5,50.0,94.409,32.755,35.723,25.931,2.0,HARD,18.0,True,Audi,1,12.0,True,212.0,184.0,266.0,302.0,,,False,,False
8580.7,BOR,5,51.0,95.743,32.917,36.526,26.3,2.0,HARD,19.0,True,Audi,1,12.0,True,213.0,179.0,244.0,314.0,,,False,,False
8675.451,BOR,5,52.0,94.751,33.624,35.369,25.758,2.0,HARD,20.0,True,Audi,1,12.0,True,213.0,181.0,268.0,315.0,,,False,,False
8769.305,BOR,5,53.0,93.854,32.707,35.332,25.815,2.0,HARD,21.0,True,Audi,1,12.0,True,214.0,183.0,266.0,311.0,,,False,,False
8863.031,BOR,5,54.0,93.726,32.656,35.259,25.811,2.0,HARD,22.0,True,Audi,1,12.0,True,213.0,184.0,268.0,311.0,,,False,,False
8956.531,BOR,5,55.0,93.5,32.653,35.061,25.786,2.0,HARD,23.0,True,Audi,1,12.0,True,212.0,185.0,267.0,312.0,,,False,,False
9050.619,BOR,5,56.0,94.088,32.882,35.313,25.893,2.0,HARD,24.0,True,Audi,12,12.0,True,214.0,185.0,275.0,309.0,,,False,,False
3547.228,SAI,55,1.0,105.235,,36.562,27.239,1.0,MEDIUM,1.0,True,Williams,1,11.0,False,208.0,180.0,251.0,305.0,,,False,,False
3643.117,SAI,55,2.0,95.889,34.802,35.03,26.057,1.0,MEDIUM,2.0,True,Williams,1,12.0,True,211.0,186.0,256.0,322.0,,,False,,False
3738.412,SAI,55,3.0,95.295,34.279,35.056,25.96,1.0,MEDIUM,3.0,True,Williams,1,12.0,True,211.0,185.0,254.0,314.0,,,False,,False
3833.256,SAI,55,4.0,94.844,34.167,34.955,25.722,1.0,MEDIUM,4.0,True,Williams,1,12.0,True,212.0,185.0,264.0,321.0,,,False,,False
3929.937,SAI,55,5.0,96.681,34.299,35.643,26.739,1.0,MEDIUM,5.0,True,Williams,12,10.0,True,208.0,184.0,258.0,290.0,,,False,,False
4064.238,SAI,55,6.0,134.301,43.913,47.461,42.927,1.0,MEDIUM,6.0,True,Williams,24,10.0,False,176.0,130.0,205.0,120.0,,,False,,False
4192.662,SAI,55,7.0,128.424,37.028,49.207,42.189,1.0,MEDIUM,7.0,True,Williams,4,9.0,False,176.0,92.0,244.0,80.0,,,False,,False
4337.32,SAI,55,8.0,144.658,46.192,57.307,41.159,1.0,MEDIUM,8.0,True,Williams,4,9.0,False,94.0,63.0,223.0,91.0,,,False,,False
4480.61,SAI,55,9.0,143.29,44.337,57.019,41.934,1.0,MEDIUM,9.0,True,Williams,4,9.0,False,110.0,68.0,222.0,123.0,,,False,,False
4620.849,SAI,55,10.0,140.239,47.092,57.138,36.009,1.0,MEDIUM,10.0,True,Williams,4,9.0,False,91.0,85.0,224.0,161.0,,,False,,False
4765.212,SAI,55,11.0,144.363,46.368,46.694,51.301,1.0,MEDIUM,11.0,True,Williams,41,9.0,False,120.0,123.0,269.0,48.0,,,False,,False
4860.373,SAI,55,12.0,95.161,33.837,35.506,25.818,1.0,MEDIUM,12.0,True,Williams,1,9.0,True,213.0,186.0,259.0,321.0,,,False,,False
4955.257,SAI,55,13.0,94.884,33.952,35.201,25.731,1.0,MEDIUM,13.0,True,Williams,1,9.0,True,211.0,184.0,271.0,317.0,,,False,,False
5049.235,SAI,55,14.0,93.978,33.339,34.981,25.658,1.0,MEDIUM,14.0,True,Williams,1,9.0,True,210.0,184.0,271.0,319.0,,,False,,False
5143.458,SAI,55,15.0,94.223,33.518,34.855,25.85,1.0,MEDIUM,15.0,True,Williams,1,8.0,True,212.0,184.0,261.0,314.0,,,False,,False
5238.225,SAI,55,16.0,94.767,33.601,35.206,25.96,1.0,MEDIUM,16.0,True,Williams,12,8.0,True,211.0,184.0,265.0,317.0,,,False,,False
5333.044,SAI,55,17.0,94.819,33.444,35.308,26.067,1.0,MEDIUM,17.0,True,Williams,1,8.0,True,212.0,182.0,267.0,315.0,,,False,,False
5428.507,SAI,55,18.0,95.463,34.208,35.321,25.934,1.0,MEDIUM,18.0,True,Williams,1,9.0,True,210.0,182.0,269.0,316.0,,,False,,False
5523.28,SAI,55,19.0,94.773,33.519,35.3,25.954,1.0,MEDIUM,19.0,True,Williams,1,9.0,True,210.0,183.0,272.0,317.0,,,False,,False
5618.08,SAI,55,20.0,94.8,33.525,35.315,25.96,1.0,MEDIUM,20.0,True,Williams,1,9.0,True,210.0,183.0,278.0,315.0,,,False,,False
5713.048,SAI,55,21.0,94.968,33.466,35.401,26.101,1.0,MEDIUM,21.0,True,Williams,1,8.0,True,211.0,185.0,264.0,312.0,,,False,,False
5807.649,SAI,55,22.0,94.601,33.346,35.241,26.014,1.0,MEDIUM,22.0,True,Williams,1,7.0,True,209.0,185.0,273.0,312.0,,,False,,False
5902.3,SAI,55,23.0,94.651,33.307,35.237,26.107,1.0,MEDIUM,23.0,True,Williams,1,7.0,True,210.0,185.0,272.0,311.0,,,False,,False
5996.924,SAI,55,24.0,94.624,33.253,35.284,26.087,1.0,MEDIUM,24.0,True,Williams,1,7.0,True,210.0,184.0,270.0,311.0,,,False,,False
6092.221,SAI,55,25.0,95.297,33.334,35.903,26.06,1.0,MEDIUM,25.0,True,Williams,1,7.0,True,211.0,185.0,275.0,309.0,,,False,,False
6188.357,SAI,55,26.0,96.136,33.381,36.239,26.516,1.0,MEDIUM,26.0,True,Williams,1,9.0,True,212.0,184.0,273.0,299.0,,,False,,False
6283.199,SAI,55,27.0,94.842,33.668,35.249,25.925,1.0,MEDIUM,27.0,True,Williams,1,9.0,True,210.0,184.0,277.0,318.0,,,False,,False
6383.059,SAI,55,28.0,99.86,33.553,35.338,30.969,1.0,MEDIUM,28.0,True,Williams,1,9.0,False,211.0,184.0,,313.0,,6377.667,False,,False
6491.593,SAI,55,29.0,108.534,48.32,34.474,25.74,2.0,HARD,1.0,True,Williams,1,11.0,False,218.0,190.0,275.0,310.0,6401.365,,False,,False
6584.619,SAI,55,30.0,93.026,32.706,34.713,25.607,2.0,HARD,2.0,True,Williams,1,11.0,True,214.0,187.0,273.0,314.0,,,False,,False
6677.93,SAI,55,31.0,93.311,32.807,34.819,25.685,2.0,HARD,3.0,True,Williams,1,11.0,True,214.0,186.0,277.0,315.0,,,False,,False
6771.667,SAI,55,32.0,93.737,33.028,34.886,25.823,2.0,HARD,4.0,True,Williams,1,9.0,True,212.0,187.0,260.0,319.0,,,False,,False
6865.214,SAI,55,33.0,93.547,32.983,34.738,25.826,2.0,HARD,5.0,True,Williams,1,9.0,True,213.0,185.0,281.0,309.0,,,False,,False
6959.256,SAI,55,34.0,94.042,32.919,35.205,25.918,2.0,HARD,6.0,True,Williams,1,9.0,True,213.0,186.0,275.0,308.0,,,False,,False
7053.224,SAI,55,35.0,93.968,32.789,35.303,25.876,2.0,HARD,7.0,True,Williams,1,9.0,True,212.0,184.0,274.0,309.0,,,False,,False
7147.042,SAI,55,36.0,93.818,32.821,35.152,25.845,2.0,HARD,8.0,True,Williams,1,9.0,True,212.0,186.0,272.0,310.0,,,False,,False
7241.124,SAI,55,37.0,94.082,32.907,35.259,25.916,2.0,HARD,9.0,True,Williams,1,9.0,True,210.0,186.0,271.0,311.0,,,False,,False
7335.361,SAI,55,38.0,94.237,33.089,35.232,25.916,2.0,HARD,10.0,True,Williams,1,9.0,True,211.0,184.0,275.0,311.0,,,False,,False
7429.595,SAI,55,39.0,94.234,33.097,35.183,25.954,2.0,HARD,11.0,True,Williams,1,9.0,True,213.0,184.0,280.0,315.0,,,False,,False
7523.583,SAI,55,40.0,93.988,33.087,35.018,25.883,2.0,HARD,12.0,True,Williams,1,9.0,True,209.0,184.0,280.0,310.0,,,False,,False
7617.898,SAI,55,41.0,94.315,33.181,35.204,25.93,2.0,HARD,13.0,True,Williams,1,9.0,True,210.0,184.0,274.0,309.0,,,False,,False
7712.292,SAI,55,42.0,94.394,33.046,35.349,25.999,2.0,HARD,14.0,True,Williams,1,9.0,True,209.0,185.0,273.0,308.0,,,False,,False
7806.533,SAI,55,43.0,94.241,33.051,35.254,25.936,2.0,HARD,15.0,True,Williams,1,9.0,True,212.0,185.0,275.0,309.0,,,False,,False
7900.399,SAI,55,44.0,93.866,32.919,34.999,25.948,2.0,HARD,16.0,True,Williams,1,9.0,True,213.0,185.0,275.0,309.0,,,False,,False
7994.445,SAI,55,45.0,94.046,33.018,35.061,25.967,2.0,HARD,17.0,True,Williams,1,9.0,True,213.0,186.0,277.0,309.0,,,False,,False
8088.515,SAI,55,46.0,94.07,33.012,35.133,25.925,2.0,HARD,18.0,True,Williams,1,9.0,True,213.0,185.0,276.0,310.0,,,False,,False
8182.493,SAI,55,47.0,93.978,32.969,35.085,25.924,2.0,HARD,19.0,True,Williams,12,9.0,True,213.0,184.0,277.0,311.0,,,False,,False
8276.497,SAI,55,48.0,94.004,32.957,35.209,25.838,2.0,HARD,20.0,True,Williams,1,9.0,True,213.0,185.0,279.0,313.0,,,False,,False
8370.477,SAI,55,49.0,93.98,32.875,35.208,25.897,2.0,HARD,21.0,True,Williams,1,9.0,True,213.0,184.0,272.0,312.0,,,False,,False
8464.37,SAI,55,50.0,93.893,32.934,35.121,25.838,2.0,HARD,22.0,True,Williams,1,9.0,True,213.0,184.0,278.0,313.0,,,False,,False
8558.472,SAI,55,51.0,94.102,33.144,35.195,25.763,2.0,HARD,23.0,True,Williams,1,9.0,True,210.0,187.0,275.0,313.0,,,False,,False
8652.644,SAI,55,52.0,94.172,33.03,35.313,25.829,2.0,HARD,24.0,True,Williams,1,9.0,True,212.0,186.0,277.0,315.0,,,False,,False
8746.633,SAI,55,53.0,93.989,32.995,35.256,25.738,2.0,HARD,25.0,True,Williams,1,9.0,True,214.0,185.0,282.0,317.0,,,False,,False
8840.491,SAI,55,54.0,93.858,33.02,35.1,25.738,2.0,HARD,26.0,True,Williams,1,9.0,True,213.0,186.0,280.0,318.0,,,False,,False
8934.442,SAI,55,55.0,93.951,33.05,35.202,25.699,2.0,HARD,27.0,True,Williams,1,9.0,True,213.0,186.0,279.0,319.0,,,False,,False
9028.783,SAI,55,56.0,94.341,33.202,35.225,25.914,2.0,HARD,28.0,True,Williams,12,9.0,True,215.0,184.0,277.0,318.0,,,False,,False
9123.338,SAI,55,57.0,94.555,33.396,35.308,25.851,2.0,HARD,29.0,True,Williams,1,9.0,True,214.0,184.0,279.0,316.0,,,False,,False
3551.62,HAD,6,1.0,109.627,,38.922,25.914,1.0,HARD,1.0,True,Red Bull Racing,1,19.0,False,196.0,181.0,262.0,314.0,3451.308,,False,,False
3647.688,HAD,6,2.0,96.068,33.998,36.071,25.999,1.0,HARD,2.0,True,Red Bull Racing,1,18.0,True,206.0,183.0,262.0,289.0,,,False,,False
3742.876,HAD,6,3.0,95.188,33.917,35.496,25.775,1.0,HARD,3.0,True,Red Bull Racing,1,16.0,True,207.0,183.0,260.0,324.0,,,False,,False
3837.709,HAD,6,4.0,94.833,33.538,35.375,25.92,1.0,HARD,4.0,True,Red Bull Racing,1,16.0,True,208.0,182.0,262.0,312.0,,,False,,False
3987.709,HAD,6,5.0,,,,,1.0,HARD,5.0,True,Red Bull Racing,124,,False,,,,,,,False,,True
3541.251,RUS,63,1.0,99.258,,34.73,25.557,1.0,MEDIUM,1.0,True,Mercedes,1,5.0,False,213.0,186.0,257.0,331.0,,,False,,False
3634.445,RUS,63,2.0,93.194,33.022,34.637,25.535,1.0,MEDIUM,2.0,True,Mercedes,1,5.0,True,213.0,187.0,283.0,322.0,,,False,,False
3728.019,RUS,63,3.0,93.574,32.852,34.905,25.817,1.0,MEDIUM,3.0,True,Mercedes,1,4.0,True,213.0,186.0,263.0,317.0,,,False,,False
3821.892,RUS,63,4.0,93.873,32.893,34.913,26.067,1.0,MEDIUM,4.0,True,Mercedes,1,4.0,True,212.0,186.0,263.0,313.0,,,False,,False
3915.729,RUS,63,5.0,93.837,32.666,35.055,26.116,1.0,MEDIUM,5.0,True,Mercedes,12,4.0,True,211.0,186.0,259.0,316.0,,,False,,False
4046.657,RUS,63,6.0,130.928,42.079,50.039,38.81,1.0,MEDIUM,6.0,True,Mercedes,24,4.0,False,112.0,105.0,242.0,74.0,,,False,,False
4184.141,RUS,63,7.0,137.484,41.531,55.3,40.653,1.0,MEDIUM,7.0,True,Mercedes,4,4.0,False,136.0,97.0,229.0,124.0,,,False,,False
4327.091,RUS,63,8.0,142.95,50.101,55.634,37.215,1.0,MEDIUM,8.0,True,Mercedes,4,4.0,False,86.0,73.0,238.0,117.0,,,False,,False
4474.536,RUS,63,9.0,147.445,48.471,56.496,42.478,1.0,MEDIUM,9.0,True,Mercedes,4,4.0,False,150.0,70.0,231.0,143.0,,,False,,False
4612.929,RUS,63,10.0,138.393,48.656,56.276,33.461,1.0,MEDIUM,10.0,True,Mercedes,4,4.0,False,115.0,77.0,254.0,172.0,,,False,,False
4762.887,RUS,63,11.0,149.958,49.351,47.238,53.369,1.0,MEDIUM,11.0,True,Mercedes,41,4.0,False,132.0,107.0,253.0,62.0,,,False,,False
4857.838,RUS,63,12.0,94.951,34.169,34.829,25.953,1.0,MEDIUM,12.0,True,Mercedes,1,5.0,True,212.0,187.0,260.0,305.0,,,False,,False
4951.421,RUS,63,13.0,93.583,32.744,35.089,25.75,1.0,MEDIUM,13.0,True,Mercedes,1,5.0,True,208.0,186.0,274.0,313.0,,,False,,False
5045.239,RUS,63,14.0,93.818,32.804,35.067,25.947,1.0,MEDIUM,14.0,True,Mercedes,1,5.0,True,208.0,186.0,266.0,320.0,,,False,,False
5138.734,RUS,63,15.0,93.495,32.665,35.069,25.761,1.0,MEDIUM,15.0,True,Mercedes,1,5.0,True,212.0,185.0,271.0,317.0,,,False,,False
5232.299,RUS,63,16.0,93.565,32.708,34.962,25.895,1.0,MEDIUM,16.0,True,Mercedes,12,5.0,True,211.0,185.0,258.0,320.0,,,False,,False
5326.289,RUS,63,17.0,93.99,32.802,35.385,25.803,1.0,MEDIUM,17.0,True,Mercedes,1,5.0,True,211.0,183.0,276.0,324.0,,,False,,False
5420.347,RUS,63,18.0,94.058,33.056,35.137,25.865,1.0,MEDIUM,18.0,True,Mercedes,1,5.0,True,209.0,184.0,266.0,323.0,,,False,,False
5514.22,RUS,63,19.0,93.873,32.939,35.158,25.776,1.0,MEDIUM,19.0,True,Mercedes,1,5.0,True,207.0,184.0,276.0,312.0,,,False,,False
5613.334,RUS,63,20.0,99.114,32.987,35.077,31.05,1.0,MEDIUM,20.0,True,Mercedes,1,6.0,False,211.0,185.0,,319.0,,5608.001,False,,False
5719.307,RUS,63,21.0,105.973,46.129,34.405,25.439,2.0,HARD,1.0,True,Mercedes,1,12.0,False,216.0,190.0,253.0,332.0,5629.953,,False,,False
5811.943,RUS,63,22.0,92.636,32.687,34.455,25.494,2.0,HARD,2.0,True,Mercedes,1,10.0,True,214.0,187.0,290.0,326.0,,,False,,False
5905.695,RUS,63,23.0,93.752,32.843,35.148,25.761,2.0,HARD,3.0,True,Mercedes,1,9.0,True,212.0,187.0,277.0,318.0,,,False,,False
6000.058,RUS,63,24.0,94.363,33.614,35.004,25.745,2.0,HARD,4.0,True,Mercedes,1,8.0,True,209.0,186.0,274.0,315.0,,,False,,False
6093.127,RUS,63,25.0,93.069,32.511,35.007,25.551,2.0,HARD,5.0,True,Mercedes,1,8.0,True,211.0,188.0,275.0,322.0,,,False,,False
6186.55,RUS,63,26.0,93.423,32.833,34.695,25.895,2.0,HARD,6.0,True,Mercedes,1,7.0,True,213.0,186.0,270.0,310.0,,,False,,False
6279.755,RUS,63,27.0,93.205,32.599,34.749,25.857,2.0,HARD,7.0,True,Mercedes,1,7.0,True,211.0,187.0,268.0,310.0,,,False,,False
6372.712,RUS,63,28.0,92.957,32.441,34.633,25.883,2.0,HARD,8.0,True,Mercedes,1,6.0,True,213.0,187.0,264.0,311.0,,,False,,False
6465.618,RUS,63,29.0,92.906,32.525,34.607,25.774,2.0,HARD,9.0,True,Mercedes,1,5.0,True,212.0,186.0,270.0,313.0,,,False,,False
6559.257,RUS,63,30.0,93.639,33.013,34.85,25.776,2.0,HARD,10.0,True,Mercedes,1,5.0,True,212.0,186.0,252.0,328.0,,,False,,False
6653.491,RUS,63,31.0,94.234,33.604,34.783,25.847,2.0,HARD,11.0,True,Mercedes,1,5.0,True,212.0,184.0,250.0,333.0,,,False,,False
6746.817,RUS,63,32.0,93.326,33.032,34.492,25.802,2.0,HARD,12.0,True,Mercedes,1,5.0,True,210.0,185.0,258.0,320.0,,,False,,False
6840.364,RUS,63,33.0,93.547,33.039,34.82,25.688,2.0,HARD,13.0,True,Mercedes,1,5.0,True,214.0,185.0,285.0,318.0,,,False,,False
6934.694,RUS,63,34.0,94.33,33.083,34.937,26.31,2.0,HARD,14.0,True,Mercedes,1,5.0,True,212.0,185.0,277.0,302.0,,,False,,False
7029.646,RUS,63,35.0,94.952,33.681,34.827,26.444,2.0,HARD,15.0,True,Mercedes,1,6.0,True,213.0,185.0,267.0,289.0,,,False,,False
7123.368,RUS,63,36.0,93.722,32.909,35.094,25.719,2.0,HARD,16.0,True,Mercedes,1,6.0,True,211.0,185.0,271.0,320.0,,,False,,False
7216.571,RUS,63,37.0,93.203,32.78,34.87,25.553,2.0,HARD,17.0,True,Mercedes,1,6.0,True,212.0,184.0,277.0,323.0,,,False,,False
7309.808,RUS,63,38.0,93.237,32.689,34.943,25.605,2.0,HARD,18.0,True,Mercedes,1,6.0,True,212.0,185.0,282.0,318.0,,,False,,False
7402.785,RUS,63,39.0,92.977,32.38,34.876,25.721,2.0,HARD,19.0,True,Mercedes,1,6.0,True,213.0,185.0,281.0,317.0,,,False,,False
7495.962,RUS,63,40.0,93.177,32.518,35.03,25.629,2.0,HARD,20.0,True,Mercedes,1,6.0,True,211.0,185.0,280.0,315.0,,,False,,False
7588.86,RUS,63,41.0,92.898,32.517,34.805,25.576,2.0,HARD,21.0,True,Mercedes,1,6.0,True,212.0,187.0,280.0,318.0,,,False,,False
7682.058,RUS,63,42.0,93.198,32.502,34.916,25.78,2.0,HARD,22.0,True,Mercedes,1,6.0,True,211.0,186.0,273.0,317.0,,,False,,False
7775.351,RUS,63,43.0,93.293,32.571,35.038,25.684,2.0,HARD,23.0,True,Mercedes,1,6.0,True,212.0,187.0,279.0,319.0,,,False,,False
7869.098,RUS,63,44.0,93.747,32.575,35.405,25.767,2.0,HARD,24.0,True,Mercedes,1,6.0,True,211.0,186.0,274.0,313.0,,,False,,False
7962.168,RUS,63,45.0,93.07,32.51,34.887,25.673,2.0,HARD,25.0,True,Mercedes,1,6.0,True,212.0,187.0,275.0,313.0,,,False,,False
8055.47,RUS,63,46.0,93.302,32.508,34.979,25.815,2.0,HARD,26.0,True,Mercedes,1,6.0,True,212.0,187.0,279.0,313.0,,,False,,False
8148.731,RUS,63,47.0,93.261,32.491,35.063,25.707,2.0,HARD,27.0,True,Mercedes,1,6.0,True,213.0,186.0,280.0,313.0,,,False,,False
8242.003,RUS,63,48.0,93.272,32.603,34.938,25.731,2.0,HARD,28.0,True,Mercedes,12,6.0,True,213.0,187.0,277.0,315.0,,,False,,False
8334.744,RUS,63,49.0,92.741,32.328,34.767,25.646,2.0,HARD,29.0,True,Mercedes,1,6.0,True,214.0,185.0,280.0,316.0,,,False,,False
8427.445,RUS,63,50.0,92.701,32.411,34.709,25.581,2.0,HARD,30.0,True,Mercedes,1,6.0,True,214.0,187.0,278.0,316.0,,,False,,False
8520.252,RUS,63,51.0,92.807,32.364,34.92,25.523,2.0,HARD,31.0,True,Mercedes,1,6.0,True,214.0,186.0,283.0,322.0,,,False,,False
8613.129,RUS,63,52.0,92.877,32.334,35.1,25.443,2.0,HARD,32.0,True,Mercedes,1,6.0,True,213.0,188.0,283.0,321.0,,,False,,False
8705.575,RUS,63,53.0,92.446,32.127,34.89,25.429,2.0,HARD,33.0,True,Mercedes,1,6.0,True,213.0,185.0,281.0,324.0,,,False,,False
8799.385,RUS,63,54.0,93.81,32.84,35.12,25.85,2.0,HARD,34.0,True,Mercedes,1,6.0,True,214.0,186.0,286.0,310.0,,,False,,False
8895.588,RUS,63,55.0,96.203,33.883,35.665,26.655,2.0,HARD,35.0,True,Mercedes,1,6.0,True,211.0,184.0,253.0,327.0,,,False,,False
8989.775,RUS,63,56.0,94.187,33.226,35.525,25.436,2.0,HARD,36.0,True,Mercedes,1,5.0,True,210.0,184.0,265.0,331.0,,,False,,False
9084.317,RUS,63,57.0,94.542,32.86,35.629,26.053,2.0,HARD,37.0,True,Mercedes,12,4.0,True,214.0,183.0,273.0,334.0,,,False,,False
3552.487,BOT,77,1.0,110.494,,39.11,26.234,1.0,MEDIUM,1.0,True,Cadillac,1,21.0,False,195.0,186.0,284.0,293.0,,,False,,False
3649.275,BOT,77,2.0,96.788,34.971,35.873,25.944,1.0,MEDIUM,2.0,True,Cadillac,1,21.0,True,212.0,187.0,276.0,306.0,,,False,,False
3745.882,BOT,77,3.0,96.607,34.59,36.087,25.93,1.0,MEDIUM,3.0,True,Cadillac,1,21.0,True,209.0,185.0,277.0,307.0,,,False,,False
3842.499,BOT,77,4.0,96.617,34.585,36.051,25.981,1.0,MEDIUM,4.0,True,Cadillac,1,21.0,True,207.0,185.0,277.0,302.0,,,False,,False
3945.141,BOT,77,5.0,102.642,34.423,36.772,31.447,1.0,MEDIUM,5.0,True,Cadillac,124,18.0,False,206.0,185.0,83.0,281.0,,,False,,False
4082.47,BOT,77,6.0,137.329,44.266,51.216,41.847,1.0,MEDIUM,6.0,True,Cadillac,4,18.0,False,192.0,160.0,,98.0,,4077.173,False,,False
4211.17,BOT,77,7.0,128.7,51.346,41.493,35.861,2.0,SOFT,1.0,True,Cadillac,4,18.0,False,179.0,158.0,233.0,123.0,4100.692,,False,,False
4351.312,BOT,77,8.0,140.142,38.863,59.037,42.242,2.0,SOFT,2.0,True,Cadillac,4,18.0,False,153.0,56.0,268.0,122.0,,,False,,False
4495.165,BOT,77,9.0,143.853,40.627,63.467,39.759,2.0,SOFT,3.0,True,Cadillac,4,18.0,False,136.0,85.0,272.0,175.0,,,False,,False
4633.283,BOT,77,10.0,138.118,42.34,61.164,34.614,2.0,SOFT,4.0,True,Cadillac,4,18.0,False,99.0,59.0,251.0,165.0,,,False,,False
4770.103,BOT,77,11.0,136.82,44.735,46.705,45.38,2.0,SOFT,5.0,True,Cadillac,41,18.0,False,159.0,181.0,285.0,43.0,,,False,,False
4866.522,BOT,77,12.0,96.419,34.192,36.154,26.073,2.0,SOFT,6.0,True,Cadillac,1,18.0,True,213.0,188.0,280.0,273.0,,,False,,False
4963.132,BOT,77,13.0,96.61,34.593,36.087,25.93,2.0,SOFT,7.0,True,Cadillac,1,18.0,True,207.0,187.0,277.0,308.0,,,False,,False
5059.458,BOT,77,14.0,96.326,34.514,35.922,25.89,2.0,SOFT,8.0,True,Cadillac,1,18.0,True,207.0,184.0,278.0,306.0,,,False,,False
5155.813,BOT,77,15.0,96.355,34.098,36.047,26.21,2.0,SOFT,9.0,True,Cadillac,12,16.0,True,211.0,184.0,276.0,306.0,,,False,,False
5251.893,BOT,77,16.0,96.08,33.755,36.117,26.208,2.0,SOFT,10.0,True,Cadillac,1,16.0,True,210.0,185.0,279.0,301.0,,,False,,False
5348.659,BOT,77,17.0,96.766,34.034,36.35,26.382,2.0,SOFT,11.0,True,Cadillac,1,16.0,True,209.0,185.0,273.0,298.0,,,False,,False
5445.378,BOT,77,18.0,96.719,34.158,36.205,26.356,2.0,SOFT,12.0,True,Cadillac,1,16.0,True,208.0,185.0,274.0,299.0,,,False,,False
5542.28,BOT,77,19.0,96.902,34.268,36.289,26.345,2.0,SOFT,13.0,True,Cadillac,1,16.0,True,209.0,184.0,277.0,293.0,,,False,,False
5640.184,BOT,77,20.0,97.904,34.36,37.279,26.265,2.0,SOFT,14.0,True,Cadillac,1,17.0,True,202.0,183.0,278.0,307.0,,,False,,False
5742.981,BOT,77,21.0,102.797,34.603,36.586,31.608,2.0,SOFT,15.0,True,Cadillac,1,17.0,False,207.0,183.0,,287.0,,5737.576,False,,False
5854.629,BOT,77,22.0,111.648,49.751,35.662,26.235,3.0,MEDIUM,1.0,True,Cadillac,1,17.0,False,210.0,190.0,279.0,276.0,5761.376,,False,,False
5951.004,BOT,77,23.0,96.375,33.355,36.158,26.862,3.0,MEDIUM,2.0,True,Cadillac,1,18.0,True,209.0,188.0,281.0,294.0,,,False,,False
6048.452,BOT,77,24.0,97.448,34.355,36.669,26.424,3.0,MEDIUM,3.0,True,Cadillac,1,18.0,True,206.0,187.0,276.0,286.0,,,False,,False
6144.901,BOT,77,25.0,96.449,34.11,36.163,26.176,3.0,MEDIUM,4.0,True,Cadillac,1,18.0,True,210.0,185.0,276.0,290.0,,,False,,False
6241.163,BOT,77,26.0,96.262,34.133,35.972,26.157,3.0,MEDIUM,5.0,True,Cadillac,1,18.0,True,208.0,185.0,279.0,298.0,,,False,,False
6337.734,BOT,77,27.0,96.571,34.104,36.107,26.36,3.0,MEDIUM,6.0,True,Cadillac,1,18.0,True,206.0,185.0,276.0,298.0,,,False,,False
6434.383,BOT,77,28.0,96.649,34.098,36.198,26.353,3.0,MEDIUM,7.0,True,Cadillac,1,18.0,True,207.0,183.0,280.0,291.0,,,False,,False
6530.864,BOT,77,29.0,96.481,33.985,36.161,26.335,3.0,MEDIUM,8.0,True,Cadillac,1,18.0,True,207.0,184.0,278.0,293.0,,,False,,False
6633.448,BOT,77,30.0,102.584,34.192,36.379,32.013,3.0,MEDIUM,9.0,True,Cadillac,1,18.0,False,201.0,184.0,,296.0,,6628.107,False,,False
6742.227,BOT,77,31.0,108.779,46.409,36.03,26.34,4.0,MEDIUM,10.0,False,Cadillac,1,18.0,False,208.0,184.0,283.0,280.0,6645.117,,False,,False
6841.97,BOT,77,32.0,99.743,34.25,37.357,28.136,4.0,MEDIUM,11.0,False,Cadillac,1,18.0,True,207.0,182.0,276.0,207.0,,,False,,False
6939.657,BOT,77,33.0,97.687,34.721,36.209,26.757,4.0,MEDIUM,12.0,False,Cadillac,1,18.0,True,201.0,183.0,275.0,295.0,,,False,,False
7037.514,BOT,77,34.0,97.857,35.174,36.464,26.219,4.0,MEDIUM,13.0,False,Cadillac,1,18.0,True,206.0,182.0,283.0,288.0,,,False,,False
7134.628,BOT,77,35.0,97.114,34.373,36.342,26.399,4.0,MEDIUM,14.0,False,Cadillac,1,18.0,True,203.0,182.0,281.0,295.0,,,False,,False
7233.29,BOT,77,36.0,98.662,34.391,37.967,26.304,4.0,MEDIUM,15.0,False,Cadillac,1,18.0,True,202.0,180.0,281.0,303.0,,,False,,False
7331.37,BOT,77,37.0,98.08,34.727,36.831,26.522,4.0,MEDIUM,16.0,False,Cadillac,1,18.0,True,199.0,181.0,281.0,293.0,,,False,,False
7429.129,BOT,77,38.0,97.759,34.528,36.701,26.53,4.0,MEDIUM,17.0,False,Cadillac,1,18.0,True,205.0,183.0,278.0,290.0,,,False,,False
7528.362,BOT,77,39.0,99.233,35.711,36.834,26.688,4.0,MEDIUM,18.0,False,Cadillac,1,18.0,True,203.0,182.0,283.0,288.0,,,False,,False
7628.557,BOT,77,40.0,100.195,37.314,36.502,26.379,4.0,MEDIUM,19.0,False,Cadillac,1,18.0,True,205.0,181.0,282.0,296.0,,,False,,False
7726.412,BOT,77,41.0,97.855,34.669,36.747,26.439,4.0,MEDIUM,20.0,False,Cadillac,1,18.0,True,204.0,182.0,284.0,293.0,,,False,,False
7826.535,BOT,77,42.0,100.123,34.569,39.095,26.459,4.0,MEDIUM,21.0,False,Cadillac,1,18.0,True,205.0,181.0,281.0,306.0,,,False,,False
7924.176,BOT,77,43.0,97.641,34.73,36.503,26.408,4.0,MEDIUM,22.0,False,Cadillac,1,18.0,True,204.0,182.0,284.0,294.0,,,False,,False
8022.056,BOT,77,44.0,97.88,34.689,36.544,26.647,4.0,MEDIUM,23.0,False,Cadillac,1,18.0,True,207.0,182.0,278.0,298.0,,,False,,False
8122.711,BOT,77,45.0,100.655,34.68,39.534,26.441,4.0,MEDIUM,24.0,False,Cadillac,1,18.0,True,206.0,178.0,283.0,296.0,,,False,,False
8221.716,BOT,77,46.0,99.005,34.535,36.917,27.553,4.0,MEDIUM,25.0,False,Cadillac,12,18.0,True,201.0,182.0,279.0,236.0,,,False,,False
8319.423,BOT,77,47.0,97.707,34.913,36.44,26.354,4.0,MEDIUM,26.0,False,Cadillac,1,18.0,True,208.0,182.0,277.0,299.0,,,False,,False
8417.525,BOT,77,48.0,98.102,34.668,36.515,26.919,4.0,MEDIUM,27.0,False,Cadillac,1,18.0,True,205.0,183.0,277.0,296.0,,,False,,False
8519.789,BOT,77,49.0,102.264,36.954,38.619,26.691,4.0,MEDIUM,28.0,False,Cadillac,1,18.0,True,202.0,179.0,282.0,293.0,,,False,,False
8618.159,BOT,77,50.0,98.37,35.406,36.595,26.369,4.0,MEDIUM,29.0,False,Cadillac,1,18.0,True,207.0,182.0,283.0,302.0,,,False,,False
8715.442,BOT,77,51.0,97.283,34.276,36.62,26.387,4.0,MEDIUM,30.0,False,Cadillac,1,18.0,True,204.0,182.0,283.0,295.0,,,False,,False
8814.62,BOT,77,52.0,99.178,36.186,36.589,26.403,4.0,MEDIUM,31.0,False,Cadillac,1,18.0,True,203.0,184.0,276.0,295.0,,,False,,False
8911.942,BOT,77,53.0,97.322,34.511,36.462,26.349,4.0,MEDIUM,32.0,False,Cadillac,1,18.0,True,205.0,182.0,285.0,292.0,,,False,,False
9009.537,BOT,77,54.0,97.595,34.248,36.415,26.932,4.0,MEDIUM,33.0,False,Cadillac,12,18.0,True,207.0,183.0,276.0,302.0,,,False,,False
9109.521,BOT,77,55.0,99.984,36.528,36.971,26.485,4.0,MEDIUM,34.0,False,Cadillac,1,18.0,True,199.0,179.0,281.0,308.0,,,False,,False
3540.693,PIA,81,1.0,98.7,,34.706,25.632,1.0,MEDIUM,1.0,True,McLaren,1,4.0,False,214.0,186.0,266.0,314.0,,,False,,False
3634.218,PIA,81,2.0,93.525,32.905,34.639,25.981,1.0,MEDIUM,2.0,True,McLaren,1,4.0,True,213.0,187.0,265.0,316.0,,,False,,False
3728.582,PIA,81,3.0,94.364,33.666,34.945,25.753,1.0,MEDIUM,3.0,True,McLaren,1,5.0,True,211.0,186.0,268.0,322.0,,,False,,False
3822.671,PIA,81,4.0,94.089,33.29,34.946,25.853,1.0,MEDIUM,4.0,True,McLaren,1,5.0,True,211.0,186.0,272.0,318.0,,,False,,False
3916.162,PIA,81,5.0,93.491,32.972,35.003,25.516,1.0,MEDIUM,5.0,True,McLaren,12,5.0,True,207.0,186.0,279.0,322.0,,,False,,False
4048.069,PIA,81,6.0,131.907,42.587,51.84,37.48,1.0,MEDIUM,6.0,True,McLaren,24,5.0,False,97.0,105.0,248.0,99.0,,,True,TRACK LIMITS AT TURN 15 LAP 6 ,False
4185.383,PIA,81,7.0,137.314,40.925,55.651,40.738,1.0,MEDIUM,7.0,True,McLaren,4,5.0,False,111.0,102.0,233.0,100.0,,,False,,False
4329.013,PIA,81,8.0,143.63,49.504,56.192,37.934,1.0,MEDIUM,8.0,True,McLaren,4,5.0,False,85.0,64.0,234.0,154.0,,,False,,False
4476.389,PIA,81,9.0,147.376,47.453,57.423,42.5,1.0,MEDIUM,9.0,True,McLaren,4,5.0,False,122.0,66.0,227.0,114.0,,,False,,False
4614.924,PIA,81,10.0,138.535,47.889,56.288,34.358,1.0,MEDIUM,10.0,True,McLaren,4,5.0,False,101.0,77.0,237.0,242.0,,,False,,False
4763.332,PIA,81,11.0,148.408,48.402,47.036,52.97,1.0,MEDIUM,11.0,True,McLaren,41,5.0,False,99.0,109.0,281.0,61.0,,,False,,False
4856.85,PIA,81,12.0,93.518,32.973,34.946,25.599,1.0,MEDIUM,12.0,True,McLaren,1,4.0,True,213.0,189.0,276.0,313.0,,,False,,False
4950.313,PIA,81,13.0,93.463,32.81,34.989,25.664,1.0,MEDIUM,13.0,True,McLaren,1,4.0,True,211.0,187.0,276.0,314.0,,,False,,False
5043.533,PIA,81,14.0,93.22,32.598,34.938,25.684,1.0,MEDIUM,14.0,True,McLaren,1,4.0,True,212.0,187.0,277.0,316.0,,,False,,False
5137.03,PIA,81,15.0,93.497,32.717,35.101,25.679,1.0,MEDIUM,15.0,True,McLaren,1,4.0,True,211.0,185.0,272.0,313.0,,,False,,False
5230.774,PIA,81,16.0,93.744,32.911,35.104,25.729,1.0,MEDIUM,16.0,True,McLaren,12,4.0,True,211.0,186.0,277.0,313.0,,,False,,False
5325.355,PIA,81,17.0,94.581,32.832,35.996,25.753,1.0,MEDIUM,17.0,True,McLaren,1,4.0,True,207.0,184.0,278.0,319.0,,,False,,False
5419.368,PIA,81,18.0,94.013,33.104,35.169,25.74,1.0,MEDIUM,18.0,True,McLaren,1,4.0,True,211.0,185.0,280.0,316.0,,,False,,False
5513.086,PIA,81,19.0,93.718,32.829,35.179,25.71,1.0,MEDIUM,19.0,True,McLaren,1,4.0,True,208.0,185.0,280.0,318.0,,,False,,False
5606.563,PIA,81,20.0,93.477,32.812,35.122,25.543,1.0,MEDIUM,20.0,True,McLaren,1,4.0,True,212.0,184.0,279.0,320.0,,,False,,False
5700.104,PIA,81,21.0,93.541,32.751,35.036,25.754,1.0,MEDIUM,21.0,True,McLaren,1,3.0,True,211.0,185.0,280.0,318.0,,,False,,False
5793.978,PIA,81,22.0,93.874,32.708,35.309,25.857,1.0,MEDIUM,22.0,True,McLaren,1,3.0,True,207.0,186.0,281.0,306.0,,,False,,False
5887.808,PIA,81,23.0,93.83,32.636,35.224,25.97,1.0,MEDIUM,23.0,True,McLaren,1,3.0,True,210.0,186.0,279.0,305.0,,,False,,False
5981.448,PIA,81,24.0,93.64,32.652,35.072,25.916,1.0,MEDIUM,24.0,True,McLaren,1,3.0,True,212.0,186.0,275.0,305.0,,,False,,False
6075.999,PIA,81,25.0,94.551,32.841,35.826,25.884,1.0,MEDIUM,25.0,True,McLaren,1,3.0,True,211.0,187.0,273.0,304.0,,,False,,False
6170.07,PIA,81,26.0,94.071,32.838,35.349,25.884,1.0,MEDIUM,26.0,True,McLaren,1,3.0,True,211.0,186.0,274.0,304.0,,,False,,False
6264.02,PIA,81,27.0,93.95,32.71,35.273,25.967,1.0,MEDIUM,27.0,True,McLaren,1,2.0,True,211.0,186.0,278.0,302.0,,,False,,False
6363.011,PIA,81,28.0,98.991,32.765,35.098,31.128,1.0,MEDIUM,28.0,True,McLaren,1,4.0,False,211.0,188.0,,303.0,,6357.473,False,,False
6470.505,PIA,81,29.0,107.494,47.324,34.434,25.736,2.0,HARD,1.0,True,McLaren,1,7.0,False,213.0,188.0,272.0,306.0,6380.507,,False,,False
6562.454,PIA,81,30.0,91.949,31.898,34.519,25.532,2.0,HARD,2.0,True,McLaren,1,7.0,True,215.0,187.0,281.0,314.0,,,False,,False
6654.893,PIA,81,31.0,92.439,32.073,34.83,25.536,2.0,HARD,3.0,True,McLaren,1,6.0,True,213.0,187.0,280.0,316.0,,,False,,False
6747.291,PIA,81,32.0,92.398,32.236,34.709,25.453,2.0,HARD,4.0,True,McLaren,1,6.0,True,212.0,187.0,281.0,323.0,,,False,,False
6840.611,PIA,81,33.0,93.32,33.037,34.837,25.446,2.0,HARD,5.0,True,McLaren,1,6.0,True,209.0,185.0,286.0,322.0,,,False,,False
6934.828,PIA,81,34.0,94.217,33.241,35.074,25.902,2.0,HARD,6.0,True,McLaren,1,6.0,True,212.0,187.0,289.0,319.0,,,False,,False
7029.085,PIA,81,35.0,94.257,32.687,36.21,25.36,2.0,HARD,7.0,True,McLaren,1,5.0,True,216.0,184.0,282.0,318.0,,,False,,False
7122.353,PIA,81,36.0,93.268,32.403,35.299,25.566,2.0,HARD,8.0,True,McLaren,1,5.0,True,213.0,188.0,283.0,309.0,,,False,,False
7215.189,PIA,81,37.0,92.836,32.187,35.011,25.638,2.0,HARD,9.0,True,McLaren,1,5.0,True,212.0,187.0,280.0,308.0,,,False,,False
7307.739,PIA,81,38.0,92.55,32.19,34.863,25.497,2.0,HARD,10.0,True,McLaren,1,5.0,True,210.0,188.0,280.0,310.0,,,False,,False
7400.332,PIA,81,39.0,92.593,32.04,35.02,25.533,2.0,HARD,11.0,True,McLaren,1,5.0,True,212.0,187.0,283.0,312.0,,,False,,False
7492.856,PIA,81,40.0,92.524,32.056,34.846,25.622,2.0,HARD,12.0,True,McLaren,1,5.0,True,212.0,187.0,281.0,310.0,,,False,,False
7585.656,PIA,81,41.0,92.8,32.305,34.873,25.622,2.0,HARD,13.0,True,McLaren,1,5.0,True,212.0,187.0,280.0,308.0,,,False,,False
7678.32,PIA,81,42.0,92.664,32.163,34.908,25.593,2.0,HARD,14.0,True,McLaren,1,5.0,True,212.0,186.0,284.0,312.0,,,False,,False
7771.158,PIA,81,43.0,92.838,32.384,34.8,25.654,2.0,HARD,15.0,True,McLaren,1,5.0,True,211.0,187.0,281.0,309.0,,,False,,False
7863.942,PIA,81,44.0,92.784,32.152,34.994,25.638,2.0,HARD,16.0,True,McLaren,1,5.0,True,214.0,187.0,281.0,309.0,,,False,,False
7956.24,PIA,81,45.0,92.298,32.012,34.817,25.469,2.0,HARD,17.0,True,McLaren,1,5.0,True,210.0,187.0,282.0,311.0,,,False,,False
8048.736,PIA,81,46.0,92.496,32.078,34.855,25.563,2.0,HARD,18.0,True,McLaren,1,5.0,True,214.0,187.0,283.0,312.0,,,False,,False
8141.346,PIA,81,47.0,92.61,32.306,34.882,25.422,2.0,HARD,19.0,True,McLaren,1,5.0,True,213.0,186.0,284.0,322.0,,,False,,False
8234.924,PIA,81,48.0,93.578,32.872,35.18,25.526,2.0,HARD,20.0,True,McLaren,12,4.0,True,210.0,183.0,282.0,317.0,,,False,,False
8327.683,PIA,81,49.0,92.759,32.304,34.912,25.543,2.0,HARD,21.0,True,McLaren,1,4.0,True,213.0,188.0,281.0,313.0,,,False,,False
8420.108,PIA,81,50.0,92.425,32.073,34.649,25.703,2.0,HARD,22.0,True,McLaren,1,4.0,True,214.0,187.0,284.0,314.0,,,False,,False
8512.524,PIA,81,51.0,92.416,32.095,34.769,25.552,2.0,HARD,23.0,True,McLaren,1,4.0,True,214.0,187.0,285.0,312.0,,,False,,False
8604.973,PIA,81,52.0,92.449,32.186,34.83,25.433,2.0,HARD,24.0,True,McLaren,1,4.0,True,214.0,185.0,283.0,315.0,,,False,,False
8697.193,PIA,81,53.0,92.22,32.094,34.772,25.354,2.0,HARD,25.0,True,McLaren,1,4.0,True,215.0,187.0,286.0,318.0,,,False,,False
8789.179,PIA,81,54.0,91.986,32.078,34.575,25.333,2.0,HARD,26.0,True,McLaren,1,4.0,True,214.0,186.0,286.0,321.0,,,False,,False
8881.875,PIA,81,55.0,92.696,32.27,34.974,25.452,2.0,HARD,27.0,True,McLaren,1,4.0,True,214.0,186.0,288.0,323.0,,,False,,False
8975.121,PIA,81,56.0,93.246,32.448,35.285,25.513,2.0,HARD,28.0,True,McLaren,1,3.0,True,213.0,185.0,287.0,312.0,,,False,,False
9068.358,PIA,81,57.0,93.237,32.345,35.237,25.655,2.0,HARD,29.0,True,McLaren,12,3.0,True,213.0,186.0,284.0,308.0,,,False,,False
3547.751,BEA,87,1.0,105.758,,37.513,25.825,1.0,MEDIUM,1.0,True,Haas F1 Team,1,14.0,False,206.0,185.0,288.0,286.0,,,False,,False
3644.697,BEA,87,2.0,96.946,34.8,35.808,26.338,1.0,MEDIUM,2.0,True,Haas F1 Team,1,13.0,True,208.0,186.0,272.0,316.0,,,False,,False
3739.589,BEA,87,3.0,94.892,33.577,35.332,25.983,1.0,MEDIUM,3.0,True,Haas F1 Team,1,13.0,True,211.0,184.0,281.0,305.0,,,False,,False
3834.63,BEA,87,4.0,95.041,33.759,35.26,26.022,1.0,MEDIUM,4.0,True,Haas F1 Team,1,13.0,True,210.0,183.0,283.0,315.0,,,False,,False
3930.426,BEA,87,5.0,95.796,33.608,35.698,26.49,1.0,MEDIUM,5.0,True,Haas F1 Team,12,11.0,True,203.0,181.0,281.0,297.0,,,False,,False
4065.301,BEA,87,6.0,134.875,44.924,48.134,41.817,1.0,MEDIUM,6.0,True,Haas F1 Team,24,11.0,False,180.0,121.0,209.0,128.0,,,False,,False
4194.658,BEA,87,7.0,129.357,37.359,48.33,43.668,1.0,MEDIUM,7.0,True,Haas F1 Team,4,10.0,False,176.0,94.0,250.0,77.0,,,False,,False
4338.051,BEA,87,8.0,143.393,44.754,57.993,40.646,1.0,MEDIUM,8.0,True,Haas F1 Team,4,10.0,False,95.0,55.0,232.0,76.0,,,False,,False
4481.352,BEA,87,9.0,143.301,44.407,57.49,41.404,1.0,MEDIUM,9.0,True,Haas F1 Team,4,10.0,False,105.0,72.0,222.0,145.0,,,False,,False
4621.138,BEA,87,10.0,139.786,47.051,57.473,35.262,1.0,MEDIUM,10.0,True,Haas F1 Team,4,10.0,False,90.0,88.0,236.0,156.0,,,False,,False
4765.792,BEA,87,11.0,144.654,46.78,46.559,51.315,1.0,MEDIUM,11.0,True,Haas F1 Team,41,10.0,False,121.0,133.0,283.0,46.0,,,False,,False
4861.061,BEA,87,12.0,95.269,33.8,35.516,25.953,1.0,MEDIUM,12.0,True,Haas F1 Team,1,10.0,True,210.0,182.0,283.0,311.0,,,False,,False
4956.093,BEA,87,13.0,95.032,33.863,35.306,25.863,1.0,MEDIUM,13.0,True,Haas F1 Team,1,10.0,True,207.0,182.0,281.0,307.0,,,False,,False
5050.71,BEA,87,14.0,94.617,33.448,35.231,25.938,1.0,MEDIUM,14.0,True,Haas F1 Team,1,10.0,True,207.0,182.0,280.0,301.0,,,False,,False
5145.821,BEA,87,15.0,95.111,33.344,35.524,26.243,1.0,MEDIUM,15.0,True,Haas F1 Team,1,11.0,True,209.0,181.0,284.0,309.0,,,False,,False
5240.697,BEA,87,16.0,94.876,33.807,35.205,25.864,1.0,MEDIUM,16.0,True,Haas F1 Team,12,11.0,True,209.0,180.0,280.0,316.0,,,False,,False
5335.904,BEA,87,17.0,95.207,33.871,35.451,25.885,1.0,MEDIUM,17.0,True,Haas F1 Team,1,11.0,True,208.0,179.0,285.0,321.0,,,False,,False
5431.08,BEA,87,18.0,95.176,33.831,35.47,25.875,1.0,MEDIUM,18.0,True,Haas F1 Team,1,11.0,True,206.0,180.0,279.0,323.0,,,False,,False
5526.177,BEA,87,19.0,95.097,33.796,35.436,25.865,1.0,MEDIUM,19.0,True,Haas F1 Team,1,11.0,True,208.0,181.0,281.0,324.0,,,False,,False
5621.282,BEA,87,20.0,95.105,33.822,35.439,25.844,1.0,MEDIUM,20.0,True,Haas F1 Team,1,11.0,True,206.0,181.0,282.0,325.0,,,False,,False
5716.553,BEA,87,21.0,95.271,33.966,35.486,25.819,1.0,MEDIUM,21.0,True,Haas F1 Team,1,10.0,True,208.0,180.0,281.0,320.0,,,False,,False
5811.524,BEA,87,22.0,94.971,33.677,35.312,25.982,1.0,MEDIUM,22.0,True,Haas F1 Team,1,9.0,True,207.0,180.0,284.0,318.0,,,False,,False
5908.053,BEA,87,23.0,96.529,34.154,36.188,26.187,1.0,MEDIUM,23.0,True,Haas F1 Team,1,11.0,True,209.0,179.0,284.0,310.0,,,False,,False
6003.16,BEA,87,24.0,95.107,33.767,35.307,26.033,1.0,MEDIUM,24.0,True,Haas F1 Team,1,11.0,True,209.0,182.0,278.0,320.0,,,False,,False
6098.175,BEA,87,25.0,95.015,33.495,35.506,26.014,1.0,MEDIUM,25.0,True,Haas F1 Team,1,11.0,True,208.0,184.0,284.0,314.0,,,False,,False
6197.863,BEA,87,26.0,99.688,33.414,35.395,30.879,1.0,MEDIUM,26.0,True,Haas F1 Team,1,12.0,False,209.0,181.0,,332.0,,6192.473,False,,False
6306.397,BEA,87,27.0,108.534,48.026,34.724,25.784,2.0,HARD,1.0,True,Haas F1 Team,1,14.0,False,214.0,183.0,282.0,310.0,6215.883,,False,,False
6400.141,BEA,87,28.0,93.744,33.077,34.875,25.792,2.0,HARD,2.0,True,Haas F1 Team,1,13.0,True,210.0,185.0,284.0,316.0,,,False,,False
6494.202,BEA,87,29.0,94.061,33.097,35.258,25.706,2.0,HARD,3.0,True,Haas F1 Team,1,13.0,True,207.0,181.0,285.0,317.0,,,False,,False
6588.043,BEA,87,30.0,93.841,33.077,35.033,25.731,2.0,HARD,4.0,True,Haas F1 Team,1,13.0,True,208.0,184.0,287.0,319.0,,,False,,False
6682.128,BEA,87,31.0,94.085,32.994,35.181,25.91,2.0,HARD,5.0,True,Haas F1 Team,1,13.0,True,208.0,183.0,282.0,315.0,,,False,,False
6776.23,BEA,87,32.0,94.102,33.116,35.182,25.804,2.0,HARD,6.0,True,Haas F1 Team,1,11.0,True,210.0,183.0,285.0,315.0,,,False,,False
6870.097,BEA,87,33.0,93.867,33.002,35.096,25.769,2.0,HARD,7.0,True,Haas F1 Team,1,11.0,True,211.0,184.0,287.0,316.0,,,False,,False
6964.4,BEA,87,34.0,94.303,33.235,35.289,25.779,2.0,HARD,8.0,True,Haas F1 Team,1,11.0,True,211.0,182.0,287.0,316.0,,,False,,False
7058.598,BEA,87,35.0,94.198,33.156,35.34,25.702,2.0,HARD,9.0,True,Haas F1 Team,1,11.0,True,211.0,183.0,287.0,318.0,,,False,,False
7152.871,BEA,87,36.0,94.273,33.182,35.358,25.733,2.0,HARD,10.0,True,Haas F1 Team,1,11.0,True,209.0,181.0,287.0,318.0,,,False,,False
7247.116,BEA,87,37.0,94.245,33.187,35.291,25.767,2.0,HARD,11.0,True,Haas F1 Team,1,11.0,True,209.0,183.0,287.0,320.0,,,False,,False
7341.485,BEA,87,38.0,94.369,33.376,35.225,25.768,2.0,HARD,12.0,True,Haas F1 Team,1,11.0,True,209.0,182.0,284.0,322.0,,,False,,False
7435.888,BEA,87,39.0,94.403,33.383,35.163,25.857,2.0,HARD,13.0,True,Haas F1 Team,1,11.0,True,209.0,181.0,283.0,324.0,,,False,,False
7530.247,BEA,87,40.0,94.359,33.441,35.17,25.748,2.0,HARD,14.0,True,Haas F1 Team,1,11.0,True,207.0,181.0,283.0,327.0,,,False,,False
7624.691,BEA,87,41.0,94.444,33.491,35.262,25.691,2.0,HARD,15.0,True,Haas F1 Team,1,11.0,True,212.0,182.0,283.0,321.0,,,False,,False
7719.099,BEA,87,42.0,94.408,33.396,35.257,25.755,2.0,HARD,16.0,True,Haas F1 Team,1,11.0,True,209.0,182.0,283.0,321.0,,,False,,False
7813.978,BEA,87,43.0,94.879,33.431,35.467,25.981,2.0,HARD,17.0,True,Haas F1 Team,1,11.0,True,204.0,182.0,286.0,317.0,,,False,,False
7908.46,BEA,87,44.0,94.482,33.342,35.301,25.839,2.0,HARD,18.0,True,Haas F1 Team,1,11.0,True,210.0,183.0,286.0,312.0,,,False,,False
8003.048,BEA,87,45.0,94.588,33.221,35.44,25.927,2.0,HARD,19.0,True,Haas F1 Team,1,11.0,True,210.0,184.0,285.0,312.0,,,False,,False
8097.401,BEA,87,46.0,94.353,33.212,35.318,25.823,2.0,HARD,20.0,True,Haas F1 Team,1,11.0,True,208.0,184.0,287.0,312.0,,,False,,False
8194.936,BEA,87,47.0,97.535,34.937,36.353,26.245,2.0,HARD,21.0,True,Haas F1 Team,12,11.0,True,189.0,182.0,285.0,308.0,,,True,TRACK LIMITS AT TURN 7 LAP 47 ,False
8289.689,BEA,87,48.0,94.753,33.345,35.384,26.024,2.0,HARD,22.0,True,Haas F1 Team,1,11.0,True,212.0,185.0,285.0,310.0,,,False,,False
8384.031,BEA,87,49.0,94.342,33.094,35.303,25.945,2.0,HARD,23.0,True,Haas F1 Team,1,11.0,True,212.0,186.0,286.0,309.0,,,False,,False
8478.318,BEA,87,50.0,94.287,33.156,35.168,25.963,2.0,HARD,24.0,True,Haas F1 Team,1,11.0,True,212.0,185.0,286.0,309.0,,,False,,False
8572.765,BEA,87,51.0,94.447,33.134,35.359,25.954,2.0,HARD,25.0,True,Haas F1 Team,1,11.0,True,209.0,182.0,287.0,309.0,,,False,,False
8667.485,BEA,87,52.0,94.72,33.114,35.561,26.045,2.0,HARD,26.0,True,Haas F1 Team,1,11.0,True,208.0,183.0,287.0,309.0,,,False,,False
8761.841,BEA,87,53.0,94.356,33.07,35.39,25.896,2.0,HARD,27.0,True,Haas F1 Team,1,11.0,True,211.0,184.0,288.0,309.0,,,False,,False
8857.256,BEA,87,54.0,95.415,32.943,36.504,25.968,2.0,HARD,28.0,True,Haas F1 Team,1,11.0,True,211.0,182.0,288.0,317.0,,,False,,False
8953.152,BEA,87,55.0,95.896,34.829,35.118,25.949,2.0,HARD,29.0,True,Haas F1 Team,1,11.0,True,212.0,185.0,290.0,317.0,,,False,,False
9047.666,BEA,87,56.0,94.514,33.153,35.399,25.962,2.0,HARD,30.0,True,Haas F1 Team,12,11.0,True,207.0,182.0,289.0,314.0,,,False,,False
