Time,Driver,DriverNumber,LapNumber,LapTime,Sector1Time,Sector2Time,Sector3Time,Stint,Compound,TyreLife,FreshTyre,Team,TrackStatus,Position,IsAccurate,SpeedI1,SpeedI2,SpeedFL,SpeedST,PitOutTime,PitInTime,Deleted,DeletedReason,FastF1Generated
3410.495,NOR,1,1.0,90.629,,39.379,21.696,1.0,MEDIUM,1.0,True,McLaren,12,8.0,False,151.0,181.0,257.0,265.0,,,False,,False
3491.179,NOR,1,2.0,80.684,21.738,37.534,21.412,1.0,MEDIUM,2.0,True,McLaren,1,8.0,True,178.0,177.0,258.0,273.0,,,False,,False
3571.374,NOR,1,3.0,80.195,21.482,37.614,21.099,1.0,MEDIUM,3.0,True,McLaren,1,8.0,True,177.0,187.0,259.0,277.0,,,False,,False
3650.865,NOR,1,4.0,79.491,21.206,37.169,21.116,1.0,MEDIUM,4.0,True,McLaren,1,8.0,True,189.0,182.0,259.0,276.0,,,False,,False
3729.853,NOR,1,5.0,78.988,20.871,36.96,21.157,1.0,MEDIUM,5.0,True,McLaren,1,8.0,True,184.0,179.0,259.0,276.0,,,False,,False
3808.086,NOR,1,6.0,78.233,20.752,36.693,20.788,1.0,MEDIUM,6.0,True,McLaren,1,8.0,True,190.0,190.0,259.0,275.0,,,False,,False
3886.329,NOR,1,7.0,78.243,20.606,36.68,20.957,1.0,MEDIUM,7.0,True,McLaren,1,8.0,True,191.0,187.0,259.0,275.0,,,False,,False
3964.408,NOR,1,8.0,78.079,20.598,36.576,20.905,1.0,MEDIUM,8.0,True,McLaren,1,8.0,True,193.0,192.0,261.0,278.0,,,False,,False
4042.467,NOR,1,9.0,78.059,20.876,36.456,20.727,1.0,MEDIUM,9.0,True,McLaren,1,8.0,True,183.0,194.0,260.0,277.0,,,False,,False
4121.095,NOR,1,10.0,78.628,20.611,36.654,21.363,1.0,MEDIUM,10.0,True,McLaren,1,8.0,True,189.0,185.0,259.0,278.0,,,False,,False
4199.508,NOR,1,11.0,78.413,20.555,36.981,20.877,1.0,MEDIUM,11.0,True,McLaren,1,8.0,True,196.0,187.0,256.0,277.0,,,False,,False
4277.23,NOR,1,12.0,77.722,20.68,36.379,20.663,1.0,MEDIUM,12.0,True,McLaren,1,8.0,True,193.0,193.0,260.0,270.0,,,False,,False
4355.621,NOR,1,13.0,78.391,20.76,36.899,20.732,1.0,MEDIUM,13.0,True,McLaren,1,8.0,True,184.0,189.0,261.0,276.0,,,False,,False
4433.791,NOR,1,14.0,78.17,20.523,36.851,20.796,1.0,MEDIUM,14.0,True,McLaren,1,8.0,True,190.0,187.0,262.0,279.0,,,False,,False
4512.414,NOR,1,15.0,78.623,20.671,37.009,20.943,1.0,MEDIUM,15.0,True,McLaren,1,8.0,True,189.0,190.0,260.0,279.0,,,False,,False
4591.052,NOR,1,16.0,78.638,20.822,36.824,20.992,1.0,MEDIUM,16.0,True,McLaren,1,8.0,True,186.0,191.0,260.0,275.0,,,False,,False
4669.794,NOR,1,17.0,78.742,20.606,37.153,20.983,1.0,MEDIUM,17.0,True,McLaren,1,8.0,True,185.0,187.0,261.0,277.0,,,False,,False
4748.788,NOR,1,18.0,78.994,20.986,36.999,21.009,1.0,MEDIUM,18.0,True,McLaren,1,8.0,True,189.0,185.0,262.0,279.0,,,False,,False
4827.494,NOR,1,19.0,78.706,20.768,36.957,20.981,1.0,MEDIUM,19.0,True,McLaren,1,8.0,True,188.0,188.0,262.0,280.0,,,False,,False
4905.806,NOR,1,20.0,78.312,20.696,36.744,20.872,1.0,MEDIUM,20.0,True,McLaren,1,8.0,True,185.0,191.0,261.0,279.0,,,False,,False
4984.872,NOR,1,21.0,79.066,20.635,36.935,21.496,1.0,MEDIUM,21.0,True,McLaren,1,8.0,True,187.0,186.0,261.0,279.0,,,False,,False
5062.797,NOR,1,22.0,77.925,20.317,36.612,20.996,1.0,MEDIUM,22.0,True,McLaren,1,8.0,True,196.0,189.0,261.0,279.0,,,False,,False
5141.046,NOR,1,23.0,78.249,20.647,36.713,20.889,1.0,MEDIUM,23.0,True,McLaren,1,8.0,True,195.0,191.0,262.0,279.0,,,False,,False
5219.722,NOR,1,24.0,78.676,20.743,36.994,20.939,1.0,MEDIUM,24.0,True,McLaren,1,8.0,True,194.0,188.0,261.0,280.0,,,False,,False
5298.038,NOR,1,25.0,78.316,20.78,36.744,20.792,1.0,MEDIUM,25.0,True,McLaren,1,8.0,True,191.0,192.0,262.0,279.0,,,False,,False
5376.516,NOR,1,26.0,78.478,20.6,36.848,21.03,1.0,MEDIUM,26.0,True,McLaren,1,8.0,True,191.0,191.0,261.0,280.0,,,False,,False
5454.892,NOR,1,27.0,78.376,20.645,36.776,20.955,1.0,MEDIUM,27.0,True,McLaren,1,8.0,True,189.0,190.0,262.0,280.0,,,False,,False
5533.356,NOR,1,28.0,78.464,20.576,36.746,21.142,1.0,MEDIUM,28.0,True,McLaren,1,8.0,True,196.0,190.0,263.0,277.0,,,False,,False
5611.554,NOR,1,29.0,78.198,20.736,36.722,20.74,1.0,MEDIUM,29.0,True,McLaren,1,8.0,True,196.0,185.0,263.0,278.0,,,False,,False
5689.875,NOR,1,30.0,78.321,20.577,36.833,20.911,1.0,MEDIUM,30.0,True,McLaren,1,8.0,True,192.0,189.0,260.0,279.0,,,False,,False
5768.175,NOR,1,31.0,78.3,20.568,36.845,20.887,1.0,MEDIUM,31.0,True,McLaren,1,7.0,True,197.0,190.0,259.0,280.0,,,False,,False
5846.364,NOR,1,32.0,78.189,20.594,36.761,20.834,1.0,MEDIUM,32.0,True,McLaren,1,6.0,True,195.0,190.0,259.0,267.0,,,False,,False
5926.594,NOR,1,33.0,80.23,20.865,38.298,21.067,1.0,MEDIUM,33.0,True,McLaren,1,6.0,True,177.0,188.0,254.0,209.0,,,True,TRACK LIMITS AT TURN 16 LAP 33 ,False
6004.264,NOR,1,34.0,77.67,20.565,36.469,20.636,1.0,MEDIUM,34.0,True,McLaren,1,6.0,True,195.0,192.0,249.0,268.0,,,False,,False
6082.097,NOR,1,35.0,77.833,20.533,36.554,20.746,1.0,MEDIUM,35.0,True,McLaren,1,6.0,True,197.0,190.0,247.0,270.0,,,False,,False
6160.321,NOR,1,36.0,78.224,20.542,36.866,20.816,1.0,MEDIUM,36.0,True,McLaren,1,6.0,True,193.0,190.0,261.0,274.0,,,False,,False
6239.06,NOR,1,37.0,78.739,20.564,37.024,21.151,1.0,MEDIUM,37.0,True,McLaren,1,6.0,True,192.0,188.0,259.0,274.0,,,False,,False
6318.068,NOR,1,38.0,79.008,20.732,36.97,21.306,1.0,MEDIUM,38.0,True,McLaren,1,6.0,True,189.0,191.0,257.0,275.0,,,False,,False
6397.379,NOR,1,39.0,79.311,20.905,37.081,21.325,1.0,MEDIUM,39.0,True,McLaren,1,6.0,True,186.0,192.0,259.0,273.0,,,False,,False
6476.327,NOR,1,40.0,78.948,20.672,37.148,21.128,1.0,MEDIUM,40.0,True,McLaren,1,6.0,True,192.0,186.0,260.0,279.0,,,False,,False
6557.208,NOR,1,41.0,80.881,20.981,38.093,21.807,1.0,MEDIUM,41.0,True,McLaren,1,6.0,True,178.0,180.0,253.0,277.0,,,False,,False
6637.352,NOR,1,42.0,80.144,21.282,37.697,21.165,1.0,MEDIUM,42.0,True,McLaren,1,6.0,True,201.0,185.0,255.0,268.0,,,False,,False
6716.575,NOR,1,43.0,79.223,20.998,37.437,20.788,1.0,MEDIUM,43.0,True,McLaren,1,6.0,True,204.0,192.0,254.0,265.0,,,False,,False
6794.519,NOR,1,44.0,,20.617,41.184,,1.0,MEDIUM,44.0,True,McLaren,1,6.0,False,180.0,140.0,,205.0,,6794.542,False,,False
3409.971,GAS,10,1.0,90.105,,39.269,21.649,1.0,MEDIUM,1.0,True,Alpine,12,7.0,False,151.0,178.0,257.0,268.0,,,False,,False
3490.686,GAS,10,2.0,80.715,21.782,37.45,21.483,1.0,MEDIUM,2.0,True,Alpine,1,7.0,True,184.0,182.0,253.0,279.0,,,False,,False
3570.759,GAS,10,3.0,80.073,21.429,37.648,20.996,1.0,MEDIUM,3.0,True,Alpine,1,7.0,True,178.0,185.0,254.0,271.0,,,False,,False
3649.883,GAS,10,4.0,79.124,21.231,36.89,21.003,1.0,MEDIUM,4.0,True,Alpine,1,7.0,True,186.0,184.0,255.0,271.0,,,False,,False
3728.975,GAS,10,5.0,79.092,20.995,37.121,20.976,1.0,MEDIUM,5.0,True,Alpine,1,7.0,True,181.0,188.0,254.0,270.0,,,False,,False
3807.28,GAS,10,6.0,78.305,20.683,36.674,20.948,1.0,MEDIUM,6.0,True,Alpine,1,7.0,True,192.0,187.0,254.0,270.0,,,False,,False
3885.86,GAS,10,7.0,78.58,20.895,36.69,20.995,1.0,MEDIUM,7.0,True,Alpine,1,7.0,True,193.0,182.0,255.0,271.0,,,False,,False
3963.806,GAS,10,8.0,77.946,20.595,36.653,20.698,1.0,MEDIUM,8.0,True,Alpine,1,7.0,True,191.0,186.0,256.0,271.0,,,False,,False
4041.936,GAS,10,9.0,78.13,20.431,36.686,21.013,1.0,MEDIUM,9.0,True,Alpine,1,7.0,True,197.0,185.0,254.0,271.0,,,False,,False
4119.976,GAS,10,10.0,78.04,20.6,36.592,20.848,1.0,MEDIUM,10.0,True,Alpine,1,7.0,True,195.0,184.0,255.0,271.0,,,False,,False
4198.38,GAS,10,11.0,78.404,20.819,36.793,20.792,1.0,MEDIUM,11.0,True,Alpine,1,7.0,True,188.0,185.0,255.0,270.0,,,False,,False
4276.738,GAS,10,12.0,78.358,20.65,36.819,20.889,1.0,MEDIUM,12.0,True,Alpine,1,7.0,True,187.0,189.0,256.0,271.0,,,False,,False
4355.071,GAS,10,13.0,78.333,20.48,36.809,21.044,1.0,MEDIUM,13.0,True,Alpine,1,7.0,True,193.0,186.0,255.0,271.0,,,False,,False
4433.275,GAS,10,14.0,78.204,20.581,36.7,20.923,1.0,MEDIUM,14.0,True,Alpine,1,7.0,True,194.0,184.0,255.0,271.0,,,False,,False
4511.367,GAS,10,15.0,78.092,20.563,36.571,20.958,1.0,MEDIUM,15.0,True,Alpine,1,7.0,True,197.0,186.0,256.0,272.0,,,False,,False
4590.495,GAS,10,16.0,79.128,20.533,37.21,21.385,1.0,MEDIUM,16.0,True,Alpine,1,7.0,True,189.0,182.0,252.0,271.0,,,False,,False
4669.277,GAS,10,17.0,78.782,20.656,36.929,21.197,1.0,MEDIUM,17.0,True,Alpine,1,7.0,True,195.0,185.0,256.0,271.0,,,False,,False
4748.332,GAS,10,18.0,79.055,20.964,37.022,21.069,1.0,MEDIUM,18.0,True,Alpine,1,7.0,True,191.0,182.0,256.0,271.0,,,False,,False
4827.019,GAS,10,19.0,78.687,20.752,36.971,20.964,1.0,MEDIUM,19.0,True,Alpine,1,7.0,True,190.0,184.0,257.0,271.0,,,False,,False
4905.25,GAS,10,20.0,78.231,20.535,36.749,20.947,1.0,MEDIUM,20.0,True,Alpine,1,7.0,True,196.0,186.0,256.0,271.0,,,False,,False
4983.636,GAS,10,21.0,78.386,20.553,36.755,21.078,1.0,MEDIUM,21.0,True,Alpine,1,7.0,True,196.0,184.0,256.0,272.0,,,False,,False
5062.111,GAS,10,22.0,78.475,20.492,36.986,20.997,1.0,MEDIUM,22.0,True,Alpine,1,7.0,True,196.0,183.0,256.0,272.0,,,False,,False
5140.572,GAS,10,23.0,78.461,20.566,36.842,21.053,1.0,MEDIUM,23.0,True,Alpine,1,7.0,True,197.0,188.0,256.0,272.0,,,False,,False
5219.092,GAS,10,24.0,78.52,20.686,36.907,20.927,1.0,MEDIUM,24.0,True,Alpine,1,7.0,True,194.0,186.0,256.0,271.0,,,False,,False
5297.478,GAS,10,25.0,78.386,20.533,36.907,20.946,1.0,MEDIUM,25.0,True,Alpine,1,7.0,True,197.0,186.0,256.0,271.0,,,False,,False
5375.939,GAS,10,26.0,78.461,20.625,36.904,20.932,1.0,MEDIUM,26.0,True,Alpine,1,7.0,True,195.0,187.0,256.0,272.0,,,False,,False
5454.46,GAS,10,27.0,78.521,20.522,37.072,20.927,1.0,MEDIUM,27.0,True,Alpine,1,7.0,True,197.0,188.0,256.0,271.0,,,False,,False
5533.056,GAS,10,28.0,78.596,20.471,36.895,21.23,1.0,MEDIUM,28.0,True,Alpine,1,7.0,True,195.0,185.0,255.0,272.0,,,False,,False
5611.112,GAS,10,29.0,78.056,20.508,36.767,20.781,1.0,MEDIUM,29.0,True,Alpine,1,7.0,True,194.0,187.0,257.0,272.0,,,False,,False
5689.29,GAS,10,30.0,78.178,20.503,36.788,20.887,1.0,MEDIUM,30.0,True,Alpine,1,7.0,True,197.0,188.0,256.0,271.0,,,False,,False
5767.65,GAS,10,31.0,78.36,20.548,36.907,20.905,1.0,MEDIUM,31.0,True,Alpine,1,6.0,True,195.0,186.0,256.0,272.0,,,False,,False
5845.679,GAS,10,32.0,78.029,20.512,36.709,20.808,1.0,MEDIUM,32.0,True,Alpine,1,5.0,True,197.0,189.0,257.0,272.0,,,False,,False
5924.486,GAS,10,33.0,78.807,20.663,37.063,21.081,1.0,MEDIUM,33.0,True,Alpine,1,5.0,True,194.0,184.0,256.0,271.0,,,False,,False
6003.145,GAS,10,34.0,78.659,20.793,36.991,20.875,1.0,MEDIUM,34.0,True,Alpine,1,5.0,True,195.0,185.0,255.0,271.0,,,False,,False
6081.477,GAS,10,35.0,78.332,20.572,36.845,20.915,1.0,MEDIUM,35.0,True,Alpine,1,5.0,True,195.0,188.0,255.0,271.0,,,False,,False
6159.655,GAS,10,36.0,78.178,20.577,36.834,20.767,1.0,MEDIUM,36.0,True,Alpine,1,5.0,True,194.0,185.0,257.0,272.0,,,False,,False
6238.604,GAS,10,37.0,78.949,20.681,37.176,21.092,1.0,MEDIUM,37.0,True,Alpine,1,5.0,True,197.0,187.0,257.0,272.0,,,False,,False
6317.672,GAS,10,38.0,79.068,20.706,37.063,21.299,1.0,MEDIUM,38.0,True,Alpine,1,5.0,True,197.0,184.0,257.0,272.0,,,False,,False
6396.899,GAS,10,39.0,79.227,20.758,37.083,21.386,1.0,MEDIUM,39.0,True,Alpine,1,5.0,True,195.0,185.0,256.0,272.0,,,False,,False
6475.923,GAS,10,40.0,79.024,20.673,37.145,21.206,1.0,MEDIUM,40.0,True,Alpine,1,5.0,True,195.0,186.0,261.0,271.0,,,False,,False
6554.857,GAS,10,41.0,78.934,20.722,37.197,21.015,1.0,MEDIUM,41.0,True,Alpine,1,5.0,True,190.0,186.0,257.0,277.0,,,False,,False
6633.513,GAS,10,42.0,78.656,20.719,37.083,20.854,1.0,MEDIUM,42.0,True,Alpine,1,5.0,True,195.0,188.0,257.0,270.0,,,False,,False
6712.422,GAS,10,43.0,78.909,20.639,37.231,21.039,1.0,MEDIUM,43.0,True,Alpine,1,5.0,True,193.0,187.0,257.0,270.0,,,False,,False
6791.199,GAS,10,44.0,78.777,20.67,37.085,21.022,1.0,MEDIUM,44.0,True,Alpine,1,5.0,True,194.0,182.0,257.0,271.0,,,False,,False
6888.388,GAS,10,45.0,97.189,20.809,37.074,39.306,1.0,MEDIUM,45.0,True,Alpine,1,7.0,False,194.0,186.0,,271.0,,6863.524,False,,False
6972.031,GAS,10,46.0,83.643,24.394,38.026,21.223,2.0,HARD,1.0,True,Alpine,1,7.0,False,172.0,182.0,255.0,267.0,6889.152,,False,,False
7050.706,GAS,10,47.0,78.675,20.898,36.914,20.863,2.0,HARD,2.0,True,Alpine,1,7.0,True,194.0,185.0,255.0,270.0,,,False,,False
7128.924,GAS,10,48.0,78.218,20.65,36.728,20.84,2.0,HARD,3.0,True,Alpine,1,7.0,True,194.0,187.0,255.0,273.0,,,False,,False
7209.646,GAS,10,49.0,80.722,21.953,37.73,21.039,2.0,HARD,4.0,True,Alpine,1,7.0,True,132.0,184.0,255.0,272.0,,,False,,False
7288.571,GAS,10,50.0,78.925,20.469,36.696,21.76,2.0,HARD,5.0,True,Alpine,1,7.0,True,195.0,187.0,224.0,272.0,,,False,,False
7367.919,GAS,10,51.0,79.348,21.751,36.847,20.75,2.0,HARD,6.0,True,Alpine,1,7.0,True,199.0,188.0,257.0,273.0,,,False,,False
7445.869,GAS,10,52.0,77.95,20.649,36.744,20.557,2.0,HARD,7.0,True,Alpine,1,7.0,True,197.0,188.0,257.0,273.0,,,False,,False
7522.924,GAS,10,53.0,77.055,20.234,36.289,20.532,2.0,HARD,8.0,True,Alpine,1,7.0,True,199.0,188.0,257.0,275.0,,,False,,False
7600.211,GAS,10,54.0,77.287,20.267,36.416,20.604,2.0,HARD,9.0,True,Alpine,1,7.0,True,199.0,190.0,257.0,272.0,,,False,,False
7677.337,GAS,10,55.0,77.126,20.252,36.258,20.616,2.0,HARD,10.0,True,Alpine,1,7.0,True,201.0,187.0,256.0,273.0,,,False,,False
7754.846,GAS,10,56.0,77.509,20.391,36.416,20.702,2.0,HARD,11.0,True,Alpine,1,7.0,True,196.0,190.0,257.0,274.0,,,False,,False
7832.809,GAS,10,57.0,77.963,20.427,36.651,20.885,2.0,HARD,12.0,True,Alpine,1,7.0,True,199.0,186.0,258.0,273.0,,,False,,False
7910.421,GAS,10,58.0,77.612,20.615,36.296,20.701,2.0,HARD,13.0,True,Alpine,1,7.0,True,194.0,189.0,258.0,273.0,,,False,,False
8009.603,GAS,10,59.0,99.182,20.615,50.237,28.33,2.0,HARD,14.0,True,Alpine,124,6.0,False,194.0,161.0,182.0,115.0,,,False,,False
8122.739,GAS,10,60.0,113.136,27.636,49.19,36.31,2.0,HARD,15.0,True,Alpine,4,6.0,False,160.0,138.0,,224.0,,8103.876,False,,False
8215.922,GAS,10,61.0,93.183,27.682,40.548,24.953,3.0,HARD,16.0,False,Alpine,4,6.0,False,168.0,169.0,155.0,240.0,8123.58,,False,,False
8334.363,GAS,10,62.0,118.441,34.367,51.347,32.727,3.0,HARD,17.0,False,Alpine,4,6.0,False,118.0,152.0,117.0,147.0,,,False,,False
8427.322,GAS,10,63.0,92.959,29.641,40.888,22.43,3.0,HARD,18.0,False,Alpine,4,6.0,False,155.0,176.0,250.0,240.0,,,False,,False
8511.999,GAS,10,64.0,84.677,22.968,39.465,22.244,3.0,HARD,19.0,False,Alpine,4,6.0,False,172.0,176.0,251.0,243.0,,,False,,False
8593.809,GAS,10,65.0,81.81,22.448,37.703,21.659,3.0,HARD,20.0,False,Alpine,412,5.0,False,172.0,183.0,249.0,270.0,,,False,,False
8708.21,GAS,10,66.0,114.401,23.574,49.917,40.91,3.0,HARD,21.0,False,Alpine,24,5.0,False,136.0,165.0,,191.0,,8685.664,False,,False
8814.62,GAS,10,67.0,106.41,27.312,50.516,28.582,4.0,HARD,22.0,False,Alpine,4,5.0,False,156.0,132.0,229.0,231.0,8708.96,,False,,False
11070.224,GAS,10,68.0,,23.829,54.814,,4.0,HARD,23.0,False,Alpine,451,5.0,False,112.0,114.0,,154.0,,8919.387,False,,False
11166.746,GAS,10,69.0,96.522,27.964,40.872,27.686,5.0,SOFT,5.0,False,Alpine,14,5.0,False,149.0,163.0,204.0,234.0,11070.923,,False,,False
11331.61,GAS,10,70.0,,30.533,49.943,84.452,5.0,SOFT,6.0,False,Alpine,41,5.0,False,84.0,167.0,62.0,204.0,,,False,,False
11417.8,GAS,10,71.0,86.19,25.664,39.627,20.899,5.0,SOFT,7.0,False,Alpine,12,4.0,True,155.0,183.0,257.0,266.0,,,False,,False
11495.261,GAS,10,72.0,77.461,20.568,36.405,20.488,5.0,SOFT,8.0,False,Alpine,1,3.0,True,204.0,192.0,256.0,271.0,,,False,,False
11571.315,GAS,10,73.0,76.054,20.181,35.734,20.139,5.0,SOFT,9.0,False,Alpine,1,3.0,True,206.0,194.0,257.0,271.0,,,False,,False
11647.914,GAS,10,74.0,76.599,19.994,35.426,21.179,5.0,SOFT,10.0,False,Alpine,1,3.0,True,205.0,192.0,256.0,273.0,,,False,,False
11724.21,GAS,10,75.0,76.296,20.373,35.613,20.31,5.0,SOFT,11.0,False,Alpine,1,3.0,True,202.0,194.0,257.0,273.0,,,False,,False
11800.109,GAS,10,76.0,75.899,20.091,35.554,20.254,5.0,SOFT,12.0,False,Alpine,1,3.0,True,208.0,192.0,258.0,273.0,,,False,,False
11875.606,GAS,10,77.0,75.497,19.791,35.531,20.175,5.0,SOFT,13.0,False,Alpine,1,3.0,True,205.0,193.0,259.0,273.0,,,False,,False
11951.487,GAS,10,78.0,75.881,19.923,35.652,20.306,5.0,SOFT,14.0,False,Alpine,1,3.0,True,202.0,194.0,258.0,272.0,,,False,,False
3415.039,PER,11,1.0,95.173,,41.311,21.803,1.0,SOFT,1.0,True,Cadillac,12,14.0,False,155.0,174.0,259.0,259.0,,,False,,False
3496.543,PER,11,2.0,81.504,21.897,38.022,21.585,1.0,SOFT,2.0,True,Cadillac,1,14.0,True,173.0,177.0,255.0,257.0,,,False,,False
3577.022,PER,11,3.0,80.479,21.578,37.71,21.191,1.0,SOFT,3.0,True,Cadillac,1,14.0,True,172.0,182.0,259.0,260.0,,,False,,False
3677.088,PER,11,4.0,100.066,21.416,37.433,41.217,1.0,SOFT,4.0,True,Cadillac,1,16.0,False,178.0,180.0,,260.0,,3650.721,False,,False
3759.12,PER,11,5.0,82.032,23.857,37.316,20.859,2.0,MEDIUM,1.0,True,Cadillac,1,16.0,False,183.0,180.0,254.0,256.0,3677.862,,False,,False
3838.644,PER,11,6.0,79.524,21.108,37.669,20.747,2.0,MEDIUM,2.0,True,Cadillac,1,16.0,True,173.0,186.0,254.0,257.0,,,False,,False
3916.534,PER,11,7.0,77.89,20.694,36.464,20.732,2.0,MEDIUM,3.0,True,Cadillac,1,16.0,True,192.0,185.0,254.0,258.0,,,False,,False
3995.228,PER,11,8.0,78.694,20.734,37.034,20.926,2.0,MEDIUM,4.0,True,Cadillac,1,16.0,True,192.0,183.0,253.0,258.0,,,False,,False
4086.731,PER,11,9.0,91.503,20.836,36.978,33.689,2.0,MEDIUM,5.0,True,Cadillac,1,18.0,False,189.0,185.0,,258.0,,4067.749,False,,False
4168.935,PER,11,10.0,82.204,23.706,37.421,21.077,3.0,MEDIUM,6.0,False,Cadillac,1,18.0,False,187.0,181.0,254.0,256.0,4087.53,,False,,False
4247.671,PER,11,11.0,78.736,20.753,37.037,20.946,3.0,MEDIUM,7.0,False,Cadillac,1,18.0,True,191.0,183.0,245.0,257.0,,,False,,False
4329.32,PER,11,12.0,81.649,23.13,37.183,21.336,3.0,MEDIUM,8.0,False,Cadillac,1,18.0,True,176.0,184.0,194.0,258.0,,,False,,False
4409.543,PER,11,13.0,80.223,22.242,37.047,20.934,3.0,MEDIUM,9.0,False,Cadillac,1,18.0,True,188.0,182.0,254.0,258.0,,,False,,False
4488.053,PER,11,14.0,78.51,20.78,36.748,20.982,3.0,MEDIUM,10.0,False,Cadillac,1,18.0,True,190.0,184.0,225.0,259.0,,,False,,False
4568.864,PER,11,15.0,80.811,22.651,37.177,20.983,3.0,MEDIUM,11.0,False,Cadillac,1,18.0,True,186.0,182.0,254.0,259.0,,,False,,False
4647.442,PER,11,16.0,78.578,20.695,36.894,20.989,3.0,MEDIUM,12.0,False,Cadillac,1,18.0,True,194.0,184.0,255.0,259.0,,,False,,False
4726.571,PER,11,17.0,79.129,20.757,37.371,21.001,3.0,MEDIUM,13.0,False,Cadillac,1,18.0,True,186.0,182.0,250.0,257.0,,,False,,False
4805.271,PER,11,18.0,78.7,20.79,37.049,20.861,3.0,MEDIUM,14.0,False,Cadillac,1,18.0,True,188.0,185.0,255.0,259.0,,,False,,False
4884.178,PER,11,19.0,78.907,20.837,37.062,21.008,3.0,MEDIUM,15.0,False,Cadillac,1,18.0,True,187.0,184.0,255.0,259.0,,,False,,False
4963.108,PER,11,20.0,78.93,20.95,36.998,20.982,3.0,MEDIUM,16.0,False,Cadillac,1,18.0,True,190.0,185.0,255.0,260.0,,,False,,False
5042.199,PER,11,21.0,79.091,20.88,37.14,21.071,3.0,MEDIUM,17.0,False,Cadillac,1,18.0,True,186.0,184.0,260.0,260.0,,,False,,False
5122.758,PER,11,22.0,80.559,22.077,37.413,21.069,3.0,MEDIUM,18.0,False,Cadillac,1,18.0,True,189.0,182.0,254.0,254.0,,,False,,False
5202.258,PER,11,23.0,79.5,21.019,37.377,21.104,3.0,MEDIUM,19.0,False,Cadillac,1,18.0,True,187.0,182.0,254.0,256.0,,,False,,False
5281.583,PER,11,24.0,79.325,21.064,37.229,21.032,3.0,MEDIUM,20.0,False,Cadillac,1,18.0,True,189.0,183.0,254.0,254.0,,,False,,False
5361.121,PER,11,25.0,79.538,21.01,37.417,21.111,3.0,MEDIUM,21.0,False,Cadillac,1,18.0,True,191.0,182.0,255.0,253.0,,,False,,False
5439.819,PER,11,26.0,78.698,20.777,37.061,20.86,3.0,MEDIUM,22.0,False,Cadillac,1,18.0,True,190.0,182.0,255.0,258.0,,,False,,False
5518.589,PER,11,27.0,78.77,20.744,37.091,20.935,3.0,MEDIUM,23.0,False,Cadillac,1,18.0,True,190.0,183.0,255.0,258.0,,,False,,False
5597.437,PER,11,28.0,78.848,20.791,37.151,20.906,3.0,MEDIUM,24.0,False,Cadillac,1,18.0,True,187.0,182.0,255.0,258.0,,,False,,False
5676.309,PER,11,29.0,78.872,20.808,37.099,20.965,3.0,MEDIUM,25.0,False,Cadillac,1,18.0,True,190.0,183.0,255.0,259.0,,,False,,False
5755.212,PER,11,30.0,78.903,20.714,37.153,21.036,3.0,MEDIUM,26.0,False,Cadillac,1,18.0,True,188.0,184.0,254.0,259.0,,,False,,False
5834.55,PER,11,31.0,79.338,20.851,37.357,21.13,3.0,MEDIUM,27.0,False,Cadillac,1,18.0,True,190.0,184.0,256.0,252.0,,,False,,False
5914.206,PER,11,32.0,79.656,20.883,37.54,21.233,3.0,MEDIUM,28.0,False,Cadillac,1,18.0,True,192.0,181.0,251.0,257.0,,,False,,False
5994.123,PER,11,33.0,79.917,21.203,37.523,21.191,3.0,MEDIUM,29.0,False,Cadillac,1,18.0,True,181.0,181.0,255.0,257.0,,,False,,False
6074.104,PER,11,34.0,79.981,20.947,37.464,21.57,3.0,MEDIUM,30.0,False,Cadillac,1,18.0,True,190.0,183.0,204.0,257.0,,,False,,False
6155.58,PER,11,35.0,81.476,23.064,36.89,21.522,3.0,MEDIUM,31.0,False,Cadillac,1,18.0,True,188.0,175.0,255.0,259.0,,,True,TRACK LIMITS AT TURN 10 LAP 35 ,False
6235.331,PER,11,36.0,79.751,21.124,37.422,21.205,3.0,MEDIUM,32.0,False,Cadillac,1,18.0,True,190.0,180.0,256.0,259.0,,,False,,False
6315.13,PER,11,37.0,79.799,21.065,37.443,21.291,3.0,MEDIUM,33.0,False,Cadillac,1,18.0,True,188.0,183.0,254.0,258.0,,,False,,False
6394.5,PER,11,38.0,79.37,21.08,37.219,21.071,3.0,MEDIUM,34.0,False,Cadillac,1,18.0,True,189.0,183.0,255.0,258.0,,,False,,False
6476.187,PER,11,39.0,81.687,21.168,37.781,22.738,3.0,MEDIUM,35.0,False,Cadillac,1,18.0,True,186.0,177.0,205.0,257.0,,,False,,False
6558.517,PER,11,40.0,82.33,22.881,38.076,21.373,3.0,MEDIUM,36.0,False,Cadillac,1,18.0,True,173.0,181.0,254.0,258.0,,,False,,False
6639.356,PER,11,41.0,80.839,21.447,37.701,21.691,3.0,MEDIUM,37.0,False,Cadillac,1,18.0,True,182.0,180.0,251.0,259.0,,,False,,False
6721.45,PER,11,42.0,82.094,21.185,39.572,21.337,3.0,MEDIUM,38.0,False,Cadillac,1,18.0,True,180.0,183.0,254.0,268.0,,,False,,False
6802.489,PER,11,43.0,81.039,21.748,37.731,21.56,3.0,MEDIUM,39.0,False,Cadillac,1,18.0,True,189.0,183.0,255.0,269.0,,,False,,False
6883.706,PER,11,44.0,81.217,21.955,38.015,21.247,3.0,MEDIUM,40.0,False,Cadillac,1,18.0,True,155.0,182.0,255.0,270.0,,,False,,False
6963.273,PER,11,45.0,79.567,21.139,37.28,21.148,3.0,MEDIUM,41.0,False,Cadillac,1,17.0,True,190.0,183.0,255.0,269.0,,,False,,False
7042.428,PER,11,46.0,79.155,20.727,37.216,21.212,3.0,MEDIUM,42.0,False,Cadillac,1,17.0,True,194.0,184.0,255.0,268.0,,,False,,False
7121.46,PER,11,47.0,79.032,20.69,37.266,21.076,3.0,MEDIUM,43.0,False,Cadillac,1,17.0,True,196.0,178.0,255.0,267.0,,,False,,False
7202.847,PER,11,48.0,81.387,21.621,38.358,21.408,3.0,MEDIUM,44.0,False,Cadillac,1,17.0,True,184.0,180.0,255.0,269.0,,,False,,False
7283.764,PER,11,49.0,80.917,21.273,37.629,22.015,3.0,MEDIUM,45.0,False,Cadillac,1,17.0,True,184.0,182.0,199.0,270.0,,,False,,False
7365.355,PER,11,50.0,81.591,21.994,37.708,21.889,3.0,MEDIUM,46.0,False,Cadillac,1,17.0,True,182.0,183.0,236.0,270.0,,,False,,False
7448.296,PER,11,51.0,82.941,21.823,39.222,21.896,3.0,MEDIUM,47.0,False,Cadillac,1,17.0,True,184.0,162.0,255.0,269.0,,,True,TRACK LIMITS AT TURN 10 LAP 51 ,False
7529.128,PER,11,52.0,80.832,21.418,37.858,21.556,3.0,MEDIUM,48.0,False,Cadillac,1,17.0,True,179.0,180.0,255.0,270.0,,,False,,False
7609.961,PER,11,53.0,80.833,21.366,37.892,21.575,3.0,MEDIUM,49.0,False,Cadillac,1,17.0,True,193.0,182.0,255.0,270.0,,,False,,False
7690.012,PER,11,54.0,80.051,21.028,37.604,21.419,3.0,MEDIUM,50.0,False,Cadillac,1,17.0,True,189.0,181.0,255.0,269.0,,,False,,False
7771.875,PER,11,55.0,81.863,21.235,39.048,21.58,3.0,MEDIUM,51.0,False,Cadillac,1,17.0,True,186.0,172.0,254.0,268.0,,,False,,False
7851.699,PER,11,56.0,79.824,21.055,37.619,21.15,3.0,MEDIUM,52.0,False,Cadillac,1,17.0,True,183.0,181.0,256.0,271.0,,,False,,False
7932.754,PER,11,57.0,81.055,21.159,37.588,22.308,3.0,MEDIUM,53.0,False,Cadillac,124,16.0,False,187.0,178.0,221.0,269.0,,,False,,False
8041.256,PER,11,58.0,108.502,31.009,46.948,30.545,3.0,MEDIUM,54.0,False,Cadillac,4,16.0,False,119.0,149.0,144.0,197.0,,,False,,False
8158.447,PER,11,59.0,117.191,26.687,48.825,41.679,3.0,MEDIUM,55.0,False,Cadillac,4,16.0,False,137.0,167.0,,182.0,,8133.22,False,,False
8254.037,PER,11,60.0,95.59,30.919,41.626,23.045,4.0,SOFT,1.0,True,Cadillac,4,16.0,False,146.0,176.0,249.0,255.0,8159.123,,False,,False
8340.719,PER,11,61.0,86.682,21.613,40.781,24.288,4.0,SOFT,2.0,True,Cadillac,4,16.0,False,176.0,149.0,160.0,268.0,,,False,,False
8432.38,PER,11,62.0,91.661,29.163,39.909,22.589,4.0,SOFT,3.0,True,Cadillac,4,16.0,False,150.0,177.0,248.0,258.0,,,False,,False
8515.988,PER,11,63.0,83.608,21.65,38.694,23.264,4.0,SOFT,4.0,True,Cadillac,4,16.0,False,177.0,176.0,239.0,270.0,,,False,,False
8597.243,PER,11,64.0,81.255,21.762,37.658,21.835,4.0,SOFT,5.0,True,Cadillac,412,16.0,False,176.0,187.0,254.0,273.0,,,False,,False
8713.618,PER,11,65.0,116.375,27.859,47.764,40.752,4.0,SOFT,6.0,True,Cadillac,24,15.0,False,111.0,167.0,,184.0,,8690.586,False,,False
8818.928,PER,11,66.0,105.31,28.467,49.438,27.405,5.0,SOFT,7.0,False,Cadillac,4,15.0,False,137.0,145.0,198.0,223.0,8714.363,,False,,False
10952.299,PER,11,67.0,,28.699,51.477,,5.0,SOFT,8.0,False,Cadillac,451,15.0,False,92.0,136.0,,158.0,,8926.028,False,,False
11101.455,PER,11,68.0,149.156,27.518,39.855,81.783,6.0,SOFT,7.0,False,Cadillac,14,15.0,False,144.0,179.0,,266.0,10952.953,11036.288,False,,False
11189.242,PER,11,69.0,87.787,25.787,39.236,22.764,7.0,SOFT,1.0,False,Cadillac,4,15.0,False,172.0,176.0,249.0,268.0,11102.289,,False,,False
11333.767,PER,11,70.0,144.525,22.652,48.534,73.339,7.0,SOFT,2.0,False,Cadillac,41,15.0,False,136.0,173.0,172.0,247.0,,,False,,False
11423.701,PER,11,71.0,89.934,26.615,41.748,21.571,7.0,SOFT,3.0,False,Cadillac,12,12.0,True,153.0,176.0,263.0,272.0,,,False,,False
11504.667,PER,11,72.0,80.966,21.547,37.777,21.642,7.0,SOFT,4.0,False,Cadillac,1,12.0,True,180.0,182.0,262.0,271.0,,,False,,False
11584.524,PER,11,73.0,79.857,21.261,37.692,20.904,7.0,SOFT,5.0,False,Cadillac,1,11.0,True,169.0,184.0,257.0,269.0,,,False,,False
11662.042,PER,11,74.0,77.518,20.624,36.348,20.546,7.0,SOFT,6.0,False,Cadillac,1,11.0,True,197.0,185.0,258.0,274.0,,,False,,False
11739.435,PER,11,75.0,77.393,20.506,36.227,20.66,7.0,SOFT,7.0,False,Cadillac,1,11.0,True,192.0,190.0,258.0,273.0,,,False,,False
11816.552,PER,11,76.0,77.117,20.368,36.238,20.511,7.0,SOFT,8.0,False,Cadillac,1,11.0,True,193.0,190.0,258.0,273.0,,,False,,False
11893.446,PER,11,77.0,76.894,20.343,36.097,20.454,7.0,SOFT,9.0,False,Cadillac,1,11.0,True,198.0,192.0,259.0,273.0,,,False,,False
11970.337,PER,11,78.0,76.891,20.437,35.919,20.535,7.0,SOFT,10.0,False,Cadillac,1,11.0,True,195.0,190.0,258.0,273.0,,,False,,False
3402.391,ANT,12,1.0,82.525,,36.931,20.513,1.0,MEDIUM,1.0,True,Mercedes,12,1.0,False,187.0,187.0,253.0,264.0,,,False,,False
3480.044,ANT,12,2.0,77.653,20.656,36.552,20.445,1.0,MEDIUM,2.0,True,Mercedes,1,1.0,True,186.0,189.0,254.0,266.0,,,False,,False
3557.04,ANT,12,3.0,76.996,20.513,36.153,20.33,1.0,MEDIUM,3.0,True,Mercedes,1,1.0,True,192.0,187.0,255.0,267.0,,,False,,False
3634.088,ANT,12,4.0,77.048,20.453,36.316,20.279,1.0,MEDIUM,4.0,True,Mercedes,1,1.0,True,192.0,187.0,256.0,265.0,,,False,,False
3710.749,ANT,12,5.0,76.661,20.276,36.097,20.288,1.0,MEDIUM,5.0,True,Mercedes,1,1.0,True,200.0,187.0,256.0,266.0,,,False,,False
3787.472,ANT,12,6.0,76.723,20.404,36.093,20.226,1.0,MEDIUM,6.0,True,Mercedes,1,1.0,True,199.0,191.0,255.0,267.0,,,False,,False
3863.522,ANT,12,7.0,76.05,20.206,35.689,20.155,1.0,MEDIUM,7.0,True,Mercedes,1,1.0,True,199.0,194.0,256.0,268.0,,,False,,False
3939.806,ANT,12,8.0,76.284,20.16,35.918,20.206,1.0,MEDIUM,8.0,True,Mercedes,1,1.0,True,201.0,190.0,256.0,270.0,,,False,,False
4016.104,ANT,12,9.0,76.298,20.182,35.817,20.299,1.0,MEDIUM,9.0,True,Mercedes,1,1.0,True,198.0,187.0,257.0,271.0,,,False,,False
4093.171,ANT,12,10.0,77.067,20.281,36.205,20.581,1.0,MEDIUM,10.0,True,Mercedes,1,1.0,True,194.0,192.0,257.0,269.0,,,False,,False
4171.394,ANT,12,11.0,78.223,20.921,36.878,20.424,1.0,MEDIUM,11.0,True,Mercedes,1,1.0,True,197.0,189.0,257.0,266.0,,,False,,False
4248.824,ANT,12,12.0,77.43,20.399,36.363,20.668,1.0,MEDIUM,12.0,True,Mercedes,1,1.0,True,199.0,187.0,258.0,268.0,,,False,,False
4326.137,ANT,12,13.0,77.313,20.52,36.343,20.45,1.0,MEDIUM,13.0,True,Mercedes,1,1.0,True,198.0,187.0,256.0,267.0,,,False,,False
4403.359,ANT,12,14.0,77.222,20.361,36.359,20.502,1.0,MEDIUM,14.0,True,Mercedes,1,1.0,True,197.0,187.0,256.0,267.0,,,False,,False
4480.552,ANT,12,15.0,77.193,20.295,36.307,20.591,1.0,MEDIUM,15.0,True,Mercedes,1,1.0,True,198.0,189.0,256.0,268.0,,,False,,False
4557.792,ANT,12,16.0,77.24,20.462,36.362,20.416,1.0,MEDIUM,16.0,True,Mercedes,1,1.0,True,194.0,187.0,257.0,268.0,,,False,,False
4634.842,ANT,12,17.0,77.05,20.373,36.251,20.426,1.0,MEDIUM,17.0,True,Mercedes,1,1.0,True,194.0,193.0,257.0,265.0,,,False,,False
4711.644,ANT,12,18.0,76.802,20.296,36.153,20.353,1.0,MEDIUM,18.0,True,Mercedes,1,1.0,True,195.0,193.0,257.0,267.0,,,False,,False
4787.705,ANT,12,19.0,76.061,19.961,35.816,20.284,1.0,MEDIUM,19.0,True,Mercedes,1,1.0,True,203.0,194.0,257.0,268.0,,,False,,False
4864.173,ANT,12,20.0,76.468,20.117,35.949,20.402,1.0,MEDIUM,20.0,True,Mercedes,1,1.0,True,206.0,191.0,257.0,269.0,,,False,,False
4940.823,ANT,12,21.0,76.65,20.262,35.998,20.39,1.0,MEDIUM,21.0,True,Mercedes,1,1.0,True,196.0,191.0,257.0,270.0,,,False,,False
5017.192,ANT,12,22.0,76.369,20.058,36.024,20.287,1.0,MEDIUM,22.0,True,Mercedes,1,1.0,True,201.0,192.0,257.0,270.0,,,False,,False
5093.73,ANT,12,23.0,76.538,20.104,35.997,20.437,1.0,MEDIUM,23.0,True,Mercedes,1,1.0,True,204.0,190.0,257.0,270.0,,,False,,False
5170.399,ANT,12,24.0,76.669,20.102,36.033,20.534,1.0,MEDIUM,24.0,True,Mercedes,1,1.0,True,206.0,189.0,256.0,272.0,,,False,,False
5247.287,ANT,12,25.0,76.888,20.209,36.186,20.493,1.0,MEDIUM,25.0,True,Mercedes,1,1.0,True,198.0,187.0,257.0,272.0,,,False,,False
5324.251,ANT,12,26.0,76.964,20.234,36.206,20.524,1.0,MEDIUM,26.0,True,Mercedes,1,1.0,True,197.0,190.0,258.0,273.0,,,False,,False
5401.541,ANT,12,27.0,77.29,20.42,36.431,20.439,1.0,MEDIUM,27.0,True,Mercedes,1,1.0,True,196.0,187.0,257.0,271.0,,,False,,False
5478.185,ANT,12,28.0,76.644,20.016,36.217,20.411,1.0,MEDIUM,28.0,True,Mercedes,1,1.0,True,201.0,190.0,258.0,272.0,,,False,,False
5555.142,ANT,12,29.0,76.957,20.152,36.273,20.532,1.0,MEDIUM,29.0,True,Mercedes,1,1.0,True,197.0,190.0,262.0,271.0,,,False,,False
5631.98,ANT,12,30.0,76.838,20.193,36.139,20.506,1.0,MEDIUM,30.0,True,Mercedes,1,1.0,True,198.0,194.0,262.0,280.0,,,False,,False
5708.597,ANT,12,31.0,76.617,19.869,36.379,20.369,1.0,MEDIUM,31.0,True,Mercedes,1,1.0,True,200.0,193.0,258.0,280.0,,,False,,False
5785.385,ANT,12,32.0,76.788,20.027,36.174,20.587,1.0,MEDIUM,32.0,True,Mercedes,1,1.0,True,204.0,191.0,262.0,270.0,,,False,,False
5862.247,ANT,12,33.0,76.862,20.051,36.396,20.415,1.0,MEDIUM,33.0,True,Mercedes,1,1.0,True,198.0,190.0,258.0,279.0,,,True,TRACK LIMITS AT TURN 10 LAP 33 ,False
5939.448,ANT,12,34.0,77.201,20.075,36.549,20.577,1.0,MEDIUM,34.0,True,Mercedes,1,1.0,True,201.0,191.0,262.0,271.0,,,False,,False
6015.639,ANT,12,35.0,76.191,19.933,35.922,20.336,1.0,MEDIUM,35.0,True,Mercedes,1,1.0,True,204.0,193.0,257.0,279.0,,,False,,False
6091.995,ANT,12,36.0,76.356,20.019,36.076,20.261,1.0,MEDIUM,36.0,True,Mercedes,1,1.0,True,203.0,192.0,258.0,271.0,,,False,,False
6185.59,ANT,12,37.0,93.595,20.039,36.09,37.466,1.0,MEDIUM,37.0,True,Mercedes,1,1.0,False,202.0,193.0,,272.0,,6162.25,False,,False
6267.804,ANT,12,38.0,82.214,24.422,37.245,20.547,2.0,HARD,1.0,True,Mercedes,1,1.0,False,187.0,185.0,257.0,268.0,6186.328,,False,,False
6344.61,ANT,12,39.0,76.806,20.281,36.119,20.406,2.0,HARD,2.0,True,Mercedes,1,1.0,True,197.0,188.0,258.0,269.0,,,False,,False
6421.367,ANT,12,40.0,76.757,20.387,36.0,20.37,2.0,HARD,3.0,True,Mercedes,1,1.0,True,203.0,190.0,257.0,268.0,,,False,,False
6497.433,ANT,12,41.0,76.066,20.033,35.827,20.206,2.0,HARD,4.0,True,Mercedes,1,1.0,True,202.0,192.0,258.0,269.0,,,False,,False
6573.775,ANT,12,42.0,76.342,20.019,35.902,20.421,2.0,HARD,5.0,True,Mercedes,1,1.0,True,206.0,190.0,258.0,270.0,,,False,,False
6650.846,ANT,12,43.0,77.071,20.141,36.343,20.587,2.0,HARD,6.0,True,Mercedes,1,1.0,True,201.0,189.0,258.0,270.0,,,False,,False
6726.562,ANT,12,44.0,75.716,19.841,35.731,20.144,2.0,HARD,7.0,True,Mercedes,1,1.0,True,208.0,195.0,258.0,271.0,,,False,,False
6803.665,ANT,12,45.0,77.103,20.114,36.082,20.907,2.0,HARD,8.0,True,Mercedes,1,1.0,True,199.0,186.0,263.0,273.0,,,False,,False
6880.641,ANT,12,46.0,76.976,20.44,36.043,20.493,2.0,HARD,9.0,True,Mercedes,1,1.0,True,199.0,189.0,257.0,278.0,,,False,,False
6956.213,ANT,12,47.0,75.572,19.879,35.623,20.07,2.0,HARD,10.0,True,Mercedes,1,1.0,True,203.0,195.0,258.0,271.0,,,False,,False
7032.46,ANT,12,48.0,76.247,19.898,36.023,20.326,2.0,HARD,11.0,True,Mercedes,1,1.0,True,199.0,190.0,258.0,271.0,,,False,,False
7108.587,ANT,12,49.0,76.127,19.944,36.061,20.122,2.0,HARD,12.0,True,Mercedes,1,1.0,True,200.0,189.0,259.0,274.0,,,False,,False
7185.445,ANT,12,50.0,76.858,20.004,36.654,20.2,2.0,HARD,13.0,True,Mercedes,1,1.0,True,200.0,190.0,258.0,274.0,,,False,,False
7261.382,ANT,12,51.0,75.937,19.854,35.537,20.546,2.0,HARD,14.0,True,Mercedes,1,1.0,True,207.0,193.0,264.0,274.0,,,False,,False
7337.6,ANT,12,52.0,76.218,19.82,35.871,20.527,2.0,HARD,15.0,True,Mercedes,1,1.0,True,202.0,192.0,263.0,283.0,,,False,,False
7414.337,ANT,12,53.0,76.737,20.226,36.419,20.092,2.0,HARD,16.0,True,Mercedes,1,1.0,True,182.0,192.0,259.0,277.0,,,False,,False
7490.226,ANT,12,54.0,75.889,19.841,35.782,20.266,2.0,HARD,17.0,True,Mercedes,1,1.0,True,201.0,187.0,258.0,272.0,,,False,,False
7565.216,ANT,12,55.0,74.99,19.72,35.395,19.875,2.0,HARD,18.0,True,Mercedes,1,1.0,True,205.0,194.0,258.0,270.0,,,False,,False
7640.518,ANT,12,56.0,75.302,19.841,35.461,20.0,2.0,HARD,19.0,True,Mercedes,1,1.0,True,204.0,195.0,258.0,270.0,,,False,,False
7715.656,ANT,12,57.0,75.138,19.858,35.377,19.903,2.0,HARD,20.0,True,Mercedes,1,1.0,True,206.0,196.0,258.0,268.0,,,False,,False
7791.468,ANT,12,58.0,75.812,19.925,35.676,20.211,2.0,HARD,21.0,True,Mercedes,1,1.0,True,204.0,194.0,256.0,268.0,,,False,,False
7867.525,ANT,12,59.0,76.057,20.003,35.86,20.194,2.0,HARD,22.0,True,Mercedes,1,1.0,True,204.0,190.0,258.0,269.0,,,False,,False
7949.997,ANT,12,60.0,82.472,19.871,35.677,26.924,2.0,HARD,23.0,True,Mercedes,124,1.0,False,206.0,192.0,148.0,271.0,,,False,,False
8086.742,ANT,12,61.0,136.745,30.467,57.259,49.019,2.0,HARD,24.0,True,Mercedes,4,1.0,False,139.0,106.0,,133.0,,8060.549,False,,False
8207.103,ANT,12,62.0,120.361,34.932,53.267,32.162,3.0,SOFT,5.0,False,Mercedes,4,1.0,False,126.0,98.0,145.0,157.0,8087.516,,False,,False
8327.515,ANT,12,63.0,120.412,33.844,51.152,35.416,3.0,SOFT,6.0,False,Mercedes,4,1.0,False,143.0,146.0,104.0,163.0,,,False,,False
8460.353,ANT,12,64.0,132.838,44.18,56.951,31.707,3.0,SOFT,7.0,False,Mercedes,4,1.0,False,120.0,144.0,158.0,152.0,,,False,,False
8579.576,ANT,12,65.0,119.223,32.392,56.689,30.142,3.0,SOFT,8.0,False,Mercedes,412,1.0,False,147.0,64.0,251.0,164.0,,,False,,False
8690.758,ANT,12,66.0,111.182,20.781,49.698,40.703,3.0,SOFT,9.0,False,Mercedes,24,1.0,False,191.0,122.0,,210.0,,8670.695,False,,False
8796.24,ANT,12,67.0,105.482,27.893,49.277,28.312,4.0,SOFT,10.0,False,Mercedes,4,1.0,False,115.0,150.0,160.0,168.0,8691.461,,False,,False
11059.06,ANT,12,68.0,,29.67,55.835,,4.0,SOFT,11.0,False,Mercedes,451,1.0,False,157.0,117.0,,132.0,,8905.488,False,,False
11162.533,ANT,12,69.0,103.473,24.942,49.812,28.719,5.0,SOFT,5.0,False,Mercedes,14,1.0,False,178.0,105.0,188.0,151.0,11059.751,,False,,False
11329.8,ANT,12,70.0,,29.94,48.839,88.532,5.0,SOFT,6.0,False,Mercedes,41,1.0,False,161.0,114.0,2.0,179.0,,,False,,False
11410.071,ANT,12,71.0,80.271,23.269,36.623,20.379,5.0,SOFT,7.0,False,Mercedes,12,1.0,True,190.0,191.0,257.0,265.0,,,False,,False
11485.808,ANT,12,72.0,75.737,20.096,35.611,20.03,5.0,SOFT,8.0,False,Mercedes,1,1.0,True,197.0,198.0,257.0,266.0,,,False,,False
11560.393,ANT,12,73.0,74.585,19.715,35.103,19.767,5.0,SOFT,9.0,False,Mercedes,1,1.0,True,205.0,199.0,257.0,269.0,,,False,,False
11634.351,ANT,12,74.0,73.958,19.573,34.721,19.664,5.0,SOFT,10.0,False,Mercedes,1,1.0,True,209.0,200.0,258.0,268.0,,,False,,False
11708.359,ANT,12,75.0,74.008,19.626,34.73,19.652,5.0,SOFT,11.0,False,Mercedes,1,1.0,True,213.0,200.0,258.0,270.0,,,False,,False
11781.84,ANT,12,76.0,73.481,19.379,34.566,19.536,5.0,SOFT,12.0,False,Mercedes,1,1.0,True,213.0,199.0,258.0,271.0,,,False,,False
11855.568,ANT,12,77.0,73.728,19.403,34.699,19.626,5.0,SOFT,13.0,False,Mercedes,1,1.0,True,207.0,203.0,259.0,271.0,,,False,,False
11931.182,ANT,12,78.0,75.614,19.722,35.243,20.649,5.0,SOFT,14.0,False,Mercedes,1,1.0,True,196.0,188.0,255.0,271.0,,,False,,False
3417.131,ALO,14,1.0,97.265,,41.903,22.14,1.0,MEDIUM,1.0,True,Aston Martin,12,17.0,False,164.0,171.0,253.0,259.0,,,False,,False
3499.474,ALO,14,2.0,82.343,22.096,38.491,21.756,1.0,MEDIUM,2.0,True,Aston Martin,1,17.0,True,177.0,174.0,248.0,276.0,,,False,,False
3598.523,ALO,14,3.0,99.049,21.783,38.422,38.844,1.0,MEDIUM,3.0,True,Aston Martin,1,18.0,False,186.0,176.0,,261.0,,3574.283,False,,False
3681.835,ALO,14,4.0,83.312,24.311,37.896,21.105,2.0,SOFT,1.0,True,Aston Martin,1,18.0,False,180.0,181.0,249.0,264.0,3599.362,,False,,False
3762.161,ALO,14,5.0,80.326,21.289,37.813,21.224,2.0,SOFT,2.0,True,Aston Martin,1,17.0,True,190.0,177.0,250.0,265.0,,,False,,False
3841.933,ALO,14,6.0,79.772,21.032,37.525,21.215,2.0,SOFT,3.0,True,Aston Martin,1,17.0,True,190.0,178.0,250.0,265.0,,,False,,False
3921.093,ALO,14,7.0,79.16,20.833,37.326,21.001,2.0,SOFT,4.0,True,Aston Martin,1,17.0,True,193.0,181.0,250.0,265.0,,,False,,False
4000.306,ALO,14,8.0,79.213,20.941,37.299,20.973,2.0,SOFT,5.0,True,Aston Martin,1,17.0,True,192.0,180.0,250.0,265.0,,,False,,False
4079.737,ALO,14,9.0,79.431,20.85,37.4,21.181,2.0,SOFT,6.0,True,Aston Martin,1,16.0,True,194.0,182.0,250.0,265.0,,,False,,False
4159.73,ALO,14,10.0,79.993,21.013,37.663,21.317,2.0,SOFT,7.0,True,Aston Martin,1,16.0,True,193.0,180.0,250.0,265.0,,,False,,False
4239.325,ALO,14,11.0,79.595,20.944,37.632,21.019,2.0,SOFT,8.0,True,Aston Martin,1,16.0,True,193.0,182.0,250.0,265.0,,,False,,False
4318.356,ALO,14,12.0,79.031,20.762,37.207,21.062,2.0,SOFT,9.0,True,Aston Martin,1,16.0,True,195.0,183.0,250.0,265.0,,,False,,False
4397.388,ALO,14,13.0,79.032,20.802,37.128,21.102,2.0,SOFT,10.0,True,Aston Martin,1,16.0,True,197.0,180.0,250.0,265.0,,,False,,False
4476.726,ALO,14,14.0,79.338,20.794,37.349,21.195,2.0,SOFT,11.0,True,Aston Martin,1,16.0,True,195.0,179.0,250.0,265.0,,,False,,False
4556.141,ALO,14,15.0,79.415,20.838,37.394,21.183,2.0,SOFT,12.0,True,Aston Martin,1,16.0,True,198.0,180.0,250.0,265.0,,,False,,False
4637.056,ALO,14,16.0,80.915,20.792,38.728,21.395,2.0,SOFT,13.0,True,Aston Martin,1,16.0,True,191.0,178.0,250.0,227.0,,,False,,False
4718.576,ALO,14,17.0,81.52,22.633,37.87,21.017,2.0,SOFT,14.0,True,Aston Martin,1,16.0,True,186.0,179.0,251.0,265.0,,,False,,False
4799.355,ALO,14,18.0,80.779,20.897,37.463,22.419,2.0,SOFT,15.0,True,Aston Martin,1,16.0,True,195.0,179.0,251.0,266.0,,,False,,False
4879.291,ALO,14,19.0,79.936,21.2,37.546,21.19,2.0,SOFT,16.0,True,Aston Martin,1,16.0,True,195.0,181.0,251.0,265.0,,,False,,False
4958.578,ALO,14,20.0,79.287,20.76,37.485,21.042,2.0,SOFT,17.0,True,Aston Martin,1,16.0,True,200.0,182.0,250.0,266.0,,,False,,False
5037.824,ALO,14,21.0,79.246,20.762,37.361,21.123,2.0,SOFT,18.0,True,Aston Martin,1,16.0,True,198.0,182.0,250.0,265.0,,,False,,False
5116.993,ALO,14,22.0,79.169,20.816,37.288,21.065,2.0,SOFT,19.0,True,Aston Martin,1,16.0,True,199.0,182.0,250.0,265.0,,,False,,False
5196.15,ALO,14,23.0,79.157,20.785,37.204,21.168,2.0,SOFT,20.0,True,Aston Martin,1,16.0,True,195.0,183.0,250.0,265.0,,,False,,False
5275.222,ALO,14,24.0,79.072,20.71,37.302,21.06,2.0,SOFT,21.0,True,Aston Martin,1,16.0,True,195.0,184.0,251.0,265.0,,,False,,False
5354.239,ALO,14,25.0,79.017,20.701,37.225,21.091,2.0,SOFT,22.0,True,Aston Martin,1,16.0,True,196.0,182.0,251.0,265.0,,,False,,False
5433.12,ALO,14,26.0,78.881,20.724,37.267,20.89,2.0,SOFT,23.0,True,Aston Martin,1,16.0,True,197.0,183.0,251.0,265.0,,,False,,False
5512.407,ALO,14,27.0,79.287,20.716,37.452,21.119,2.0,SOFT,24.0,True,Aston Martin,1,16.0,True,199.0,182.0,251.0,265.0,,,False,,False
5591.579,ALO,14,28.0,79.172,20.827,37.29,21.055,2.0,SOFT,25.0,True,Aston Martin,1,16.0,True,196.0,180.0,251.0,266.0,,,False,,False
5670.83,ALO,14,29.0,79.251,20.682,37.476,21.093,2.0,SOFT,26.0,True,Aston Martin,1,16.0,True,200.0,182.0,252.0,265.0,,,False,,False
5750.06,ALO,14,30.0,79.23,20.715,37.498,21.017,2.0,SOFT,27.0,True,Aston Martin,1,16.0,True,200.0,182.0,251.0,265.0,,,False,,False
5829.074,ALO,14,31.0,79.014,20.652,37.339,21.023,2.0,SOFT,28.0,True,Aston Martin,1,16.0,True,198.0,183.0,251.0,265.0,,,False,,False
5907.872,ALO,14,32.0,78.798,20.571,37.302,20.925,2.0,SOFT,29.0,True,Aston Martin,1,16.0,True,197.0,182.0,251.0,265.0,,,False,,False
5986.568,ALO,14,33.0,78.696,20.69,37.177,20.829,2.0,SOFT,30.0,True,Aston Martin,1,16.0,True,202.0,186.0,252.0,265.0,,,False,,False
6065.322,ALO,14,34.0,78.754,20.614,37.209,20.931,2.0,SOFT,31.0,True,Aston Martin,1,16.0,True,200.0,185.0,251.0,265.0,,,False,,False
6144.459,ALO,14,35.0,79.137,20.631,37.397,21.109,2.0,SOFT,32.0,True,Aston Martin,1,16.0,True,197.0,183.0,251.0,266.0,,,False,,False
6223.37,ALO,14,36.0,78.911,20.694,37.281,20.936,2.0,SOFT,33.0,True,Aston Martin,1,16.0,True,199.0,182.0,252.0,266.0,,,False,,False
6302.38,ALO,14,37.0,79.01,20.814,37.24,20.956,2.0,SOFT,34.0,True,Aston Martin,1,16.0,True,196.0,183.0,252.0,266.0,,,False,,False
6381.278,ALO,14,38.0,78.898,20.738,37.236,20.924,2.0,SOFT,35.0,True,Aston Martin,1,16.0,True,196.0,182.0,252.0,267.0,,,False,,False
6460.174,ALO,14,39.0,78.896,20.656,37.276,20.964,2.0,SOFT,36.0,True,Aston Martin,1,16.0,True,196.0,184.0,251.0,266.0,,,False,,False
6539.194,ALO,14,40.0,79.02,20.774,37.345,20.901,2.0,SOFT,37.0,True,Aston Martin,1,16.0,True,199.0,184.0,251.0,267.0,,,False,,False
6618.409,ALO,14,41.0,79.215,20.691,37.455,21.069,2.0,SOFT,38.0,True,Aston Martin,1,16.0,True,199.0,182.0,252.0,267.0,,,False,,False
6697.823,ALO,14,42.0,79.414,20.963,37.385,21.066,2.0,SOFT,39.0,True,Aston Martin,1,16.0,True,196.0,184.0,252.0,267.0,,,False,,False
6777.522,ALO,14,43.0,79.699,20.91,37.577,21.212,2.0,SOFT,40.0,True,Aston Martin,1,16.0,True,197.0,182.0,252.0,267.0,,,False,,False
6857.14,ALO,14,44.0,79.618,20.859,37.534,21.225,2.0,SOFT,41.0,True,Aston Martin,1,16.0,True,198.0,180.0,251.0,267.0,,,False,,False
6937.053,ALO,14,45.0,79.913,21.12,37.674,21.119,2.0,SOFT,42.0,True,Aston Martin,1,15.0,True,193.0,182.0,251.0,267.0,,,False,,False
7017.197,ALO,14,46.0,80.144,20.936,38.01,21.198,2.0,SOFT,43.0,True,Aston Martin,1,15.0,True,195.0,179.0,251.0,268.0,,,False,,False
7098.459,ALO,14,47.0,81.262,21.137,38.554,21.571,2.0,SOFT,44.0,True,Aston Martin,1,15.0,True,194.0,180.0,252.0,266.0,,,False,,False
7179.509,ALO,14,48.0,81.05,21.436,38.244,21.37,2.0,SOFT,45.0,True,Aston Martin,1,15.0,True,194.0,180.0,251.0,268.0,,,False,,False
7261.149,ALO,14,49.0,81.64,21.053,39.099,21.488,2.0,SOFT,46.0,True,Aston Martin,1,15.0,True,194.0,179.0,218.0,263.0,,,False,,False
7342.073,ALO,14,50.0,80.924,22.04,37.82,21.064,2.0,SOFT,47.0,True,Aston Martin,1,15.0,True,193.0,181.0,252.0,267.0,,,False,,False
7423.318,ALO,14,51.0,81.245,21.853,38.255,21.137,2.0,SOFT,48.0,True,Aston Martin,1,15.0,True,109.0,183.0,252.0,269.0,,,False,,False
7502.846,ALO,14,52.0,79.528,20.884,37.487,21.157,2.0,SOFT,49.0,True,Aston Martin,1,15.0,True,198.0,184.0,252.0,267.0,,,False,,False
7582.831,ALO,14,53.0,79.985,20.863,37.904,21.218,2.0,SOFT,50.0,True,Aston Martin,1,15.0,True,198.0,180.0,253.0,268.0,,,False,,False
7662.551,ALO,14,54.0,79.72,20.873,37.976,20.871,2.0,SOFT,51.0,True,Aston Martin,1,15.0,True,195.0,183.0,253.0,268.0,,,False,,False
7743.519,ALO,14,55.0,80.968,20.848,38.603,21.517,2.0,SOFT,52.0,True,Aston Martin,1,15.0,True,196.0,177.0,220.0,267.0,,,True,TRACK LIMITS AT TURN 10 LAP 55 ,False
7825.985,ALO,14,56.0,82.466,22.193,38.885,21.388,2.0,SOFT,53.0,True,Aston Martin,1,15.0,True,187.0,179.0,251.0,265.0,,,False,,False
7905.613,ALO,14,57.0,79.628,21.004,37.489,21.135,2.0,SOFT,54.0,True,Aston Martin,1,15.0,True,197.0,184.0,252.0,268.0,,,False,,False
8020.897,ALO,14,58.0,115.284,20.985,50.913,43.386,2.0,SOFT,55.0,True,Aston Martin,124,15.0,False,194.0,161.0,,221.0,,7995.246,False,,False
8134.21,ALO,14,59.0,113.313,27.175,49.541,36.597,3.0,SOFT,1.0,True,Aston Martin,4,15.0,False,167.0,167.0,,190.0,8022.018,8114.967,False,,False
8226.586,ALO,14,60.0,92.376,31.544,38.787,22.045,4.0,SOFT,2.0,False,Aston Martin,4,15.0,False,174.0,179.0,249.0,265.0,8135.22,,False,,False
8336.767,ALO,14,61.0,110.181,27.688,51.131,31.362,4.0,SOFT,3.0,False,Aston Martin,4,15.0,False,106.0,165.0,110.0,197.0,,,False,,False
8430.454,ALO,14,62.0,93.687,28.525,43.409,21.753,4.0,SOFT,4.0,False,Aston Martin,4,15.0,False,161.0,175.0,251.0,253.0,,,False,,False
8514.436,ALO,14,63.0,83.982,21.833,39.317,22.832,4.0,SOFT,5.0,False,Aston Martin,4,15.0,False,180.0,177.0,252.0,269.0,,,False,,False
8596.558,ALO,14,64.0,82.122,21.862,38.29,21.97,4.0,SOFT,6.0,False,Aston Martin,412,15.0,False,176.0,182.0,253.0,269.0,,,False,,False
8712.109,ALO,14,65.0,115.551,25.548,49.813,40.19,4.0,SOFT,7.0,False,Aston Martin,24,14.0,False,172.0,160.0,,163.0,,8688.727,False,,False
8818.404,ALO,14,66.0,106.295,29.061,49.681,27.553,5.0,SOFT,8.0,False,Aston Martin,4,14.0,False,138.0,152.0,184.0,234.0,8712.876,,False,,False
10948.674,ALO,14,67.0,,27.951,51.724,,5.0,SOFT,9.0,False,Aston Martin,451,14.0,False,101.0,151.0,,153.0,,8924.621,False,,False
11098.911,ALO,14,68.0,,30.29,40.033,80.003,6.0,SOFT,9.0,False,Aston Martin,14,14.0,False,156.0,178.0,,262.0,10949.297,11034.777,False,,False
11188.228,ALO,14,69.0,89.317,26.761,39.723,22.833,7.0,SOFT,9.0,False,Aston Martin,4,14.0,False,176.0,180.0,250.0,265.0,11099.733,,False,,False
11333.521,ALO,14,70.0,145.293,23.077,48.134,74.082,7.0,SOFT,10.0,False,Aston Martin,41,14.0,False,135.0,174.0,159.0,261.0,,,False,,False
11424.073,ALO,14,71.0,90.552,26.381,42.901,21.27,7.0,SOFT,11.0,False,Aston Martin,12,13.0,True,159.0,178.0,258.0,268.0,,,False,,False
11504.971,ALO,14,72.0,80.898,21.498,37.869,21.531,7.0,SOFT,12.0,False,Aston Martin,1,13.0,True,189.0,181.0,260.0,280.0,,,False,,False
11585.121,ALO,14,73.0,80.15,21.241,38.089,20.82,7.0,SOFT,13.0,False,Aston Martin,1,12.0,True,178.0,182.0,259.0,280.0,,,False,,False
11663.422,ALO,14,74.0,78.301,20.822,36.766,20.713,7.0,SOFT,14.0,False,Aston Martin,1,12.0,True,199.0,184.0,255.0,280.0,,,False,,False
11741.478,ALO,14,75.0,78.056,20.605,36.686,20.765,7.0,SOFT,15.0,False,Aston Martin,1,12.0,True,200.0,184.0,254.0,271.0,,,False,,False
11818.754,ALO,14,76.0,77.276,20.463,36.348,20.465,7.0,SOFT,16.0,False,Aston Martin,1,12.0,True,201.0,190.0,255.0,270.0,,,False,,False
11895.874,ALO,14,77.0,77.12,20.291,36.402,20.427,7.0,SOFT,17.0,False,Aston Martin,1,12.0,True,204.0,187.0,255.0,271.0,,,False,,False
11973.014,ALO,14,78.0,77.14,20.342,36.359,20.439,7.0,SOFT,18.0,False,Aston Martin,1,12.0,True,203.0,190.0,255.0,270.0,,,False,,False
3405.38,LEC,16,1.0,85.514,,37.54,21.112,1.0,MEDIUM,1.0,True,Ferrari,12,3.0,False,172.0,182.0,252.0,266.0,,,False,,False
3483.933,LEC,16,2.0,78.553,20.968,36.826,20.759,1.0,MEDIUM,2.0,True,Ferrari,1,3.0,True,198.0,185.0,253.0,267.0,,,False,,False
3561.726,LEC,16,3.0,77.793,20.756,36.413,20.624,1.0,MEDIUM,3.0,True,Ferrari,1,3.0,True,196.0,188.0,259.0,268.0,,,False,,False
3639.196,LEC,16,4.0,77.47,20.57,36.318,20.582,1.0,MEDIUM,4.0,True,Ferrari,1,3.0,True,192.0,187.0,254.0,276.0,,,False,,False
3716.851,LEC,16,5.0,77.655,20.468,36.6,20.587,1.0,MEDIUM,5.0,True,Ferrari,1,3.0,True,200.0,187.0,254.0,268.0,,,False,,False
3794.591,LEC,16,6.0,77.74,20.553,36.65,20.537,1.0,MEDIUM,6.0,True,Ferrari,1,3.0,True,194.0,187.0,252.0,259.0,,,False,,False
3871.929,LEC,16,7.0,77.338,20.563,36.32,20.455,1.0,MEDIUM,7.0,True,Ferrari,1,3.0,True,202.0,189.0,253.0,258.0,,,False,,False
3948.838,LEC,16,8.0,76.909,20.338,36.157,20.414,1.0,MEDIUM,8.0,True,Ferrari,1,3.0,True,200.0,192.0,253.0,261.0,,,False,,False
4026.026,LEC,16,9.0,77.188,20.312,36.319,20.557,1.0,MEDIUM,9.0,True,Ferrari,1,3.0,True,196.0,187.0,253.0,262.0,,,False,,False
4102.866,LEC,16,10.0,76.84,20.384,36.055,20.401,1.0,MEDIUM,10.0,True,Ferrari,1,3.0,True,197.0,191.0,253.0,262.0,,,False,,False
4179.879,LEC,16,11.0,77.013,20.358,36.128,20.527,1.0,MEDIUM,11.0,True,Ferrari,1,3.0,True,199.0,190.0,254.0,263.0,,,False,,False
4257.439,LEC,16,12.0,77.56,20.392,36.347,20.821,1.0,MEDIUM,12.0,True,Ferrari,1,3.0,True,194.0,188.0,258.0,266.0,,,False,,False
4334.52,LEC,16,13.0,77.081,20.342,36.193,20.546,1.0,MEDIUM,13.0,True,Ferrari,1,3.0,True,197.0,188.0,253.0,264.0,,,False,,False
4411.676,LEC,16,14.0,77.156,20.349,36.229,20.578,1.0,MEDIUM,14.0,True,Ferrari,1,3.0,True,198.0,190.0,254.0,264.0,,,False,,False
4488.989,LEC,16,15.0,77.313,20.421,36.302,20.59,1.0,MEDIUM,15.0,True,Ferrari,1,3.0,True,200.0,190.0,253.0,263.0,,,False,,False
4566.004,LEC,16,16.0,77.015,20.288,36.131,20.596,1.0,MEDIUM,16.0,True,Ferrari,1,3.0,True,204.0,187.0,253.0,263.0,,,False,,False
4643.692,LEC,16,17.0,77.688,20.346,36.388,20.954,1.0,MEDIUM,17.0,True,Ferrari,1,3.0,True,199.0,187.0,258.0,262.0,,,False,,False
4721.055,LEC,16,18.0,77.363,20.423,36.44,20.5,1.0,MEDIUM,18.0,True,Ferrari,1,3.0,True,198.0,189.0,253.0,265.0,,,False,,False
4798.753,LEC,16,19.0,77.698,20.389,36.527,20.782,1.0,MEDIUM,19.0,True,Ferrari,1,3.0,True,201.0,187.0,259.0,266.0,,,False,,False
4875.972,LEC,16,20.0,77.219,20.352,36.266,20.601,1.0,MEDIUM,20.0,True,Ferrari,1,3.0,True,195.0,188.0,253.0,264.0,,,False,,False
4952.853,LEC,16,21.0,76.881,20.199,36.283,20.399,1.0,MEDIUM,21.0,True,Ferrari,1,3.0,True,203.0,190.0,253.0,263.0,,,False,,False
5029.824,LEC,16,22.0,76.971,20.252,36.199,20.52,1.0,MEDIUM,22.0,True,Ferrari,1,3.0,True,200.0,189.0,253.0,263.0,,,False,,False
5107.708,LEC,16,23.0,77.884,20.195,36.961,20.728,1.0,MEDIUM,23.0,True,Ferrari,1,3.0,True,203.0,185.0,253.0,265.0,,,True,TRACK LIMITS AT TURN 10 LAP 23 ,False
5184.663,LEC,16,24.0,76.955,20.243,36.226,20.486,1.0,MEDIUM,24.0,True,Ferrari,1,3.0,True,208.0,189.0,254.0,265.0,,,False,,False
5261.646,LEC,16,25.0,76.983,20.291,36.264,20.428,1.0,MEDIUM,25.0,True,Ferrari,1,3.0,True,202.0,192.0,253.0,262.0,,,False,,False
5338.667,LEC,16,26.0,77.021,20.252,36.372,20.397,1.0,MEDIUM,26.0,True,Ferrari,1,3.0,True,203.0,190.0,255.0,266.0,,,False,,False
5415.835,LEC,16,27.0,77.168,20.271,36.377,20.52,1.0,MEDIUM,27.0,True,Ferrari,1,3.0,True,203.0,187.0,255.0,268.0,,,False,,False
5493.407,LEC,16,28.0,77.572,20.26,36.507,20.805,1.0,MEDIUM,28.0,True,Ferrari,1,2.0,True,201.0,187.0,255.0,268.0,,,False,,False
5570.595,LEC,16,29.0,77.188,20.306,36.305,20.577,1.0,MEDIUM,29.0,True,Ferrari,1,2.0,True,204.0,189.0,254.0,268.0,,,False,,False
5647.665,LEC,16,30.0,77.07,20.267,36.292,20.511,1.0,MEDIUM,30.0,True,Ferrari,1,2.0,True,201.0,188.0,255.0,268.0,,,False,,False
5725.244,LEC,16,31.0,77.579,20.361,36.563,20.655,1.0,MEDIUM,31.0,True,Ferrari,1,2.0,True,200.0,186.0,254.0,269.0,,,False,,False
5803.163,LEC,16,32.0,77.919,20.432,36.844,20.643,1.0,MEDIUM,32.0,True,Ferrari,1,2.0,True,195.0,187.0,255.0,270.0,,,False,,False
5880.829,LEC,16,33.0,77.666,20.453,36.632,20.581,1.0,MEDIUM,33.0,True,Ferrari,1,2.0,True,203.0,188.0,255.0,269.0,,,False,,False
5958.736,LEC,16,34.0,77.907,20.644,36.651,20.612,1.0,MEDIUM,34.0,True,Ferrari,1,2.0,True,196.0,189.0,255.0,270.0,,,False,,False
6055.236,LEC,16,35.0,96.5,20.678,36.922,38.9,1.0,MEDIUM,35.0,True,Ferrari,1,3.0,False,194.0,187.0,,271.0,,6030.549,False,,False
6138.662,LEC,16,36.0,83.426,25.177,37.496,20.753,2.0,HARD,1.0,True,Ferrari,1,3.0,False,179.0,180.0,253.0,268.0,6055.996,,False,,False
6216.314,LEC,16,37.0,77.652,20.58,36.701,20.371,2.0,HARD,2.0,True,Ferrari,1,3.0,True,194.0,184.0,254.0,258.0,,,False,,False
6293.186,LEC,16,38.0,76.872,20.324,36.166,20.382,2.0,HARD,3.0,True,Ferrari,1,3.0,True,196.0,187.0,254.0,257.0,,,False,,False
6369.755,LEC,16,39.0,76.569,20.175,36.023,20.371,2.0,HARD,4.0,True,Ferrari,1,3.0,True,200.0,188.0,255.0,260.0,,,False,,False
6446.319,LEC,16,40.0,76.564,20.104,35.945,20.515,2.0,HARD,5.0,True,Ferrari,1,3.0,True,204.0,186.0,254.0,271.0,,,False,,False
6524.191,LEC,16,41.0,77.872,20.324,36.536,21.012,2.0,HARD,6.0,True,Ferrari,1,3.0,True,199.0,185.0,259.0,259.0,,,False,,False
6601.727,LEC,16,42.0,77.536,20.61,36.52,20.406,2.0,HARD,7.0,True,Ferrari,1,3.0,True,199.0,189.0,254.0,258.0,,,False,,False
6678.301,LEC,16,43.0,76.574,20.235,36.092,20.247,2.0,HARD,8.0,True,Ferrari,1,3.0,True,195.0,192.0,254.0,257.0,,,False,,False
6754.646,LEC,16,44.0,76.345,20.117,35.866,20.362,2.0,HARD,9.0,True,Ferrari,1,3.0,True,194.0,191.0,254.0,258.0,,,False,,False
6831.184,LEC,16,45.0,76.538,20.096,36.1,20.342,2.0,HARD,10.0,True,Ferrari,1,3.0,True,197.0,193.0,254.0,258.0,,,False,,False
6907.455,LEC,16,46.0,76.271,20.088,35.96,20.223,2.0,HARD,11.0,True,Ferrari,1,3.0,True,202.0,190.0,255.0,258.0,,,False,,False
6983.492,LEC,16,47.0,76.037,20.058,35.827,20.152,2.0,HARD,12.0,True,Ferrari,1,3.0,True,201.0,193.0,254.0,258.0,,,False,,False
7059.709,LEC,16,48.0,76.217,20.059,35.948,20.21,2.0,HARD,13.0,True,Ferrari,1,3.0,True,202.0,192.0,255.0,260.0,,,False,,False
7135.904,LEC,16,49.0,76.195,20.069,35.913,20.213,2.0,HARD,14.0,True,Ferrari,1,3.0,True,200.0,190.0,255.0,260.0,,,False,,False
7212.115,LEC,16,50.0,76.211,19.974,35.914,20.323,2.0,HARD,15.0,True,Ferrari,1,3.0,True,203.0,191.0,255.0,260.0,,,False,,False
7288.589,LEC,16,51.0,76.474,20.006,36.085,20.383,2.0,HARD,16.0,True,Ferrari,1,3.0,True,207.0,191.0,256.0,272.0,,,False,,False
7365.285,LEC,16,52.0,76.696,20.261,36.085,20.35,2.0,HARD,17.0,True,Ferrari,1,3.0,True,202.0,192.0,255.0,262.0,,,False,,False
7441.249,LEC,16,53.0,75.964,19.934,35.864,20.166,2.0,HARD,18.0,True,Ferrari,1,3.0,True,203.0,192.0,255.0,260.0,,,False,,False
7517.399,LEC,16,54.0,76.15,20.11,35.892,20.148,2.0,HARD,19.0,True,Ferrari,1,3.0,True,205.0,191.0,256.0,259.0,,,False,,False
7593.455,LEC,16,55.0,76.056,19.968,35.951,20.137,2.0,HARD,20.0,True,Ferrari,1,3.0,True,205.0,191.0,256.0,261.0,,,False,,False
7670.543,LEC,16,56.0,77.088,20.094,36.834,20.16,2.0,HARD,21.0,True,Ferrari,1,3.0,True,200.0,192.0,256.0,265.0,,,False,,False
7746.936,LEC,16,57.0,76.393,20.118,35.9,20.375,2.0,HARD,22.0,True,Ferrari,1,3.0,True,200.0,189.0,256.0,263.0,,,False,,False
7823.314,LEC,16,58.0,76.378,20.16,36.021,20.197,2.0,HARD,23.0,True,Ferrari,1,3.0,True,202.0,191.0,257.0,266.0,,,False,,False
7899.79,LEC,16,59.0,76.476,20.119,36.12,20.237,2.0,HARD,24.0,True,Ferrari,1,3.0,True,200.0,194.0,256.0,261.0,,,False,,False
8021.447,LEC,16,60.0,121.657,20.065,49.146,52.446,2.0,HARD,25.0,True,Ferrari,124,3.0,False,203.0,157.0,,176.0,,7987.296,False,,False
8136.752,LEC,16,61.0,115.305,27.736,49.272,38.297,3.0,SOFT,5.0,False,Ferrari,4,3.0,False,161.0,149.0,,193.0,8022.19,8117.658,False,,False
8231.422,LEC,16,62.0,94.67,30.777,41.764,22.129,4.0,SOFT,6.0,False,Ferrari,4,3.0,False,152.0,173.0,251.0,263.0,8137.533,,False,,False
8338.272,LEC,16,63.0,106.85,24.204,50.646,32.0,4.0,SOFT,7.0,False,Ferrari,4,3.0,False,148.0,153.0,117.0,180.0,,,False,,False
8462.715,LEC,16,64.0,124.443,35.547,57.888,31.008,4.0,SOFT,8.0,False,Ferrari,4,3.0,False,98.0,135.0,217.0,157.0,,,False,,False
8834.713,LEC,16,65.0,,,,,4.0,SOFT,9.0,False,Ferrari,412,,False,,,,,,,False,,True
3419.063,STR,18,1.0,99.197,,42.992,22.142,1.0,MEDIUM,1.0,True,Aston Martin,12,18.0,False,151.0,175.0,252.0,260.0,,,False,,False
3501.145,STR,18,2.0,82.082,21.701,38.678,21.703,1.0,MEDIUM,2.0,True,Aston Martin,1,18.0,True,175.0,179.0,249.0,267.0,,,False,,False
3583.045,STR,18,3.0,81.9,21.738,38.502,21.66,1.0,MEDIUM,3.0,True,Aston Martin,1,17.0,True,180.0,178.0,248.0,260.0,,,False,,False
3681.554,STR,18,4.0,98.509,21.459,38.057,38.993,1.0,MEDIUM,4.0,True,Aston Martin,1,17.0,False,184.0,179.0,,263.0,,3657.503,False,,False
3765.572,STR,18,5.0,84.018,24.665,38.192,21.161,2.0,SOFT,1.0,True,Aston Martin,1,18.0,False,174.0,184.0,248.0,260.0,3682.362,,False,,False
3845.327,STR,18,6.0,79.755,21.18,37.352,21.223,2.0,SOFT,2.0,True,Aston Martin,1,18.0,True,191.0,182.0,249.0,262.0,,,False,,False
3924.929,STR,18,7.0,79.602,20.91,37.465,21.227,2.0,SOFT,3.0,True,Aston Martin,1,18.0,True,192.0,182.0,249.0,264.0,,,False,,False
4004.105,STR,18,8.0,79.176,20.857,37.072,21.247,2.0,SOFT,4.0,True,Aston Martin,1,18.0,True,197.0,183.0,249.0,264.0,,,False,,False
4083.249,STR,18,9.0,79.144,20.654,37.18,21.31,2.0,SOFT,5.0,True,Aston Martin,1,17.0,True,196.0,184.0,250.0,265.0,,,False,,False
4162.563,STR,18,10.0,79.314,20.835,37.11,21.369,2.0,SOFT,6.0,True,Aston Martin,1,17.0,True,195.0,182.0,250.0,265.0,,,False,,False
4242.106,STR,18,11.0,79.543,20.981,37.352,21.21,2.0,SOFT,7.0,True,Aston Martin,1,17.0,True,192.0,181.0,250.0,263.0,,,False,,False
4321.544,STR,18,12.0,79.438,20.812,37.406,21.22,2.0,SOFT,8.0,True,Aston Martin,1,17.0,True,192.0,182.0,250.0,264.0,,,False,,False
4400.684,STR,18,13.0,79.14,20.777,37.218,21.145,2.0,SOFT,9.0,True,Aston Martin,1,17.0,True,196.0,183.0,250.0,265.0,,,False,,False
4481.584,STR,18,14.0,80.9,20.772,37.475,22.653,2.0,SOFT,10.0,True,Aston Martin,1,17.0,True,190.0,180.0,254.0,265.0,,,False,,False
4563.205,STR,18,15.0,81.621,21.085,39.176,21.36,2.0,SOFT,11.0,True,Aston Martin,1,17.0,True,195.0,180.0,250.0,272.0,,,False,,False
4644.646,STR,18,16.0,81.441,20.973,37.591,22.877,2.0,SOFT,12.0,True,Aston Martin,1,17.0,True,193.0,180.0,249.0,265.0,,,False,,False
4724.257,STR,18,17.0,79.611,21.177,37.18,21.254,2.0,SOFT,13.0,True,Aston Martin,1,17.0,True,196.0,178.0,250.0,265.0,,,True,TRACK LIMITS AT TURN 10 LAP 17 ,False
4803.588,STR,18,18.0,79.331,20.898,37.254,21.179,2.0,SOFT,14.0,True,Aston Martin,1,17.0,True,199.0,182.0,251.0,265.0,,,False,,False
4882.834,STR,18,19.0,79.246,20.885,37.304,21.057,2.0,SOFT,15.0,True,Aston Martin,1,17.0,True,194.0,182.0,250.0,265.0,,,False,,False
4961.981,STR,18,20.0,79.147,20.864,37.214,21.069,2.0,SOFT,16.0,True,Aston Martin,1,17.0,True,198.0,182.0,250.0,265.0,,,False,,False
5041.314,STR,18,21.0,79.333,20.784,37.456,21.093,2.0,SOFT,17.0,True,Aston Martin,1,17.0,True,195.0,183.0,250.0,265.0,,,False,,False
5120.71,STR,18,22.0,79.396,20.865,37.217,21.314,2.0,SOFT,18.0,True,Aston Martin,1,17.0,True,196.0,183.0,250.0,265.0,,,False,,False
5200.181,STR,18,23.0,79.471,21.087,37.302,21.082,2.0,SOFT,19.0,True,Aston Martin,1,17.0,True,197.0,183.0,250.0,265.0,,,False,,False
5279.227,STR,18,24.0,79.046,20.843,37.152,21.051,2.0,SOFT,20.0,True,Aston Martin,1,17.0,True,197.0,182.0,251.0,265.0,,,False,,False
5358.1,STR,18,25.0,78.873,20.706,37.154,21.013,2.0,SOFT,21.0,True,Aston Martin,1,17.0,True,200.0,182.0,250.0,265.0,,,False,,False
5437.343,STR,18,26.0,79.243,20.74,37.12,21.383,2.0,SOFT,22.0,True,Aston Martin,1,17.0,True,201.0,183.0,250.0,265.0,,,False,,False
5516.553,STR,18,27.0,79.21,20.951,37.219,21.04,2.0,SOFT,23.0,True,Aston Martin,1,17.0,True,201.0,182.0,251.0,265.0,,,False,,False
5595.731,STR,18,28.0,79.178,20.761,37.204,21.213,2.0,SOFT,24.0,True,Aston Martin,1,17.0,True,199.0,182.0,251.0,265.0,,,False,,False
5674.699,STR,18,29.0,78.968,20.716,37.225,21.027,2.0,SOFT,25.0,True,Aston Martin,1,17.0,True,200.0,183.0,252.0,265.0,,,False,,False
5753.744,STR,18,30.0,79.045,20.629,37.209,21.207,2.0,SOFT,26.0,True,Aston Martin,1,17.0,True,201.0,184.0,250.0,265.0,,,False,,False
5832.71,STR,18,31.0,78.966,20.712,37.164,21.09,2.0,SOFT,27.0,True,Aston Martin,1,17.0,True,198.0,186.0,253.0,265.0,,,False,,False
5911.762,STR,18,32.0,79.052,20.65,37.211,21.191,2.0,SOFT,28.0,True,Aston Martin,1,17.0,True,198.0,184.0,250.0,265.0,,,False,,False
5990.981,STR,18,33.0,79.219,20.918,37.193,21.108,2.0,SOFT,29.0,True,Aston Martin,1,17.0,True,201.0,184.0,251.0,265.0,,,False,,False
6069.931,STR,18,34.0,78.95,20.753,37.21,20.987,2.0,SOFT,30.0,True,Aston Martin,1,17.0,True,195.0,185.0,251.0,265.0,,,False,,False
6149.03,STR,18,35.0,79.099,20.798,37.245,21.056,2.0,SOFT,31.0,True,Aston Martin,1,17.0,True,198.0,183.0,251.0,265.0,,,False,,False
6227.875,STR,18,36.0,78.845,20.721,37.194,20.93,2.0,SOFT,32.0,True,Aston Martin,1,17.0,True,202.0,184.0,252.0,266.0,,,False,,False
6306.883,STR,18,37.0,79.008,20.706,36.363,21.939,2.0,SOFT,33.0,True,Aston Martin,1,17.0,True,201.0,153.0,251.0,266.0,,,True,TRACK LIMITS AT TURN 10 LAP 37 ,False
6386.075,STR,18,38.0,79.192,20.729,37.07,21.393,2.0,SOFT,34.0,True,Aston Martin,1,17.0,True,199.0,180.0,252.0,266.0,,,True,TRACK LIMITS AT TURN 10 LAP 38 ,False
6465.311,STR,18,39.0,79.236,20.803,37.228,21.205,2.0,SOFT,35.0,True,Aston Martin,1,17.0,True,198.0,184.0,251.0,266.0,,,False,,False
6548.126,STR,18,40.0,82.815,23.934,37.731,21.15,2.0,SOFT,36.0,True,Aston Martin,1,17.0,True,184.0,185.0,252.0,266.0,,,False,,False
6627.486,STR,18,41.0,79.36,20.797,37.399,21.164,2.0,SOFT,37.0,True,Aston Martin,1,17.0,True,199.0,187.0,253.0,267.0,,,False,,False
6706.481,STR,18,42.0,78.995,20.72,37.085,21.19,2.0,SOFT,38.0,True,Aston Martin,1,17.0,True,196.0,181.0,251.0,267.0,,,True,TRACK LIMITS AT TURN 10 LAP 42 ,False
6785.785,STR,18,43.0,79.304,20.783,37.423,21.098,2.0,SOFT,39.0,True,Aston Martin,1,17.0,True,199.0,184.0,252.0,267.0,,,False,,False
6865.213,STR,18,44.0,79.428,20.875,37.442,21.111,2.0,SOFT,40.0,True,Aston Martin,1,17.0,True,194.0,183.0,252.0,267.0,,,False,,False
6944.45,STR,18,45.0,79.237,20.856,37.312,21.069,2.0,SOFT,41.0,True,Aston Martin,1,16.0,True,197.0,184.0,253.0,268.0,,,False,,False
7024.032,STR,18,46.0,79.582,20.851,37.524,21.207,2.0,SOFT,42.0,True,Aston Martin,1,16.0,True,195.0,183.0,252.0,268.0,,,False,,False
7106.182,STR,18,47.0,82.15,20.924,39.821,21.405,2.0,SOFT,43.0,True,Aston Martin,1,16.0,True,193.0,181.0,252.0,248.0,,,False,,False
7189.883,STR,18,48.0,83.701,20.906,40.842,21.953,2.0,SOFT,44.0,True,Aston Martin,1,16.0,True,195.0,172.0,251.0,244.0,,,False,,False
7269.833,STR,18,49.0,79.95,21.097,37.628,21.225,2.0,SOFT,45.0,True,Aston Martin,1,16.0,True,195.0,186.0,253.0,268.0,,,False,,False
7349.194,STR,18,50.0,79.361,20.907,37.416,21.038,2.0,SOFT,46.0,True,Aston Martin,1,16.0,True,197.0,185.0,252.0,268.0,,,False,,False
7429.01,STR,18,51.0,79.816,20.961,37.784,21.071,2.0,SOFT,47.0,True,Aston Martin,1,16.0,True,197.0,186.0,252.0,268.0,,,False,,False
7508.3,STR,18,52.0,79.29,20.739,37.442,21.109,2.0,SOFT,48.0,True,Aston Martin,1,16.0,True,199.0,181.0,253.0,268.0,,,False,,False
7589.626,STR,18,53.0,81.326,20.878,38.856,21.592,2.0,SOFT,49.0,True,Aston Martin,1,16.0,True,198.0,175.0,252.0,269.0,,,False,,False
7672.734,STR,18,54.0,83.108,22.86,38.799,21.449,2.0,SOFT,50.0,True,Aston Martin,1,16.0,True,188.0,182.0,253.0,266.0,,,False,,False
7752.294,STR,18,55.0,79.56,20.875,37.608,21.077,2.0,SOFT,51.0,True,Aston Martin,1,16.0,True,193.0,185.0,253.0,269.0,,,False,,False
7831.627,STR,18,56.0,79.333,20.79,37.526,21.017,2.0,SOFT,52.0,True,Aston Martin,1,16.0,True,198.0,182.0,252.0,268.0,,,False,,False
8834.713,STR,18,57.0,,,,,2.0,SOFT,53.0,True,Aston Martin,124,,False,,,,,,,False,,True
3411.981,ALB,23,1.0,92.115,,40.148,21.575,1.0,MEDIUM,1.0,True,Williams,12,10.0,False,154.0,173.0,255.0,266.0,,,False,,False
3493.041,ALB,23,2.0,81.06,21.614,37.984,21.462,1.0,MEDIUM,2.0,True,Williams,1,10.0,True,180.0,176.0,260.0,271.0,,,False,,False
3573.382,ALB,23,3.0,80.341,21.324,37.624,21.393,1.0,MEDIUM,3.0,True,Williams,1,10.0,True,179.0,171.0,256.0,279.0,,,False,,False
3653.27,ALB,23,4.0,79.888,21.229,37.447,21.212,1.0,MEDIUM,4.0,True,Williams,1,10.0,True,187.0,175.0,255.0,269.0,,,False,,False
3732.932,ALB,23,5.0,79.662,21.155,37.262,21.245,1.0,MEDIUM,5.0,True,Williams,1,10.0,True,194.0,173.0,255.0,270.0,,,False,,False
3812.306,ALB,23,6.0,79.374,21.066,37.215,21.093,1.0,MEDIUM,6.0,True,Williams,1,10.0,True,185.0,179.0,256.0,269.0,,,False,,False
3891.253,ALB,23,7.0,78.947,21.004,36.942,21.001,1.0,MEDIUM,7.0,True,Williams,1,10.0,True,197.0,179.0,257.0,270.0,,,False,,False
3969.995,ALB,23,8.0,78.742,20.935,36.783,21.024,1.0,MEDIUM,8.0,True,Williams,1,10.0,True,199.0,179.0,257.0,271.0,,,False,,False
4048.642,ALB,23,9.0,78.647,20.848,36.883,20.916,1.0,MEDIUM,9.0,True,Williams,1,10.0,True,193.0,182.0,256.0,271.0,,,False,,False
4127.129,ALB,23,10.0,78.487,20.784,36.78,20.923,1.0,MEDIUM,10.0,True,Williams,1,10.0,True,196.0,177.0,256.0,271.0,,,False,,False
4205.707,ALB,23,11.0,78.578,20.75,36.849,20.979,1.0,MEDIUM,11.0,True,Williams,1,10.0,True,199.0,183.0,257.0,271.0,,,False,,False
4284.071,ALB,23,12.0,78.364,20.734,36.737,20.893,1.0,MEDIUM,12.0,True,Williams,1,10.0,True,195.0,182.0,257.0,270.0,,,False,,False
4362.905,ALB,23,13.0,78.834,20.87,36.998,20.966,1.0,MEDIUM,13.0,True,Williams,1,10.0,True,196.0,181.0,255.0,269.0,,,False,,False
4441.741,ALB,23,14.0,78.836,20.898,36.962,20.976,1.0,MEDIUM,14.0,True,Williams,1,10.0,True,194.0,180.0,257.0,271.0,,,True,TRACK LIMITS AT TURN 10 LAP 14 ,False
4520.194,ALB,23,15.0,78.453,20.711,36.808,20.934,1.0,MEDIUM,15.0,True,Williams,1,10.0,True,200.0,182.0,257.0,271.0,,,False,,False
4598.94,ALB,23,16.0,78.746,20.81,36.871,21.065,1.0,MEDIUM,16.0,True,Williams,1,10.0,True,200.0,180.0,257.0,271.0,,,False,,False
4677.665,ALB,23,17.0,78.725,20.839,36.831,21.055,1.0,MEDIUM,17.0,True,Williams,1,10.0,True,196.0,180.0,257.0,271.0,,,False,,False
4756.488,ALB,23,18.0,78.823,20.895,36.936,20.992,1.0,MEDIUM,18.0,True,Williams,1,10.0,True,198.0,181.0,257.0,271.0,,,False,,False
4835.35,ALB,23,19.0,78.862,20.718,37.081,21.063,1.0,MEDIUM,19.0,True,Williams,1,10.0,True,198.0,183.0,257.0,270.0,,,False,,False
4914.074,ALB,23,20.0,78.724,20.808,36.851,21.065,1.0,MEDIUM,20.0,True,Williams,1,10.0,True,196.0,180.0,257.0,271.0,,,False,,False
4993.188,ALB,23,21.0,79.114,20.943,36.965,21.206,1.0,MEDIUM,21.0,True,Williams,1,10.0,True,200.0,182.0,257.0,271.0,,,False,,False
5072.738,ALB,23,22.0,79.55,20.795,37.623,21.132,1.0,MEDIUM,22.0,True,Williams,1,10.0,True,199.0,179.0,256.0,267.0,,,False,,False
5151.858,ALB,23,23.0,79.12,20.807,37.235,21.078,1.0,MEDIUM,23.0,True,Williams,1,10.0,True,198.0,178.0,257.0,269.0,,,False,,False
5230.989,ALB,23,24.0,79.131,20.856,37.194,21.081,1.0,MEDIUM,24.0,True,Williams,1,10.0,True,200.0,182.0,256.0,267.0,,,False,,False
5310.122,ALB,23,25.0,79.133,20.872,37.249,21.012,1.0,MEDIUM,25.0,True,Williams,1,10.0,True,199.0,183.0,256.0,268.0,,,False,,False
5389.441,ALB,23,26.0,79.319,20.82,37.442,21.057,1.0,MEDIUM,26.0,True,Williams,1,10.0,True,199.0,181.0,257.0,267.0,,,False,,False
5468.416,ALB,23,27.0,78.975,20.975,37.014,20.986,1.0,MEDIUM,27.0,True,Williams,1,10.0,True,198.0,182.0,257.0,271.0,,,False,,False
5547.413,ALB,23,28.0,78.997,20.78,37.196,21.021,1.0,MEDIUM,28.0,True,Williams,1,10.0,True,200.0,181.0,257.0,269.0,,,False,,False
5626.532,ALB,23,29.0,79.119,20.814,37.217,21.088,1.0,MEDIUM,29.0,True,Williams,1,10.0,True,202.0,180.0,257.0,268.0,,,False,,False
5705.584,ALB,23,30.0,79.052,20.663,37.33,21.059,1.0,MEDIUM,30.0,True,Williams,1,10.0,True,196.0,181.0,256.0,267.0,,,False,,False
5785.315,ALB,23,31.0,79.731,20.817,37.293,21.621,1.0,MEDIUM,31.0,True,Williams,1,10.0,True,200.0,184.0,203.0,267.0,,,False,,False
5866.164,ALB,23,32.0,80.849,21.656,37.596,21.597,1.0,MEDIUM,32.0,True,Williams,1,10.0,True,199.0,178.0,255.0,266.0,,,False,,False
5945.672,ALB,23,33.0,79.508,21.119,37.205,21.184,1.0,MEDIUM,33.0,True,Williams,1,10.0,True,199.0,180.0,256.0,268.0,,,False,,False
6025.347,ALB,23,34.0,79.675,21.015,37.422,21.238,1.0,MEDIUM,34.0,True,Williams,1,10.0,True,199.0,181.0,250.0,267.0,,,False,,False
6104.969,ALB,23,35.0,79.622,21.047,37.495,21.08,1.0,MEDIUM,35.0,True,Williams,1,10.0,True,192.0,182.0,255.0,267.0,,,False,,False
6184.295,ALB,23,36.0,79.326,20.847,37.403,21.076,1.0,MEDIUM,36.0,True,Williams,1,10.0,True,197.0,182.0,256.0,266.0,,,False,,False
6263.731,ALB,23,37.0,79.436,20.827,37.43,21.179,1.0,MEDIUM,37.0,True,Williams,1,10.0,True,199.0,182.0,255.0,268.0,,,False,,False
6343.622,ALB,23,38.0,79.891,20.89,37.749,21.252,1.0,MEDIUM,38.0,True,Williams,1,10.0,True,199.0,180.0,255.0,265.0,,,False,,False
6426.394,ALB,23,39.0,82.772,23.332,38.074,21.366,1.0,MEDIUM,39.0,True,Williams,1,10.0,True,191.0,180.0,253.0,265.0,,,False,,False
6506.125,ALB,23,40.0,79.731,21.001,37.546,21.184,1.0,MEDIUM,40.0,True,Williams,1,10.0,True,199.0,183.0,254.0,265.0,,,False,,False
6585.549,ALB,23,41.0,79.424,20.786,37.45,21.188,1.0,MEDIUM,41.0,True,Williams,1,10.0,True,199.0,183.0,250.0,262.0,,,False,,False
6665.4,ALB,23,42.0,79.851,21.005,37.605,21.241,1.0,MEDIUM,42.0,True,Williams,1,10.0,True,200.0,182.0,254.0,263.0,,,False,,False
6764.4,ALB,23,43.0,99.0,20.964,37.755,40.281,1.0,MEDIUM,43.0,True,Williams,1,10.0,False,189.0,180.0,,264.0,,6739.589,False,,False
6846.743,ALB,23,44.0,82.343,24.04,37.227,21.076,2.0,SOFT,1.0,True,Williams,1,10.0,False,191.0,177.0,251.0,264.0,6765.136,,False,,False
6930.125,ALB,23,45.0,83.382,20.709,40.402,22.271,2.0,SOFT,2.0,True,Williams,1,10.0,True,197.0,172.0,249.0,265.0,,,False,,False
7012.346,ALB,23,46.0,82.221,21.35,38.849,22.022,2.0,SOFT,3.0,True,Williams,1,10.0,True,175.0,173.0,250.0,262.0,,,True,TRACK LIMITS AT TURN 10 LAP 46 ,False
7095.249,ALB,23,47.0,82.903,21.631,38.379,22.893,2.0,SOFT,4.0,True,Williams,1,11.0,True,190.0,169.0,244.0,265.0,,,False,,False
7175.158,ALB,23,48.0,79.909,21.594,37.346,20.969,2.0,SOFT,5.0,True,Williams,1,11.0,True,191.0,186.0,253.0,267.0,,,False,,False
7254.731,ALB,23,49.0,79.573,20.672,37.66,21.241,2.0,SOFT,6.0,True,Williams,1,11.0,True,200.0,172.0,254.0,263.0,,,False,,False
7334.958,ALB,23,50.0,80.227,20.857,37.607,21.763,2.0,SOFT,7.0,True,Williams,1,11.0,True,188.0,175.0,250.0,268.0,,,False,,False
7416.636,ALB,23,51.0,81.678,21.642,38.719,21.317,2.0,SOFT,8.0,True,Williams,1,11.0,True,145.0,174.0,251.0,267.0,,,False,,False
7496.405,ALB,23,52.0,79.769,21.097,37.323,21.349,2.0,SOFT,9.0,True,Williams,1,11.0,True,199.0,175.0,251.0,268.0,,,False,,False
7578.976,ALB,23,53.0,82.571,22.191,39.217,21.163,2.0,SOFT,10.0,True,Williams,1,11.0,True,189.0,177.0,253.0,267.0,,,False,,False
7657.133,ALB,23,54.0,78.157,20.595,36.714,20.848,2.0,SOFT,11.0,True,Williams,1,11.0,True,201.0,185.0,258.0,269.0,,,False,,False
7736.033,ALB,23,55.0,78.9,20.75,37.207,20.943,2.0,SOFT,12.0,True,Williams,1,11.0,True,197.0,180.0,259.0,267.0,,,False,,False
7813.979,ALB,23,56.0,77.946,20.447,36.599,20.9,2.0,SOFT,13.0,True,Williams,1,10.0,True,199.0,184.0,255.0,276.0,,,False,,False
7892.17,ALB,23,57.0,78.191,20.478,36.889,20.824,2.0,SOFT,14.0,True,Williams,1,10.0,True,197.0,183.0,254.0,267.0,,,False,,False
7989.777,ALB,23,58.0,97.607,20.486,45.727,31.394,2.0,SOFT,15.0,True,Williams,124,10.0,False,202.0,156.0,192.0,113.0,,,False,,False
8099.487,ALB,23,59.0,109.71,22.857,49.687,37.166,2.0,SOFT,16.0,True,Williams,4,10.0,False,174.0,140.0,,227.0,,8080.583,False,,False
8211.122,ALB,23,60.0,111.635,26.655,53.33,31.65,3.0,SOFT,17.0,False,Williams,4,10.0,False,111.0,169.0,154.0,137.0,8100.28,,False,,False
8330.688,ALB,23,61.0,119.566,34.146,50.802,34.618,3.0,SOFT,18.0,False,Williams,4,10.0,False,97.0,142.0,103.0,172.0,,,False,,False
8421.937,ALB,23,62.0,91.249,28.437,40.411,22.401,3.0,SOFT,19.0,False,Williams,4,10.0,False,167.0,167.0,244.0,238.0,,,False,,False
8505.282,ALB,23,63.0,83.345,22.22,39.112,22.013,3.0,SOFT,20.0,False,Williams,4,10.0,False,183.0,172.0,245.0,241.0,,,False,,False
8586.27,ALB,23,64.0,80.988,21.977,37.668,21.343,3.0,SOFT,21.0,False,Williams,412,10.0,False,188.0,182.0,250.0,265.0,,,False,,False
8700.083,ALB,23,65.0,113.813,21.231,51.356,41.226,3.0,SOFT,22.0,False,Williams,24,9.0,False,184.0,162.0,,183.0,,8678.352,False,,False
8807.348,ALB,23,66.0,107.265,27.9,50.836,28.529,4.0,SOFT,23.0,False,Williams,4,9.0,False,174.0,154.0,197.0,232.0,8701.092,,False,,False
10936.64,ALB,23,67.0,,25.469,54.151,,4.0,SOFT,24.0,False,Williams,451,9.0,False,84.0,116.0,,196.0,,8913.2,False,,False
11081.73,ALB,23,68.0,145.09,26.728,40.533,77.829,5.0,SOFT,7.0,False,Williams,14,9.0,False,167.0,163.0,,240.0,10937.294,11020.291,False,,False
11174.563,ALB,23,69.0,92.833,27.161,38.672,27.0,6.0,SOFT,7.0,False,Williams,4,9.0,False,176.0,172.0,236.0,268.0,11082.438,,False,,False
11332.608,ALB,23,70.0,,27.471,51.439,79.126,6.0,SOFT,8.0,False,Williams,41,9.0,False,82.0,162.0,114.0,248.0,,,False,,False
11422.412,ALB,23,71.0,89.804,26.242,41.881,21.681,6.0,SOFT,9.0,False,Williams,12,9.0,True,164.0,175.0,250.0,265.0,,,False,,False
11503.763,ALB,23,72.0,81.351,21.168,38.76,21.423,6.0,SOFT,10.0,False,Williams,1,9.0,True,182.0,172.0,255.0,268.0,,,False,,False
11581.921,ALB,23,73.0,78.158,21.16,36.428,20.57,6.0,SOFT,11.0,False,Williams,1,8.0,True,194.0,186.0,256.0,271.0,,,False,,False
11658.697,ALB,23,74.0,76.776,20.309,36.099,20.368,6.0,SOFT,12.0,False,Williams,1,8.0,True,210.0,189.0,257.0,272.0,,,False,,False
11735.173,ALB,23,75.0,76.476,20.241,35.876,20.359,6.0,SOFT,13.0,False,Williams,1,8.0,True,205.0,189.0,252.0,272.0,,,False,,False
11811.777,ALB,23,76.0,76.604,20.333,35.974,20.297,6.0,SOFT,14.0,False,Williams,1,8.0,True,204.0,188.0,258.0,272.0,,,False,,False
11888.183,ALB,23,77.0,76.406,20.331,35.795,20.28,6.0,SOFT,15.0,False,Williams,1,8.0,True,206.0,192.0,259.0,267.0,,,False,,False
11964.576,ALB,23,78.0,76.393,20.308,35.859,20.226,6.0,SOFT,16.0,False,Williams,1,8.0,True,208.0,189.0,257.0,273.0,,,False,,False
3413.616,HUL,27,1.0,93.75,,40.462,22.068,1.0,MEDIUM,1.0,True,Audi,12,12.0,False,161.0,173.0,260.0,267.0,,,False,,False
3494.839,HUL,27,2.0,81.223,21.809,37.947,21.467,1.0,MEDIUM,2.0,True,Audi,1,12.0,True,186.0,180.0,258.0,278.0,,,False,,False
3575.374,HUL,27,3.0,80.535,21.364,37.737,21.434,1.0,MEDIUM,3.0,True,Audi,1,12.0,True,190.0,179.0,260.0,275.0,,,False,,False
3655.39,HUL,27,4.0,80.016,21.105,37.677,21.234,1.0,MEDIUM,4.0,True,Audi,1,12.0,True,189.0,181.0,262.0,279.0,,,False,,False
3735.569,HUL,27,5.0,80.179,21.137,37.483,21.559,1.0,MEDIUM,5.0,True,Audi,1,12.0,True,190.0,181.0,260.0,280.0,,,False,,False
3815.278,HUL,27,6.0,79.709,21.004,37.302,21.403,1.0,MEDIUM,6.0,True,Audi,1,12.0,True,194.0,178.0,257.0,281.0,,,False,,False
3894.46,HUL,27,7.0,79.182,20.921,37.094,21.167,1.0,MEDIUM,7.0,True,Audi,1,12.0,True,199.0,181.0,260.0,283.0,,,False,,False
3974.241,HUL,27,8.0,79.781,21.45,37.158,21.173,1.0,MEDIUM,8.0,True,Audi,1,12.0,True,177.0,181.0,260.0,281.0,,,False,,False
4053.614,HUL,27,9.0,79.373,20.833,36.881,21.659,1.0,MEDIUM,9.0,True,Audi,1,12.0,True,196.0,180.0,255.0,280.0,,,False,,False
4133.364,HUL,27,10.0,79.75,21.28,37.307,21.163,1.0,MEDIUM,10.0,True,Audi,1,12.0,True,177.0,181.0,255.0,280.0,,,False,,False
4212.078,HUL,27,11.0,78.714,20.851,37.033,20.83,1.0,MEDIUM,11.0,True,Audi,1,12.0,True,198.0,189.0,255.0,269.0,,,False,,False
4306.757,HUL,27,12.0,94.679,20.317,36.387,37.975,1.0,MEDIUM,12.0,True,Audi,1,14.0,False,206.0,187.0,,272.0,,4282.723,False,,False
4387.106,HUL,27,13.0,80.349,23.274,36.605,20.47,2.0,HARD,1.0,True,Audi,1,14.0,False,200.0,186.0,255.0,270.0,4307.568,,False,,False
4463.604,HUL,27,14.0,76.498,20.131,36.055,20.312,2.0,HARD,2.0,True,Audi,1,14.0,True,212.0,190.0,255.0,270.0,,,False,,False
4539.936,HUL,27,15.0,76.332,20.158,35.917,20.257,2.0,HARD,3.0,True,Audi,1,14.0,True,206.0,192.0,255.0,270.0,,,False,,False
4616.305,HUL,27,16.0,76.369,20.078,35.898,20.393,2.0,HARD,4.0,True,Audi,1,14.0,True,208.0,191.0,256.0,271.0,,,False,,False
4693.038,HUL,27,17.0,76.733,20.093,36.143,20.497,2.0,HARD,5.0,True,Audi,1,14.0,True,209.0,189.0,256.0,271.0,,,False,,False
4770.205,HUL,27,18.0,77.167,20.298,36.394,20.475,2.0,HARD,6.0,True,Audi,1,14.0,True,208.0,189.0,256.0,272.0,,,False,,False
4847.029,HUL,27,19.0,76.824,20.128,36.308,20.388,2.0,HARD,7.0,True,Audi,1,14.0,True,207.0,188.0,256.0,272.0,,,False,,False
4925.082,HUL,27,20.0,78.053,20.561,36.778,20.714,2.0,HARD,8.0,True,Audi,1,14.0,True,201.0,188.0,255.0,269.0,,,False,,False
5003.125,HUL,27,21.0,78.043,20.261,36.726,21.056,2.0,HARD,9.0,True,Audi,1,14.0,True,207.0,188.0,249.0,272.0,,,False,,False
5081.249,HUL,27,22.0,78.124,20.61,36.706,20.808,2.0,HARD,10.0,True,Audi,1,14.0,True,202.0,187.0,256.0,272.0,,,False,,False
5159.648,HUL,27,23.0,78.399,20.507,36.861,21.031,2.0,HARD,11.0,True,Audi,1,14.0,True,202.0,184.0,256.0,273.0,,,False,,False
5238.474,HUL,27,24.0,78.826,20.521,37.076,21.229,2.0,HARD,12.0,True,Audi,1,14.0,True,200.0,185.0,255.0,273.0,,,False,,False
5317.664,HUL,27,25.0,79.19,20.649,37.18,21.361,2.0,HARD,13.0,True,Audi,1,14.0,True,199.0,180.0,257.0,273.0,,,False,,False
5396.207,HUL,27,26.0,78.543,20.631,36.99,20.922,2.0,HARD,14.0,True,Audi,1,14.0,True,202.0,185.0,262.0,273.0,,,False,,False
5475.463,HUL,27,27.0,79.256,20.775,37.228,21.253,2.0,HARD,15.0,True,Audi,1,14.0,True,198.0,183.0,262.0,283.0,,,False,,False
5555.252,HUL,27,28.0,79.789,20.633,37.112,22.044,2.0,HARD,16.0,True,Audi,1,14.0,True,199.0,180.0,221.0,283.0,,,False,,False
5635.122,HUL,27,29.0,79.87,21.547,37.188,21.135,2.0,HARD,17.0,True,Audi,1,14.0,True,196.0,181.0,263.0,282.0,,,True,TRACK LIMITS AT TURN 10 LAP 29 ,False
5713.896,HUL,27,30.0,78.774,20.526,37.156,21.092,2.0,HARD,18.0,True,Audi,1,14.0,True,201.0,182.0,262.0,283.0,,,False,,False
5794.936,HUL,27,31.0,81.04,20.744,38.418,21.878,2.0,HARD,19.0,True,Audi,1,14.0,True,199.0,170.0,256.0,276.0,,,False,,False
5874.275,HUL,27,32.0,79.339,20.916,37.203,21.22,2.0,HARD,20.0,True,Audi,1,14.0,True,196.0,184.0,256.0,271.0,,,False,,False
5953.281,HUL,27,33.0,79.006,20.582,37.132,21.292,2.0,HARD,21.0,True,Audi,1,14.0,True,206.0,182.0,257.0,273.0,,,False,,False
6033.576,HUL,27,34.0,80.295,20.731,37.615,21.949,2.0,HARD,22.0,True,Audi,1,14.0,True,198.0,182.0,253.0,273.0,,,False,,False
6115.16,HUL,27,35.0,81.584,21.161,38.549,21.874,2.0,HARD,23.0,True,Audi,1,13.0,True,184.0,181.0,261.0,282.0,,,False,,False
6196.096,HUL,27,36.0,80.936,20.904,38.082,21.95,2.0,HARD,24.0,True,Audi,1,13.0,True,189.0,181.0,264.0,282.0,,,False,,False
6277.26,HUL,27,37.0,81.164,21.252,38.105,21.807,2.0,HARD,25.0,True,Audi,1,13.0,True,191.0,180.0,263.0,282.0,,,False,,False
6359.962,HUL,27,38.0,82.702,21.39,38.406,22.906,2.0,HARD,26.0,True,Audi,1,13.0,True,188.0,166.0,261.0,281.0,,,False,,False
6441.923,HUL,27,39.0,81.961,21.404,38.541,22.016,2.0,HARD,27.0,True,Audi,1,13.0,True,183.0,178.0,261.0,282.0,,,False,,False
6524.355,HUL,27,40.0,82.432,21.133,38.525,22.774,2.0,HARD,28.0,True,Audi,1,13.0,True,190.0,180.0,216.0,281.0,,,False,,False
6606.257,HUL,27,41.0,81.902,21.791,38.074,22.037,2.0,HARD,29.0,True,Audi,1,13.0,True,192.0,175.0,263.0,280.0,,,False,,False
6688.178,HUL,27,42.0,81.921,21.502,38.671,21.748,2.0,HARD,30.0,True,Audi,1,13.0,True,186.0,179.0,263.0,282.0,,,False,,False
6769.67,HUL,27,43.0,81.492,21.71,38.241,21.541,2.0,HARD,31.0,True,Audi,1,13.0,True,190.0,185.0,260.0,281.0,,,False,,False
6849.696,HUL,27,44.0,80.026,21.048,37.774,21.204,2.0,HARD,32.0,True,Audi,1,13.0,True,197.0,183.0,263.0,282.0,,,False,,False
6930.871,HUL,27,45.0,81.175,20.898,38.027,22.25,2.0,HARD,33.0,True,Audi,1,12.0,True,195.0,175.0,261.0,283.0,,,False,,False
7013.112,HUL,27,46.0,82.241,21.335,38.843,22.063,2.0,HARD,34.0,True,Audi,1,12.0,True,185.0,175.0,261.0,281.0,,,False,,False
7095.394,HUL,27,47.0,82.282,21.765,38.468,22.049,2.0,HARD,35.0,True,Audi,1,12.0,True,183.0,174.0,261.0,282.0,,,False,,False
7175.719,HUL,27,48.0,80.325,21.912,37.367,21.046,2.0,HARD,36.0,True,Audi,1,12.0,True,194.0,183.0,262.0,283.0,,,False,,False
7255.327,HUL,27,49.0,79.608,20.645,37.432,21.531,2.0,HARD,37.0,True,Audi,1,12.0,True,198.0,180.0,263.0,282.0,,,False,,False
7335.879,HUL,27,50.0,80.552,20.721,37.57,22.261,2.0,HARD,38.0,True,Audi,1,12.0,True,202.0,182.0,228.0,282.0,,,False,,False
7417.258,HUL,27,51.0,81.379,21.902,38.217,21.26,2.0,HARD,39.0,True,Audi,1,12.0,True,143.0,182.0,263.0,282.0,,,False,,False
7496.657,HUL,27,52.0,79.399,21.004,37.179,21.216,2.0,HARD,40.0,True,Audi,1,12.0,True,193.0,183.0,264.0,281.0,,,False,,False
7579.658,HUL,27,53.0,83.001,22.41,39.135,21.456,2.0,HARD,41.0,True,Audi,1,12.0,True,184.0,179.0,259.0,270.0,,,False,,False
7657.727,HUL,27,54.0,78.069,20.516,36.687,20.866,2.0,HARD,42.0,True,Audi,1,12.0,True,202.0,187.0,264.0,282.0,,,False,,False
7736.606,HUL,27,55.0,78.879,20.554,37.272,21.053,2.0,HARD,43.0,True,Audi,1,12.0,True,200.0,185.0,263.0,283.0,,,False,,False
7815.565,HUL,27,56.0,78.959,20.433,37.133,21.393,2.0,HARD,44.0,True,Audi,1,12.0,True,205.0,182.0,262.0,283.0,,,False,,False
7894.689,HUL,27,57.0,79.124,20.636,36.798,21.69,2.0,HARD,45.0,True,Audi,1,12.0,True,194.0,187.0,202.0,282.0,,,False,,False
8004.183,HUL,27,58.0,109.494,22.71,48.847,37.937,2.0,HARD,46.0,True,Audi,124,12.0,False,128.0,155.0,,191.0,,7984.474,False,,False
8118.185,HUL,27,59.0,114.002,26.628,49.81,37.564,3.0,HARD,47.0,False,Audi,4,13.0,False,149.0,148.0,,195.0,8005.017,8098.958,False,,False
8213.799,HUL,27,60.0,95.614,25.644,39.685,30.285,4.0,HARD,48.0,False,Audi,4,13.0,False,173.0,151.0,153.0,266.0,8118.892,,False,,False
8332.845,HUL,27,61.0,119.046,34.424,50.968,33.654,4.0,HARD,49.0,False,Audi,4,13.0,False,107.0,164.0,100.0,146.0,,,False,,False
8424.608,HUL,27,62.0,91.763,29.333,39.911,22.519,4.0,HARD,50.0,False,Audi,4,13.0,False,161.0,176.0,255.0,265.0,,,False,,False
8508.649,HUL,27,63.0,84.041,22.077,39.254,22.71,4.0,HARD,51.0,False,Audi,4,13.0,False,184.0,169.0,252.0,270.0,,,False,,False
8590.826,HUL,27,64.0,82.177,22.016,38.146,22.015,4.0,HARD,52.0,False,Audi,412,13.0,False,182.0,180.0,252.0,271.0,,,False,,False
8704.166,HUL,27,65.0,113.34,24.758,48.678,39.904,4.0,HARD,53.0,False,Audi,24,12.0,False,86.0,171.0,,223.0,,8682.555,False,,False
8812.292,HUL,27,66.0,108.126,30.291,48.429,29.406,5.0,HARD,54.0,False,Audi,4,12.0,False,151.0,169.0,219.0,226.0,8704.897,,False,,False
10944.073,HUL,27,67.0,,23.626,55.285,,5.0,HARD,55.0,False,Audi,451,12.0,False,100.0,124.0,,153.0,,8917.84,False,,False
11089.924,HUL,27,68.0,145.851,27.252,40.295,78.304,6.0,SOFT,1.0,True,Audi,14,12.0,False,159.0,173.0,,263.0,10944.809,11028.697,False,,False
11179.898,HUL,27,69.0,89.974,26.972,38.836,24.166,7.0,SOFT,2.0,False,Audi,4,12.0,False,169.0,177.0,256.0,271.0,11090.626,,False,,False
11333.359,HUL,27,70.0,,25.722,51.254,76.512,7.0,SOFT,3.0,False,Audi,41,13.0,False,108.0,169.0,141.0,255.0,,,False,,False
11422.551,HUL,27,71.0,89.192,26.341,41.338,21.513,7.0,SOFT,4.0,False,Audi,12,10.0,True,153.0,177.0,264.0,270.0,,,False,,False
11502.305,HUL,27,72.0,79.754,21.377,36.954,21.423,7.0,SOFT,5.0,False,Audi,1,8.0,True,190.0,182.0,218.0,283.0,,,True,TRACK LIMITS AT TURN 10 LAP 72 ,False
11582.38,HUL,27,73.0,80.075,22.603,36.98,20.492,7.0,SOFT,6.0,False,Audi,1,9.0,True,149.0,188.0,265.0,284.0,,,False,,False
11659.128,HUL,27,74.0,76.748,20.359,36.059,20.33,7.0,SOFT,7.0,False,Audi,1,9.0,True,207.0,185.0,265.0,285.0,,,False,,False
11735.481,HUL,27,75.0,76.353,20.243,35.793,20.317,7.0,SOFT,8.0,False,Audi,1,9.0,True,200.0,192.0,266.0,285.0,,,False,,False
11812.215,HUL,27,76.0,76.734,20.449,35.885,20.4,7.0,SOFT,9.0,False,Audi,1,9.0,True,205.0,188.0,265.0,285.0,,,False,,False
11888.705,HUL,27,77.0,76.49,20.251,35.985,20.254,7.0,SOFT,10.0,False,Audi,1,9.0,True,207.0,190.0,266.0,284.0,,,False,,False
11965.216,HUL,27,78.0,76.511,20.119,36.168,20.224,7.0,SOFT,11.0,False,Audi,1,9.0,True,206.0,191.0,266.0,284.0,,,False,,False
3402.391,VER,3,1.0,,,,,1.0,MEDIUM,1.0,True,Red Bull Racing,12,,False,,,,,,,False,,True
3411.184,LAW,30,1.0,91.318,,39.584,21.586,1.0,MEDIUM,1.0,True,Racing Bulls,12,9.0,False,148.0,179.0,259.0,269.0,,,False,,False
3491.853,LAW,30,2.0,80.669,21.714,37.771,21.184,1.0,MEDIUM,2.0,True,Racing Bulls,1,9.0,True,161.0,183.0,255.0,273.0,,,False,,False
3572.247,LAW,30,3.0,80.394,21.624,37.615,21.155,1.0,MEDIUM,3.0,True,Racing Bulls,1,9.0,True,175.0,183.0,260.0,269.0,,,False,,False
3651.93,LAW,30,4.0,79.683,21.237,37.294,21.152,1.0,MEDIUM,4.0,True,Racing Bulls,1,9.0,True,180.0,183.0,254.0,277.0,,,False,,False
3731.237,LAW,30,5.0,79.307,21.067,37.156,21.084,1.0,MEDIUM,5.0,True,Racing Bulls,1,9.0,True,187.0,185.0,256.0,270.0,,,False,,False
3810.783,LAW,30,6.0,79.546,21.142,37.33,21.074,1.0,MEDIUM,6.0,True,Racing Bulls,1,9.0,True,180.0,184.0,255.0,268.0,,,False,,False
3889.836,LAW,30,7.0,79.053,20.97,37.087,20.996,1.0,MEDIUM,7.0,True,Racing Bulls,1,9.0,True,197.0,188.0,255.0,269.0,,,False,,False
3968.697,LAW,30,8.0,78.861,20.852,37.011,20.998,1.0,MEDIUM,8.0,True,Racing Bulls,1,9.0,True,190.0,184.0,255.0,269.0,,,False,,False
4047.178,LAW,30,9.0,78.481,20.788,36.834,20.859,1.0,MEDIUM,9.0,True,Racing Bulls,1,9.0,True,190.0,185.0,256.0,269.0,,,False,,False
4125.652,LAW,30,10.0,78.474,20.97,36.737,20.767,1.0,MEDIUM,10.0,True,Racing Bulls,1,9.0,True,186.0,185.0,255.0,269.0,,,False,,False
4204.195,LAW,30,11.0,78.543,20.791,36.89,20.862,1.0,MEDIUM,11.0,True,Racing Bulls,1,9.0,True,193.0,185.0,255.0,269.0,,,False,,False
4282.678,LAW,30,12.0,78.483,20.727,36.907,20.849,1.0,MEDIUM,12.0,True,Racing Bulls,1,9.0,True,192.0,182.0,255.0,269.0,,,False,,False
4361.193,LAW,30,13.0,78.515,20.748,36.901,20.866,1.0,MEDIUM,13.0,True,Racing Bulls,1,9.0,True,193.0,184.0,255.0,270.0,,,False,,False
4439.817,LAW,30,14.0,78.624,20.79,36.921,20.913,1.0,MEDIUM,14.0,True,Racing Bulls,1,9.0,True,192.0,187.0,256.0,270.0,,,False,,False
4518.346,LAW,30,15.0,78.529,20.801,36.845,20.883,1.0,MEDIUM,15.0,True,Racing Bulls,1,9.0,True,191.0,184.0,255.0,269.0,,,False,,False
4597.066,LAW,30,16.0,78.72,20.861,37.019,20.84,1.0,MEDIUM,16.0,True,Racing Bulls,1,9.0,True,186.0,183.0,256.0,270.0,,,False,,False
4675.859,LAW,30,17.0,78.793,20.802,37.059,20.932,1.0,MEDIUM,17.0,True,Racing Bulls,1,9.0,True,192.0,184.0,256.0,270.0,,,False,,False
4754.817,LAW,30,18.0,78.958,20.81,37.192,20.956,1.0,MEDIUM,18.0,True,Racing Bulls,1,9.0,True,192.0,183.0,255.0,270.0,,,False,,False
4833.758,LAW,30,19.0,78.941,20.905,37.047,20.989,1.0,MEDIUM,19.0,True,Racing Bulls,1,9.0,True,190.0,185.0,256.0,270.0,,,False,,False
4912.616,LAW,30,20.0,78.858,20.754,37.035,21.069,1.0,MEDIUM,20.0,True,Racing Bulls,1,9.0,True,194.0,186.0,256.0,270.0,,,False,,False
4991.578,LAW,30,21.0,78.962,20.879,37.02,21.063,1.0,MEDIUM,21.0,True,Racing Bulls,1,9.0,True,190.0,186.0,255.0,269.0,,,False,,False
5070.625,LAW,30,22.0,79.047,20.817,37.134,21.096,1.0,MEDIUM,22.0,True,Racing Bulls,1,9.0,True,194.0,185.0,256.0,270.0,,,False,,False
5149.651,LAW,30,23.0,79.026,20.86,37.097,21.069,1.0,MEDIUM,23.0,True,Racing Bulls,1,9.0,True,192.0,187.0,256.0,270.0,,,False,,False
5228.577,LAW,30,24.0,78.926,20.845,37.067,21.014,1.0,MEDIUM,24.0,True,Racing Bulls,1,9.0,True,193.0,185.0,255.0,270.0,,,False,,False
5307.457,LAW,30,25.0,78.88,20.804,37.112,20.964,1.0,MEDIUM,25.0,True,Racing Bulls,1,9.0,True,189.0,184.0,256.0,270.0,,,False,,False
5386.519,LAW,30,26.0,79.062,20.972,37.051,21.039,1.0,MEDIUM,26.0,True,Racing Bulls,1,9.0,True,193.0,185.0,256.0,270.0,,,False,,False
5465.577,LAW,30,27.0,79.058,20.966,37.15,20.942,1.0,MEDIUM,27.0,True,Racing Bulls,1,9.0,True,192.0,184.0,255.0,270.0,,,False,,False
5544.321,LAW,30,28.0,78.744,20.798,36.974,20.972,1.0,MEDIUM,28.0,True,Racing Bulls,1,9.0,True,195.0,187.0,256.0,270.0,,,False,,False
5623.319,LAW,30,29.0,78.998,20.936,37.004,21.058,1.0,MEDIUM,29.0,True,Racing Bulls,1,9.0,True,191.0,186.0,256.0,270.0,,,False,,False
5701.812,LAW,30,30.0,78.493,20.753,36.794,20.946,1.0,MEDIUM,30.0,True,Racing Bulls,1,9.0,True,193.0,185.0,256.0,270.0,,,False,,False
5780.512,LAW,30,31.0,78.7,20.806,37.041,20.853,1.0,MEDIUM,31.0,True,Racing Bulls,1,9.0,True,193.0,187.0,255.0,269.0,,,False,,False
5859.803,LAW,30,32.0,79.291,21.014,37.239,21.038,1.0,MEDIUM,32.0,True,Racing Bulls,1,9.0,True,182.0,187.0,256.0,270.0,,,False,,False
5941.108,LAW,30,33.0,81.305,20.994,38.959,21.352,1.0,MEDIUM,33.0,True,Racing Bulls,1,9.0,True,184.0,179.0,257.0,271.0,,,False,,False
6021.057,LAW,30,34.0,79.949,21.353,37.488,21.108,1.0,MEDIUM,34.0,True,Racing Bulls,1,9.0,True,181.0,185.0,257.0,270.0,,,False,,False
6100.027,LAW,30,35.0,78.97,20.909,37.217,20.844,1.0,MEDIUM,35.0,True,Racing Bulls,1,9.0,True,189.0,186.0,257.0,271.0,,,False,,False
6178.661,LAW,30,36.0,78.634,20.827,36.947,20.86,1.0,MEDIUM,36.0,True,Racing Bulls,1,9.0,True,189.0,187.0,257.0,271.0,,,False,,False
6257.263,LAW,30,37.0,78.602,20.684,37.093,20.825,1.0,MEDIUM,37.0,True,Racing Bulls,1,9.0,True,194.0,187.0,257.0,270.0,,,False,,False
6335.714,LAW,30,38.0,78.451,20.69,36.955,20.806,1.0,MEDIUM,38.0,True,Racing Bulls,1,9.0,True,196.0,188.0,257.0,270.0,,,False,,False
6414.163,LAW,30,39.0,78.449,20.733,36.872,20.844,1.0,MEDIUM,39.0,True,Racing Bulls,1,9.0,True,197.0,189.0,257.0,271.0,,,False,,False
6492.739,LAW,30,40.0,78.576,20.797,37.003,20.776,1.0,MEDIUM,40.0,True,Racing Bulls,1,9.0,True,194.0,187.0,257.0,270.0,,,False,,False
6571.491,LAW,30,41.0,78.752,20.736,37.062,20.954,1.0,MEDIUM,41.0,True,Racing Bulls,1,9.0,True,196.0,187.0,257.0,271.0,,,False,,False
6652.581,LAW,30,42.0,81.09,20.78,38.876,21.434,1.0,MEDIUM,42.0,True,Racing Bulls,1,9.0,True,191.0,175.0,256.0,271.0,,,False,,False
6731.984,LAW,30,43.0,79.403,21.066,37.27,21.067,1.0,MEDIUM,43.0,True,Racing Bulls,1,9.0,True,189.0,187.0,256.0,271.0,,,False,,False
6829.307,LAW,30,44.0,97.323,20.852,36.951,39.52,1.0,MEDIUM,44.0,True,Racing Bulls,1,9.0,False,194.0,183.0,,271.0,,6804.402,False,,False
6914.287,LAW,30,45.0,84.98,24.934,38.647,21.399,2.0,SOFT,5.0,False,Racing Bulls,1,8.0,False,154.0,171.0,255.0,268.0,6830.183,,False,,False
6993.167,LAW,30,46.0,78.88,21.095,36.959,20.826,2.0,SOFT,6.0,False,Racing Bulls,1,8.0,True,185.0,187.0,256.0,269.0,,,False,,False
7071.149,LAW,30,47.0,77.982,20.704,36.637,20.641,2.0,SOFT,7.0,False,Racing Bulls,1,8.0,True,192.0,188.0,257.0,270.0,,,False,,False
7149.086,LAW,30,48.0,77.937,20.9,36.411,20.626,2.0,SOFT,8.0,False,Racing Bulls,1,8.0,True,195.0,189.0,257.0,270.0,,,False,,False
7226.87,LAW,30,49.0,77.784,20.773,36.407,20.604,2.0,SOFT,9.0,False,Racing Bulls,1,8.0,True,194.0,189.0,257.0,270.0,,,False,,False
7304.127,LAW,30,50.0,77.257,20.565,36.21,20.482,2.0,SOFT,10.0,False,Racing Bulls,1,8.0,True,202.0,190.0,257.0,270.0,,,False,,False
7381.633,LAW,30,51.0,77.506,20.626,36.336,20.544,2.0,SOFT,11.0,False,Racing Bulls,1,8.0,True,198.0,190.0,257.0,271.0,,,False,,False
7459.338,LAW,30,52.0,77.705,20.697,36.45,20.558,2.0,SOFT,12.0,False,Racing Bulls,1,8.0,True,202.0,188.0,257.0,271.0,,,False,,False
7537.15,LAW,30,53.0,77.812,20.597,36.529,20.686,2.0,SOFT,13.0,False,Racing Bulls,1,8.0,True,201.0,188.0,258.0,271.0,,,False,,False
7614.678,LAW,30,54.0,77.528,20.489,36.335,20.704,2.0,SOFT,14.0,False,Racing Bulls,1,8.0,True,198.0,190.0,258.0,271.0,,,False,,False
7692.322,LAW,30,55.0,77.644,20.538,36.404,20.702,2.0,SOFT,15.0,False,Racing Bulls,1,8.0,True,201.0,189.0,259.0,272.0,,,False,,False
7770.34,LAW,30,56.0,78.018,20.604,36.842,20.572,2.0,SOFT,16.0,False,Racing Bulls,1,8.0,True,192.0,188.0,258.0,272.0,,,False,,False
7847.91,LAW,30,57.0,77.57,20.542,36.427,20.601,2.0,SOFT,17.0,False,Racing Bulls,1,8.0,True,199.0,189.0,257.0,271.0,,,False,,False
7926.491,LAW,30,58.0,78.581,20.574,36.289,21.718,2.0,SOFT,18.0,False,Racing Bulls,12,8.0,True,198.0,192.0,253.0,271.0,,,False,,False
8033.724,LAW,30,59.0,107.233,28.108,49.669,29.456,2.0,SOFT,19.0,False,Racing Bulls,24,8.0,False,149.0,144.0,207.0,217.0,,,False,,False
8147.91,LAW,30,60.0,114.186,27.321,48.373,38.492,2.0,SOFT,20.0,False,Racing Bulls,4,8.0,False,132.0,131.0,,234.0,,8128.83,False,,False
8235.098,LAW,30,61.0,87.188,25.504,39.264,22.42,3.0,SOFT,21.0,False,Racing Bulls,4,8.0,False,148.0,174.0,234.0,258.0,8148.72,,False,,False
8339.59,LAW,30,62.0,104.492,22.879,49.392,32.221,3.0,SOFT,22.0,False,Racing Bulls,4,8.0,False,140.0,164.0,118.0,172.0,,,False,,False
8443.255,LAW,30,63.0,103.665,35.79,45.836,22.039,3.0,SOFT,23.0,False,Racing Bulls,4,8.0,False,94.0,170.0,257.0,226.0,,,False,,False
8522.814,LAW,30,64.0,79.559,21.187,37.148,21.224,3.0,SOFT,24.0,False,Racing Bulls,4,8.0,False,186.0,182.0,256.0,271.0,,,False,,False
8603.199,LAW,30,65.0,80.385,20.667,36.735,22.983,3.0,SOFT,25.0,False,Racing Bulls,412,7.0,False,193.0,186.0,257.0,274.0,,,False,,False
8718.702,LAW,30,66.0,115.503,29.362,47.999,38.142,3.0,SOFT,26.0,False,Racing Bulls,24,7.0,False,76.0,131.0,,138.0,,8699.171,False,,False
8822.448,LAW,30,67.0,103.746,26.507,52.133,25.106,4.0,SOFT,7.0,False,Racing Bulls,4,7.0,False,129.0,142.0,250.0,257.0,8719.501,,False,,False
11076.1,LAW,30,68.0,,29.74,49.477,,4.0,SOFT,8.0,False,Racing Bulls,451,7.0,False,104.0,145.0,,181.0,,8930.794,False,,False
11171.203,LAW,30,69.0,95.103,27.841,41.194,26.068,5.0,SOFT,7.0,False,Racing Bulls,4,7.0,False,136.0,174.0,222.0,247.0,11076.876,,False,,False
11332.214,LAW,30,70.0,,28.32,50.673,82.003,5.0,SOFT,8.0,False,Racing Bulls,41,7.0,False,96.0,171.0,93.0,239.0,,,False,,False
11420.894,LAW,30,71.0,88.68,26.221,40.929,21.53,5.0,SOFT,9.0,False,Racing Bulls,12,7.0,True,146.0,178.0,257.0,269.0,,,False,,False
11500.007,LAW,30,72.0,79.113,21.195,37.262,20.656,5.0,SOFT,10.0,False,Racing Bulls,1,6.0,True,175.0,186.0,259.0,272.0,,,False,,False
11577.652,LAW,30,73.0,77.645,21.037,36.192,20.416,5.0,SOFT,11.0,False,Racing Bulls,1,6.0,True,196.0,190.0,259.0,272.0,,,False,,False
11654.048,LAW,30,74.0,76.396,20.303,35.932,20.161,5.0,SOFT,12.0,False,Racing Bulls,1,6.0,True,204.0,194.0,259.0,272.0,,,False,,False
11730.095,LAW,30,75.0,76.047,20.18,35.798,20.069,5.0,SOFT,13.0,False,Racing Bulls,1,6.0,True,203.0,195.0,260.0,273.0,,,False,,False
11805.849,LAW,30,76.0,75.754,20.047,35.665,20.042,5.0,SOFT,14.0,False,Racing Bulls,1,6.0,True,202.0,196.0,260.0,273.0,,,False,,False
11881.742,LAW,30,77.0,75.893,20.071,35.708,20.114,5.0,SOFT,15.0,False,Racing Bulls,1,6.0,True,198.0,195.0,261.0,273.0,,,False,,False
11957.705,LAW,30,78.0,75.963,20.031,35.735,20.197,5.0,SOFT,16.0,False,Racing Bulls,1,6.0,True,202.0,194.0,260.0,273.0,,,False,,False
3416.429,OCO,31,1.0,96.563,,41.916,22.06,1.0,MEDIUM,1.0,True,Haas F1 Team,12,16.0,False,143.0,178.0,260.0,263.0,,,False,,False
3498.092,OCO,31,2.0,81.663,21.934,38.056,21.673,1.0,MEDIUM,2.0,True,Haas F1 Team,1,16.0,True,165.0,179.0,260.0,280.0,,,False,,False
3578.679,OCO,31,3.0,80.587,21.625,37.639,21.323,1.0,MEDIUM,3.0,True,Haas F1 Team,1,16.0,True,174.0,181.0,261.0,271.0,,,False,,False
3658.916,OCO,31,4.0,80.237,21.43,37.497,21.31,1.0,MEDIUM,4.0,True,Haas F1 Team,1,15.0,True,169.0,186.0,261.0,278.0,,,False,,False
3738.361,OCO,31,5.0,79.445,21.191,37.159,21.095,1.0,MEDIUM,5.0,True,Haas F1 Team,1,15.0,True,168.0,185.0,261.0,277.0,,,False,,False
3817.943,OCO,31,6.0,79.582,21.182,37.22,21.18,1.0,MEDIUM,6.0,True,Haas F1 Team,1,15.0,True,166.0,186.0,261.0,280.0,,,False,,False
3897.65,OCO,31,7.0,79.707,21.173,37.402,21.132,1.0,MEDIUM,7.0,True,Haas F1 Team,1,15.0,True,168.0,184.0,261.0,278.0,,,False,,False
3976.972,OCO,31,8.0,79.322,21.057,37.073,21.192,1.0,MEDIUM,8.0,True,Haas F1 Team,1,15.0,True,170.0,186.0,261.0,279.0,,,False,,False
4074.232,OCO,31,9.0,97.26,20.984,37.108,39.168,1.0,MEDIUM,9.0,True,Haas F1 Team,1,15.0,False,173.0,186.0,,280.0,,4049.577,False,,False
4156.186,OCO,31,10.0,81.954,24.242,37.026,20.686,2.0,HARD,1.0,True,Haas F1 Team,1,15.0,False,176.0,184.0,255.0,268.0,4074.983,,False,,False
4234.134,OCO,31,11.0,77.948,20.847,36.469,20.632,2.0,HARD,2.0,True,Haas F1 Team,1,15.0,True,185.0,189.0,255.0,269.0,,,False,,False
4311.395,OCO,31,12.0,77.261,20.587,36.241,20.433,2.0,HARD,3.0,True,Haas F1 Team,1,15.0,True,188.0,192.0,255.0,269.0,,,False,,False
4389.149,OCO,31,13.0,77.754,20.687,36.488,20.579,2.0,HARD,4.0,True,Haas F1 Team,1,15.0,True,191.0,188.0,255.0,270.0,,,False,,False
4466.609,OCO,31,14.0,77.46,20.545,36.341,20.574,2.0,HARD,5.0,True,Haas F1 Team,1,15.0,True,193.0,187.0,255.0,270.0,,,False,,False
4544.181,OCO,31,15.0,77.572,20.552,36.4,20.62,2.0,HARD,6.0,True,Haas F1 Team,1,15.0,True,187.0,189.0,255.0,270.0,,,False,,False
4621.92,OCO,31,16.0,77.739,20.533,36.537,20.669,2.0,HARD,7.0,True,Haas F1 Team,1,15.0,True,190.0,188.0,255.0,270.0,,,False,,False
4699.653,OCO,31,17.0,77.733,20.602,36.488,20.643,2.0,HARD,8.0,True,Haas F1 Team,1,15.0,True,193.0,189.0,255.0,270.0,,,False,,False
4777.322,OCO,31,18.0,77.669,20.532,36.481,20.656,2.0,HARD,9.0,True,Haas F1 Team,1,15.0,True,191.0,189.0,255.0,270.0,,,False,,False
4854.942,OCO,31,19.0,77.62,20.489,36.522,20.609,2.0,HARD,10.0,True,Haas F1 Team,1,15.0,True,195.0,189.0,255.0,270.0,,,False,,False
4932.67,OCO,31,20.0,77.728,20.427,36.641,20.66,2.0,HARD,11.0,True,Haas F1 Team,1,15.0,True,191.0,188.0,255.0,271.0,,,False,,False
5010.638,OCO,31,21.0,77.968,20.582,36.624,20.762,2.0,HARD,12.0,True,Haas F1 Team,1,15.0,True,190.0,187.0,255.0,271.0,,,False,,False
5089.009,OCO,31,22.0,78.371,20.717,36.763,20.891,2.0,HARD,13.0,True,Haas F1 Team,1,15.0,True,188.0,185.0,255.0,270.0,,,False,,False
5166.891,OCO,31,23.0,77.882,20.45,36.62,20.812,2.0,HARD,14.0,True,Haas F1 Team,1,15.0,True,195.0,187.0,256.0,271.0,,,False,,False
5244.89,OCO,31,24.0,77.999,20.599,36.64,20.76,2.0,HARD,15.0,True,Haas F1 Team,1,15.0,True,188.0,190.0,255.0,271.0,,,False,,False
5322.944,OCO,31,25.0,78.054,20.44,36.738,20.876,2.0,HARD,16.0,True,Haas F1 Team,1,15.0,True,194.0,186.0,255.0,271.0,,,False,,False
5403.626,OCO,31,26.0,80.682,20.882,38.633,21.167,2.0,HARD,17.0,True,Haas F1 Team,1,15.0,True,175.0,184.0,254.0,266.0,,,False,,False
5482.218,OCO,31,27.0,78.592,20.77,36.872,20.95,2.0,HARD,18.0,True,Haas F1 Team,1,15.0,True,187.0,186.0,256.0,271.0,,,False,,False
5560.856,OCO,31,28.0,78.638,20.674,36.931,21.033,2.0,HARD,19.0,True,Haas F1 Team,1,15.0,True,188.0,185.0,256.0,271.0,,,False,,False
5639.532,OCO,31,29.0,78.676,20.743,37.063,20.87,2.0,HARD,20.0,True,Haas F1 Team,1,15.0,True,188.0,186.0,256.0,271.0,,,False,,False
5718.102,OCO,31,30.0,78.57,20.797,36.849,20.924,2.0,HARD,21.0,True,Haas F1 Team,1,15.0,True,190.0,186.0,256.0,271.0,,,False,,False
5796.799,OCO,31,31.0,78.697,20.732,36.955,21.01,2.0,HARD,22.0,True,Haas F1 Team,1,15.0,True,190.0,187.0,256.0,271.0,,,False,,False
5875.759,OCO,31,32.0,78.96,20.891,37.092,20.977,2.0,HARD,23.0,True,Haas F1 Team,1,15.0,True,183.0,187.0,256.0,271.0,,,False,,False
5954.646,OCO,31,33.0,78.887,20.816,36.994,21.077,2.0,HARD,24.0,True,Haas F1 Team,1,15.0,True,182.0,186.0,257.0,272.0,,,False,,False
6034.403,OCO,31,34.0,79.757,20.878,37.372,21.507,2.0,HARD,25.0,True,Haas F1 Team,1,15.0,True,176.0,186.0,256.0,272.0,,,False,,False
6115.891,OCO,31,35.0,81.488,21.341,38.206,21.941,2.0,HARD,26.0,True,Haas F1 Team,1,14.0,True,164.0,180.0,262.0,272.0,,,False,,False
6196.866,OCO,31,36.0,80.975,21.114,37.842,22.019,2.0,HARD,27.0,True,Haas F1 Team,1,14.0,True,168.0,184.0,262.0,279.0,,,False,,False
6278.037,OCO,31,37.0,81.171,21.337,37.987,21.847,2.0,HARD,28.0,True,Haas F1 Team,1,14.0,True,175.0,183.0,261.0,280.0,,,False,,False
6360.679,OCO,31,38.0,82.642,21.396,39.501,21.745,2.0,HARD,29.0,True,Haas F1 Team,1,14.0,True,169.0,181.0,262.0,266.0,,,False,,False
6442.55,OCO,31,39.0,81.871,21.47,38.473,21.928,2.0,HARD,30.0,True,Haas F1 Team,1,14.0,True,166.0,179.0,262.0,276.0,,,False,,False
6525.533,OCO,31,40.0,82.983,21.34,39.966,21.677,2.0,HARD,31.0,True,Haas F1 Team,1,14.0,True,167.0,178.0,257.0,278.0,,,False,,False
6606.881,OCO,31,41.0,81.348,21.436,37.881,22.031,2.0,HARD,32.0,True,Haas F1 Team,1,14.0,True,178.0,181.0,263.0,271.0,,,False,,False
6688.792,OCO,31,42.0,81.911,21.499,38.538,21.874,2.0,HARD,33.0,True,Haas F1 Team,1,14.0,True,163.0,180.0,262.0,280.0,,,False,,False
6770.255,OCO,31,43.0,81.463,21.682,38.411,21.37,2.0,HARD,34.0,True,Haas F1 Team,1,14.0,True,165.0,185.0,262.0,280.0,,,False,,False
6850.511,OCO,31,44.0,80.256,21.199,37.776,21.281,2.0,HARD,35.0,True,Haas F1 Team,1,14.0,True,177.0,186.0,262.0,281.0,,,False,,False
6931.55,OCO,31,45.0,81.039,20.997,37.628,22.414,2.0,HARD,36.0,True,Haas F1 Team,1,13.0,True,181.0,183.0,261.0,280.0,,,False,,False
7013.674,OCO,31,46.0,82.124,21.334,38.875,21.915,2.0,HARD,37.0,True,Haas F1 Team,1,13.0,True,169.0,178.0,262.0,276.0,,,False,,False
7095.862,OCO,31,47.0,82.188,21.633,38.504,22.051,2.0,HARD,38.0,True,Haas F1 Team,1,13.0,True,163.0,179.0,261.0,280.0,,,False,,False
7176.679,OCO,31,48.0,80.817,22.118,37.58,21.119,2.0,HARD,39.0,True,Haas F1 Team,1,13.0,True,175.0,185.0,262.0,280.0,,,False,,False
7256.1,OCO,31,49.0,79.421,20.862,37.149,21.41,2.0,HARD,40.0,True,Haas F1 Team,1,13.0,True,179.0,186.0,262.0,280.0,,,False,,False
7337.621,OCO,31,50.0,81.521,20.997,38.737,21.787,2.0,HARD,41.0,True,Haas F1 Team,1,13.0,True,187.0,178.0,217.0,280.0,,,False,,False
7418.237,OCO,31,51.0,80.616,21.724,37.702,21.19,2.0,HARD,42.0,True,Haas F1 Team,1,13.0,True,179.0,184.0,261.0,272.0,,,False,,False
7497.659,OCO,31,52.0,79.422,21.203,37.202,21.017,2.0,HARD,43.0,True,Haas F1 Team,1,13.0,True,176.0,185.0,257.0,279.0,,,False,,False
7580.399,OCO,31,53.0,82.74,22.502,38.577,21.661,2.0,HARD,44.0,True,Haas F1 Team,1,13.0,True,139.0,180.0,262.0,271.0,,,False,,False
7659.724,OCO,31,54.0,79.325,20.995,37.371,20.959,2.0,HARD,45.0,True,Haas F1 Team,1,13.0,True,180.0,185.0,257.0,280.0,,,False,,False
7738.939,OCO,31,55.0,79.215,20.93,37.179,21.106,2.0,HARD,46.0,True,Haas F1 Team,1,13.0,True,187.0,184.0,257.0,271.0,,,False,,False
7820.725,OCO,31,56.0,81.786,20.916,38.987,21.883,2.0,HARD,47.0,True,Haas F1 Team,1,13.0,True,182.0,178.0,235.0,271.0,,,False,,False
7902.428,OCO,31,57.0,81.703,21.566,38.64,21.497,2.0,HARD,48.0,True,Haas F1 Team,1,13.0,True,182.0,181.0,252.0,266.0,,,False,,False
8004.675,OCO,31,58.0,102.247,21.16,50.042,31.045,2.0,HARD,49.0,True,Haas F1 Team,124,13.0,False,183.0,154.0,202.0,187.0,,,False,,False
8116.186,OCO,31,59.0,111.511,24.633,49.511,37.367,2.0,HARD,50.0,True,Haas F1 Team,4,12.0,False,156.0,154.0,,222.0,,8097.004,False,,False
8212.897,OCO,31,60.0,96.711,26.346,40.322,30.043,3.0,HARD,51.0,False,Haas F1 Team,4,12.0,False,156.0,161.0,155.0,261.0,8117.017,,False,,False
8332.221,OCO,31,61.0,119.324,34.818,50.424,34.082,3.0,HARD,52.0,False,Haas F1 Team,4,12.0,False,95.0,162.0,93.0,156.0,,,False,,False
8423.98,OCO,31,62.0,91.759,28.637,40.639,22.483,3.0,HARD,53.0,False,Haas F1 Team,4,12.0,False,146.0,175.0,257.0,261.0,,,False,,False
8508.072,OCO,31,63.0,84.092,22.258,39.226,22.608,3.0,HARD,54.0,False,Haas F1 Team,4,12.0,False,169.0,180.0,256.0,269.0,,,False,,False
8589.981,OCO,31,64.0,81.909,22.019,37.902,21.988,3.0,HARD,55.0,False,Haas F1 Team,412,12.0,False,177.0,183.0,257.0,271.0,,,False,,False
8702.415,OCO,31,65.0,112.434,24.698,48.853,38.883,3.0,HARD,56.0,False,Haas F1 Team,24,11.0,False,99.0,166.0,,170.0,,8681.836,False,,False
8810.389,OCO,31,66.0,107.974,30.676,48.696,28.602,4.0,HARD,57.0,False,Haas F1 Team,4,11.0,False,149.0,156.0,218.0,203.0,8703.27,,False,,False
10941.569,OCO,31,67.0,,24.547,54.564,,4.0,HARD,58.0,False,Haas F1 Team,451,11.0,False,107.0,137.0,,161.0,,8916.246,False,,False
11086.855,OCO,31,68.0,145.286,27.481,39.21,78.595,5.0,SOFT,1.0,True,Haas F1 Team,14,11.0,False,155.0,174.0,,267.0,10942.27,11024.979,False,,False
11178.374,OCO,31,69.0,91.519,28.733,39.123,23.663,6.0,SOFT,2.0,False,Haas F1 Team,4,11.0,False,160.0,180.0,203.0,267.0,11087.532,,False,,False
11333.175,OCO,31,70.0,,26.1,51.133,77.588,6.0,SOFT,3.0,False,Haas F1 Team,41,11.0,False,88.0,158.0,138.0,243.0,,,False,,False
11423.031,OCO,31,71.0,89.856,26.365,41.878,21.613,6.0,SOFT,4.0,False,Haas F1 Team,12,11.0,True,154.0,181.0,262.0,269.0,,,False,,False
11504.056,OCO,31,72.0,81.025,21.602,38.022,21.401,6.0,SOFT,5.0,False,Haas F1 Team,1,10.0,True,178.0,180.0,265.0,281.0,,,False,,False
11583.177,OCO,31,73.0,79.121,21.369,37.242,20.51,6.0,SOFT,6.0,False,Haas F1 Team,1,10.0,True,183.0,190.0,264.0,283.0,,,False,,False
11660.399,OCO,31,74.0,77.222,20.597,36.189,20.436,6.0,SOFT,7.0,False,Haas F1 Team,1,10.0,True,194.0,189.0,259.0,283.0,,,False,,False
11737.351,OCO,31,75.0,76.952,20.527,36.15,20.275,6.0,SOFT,8.0,False,Haas F1 Team,1,10.0,True,190.0,191.0,259.0,274.0,,,False,,False
11814.343,OCO,31,76.0,76.992,20.359,36.162,20.471,6.0,SOFT,9.0,False,Haas F1 Team,1,10.0,True,195.0,189.0,259.0,273.0,,,False,,False
11891.257,OCO,31,77.0,76.914,20.303,36.281,20.33,6.0,SOFT,10.0,False,Haas F1 Team,1,10.0,True,193.0,187.0,259.0,273.0,,,False,,False
11968.314,OCO,31,78.0,77.057,20.346,36.216,20.495,6.0,SOFT,11.0,False,Haas F1 Team,1,10.0,True,195.0,188.0,258.0,274.0,,,False,,False
3415.823,LIN,41,1.0,95.957,,42.161,21.886,1.0,MEDIUM,1.0,True,Racing Bulls,12,15.0,False,145.0,174.0,259.0,269.0,,,False,,False
3497.225,LIN,41,2.0,81.402,21.738,38.17,21.494,1.0,MEDIUM,2.0,True,Racing Bulls,1,15.0,True,178.0,178.0,259.0,278.0,,,False,,False
3577.853,LIN,41,3.0,80.628,21.573,37.777,21.278,1.0,MEDIUM,3.0,True,Racing Bulls,1,15.0,True,187.0,184.0,261.0,279.0,,,False,,False
3657.969,LIN,41,4.0,80.116,21.227,37.627,21.262,1.0,MEDIUM,4.0,True,Racing Bulls,1,14.0,True,181.0,183.0,258.0,278.0,,,False,,False
3737.388,LIN,41,5.0,79.419,21.042,37.447,20.93,1.0,MEDIUM,5.0,True,Racing Bulls,1,14.0,True,189.0,183.0,256.0,277.0,,,False,,False
3817.102,LIN,41,6.0,79.714,21.199,37.366,21.149,1.0,MEDIUM,6.0,True,Racing Bulls,1,14.0,True,184.0,184.0,258.0,270.0,,,False,,False
3896.811,LIN,41,7.0,79.709,21.051,37.585,21.073,1.0,MEDIUM,7.0,True,Racing Bulls,1,14.0,True,183.0,184.0,254.0,275.0,,,False,,False
3976.008,LIN,41,8.0,79.197,20.909,37.352,20.936,1.0,MEDIUM,8.0,True,Racing Bulls,1,14.0,True,189.0,182.0,261.0,271.0,,,False,,False
4055.17,LIN,41,9.0,79.162,20.966,37.139,21.057,1.0,MEDIUM,9.0,True,Racing Bulls,1,14.0,True,188.0,185.0,260.0,280.0,,,False,,False
4134.985,LIN,41,10.0,79.815,21.097,37.42,21.298,1.0,MEDIUM,10.0,True,Racing Bulls,1,14.0,True,181.0,183.0,260.0,280.0,,,False,,False
4213.974,LIN,41,11.0,78.989,21.131,36.968,20.89,1.0,MEDIUM,11.0,True,Racing Bulls,1,14.0,True,182.0,184.0,256.0,280.0,,,False,,False
4293.165,LIN,41,12.0,79.191,21.035,37.187,20.969,1.0,MEDIUM,12.0,True,Racing Bulls,1,13.0,True,182.0,184.0,255.0,267.0,,,False,,False
4372.164,LIN,41,13.0,78.999,21.012,36.993,20.994,1.0,MEDIUM,13.0,True,Racing Bulls,1,13.0,True,186.0,187.0,255.0,270.0,,,False,,False
4450.506,LIN,41,14.0,78.342,20.815,36.817,20.71,1.0,MEDIUM,14.0,True,Racing Bulls,1,13.0,True,192.0,186.0,256.0,270.0,,,False,,False
4528.917,LIN,41,15.0,78.411,20.683,36.814,20.914,1.0,MEDIUM,15.0,True,Racing Bulls,1,13.0,True,194.0,184.0,255.0,271.0,,,False,,False
4607.469,LIN,41,16.0,78.552,20.723,36.961,20.868,1.0,MEDIUM,16.0,True,Racing Bulls,1,13.0,True,194.0,185.0,255.0,271.0,,,False,,False
4686.875,LIN,41,17.0,79.406,20.879,37.509,21.018,1.0,MEDIUM,17.0,True,Racing Bulls,1,13.0,True,191.0,182.0,255.0,270.0,,,True,TRACK LIMITS AT TURN 10 LAP 17 ,False
4765.403,LIN,41,18.0,78.528,20.723,36.958,20.847,1.0,MEDIUM,18.0,True,Racing Bulls,1,13.0,True,193.0,185.0,255.0,270.0,,,False,,False
4843.843,LIN,41,19.0,78.44,20.648,36.879,20.913,1.0,MEDIUM,19.0,True,Racing Bulls,1,13.0,True,197.0,187.0,256.0,270.0,,,False,,False
4922.328,LIN,41,20.0,78.485,20.745,36.919,20.821,1.0,MEDIUM,20.0,True,Racing Bulls,1,13.0,True,198.0,187.0,256.0,271.0,,,False,,False
5000.786,LIN,41,21.0,78.458,20.682,36.977,20.799,1.0,MEDIUM,21.0,True,Racing Bulls,1,13.0,True,200.0,186.0,256.0,270.0,,,False,,False
5079.469,LIN,41,22.0,78.683,20.703,37.026,20.954,1.0,MEDIUM,22.0,True,Racing Bulls,1,13.0,True,199.0,184.0,256.0,271.0,,,False,,False
5158.21,LIN,41,23.0,78.741,20.686,37.081,20.974,1.0,MEDIUM,23.0,True,Racing Bulls,1,13.0,True,201.0,184.0,257.0,272.0,,,False,,False
5237.222,LIN,41,24.0,79.012,20.802,37.118,21.092,1.0,MEDIUM,24.0,True,Racing Bulls,1,13.0,True,196.0,186.0,256.0,271.0,,,False,,False
5316.374,LIN,41,25.0,79.152,20.907,37.234,21.011,1.0,MEDIUM,25.0,True,Racing Bulls,1,13.0,True,196.0,183.0,256.0,271.0,,,False,,False
5395.508,LIN,41,26.0,79.134,20.913,37.172,21.049,1.0,MEDIUM,26.0,True,Racing Bulls,1,13.0,True,193.0,181.0,256.0,271.0,,,False,,False
5474.795,LIN,41,27.0,79.287,20.856,37.394,21.037,1.0,MEDIUM,27.0,True,Racing Bulls,1,13.0,True,193.0,181.0,257.0,271.0,,,False,,False
5553.813,LIN,41,28.0,79.018,20.776,37.197,21.045,1.0,MEDIUM,28.0,True,Racing Bulls,1,13.0,True,194.0,182.0,256.0,271.0,,,False,,False
5634.328,LIN,41,29.0,80.515,21.55,38.042,20.923,1.0,MEDIUM,29.0,True,Racing Bulls,1,13.0,True,133.0,183.0,257.0,272.0,,,False,,False
5713.375,LIN,41,30.0,79.047,20.829,37.174,21.044,1.0,MEDIUM,30.0,True,Racing Bulls,1,13.0,True,193.0,182.0,256.0,271.0,,,False,,False
5792.688,LIN,41,31.0,79.313,20.796,37.437,21.08,1.0,MEDIUM,31.0,True,Racing Bulls,1,13.0,True,196.0,184.0,257.0,271.0,,,False,,False
5871.891,LIN,41,32.0,79.203,20.908,37.252,21.043,1.0,MEDIUM,32.0,True,Racing Bulls,1,13.0,True,197.0,186.0,262.0,271.0,,,False,,False
5951.965,LIN,41,33.0,80.074,20.888,37.929,21.257,1.0,MEDIUM,33.0,True,Racing Bulls,1,13.0,True,195.0,179.0,257.0,281.0,,,True,TRACK LIMITS AT TURN 10 LAP 33 ,False
6032.934,LIN,41,34.0,80.969,21.06,38.017,21.892,1.0,MEDIUM,34.0,True,Racing Bulls,1,13.0,True,190.0,181.0,263.0,272.0,,,False,,False
6114.692,LIN,41,35.0,81.758,21.475,38.448,21.835,1.0,MEDIUM,35.0,True,Racing Bulls,1,12.0,True,177.0,179.0,260.0,279.0,,,False,,False
6195.766,LIN,41,36.0,81.074,21.08,38.068,21.926,1.0,MEDIUM,36.0,True,Racing Bulls,1,12.0,True,193.0,180.0,262.0,280.0,,,False,,False
6276.888,LIN,41,37.0,81.122,21.213,38.133,21.776,1.0,MEDIUM,37.0,True,Racing Bulls,1,12.0,True,189.0,180.0,261.0,281.0,,,False,,False
6358.631,LIN,41,38.0,81.743,21.529,38.14,22.074,1.0,MEDIUM,38.0,True,Racing Bulls,1,12.0,True,190.0,179.0,224.0,280.0,,,False,,False
6441.482,LIN,41,39.0,82.851,22.415,38.529,21.907,1.0,MEDIUM,39.0,True,Racing Bulls,1,12.0,True,184.0,178.0,260.0,279.0,,,False,,False
6523.295,LIN,41,40.0,81.813,21.287,38.552,21.974,1.0,MEDIUM,40.0,True,Racing Bulls,1,12.0,True,191.0,174.0,261.0,280.0,,,False,,False
6605.914,LIN,41,41.0,82.619,22.454,38.143,22.022,1.0,MEDIUM,41.0,True,Racing Bulls,1,12.0,True,192.0,175.0,260.0,278.0,,,False,,False
6687.82,LIN,41,42.0,81.906,21.653,38.522,21.731,1.0,MEDIUM,42.0,True,Racing Bulls,1,12.0,True,190.0,176.0,262.0,281.0,,,False,,False
6769.275,LIN,41,43.0,81.455,21.8,38.065,21.59,1.0,MEDIUM,43.0,True,Racing Bulls,1,12.0,True,191.0,178.0,260.0,280.0,,,False,,False
6849.182,LIN,41,44.0,79.907,21.128,37.629,21.15,1.0,MEDIUM,44.0,True,Racing Bulls,1,12.0,True,194.0,182.0,262.0,280.0,,,False,,False
6930.508,LIN,41,45.0,81.326,21.13,37.927,22.269,1.0,MEDIUM,45.0,True,Racing Bulls,1,11.0,True,188.0,173.0,262.0,281.0,,,False,,False
7012.803,LIN,41,46.0,82.295,21.44,38.882,21.973,1.0,MEDIUM,46.0,True,Racing Bulls,1,11.0,True,182.0,172.0,262.0,278.0,,,False,,False
7095.051,LIN,41,47.0,82.248,21.712,38.525,22.011,1.0,MEDIUM,47.0,True,Racing Bulls,1,10.0,True,190.0,175.0,261.0,280.0,,,False,,False
7173.933,LIN,41,48.0,78.882,21.096,36.892,20.894,1.0,MEDIUM,48.0,True,Racing Bulls,1,10.0,True,198.0,187.0,256.0,277.0,,,False,,False
7252.588,LIN,41,49.0,78.655,20.622,37.134,20.899,1.0,MEDIUM,49.0,True,Racing Bulls,1,10.0,True,199.0,187.0,256.0,270.0,,,False,,False
7331.334,LIN,41,50.0,78.746,20.741,37.011,20.994,1.0,MEDIUM,50.0,True,Racing Bulls,1,10.0,True,199.0,184.0,255.0,270.0,,,False,,False
7410.225,LIN,41,51.0,78.891,20.753,37.206,20.932,1.0,MEDIUM,51.0,True,Racing Bulls,1,10.0,True,196.0,187.0,256.0,270.0,,,False,,False
7492.134,LIN,41,52.0,81.909,20.819,38.437,22.653,1.0,MEDIUM,52.0,True,Racing Bulls,1,9.0,True,200.0,174.0,255.0,269.0,,,False,,False
7571.382,LIN,41,53.0,79.248,20.914,37.269,21.065,1.0,MEDIUM,53.0,True,Racing Bulls,1,9.0,True,198.0,185.0,256.0,270.0,,,False,,False
7650.324,LIN,41,54.0,78.942,20.723,37.31,20.909,1.0,MEDIUM,54.0,True,Racing Bulls,1,9.0,True,202.0,187.0,257.0,271.0,,,False,,False
7729.324,LIN,41,55.0,79.0,20.627,37.184,21.189,1.0,MEDIUM,55.0,True,Racing Bulls,1,9.0,True,199.0,186.0,256.0,271.0,,,False,,False
7808.976,LIN,41,56.0,79.652,20.735,37.248,21.669,1.0,MEDIUM,56.0,True,Racing Bulls,1,9.0,True,201.0,186.0,255.0,270.0,,,False,,False
7889.97,LIN,41,57.0,80.994,21.716,38.214,21.064,1.0,MEDIUM,57.0,True,Racing Bulls,1,9.0,True,125.0,184.0,257.0,271.0,,,False,,False
7986.79,LIN,41,58.0,96.82,20.835,44.553,31.432,1.0,MEDIUM,58.0,True,Racing Bulls,124,9.0,False,196.0,146.0,204.0,156.0,,,False,,False
8097.902,LIN,41,59.0,111.112,23.486,50.364,37.262,1.0,MEDIUM,59.0,True,Racing Bulls,4,9.0,False,166.0,138.0,,223.0,,8078.704,False,,False
8210.107,LIN,41,60.0,112.205,27.466,52.32,32.419,2.0,MEDIUM,60.0,False,Racing Bulls,4,9.0,False,145.0,134.0,160.0,140.0,8098.722,,False,,False
8329.703,LIN,41,61.0,119.596,34.088,51.134,34.374,2.0,MEDIUM,61.0,False,Racing Bulls,4,9.0,False,119.0,123.0,109.0,150.0,,,False,,False
8418.534,LIN,41,62.0,88.831,26.976,39.995,21.86,2.0,MEDIUM,62.0,False,Racing Bulls,4,9.0,False,157.0,173.0,255.0,249.0,,,False,,False
8503.656,LIN,41,63.0,85.122,21.759,41.703,21.66,2.0,MEDIUM,63.0,False,Racing Bulls,4,9.0,False,190.0,180.0,254.0,262.0,,,False,,False
8585.78,LIN,41,64.0,82.124,21.516,38.121,22.487,2.0,MEDIUM,64.0,False,Racing Bulls,412,9.0,False,186.0,183.0,248.0,268.0,,,False,,False
8698.773,LIN,41,65.0,112.993,21.244,51.04,40.709,2.0,MEDIUM,65.0,False,Racing Bulls,24,8.0,False,192.0,158.0,,216.0,,8676.992,False,,False
8805.856,LIN,41,66.0,107.083,27.871,49.616,29.596,3.0,MEDIUM,66.0,False,Racing Bulls,4,8.0,False,160.0,142.0,207.0,231.0,8699.676,,False,,False
10934.178,LIN,41,67.0,,25.307,54.809,,3.0,MEDIUM,67.0,False,Racing Bulls,451,8.0,False,111.0,116.0,,190.0,,8912.059,False,,False
11079.701,LIN,41,68.0,145.523,27.631,39.756,78.136,4.0,SOFT,1.0,True,Racing Bulls,14,8.0,False,166.0,172.0,,248.0,10934.915,11017.713,False,,False
11172.444,LIN,41,69.0,92.743,26.363,40.423,25.957,5.0,SOFT,1.0,False,Racing Bulls,4,8.0,False,160.0,171.0,222.0,255.0,11080.391,,False,,False
11332.571,LIN,41,70.0,,27.82,50.74,81.658,5.0,SOFT,2.0,False,Racing Bulls,41,8.0,False,96.0,165.0,104.0,234.0,,,False,,False
11421.633,LIN,41,71.0,89.062,26.176,41.249,21.637,5.0,SOFT,3.0,False,Racing Bulls,12,8.0,True,148.0,177.0,259.0,272.0,,,False,,False
11500.908,LIN,41,72.0,79.275,21.208,37.224,20.843,5.0,SOFT,4.0,False,Racing Bulls,1,7.0,True,187.0,184.0,261.0,281.0,,,False,,False
11579.301,LIN,41,73.0,78.393,21.094,36.801,20.498,5.0,SOFT,5.0,False,Racing Bulls,1,7.0,True,192.0,190.0,259.0,281.0,,,True,TRACK LIMITS AT TURN 10 LAP 73 ,False
11656.09,LIN,41,74.0,76.789,20.447,36.087,20.255,5.0,SOFT,6.0,False,Racing Bulls,1,7.0,True,201.0,190.0,259.0,273.0,,,False,,False
11732.335,LIN,41,75.0,76.245,20.172,35.901,20.172,5.0,SOFT,7.0,False,Racing Bulls,1,7.0,True,204.0,194.0,260.0,274.0,,,False,,False
11808.243,LIN,41,76.0,75.908,20.031,35.783,20.094,5.0,SOFT,8.0,False,Racing Bulls,1,7.0,True,203.0,194.0,260.0,273.0,,,False,,False
11884.163,LIN,41,77.0,75.92,20.034,35.773,20.113,5.0,SOFT,9.0,False,Racing Bulls,1,7.0,True,201.0,195.0,260.0,273.0,,,False,,False
11960.123,LIN,41,78.0,75.96,19.973,35.787,20.2,5.0,SOFT,10.0,False,Racing Bulls,1,7.0,True,205.0,194.0,260.0,273.0,,,False,,False
3414.594,COL,43,1.0,94.728,,40.912,22.197,1.0,MEDIUM,1.0,True,Alpine,12,13.0,False,146.0,173.0,255.0,269.0,,,False,,False
3495.752,COL,43,2.0,81.158,21.586,37.901,21.671,1.0,MEDIUM,2.0,True,Alpine,1,13.0,True,179.0,175.0,256.0,281.0,,,False,,False
3576.235,COL,43,3.0,80.483,21.413,37.761,21.309,1.0,MEDIUM,3.0,True,Alpine,1,13.0,True,179.0,183.0,255.0,279.0,,,False,,False
3656.394,COL,43,4.0,80.159,21.177,37.562,21.42,1.0,MEDIUM,4.0,True,Alpine,1,13.0,True,185.0,177.0,258.0,272.0,,,False,,False
3736.478,COL,43,5.0,80.084,21.209,37.673,21.202,1.0,MEDIUM,5.0,True,Alpine,1,13.0,True,180.0,184.0,258.0,272.0,,,False,,False
3816.368,COL,43,6.0,79.89,21.106,37.349,21.435,1.0,MEDIUM,6.0,True,Alpine,1,13.0,True,182.0,180.0,253.0,276.0,,,False,,False
3895.795,COL,43,7.0,79.427,20.955,37.311,21.161,1.0,MEDIUM,7.0,True,Alpine,1,13.0,True,186.0,180.0,256.0,271.0,,,False,,False
3975.426,COL,43,8.0,79.631,20.986,37.433,21.212,1.0,MEDIUM,8.0,True,Alpine,1,13.0,True,192.0,179.0,256.0,271.0,,,False,,False
4054.25,COL,43,9.0,78.824,20.911,36.984,20.929,1.0,MEDIUM,9.0,True,Alpine,1,13.0,True,187.0,183.0,257.0,271.0,,,False,,False
4134.393,COL,43,10.0,80.143,21.342,37.359,21.442,1.0,MEDIUM,10.0,True,Alpine,1,13.0,True,182.0,181.0,257.0,272.0,,,False,,False
4213.075,COL,43,11.0,78.682,20.693,37.017,20.972,1.0,MEDIUM,11.0,True,Alpine,1,13.0,True,188.0,185.0,260.0,282.0,,,False,,False
4291.966,COL,43,12.0,78.891,20.849,37.108,20.934,1.0,MEDIUM,12.0,True,Alpine,1,12.0,True,188.0,185.0,256.0,280.0,,,False,,False
4370.383,COL,43,13.0,78.417,20.541,37.099,20.777,1.0,MEDIUM,13.0,True,Alpine,1,12.0,True,190.0,187.0,256.0,270.0,,,False,,False
4448.735,COL,43,14.0,78.352,20.581,36.937,20.834,1.0,MEDIUM,14.0,True,Alpine,1,12.0,True,192.0,184.0,256.0,271.0,,,False,,False
4527.544,COL,43,15.0,78.809,20.606,37.286,20.917,1.0,MEDIUM,15.0,True,Alpine,1,12.0,True,189.0,181.0,256.0,271.0,,,True,TRACK LIMITS AT TURN 10 LAP 15 ,False
4606.037,COL,43,16.0,78.493,20.622,36.982,20.889,1.0,MEDIUM,16.0,True,Alpine,1,12.0,True,186.0,184.0,256.0,272.0,,,False,,False
4684.264,COL,43,17.0,78.227,20.576,36.906,20.745,1.0,MEDIUM,17.0,True,Alpine,1,12.0,True,195.0,184.0,257.0,272.0,,,False,,False
4762.94,COL,43,18.0,78.676,20.651,37.153,20.872,1.0,MEDIUM,18.0,True,Alpine,1,12.0,True,192.0,185.0,257.0,272.0,,,False,,False
4841.635,COL,43,19.0,78.695,20.622,37.099,20.974,1.0,MEDIUM,19.0,True,Alpine,1,12.0,True,188.0,185.0,257.0,271.0,,,False,,False
4920.395,COL,43,20.0,78.76,20.722,37.091,20.947,1.0,MEDIUM,20.0,True,Alpine,1,12.0,True,190.0,185.0,257.0,271.0,,,False,,False
4999.103,COL,43,21.0,78.708,20.581,37.154,20.973,1.0,MEDIUM,21.0,True,Alpine,1,12.0,True,193.0,182.0,257.0,272.0,,,False,,False
5077.887,COL,43,22.0,78.784,20.568,37.227,20.989,1.0,MEDIUM,22.0,True,Alpine,1,12.0,True,195.0,185.0,257.0,272.0,,,False,,False
5157.014,COL,43,23.0,79.127,20.762,37.462,20.903,1.0,MEDIUM,23.0,True,Alpine,1,12.0,True,184.0,186.0,257.0,271.0,,,False,,False
5236.101,COL,43,24.0,79.087,20.719,37.123,21.245,1.0,MEDIUM,24.0,True,Alpine,1,12.0,True,187.0,184.0,253.0,273.0,,,False,,False
5315.239,COL,43,25.0,79.138,20.702,37.342,21.094,1.0,MEDIUM,25.0,True,Alpine,1,12.0,True,189.0,184.0,256.0,272.0,,,False,,False
5394.36,COL,43,26.0,79.121,20.783,37.306,21.032,1.0,MEDIUM,26.0,True,Alpine,1,12.0,True,185.0,185.0,257.0,272.0,,,False,,False
5473.54,COL,43,27.0,79.18,20.896,37.309,20.975,1.0,MEDIUM,27.0,True,Alpine,1,12.0,True,187.0,184.0,256.0,272.0,,,False,,False
5552.294,COL,43,28.0,78.754,20.571,37.268,20.915,1.0,MEDIUM,28.0,True,Alpine,1,12.0,True,190.0,180.0,257.0,272.0,,,False,,False
5632.131,COL,43,29.0,79.837,20.703,37.494,21.64,1.0,MEDIUM,29.0,True,Alpine,1,12.0,True,188.0,183.0,242.0,272.0,,,False,,False
5712.261,COL,43,30.0,80.13,21.272,37.709,21.149,1.0,MEDIUM,30.0,True,Alpine,1,12.0,True,188.0,182.0,257.0,270.0,,,False,,False
5791.643,COL,43,31.0,79.382,20.736,37.638,21.008,1.0,MEDIUM,31.0,True,Alpine,1,12.0,True,185.0,184.0,257.0,271.0,,,False,,False
5871.165,COL,43,32.0,79.522,20.777,37.407,21.338,1.0,MEDIUM,32.0,True,Alpine,1,12.0,True,189.0,184.0,258.0,271.0,,,False,,False
5950.907,COL,43,33.0,79.742,20.858,37.628,21.256,1.0,MEDIUM,33.0,True,Alpine,1,12.0,True,189.0,181.0,257.0,272.0,,,False,,False
6032.634,COL,43,34.0,81.727,21.166,38.415,22.146,1.0,MEDIUM,34.0,True,Alpine,1,12.0,True,174.0,181.0,256.0,271.0,,,False,,False
6132.483,COL,43,35.0,99.849,21.389,38.336,40.124,1.0,MEDIUM,35.0,True,Alpine,1,15.0,False,179.0,177.0,,275.0,,6107.496,False,,False
6213.906,COL,43,36.0,81.423,23.894,37.116,20.413,2.0,HARD,1.0,True,Alpine,1,15.0,False,182.0,188.0,257.0,267.0,6133.183,,False,,False
6291.324,COL,43,37.0,77.418,20.337,36.528,20.553,2.0,HARD,2.0,True,Alpine,1,15.0,True,194.0,190.0,256.0,271.0,,,False,,False
6368.176,COL,43,38.0,76.852,20.149,36.342,20.361,2.0,HARD,3.0,True,Alpine,1,15.0,True,200.0,190.0,256.0,271.0,,,False,,False
6448.233,COL,43,39.0,80.057,20.33,38.49,21.237,2.0,HARD,4.0,True,Alpine,1,15.0,True,201.0,184.0,253.0,269.0,,,False,,False
6527.323,COL,43,40.0,79.09,20.46,37.326,21.304,2.0,HARD,5.0,True,Alpine,1,15.0,True,187.0,180.0,258.0,272.0,,,False,,False
6607.866,COL,43,41.0,80.543,20.731,38.095,21.717,2.0,HARD,6.0,True,Alpine,1,15.0,True,184.0,184.0,257.0,271.0,,,False,,False
6689.711,COL,43,42.0,81.845,21.267,38.712,21.866,2.0,HARD,7.0,True,Alpine,1,15.0,True,163.0,184.0,255.0,271.0,,,False,,False
6771.355,COL,43,43.0,81.644,21.159,39.038,21.447,2.0,HARD,8.0,True,Alpine,1,15.0,True,168.0,180.0,255.0,273.0,,,False,,False
6851.409,COL,43,44.0,80.054,20.816,37.914,21.324,2.0,HARD,9.0,True,Alpine,1,15.0,True,186.0,182.0,260.0,270.0,,,False,,False
6932.303,COL,43,45.0,80.894,20.784,37.761,22.349,2.0,HARD,10.0,True,Alpine,1,14.0,True,186.0,182.0,246.0,277.0,,,False,,False
7014.534,COL,43,46.0,82.231,21.42,38.852,21.959,2.0,HARD,11.0,True,Alpine,1,14.0,True,184.0,176.0,254.0,267.0,,,False,,False
7096.659,COL,43,47.0,82.125,21.339,38.807,21.979,2.0,HARD,12.0,True,Alpine,1,14.0,True,172.0,177.0,250.0,266.0,,,False,,False
7177.965,COL,43,48.0,81.306,21.706,38.089,21.511,2.0,HARD,13.0,True,Alpine,1,14.0,True,174.0,183.0,253.0,273.0,,,False,,False
7258.495,COL,43,49.0,80.53,20.781,37.721,22.028,2.0,HARD,14.0,True,Alpine,1,14.0,True,190.0,172.0,241.0,268.0,,,False,,False
7339.66,COL,43,50.0,81.165,21.522,38.402,21.241,2.0,HARD,15.0,True,Alpine,1,14.0,True,191.0,183.0,253.0,268.0,,,False,,False
7419.295,COL,43,51.0,79.635,20.656,37.593,21.386,2.0,HARD,16.0,True,Alpine,1,14.0,True,184.0,179.0,253.0,271.0,,,False,,False
7500.33,COL,43,52.0,81.035,20.842,39.031,21.162,2.0,HARD,17.0,True,Alpine,1,14.0,True,188.0,182.0,253.0,260.0,,,False,,False
7580.99,COL,43,53.0,80.66,20.796,38.176,21.688,2.0,HARD,18.0,True,Alpine,1,14.0,True,177.0,181.0,253.0,273.0,,,False,,False
7660.668,COL,43,54.0,79.678,20.947,37.67,21.061,2.0,HARD,19.0,True,Alpine,1,14.0,True,183.0,185.0,255.0,273.0,,,False,,False
7739.926,COL,43,55.0,79.258,20.673,37.562,21.023,2.0,HARD,20.0,True,Alpine,1,14.0,True,193.0,182.0,257.0,277.0,,,False,,False
7822.419,COL,43,56.0,82.493,20.837,40.482,21.174,2.0,HARD,21.0,True,Alpine,1,14.0,True,183.0,179.0,257.0,225.0,,,False,,False
7902.942,COL,43,57.0,80.523,21.916,37.419,21.188,2.0,HARD,22.0,True,Alpine,1,14.0,True,189.0,183.0,259.0,272.0,,,False,,False
8006.194,COL,43,58.0,103.252,21.102,51.575,30.575,2.0,HARD,23.0,True,Alpine,124,14.0,False,172.0,149.0,140.0,143.0,,,False,,False
8121.599,COL,43,59.0,115.405,25.462,50.304,39.639,2.0,HARD,24.0,True,Alpine,4,14.0,False,147.0,147.0,,158.0,,8100.36,False,,False
8215.154,COL,43,60.0,93.555,26.677,39.925,26.953,3.0,HARD,25.0,False,Alpine,4,14.0,False,176.0,174.0,175.0,241.0,8122.439,,False,,False
8333.179,COL,43,61.0,118.025,34.601,51.008,32.416,3.0,HARD,26.0,False,Alpine,4,14.0,False,100.0,151.0,97.0,156.0,,,False,,False
8426.219,COL,43,62.0,93.04,29.794,40.725,22.521,3.0,HARD,27.0,False,Alpine,4,14.0,False,149.0,165.0,248.0,240.0,,,False,,False
8510.927,COL,43,63.0,84.708,22.562,40.152,21.994,3.0,HARD,28.0,False,Alpine,4,14.0,False,171.0,172.0,253.0,241.0,,,False,,False
8592.591,COL,43,64.0,81.664,22.2,37.807,21.657,3.0,HARD,29.0,False,Alpine,412,14.0,False,178.0,186.0,252.0,270.0,,,False,,False
8709.548,COL,43,65.0,116.957,26.222,49.951,40.784,3.0,HARD,30.0,False,Alpine,24,13.0,False,147.0,164.0,,216.0,,8686.961,False,,False
8815.104,COL,43,66.0,105.556,27.147,50.663,27.746,4.0,HARD,31.0,False,Alpine,4,13.0,False,124.0,134.0,231.0,235.0,8710.345,,False,,False
10945.481,COL,43,67.0,,26.531,52.591,,4.0,HARD,32.0,False,Alpine,451,13.0,False,65.0,117.0,,155.0,,8920.45,False,,False
11095.715,COL,43,68.0,,28.257,41.963,80.068,5.0,SOFT,1.0,True,Alpine,14,13.0,False,153.0,168.0,,234.0,10946.156,11031.885,False,,False
11185.456,COL,43,69.0,89.741,26.672,40.664,22.405,6.0,SOFT,1.0,False,Alpine,4,13.0,False,163.0,176.0,226.0,244.0,11096.376,,False,,False
11333.327,COL,43,70.0,147.871,23.032,49.08,75.759,6.0,SOFT,2.0,False,Alpine,41,12.0,False,122.0,170.0,153.0,177.0,,,False,,False
11432.673,COL,43,71.0,99.346,27.247,49.713,22.386,6.0,SOFT,3.0,False,Alpine,12,15.0,True,141.0,171.0,245.0,237.0,,,False,,False
11512.372,COL,43,72.0,79.699,21.353,37.542,20.804,6.0,SOFT,4.0,False,Alpine,1,15.0,True,185.0,187.0,255.0,274.0,,,False,,False
11591.014,COL,43,73.0,78.642,20.677,36.73,21.235,6.0,SOFT,5.0,False,Alpine,1,15.0,True,196.0,186.0,257.0,276.0,,,False,,False
11667.33,COL,43,74.0,76.316,20.347,35.9,20.069,6.0,SOFT,6.0,False,Alpine,1,15.0,True,200.0,195.0,259.0,277.0,,,False,,False
11743.861,COL,43,75.0,76.531,20.099,35.933,20.499,6.0,SOFT,7.0,False,Alpine,1,15.0,True,200.0,194.0,259.0,276.0,,,False,,False
11821.38,COL,43,76.0,77.519,20.541,36.414,20.564,6.0,SOFT,8.0,False,Alpine,1,15.0,True,192.0,192.0,260.0,276.0,,,False,,False
11898.475,COL,43,77.0,77.095,20.112,36.239,20.744,6.0,SOFT,9.0,False,Alpine,1,15.0,True,196.0,193.0,259.0,277.0,,,False,,False
11975.129,COL,43,78.0,76.654,19.982,36.293,20.379,6.0,SOFT,10.0,False,Alpine,1,15.0,True,203.0,193.0,265.0,276.0,,,False,,False
3404.203,HAM,44,1.0,84.337,,37.275,20.837,1.0,MEDIUM,1.0,True,Ferrari,12,2.0,False,178.0,187.0,252.0,266.0,,,False,,False
3482.948,HAM,44,2.0,78.745,21.163,36.847,20.735,1.0,MEDIUM,2.0,True,Ferrari,1,2.0,True,191.0,189.0,252.0,262.0,,,False,,False
3560.626,HAM,44,3.0,77.678,20.798,36.447,20.433,1.0,MEDIUM,3.0,True,Ferrari,1,2.0,True,190.0,189.0,253.0,257.0,,,False,,False
3637.704,HAM,44,4.0,77.078,20.656,36.082,20.34,1.0,MEDIUM,4.0,True,Ferrari,1,2.0,True,190.0,191.0,254.0,260.0,,,False,,False
3714.762,HAM,44,5.0,77.058,20.634,36.05,20.374,1.0,MEDIUM,5.0,True,Ferrari,1,2.0,True,193.0,191.0,253.0,259.0,,,False,,False
3791.462,HAM,44,6.0,76.7,20.543,35.934,20.223,1.0,MEDIUM,6.0,True,Ferrari,1,2.0,True,196.0,193.0,254.0,261.0,,,False,,False
3868.049,HAM,44,7.0,76.587,20.516,35.838,20.233,1.0,MEDIUM,7.0,True,Ferrari,1,2.0,True,197.0,193.0,254.0,266.0,,,False,,False
3945.054,HAM,44,8.0,77.005,20.455,36.111,20.439,1.0,MEDIUM,8.0,True,Ferrari,1,2.0,True,196.0,189.0,254.0,266.0,,,False,,False
4021.695,HAM,44,9.0,76.641,20.471,35.812,20.358,1.0,MEDIUM,9.0,True,Ferrari,1,2.0,True,202.0,193.0,254.0,266.0,,,False,,False
4098.536,HAM,44,10.0,76.841,20.461,35.938,20.442,1.0,MEDIUM,10.0,True,Ferrari,1,2.0,True,200.0,192.0,254.0,264.0,,,False,,False
4175.672,HAM,44,11.0,77.136,20.443,36.062,20.631,1.0,MEDIUM,11.0,True,Ferrari,1,2.0,True,204.0,191.0,259.0,270.0,,,False,,False
4252.906,HAM,44,12.0,77.234,20.867,35.961,20.406,1.0,MEDIUM,12.0,True,Ferrari,1,2.0,True,193.0,191.0,254.0,266.0,,,False,,False
4329.934,HAM,44,13.0,77.028,20.372,36.141,20.515,1.0,MEDIUM,13.0,True,Ferrari,1,2.0,True,198.0,187.0,255.0,268.0,,,False,,False
4406.924,HAM,44,14.0,76.99,20.518,36.066,20.406,1.0,MEDIUM,14.0,True,Ferrari,1,2.0,True,196.0,190.0,254.0,267.0,,,False,,False
4483.836,HAM,44,15.0,76.912,20.443,36.05,20.419,1.0,MEDIUM,15.0,True,Ferrari,1,2.0,True,198.0,190.0,254.0,265.0,,,False,,False
4560.85,HAM,44,16.0,77.014,20.409,36.2,20.405,1.0,MEDIUM,16.0,True,Ferrari,1,2.0,True,195.0,190.0,254.0,265.0,,,False,,False
4638.089,HAM,44,17.0,77.239,20.581,36.126,20.532,1.0,MEDIUM,17.0,True,Ferrari,1,2.0,True,197.0,193.0,255.0,266.0,,,False,,False
4715.118,HAM,44,18.0,77.029,20.458,36.082,20.489,1.0,MEDIUM,18.0,True,Ferrari,1,2.0,True,197.0,190.0,254.0,265.0,,,False,,False
4792.389,HAM,44,19.0,77.271,20.437,36.363,20.471,1.0,MEDIUM,19.0,True,Ferrari,1,2.0,True,197.0,189.0,254.0,258.0,,,False,,False
4869.508,HAM,44,20.0,77.119,20.502,36.129,20.488,1.0,MEDIUM,20.0,True,Ferrari,1,2.0,True,195.0,189.0,254.0,259.0,,,False,,False
4946.584,HAM,44,21.0,77.076,20.5,36.179,20.397,1.0,MEDIUM,21.0,True,Ferrari,1,2.0,True,199.0,191.0,254.0,258.0,,,False,,False
5023.833,HAM,44,22.0,77.249,20.528,36.195,20.526,1.0,MEDIUM,22.0,True,Ferrari,1,2.0,True,196.0,189.0,253.0,259.0,,,False,,False
5101.213,HAM,44,23.0,77.38,20.553,36.218,20.609,1.0,MEDIUM,23.0,True,Ferrari,1,2.0,True,199.0,187.0,254.0,257.0,,,False,,False
5178.996,HAM,44,24.0,77.783,20.793,36.38,20.61,1.0,MEDIUM,24.0,True,Ferrari,1,2.0,True,191.0,186.0,254.0,262.0,,,False,,False
5256.73,HAM,44,25.0,77.734,20.545,36.556,20.633,1.0,MEDIUM,25.0,True,Ferrari,1,2.0,True,197.0,186.0,254.0,257.0,,,False,,False
5334.718,HAM,44,26.0,77.988,20.827,36.495,20.666,1.0,MEDIUM,26.0,True,Ferrari,1,2.0,True,195.0,186.0,254.0,257.0,,,False,,False
5412.943,HAM,44,27.0,78.225,20.627,37.009,20.589,1.0,MEDIUM,27.0,True,Ferrari,1,2.0,True,185.0,185.0,255.0,257.0,,,False,,False
5507.113,HAM,44,28.0,94.17,20.556,36.29,37.324,1.0,MEDIUM,28.0,True,Ferrari,1,3.0,False,195.0,190.0,,262.0,,5483.708,False,,False
5587.942,HAM,44,29.0,80.829,23.514,36.798,20.517,2.0,HARD,1.0,True,Ferrari,1,3.0,False,186.0,186.0,255.0,266.0,5507.805,,False,,False
5665.634,HAM,44,30.0,77.692,20.651,36.409,20.632,2.0,HARD,2.0,True,Ferrari,1,3.0,True,196.0,187.0,256.0,269.0,,,False,,False
5742.153,HAM,44,31.0,76.519,20.33,35.956,20.233,2.0,HARD,3.0,True,Ferrari,1,3.0,True,201.0,193.0,256.0,270.0,,,False,,False
5818.705,HAM,44,32.0,76.552,20.246,35.993,20.313,2.0,HARD,4.0,True,Ferrari,1,3.0,True,199.0,192.0,256.0,265.0,,,False,,False
5895.365,HAM,44,33.0,76.66,20.29,35.963,20.407,2.0,HARD,5.0,True,Ferrari,1,3.0,True,199.0,192.0,255.0,268.0,,,False,,False
5972.165,HAM,44,34.0,76.8,20.396,35.999,20.405,2.0,HARD,6.0,True,Ferrari,1,3.0,True,197.0,190.0,254.0,265.0,,,False,,False
6048.923,HAM,44,35.0,76.758,20.37,35.971,20.417,2.0,HARD,7.0,True,Ferrari,1,2.0,True,198.0,193.0,254.0,265.0,,,False,,False
6125.489,HAM,44,36.0,76.566,20.288,35.903,20.375,2.0,HARD,8.0,True,Ferrari,1,2.0,True,201.0,192.0,255.0,265.0,,,False,,False
6202.923,HAM,44,37.0,77.434,20.607,36.186,20.641,2.0,HARD,9.0,True,Ferrari,1,2.0,True,190.0,189.0,255.0,259.0,,,False,,False
6280.299,HAM,44,38.0,77.376,20.543,36.272,20.561,2.0,HARD,10.0,True,Ferrari,1,2.0,True,181.0,189.0,255.0,260.0,,,False,,False
6358.77,HAM,44,39.0,78.471,20.708,36.84,20.923,2.0,HARD,11.0,True,Ferrari,1,2.0,True,189.0,187.0,261.0,259.0,,,False,,False
6436.453,HAM,44,40.0,77.683,20.805,36.344,20.534,2.0,HARD,12.0,True,Ferrari,1,2.0,True,174.0,188.0,254.0,259.0,,,False,,False
6513.842,HAM,44,41.0,77.389,20.672,36.327,20.39,2.0,HARD,13.0,True,Ferrari,1,2.0,True,178.0,192.0,254.0,257.0,,,False,,False
6590.954,HAM,44,42.0,77.112,20.402,36.247,20.463,2.0,HARD,14.0,True,Ferrari,1,2.0,True,183.0,190.0,255.0,258.0,,,False,,False
6668.214,HAM,44,43.0,77.26,20.603,36.213,20.444,2.0,HARD,15.0,True,Ferrari,1,2.0,True,179.0,189.0,255.0,258.0,,,False,,False
6745.342,HAM,44,44.0,77.128,20.414,36.24,20.474,2.0,HARD,16.0,True,Ferrari,1,2.0,True,189.0,191.0,260.0,259.0,,,False,,False
6822.135,HAM,44,45.0,76.793,20.399,36.008,20.386,2.0,HARD,17.0,True,Ferrari,1,2.0,True,183.0,191.0,254.0,259.0,,,False,,False
6898.792,HAM,44,46.0,76.657,20.317,36.063,20.277,2.0,HARD,18.0,True,Ferrari,1,2.0,True,195.0,191.0,255.0,256.0,,,False,,False
6975.641,HAM,44,47.0,76.849,20.347,36.146,20.356,2.0,HARD,19.0,True,Ferrari,1,2.0,True,184.0,191.0,255.0,258.0,,,False,,False
7052.83,HAM,44,48.0,77.189,20.472,36.282,20.435,2.0,HARD,20.0,True,Ferrari,1,2.0,True,190.0,191.0,255.0,258.0,,,False,,False
7130.018,HAM,44,49.0,77.188,20.377,36.306,20.505,2.0,HARD,21.0,True,Ferrari,1,2.0,True,193.0,192.0,256.0,258.0,,,False,,False
7207.07,HAM,44,50.0,77.052,20.623,36.129,20.3,2.0,HARD,22.0,True,Ferrari,1,2.0,True,194.0,188.0,255.0,258.0,,,False,,False
7283.765,HAM,44,51.0,76.695,20.293,36.028,20.374,2.0,HARD,23.0,True,Ferrari,1,2.0,True,195.0,190.0,256.0,260.0,,,False,,False
7360.426,HAM,44,52.0,76.661,20.338,35.997,20.326,2.0,HARD,24.0,True,Ferrari,1,2.0,True,191.0,193.0,255.0,260.0,,,False,,False
7437.103,HAM,44,53.0,76.677,20.217,36.049,20.411,2.0,HARD,25.0,True,Ferrari,1,2.0,True,192.0,192.0,255.0,261.0,,,False,,False
7513.792,HAM,44,54.0,76.689,20.403,36.029,20.257,2.0,HARD,26.0,True,Ferrari,1,2.0,True,197.0,193.0,256.0,261.0,,,False,,False
7590.559,HAM,44,55.0,76.767,20.418,36.006,20.343,2.0,HARD,27.0,True,Ferrari,1,2.0,True,194.0,191.0,257.0,261.0,,,False,,False
7667.066,HAM,44,56.0,76.507,20.408,35.862,20.237,2.0,HARD,28.0,True,Ferrari,1,2.0,True,192.0,190.0,256.0,263.0,,,False,,False
7743.722,HAM,44,57.0,76.656,20.232,35.966,20.458,2.0,HARD,29.0,True,Ferrari,1,2.0,True,197.0,193.0,262.0,263.0,,,False,,False
7820.599,HAM,44,58.0,76.877,20.279,35.994,20.604,2.0,HARD,30.0,True,Ferrari,1,2.0,True,198.0,188.0,260.0,263.0,,,False,,False
7896.877,HAM,44,59.0,76.278,20.156,35.861,20.261,2.0,HARD,31.0,True,Ferrari,1,2.0,True,201.0,191.0,257.0,262.0,,,False,,False
8012.995,HAM,44,60.0,116.118,20.417,47.271,48.43,2.0,HARD,32.0,True,Ferrari,124,2.0,False,196.0,168.0,,208.0,,7982.646,False,,False
8133.341,HAM,44,61.0,120.346,29.116,48.94,42.29,3.0,SOFT,5.0,False,Ferrari,4,2.0,False,159.0,148.0,,151.0,8013.799,8110.279,False,,False
8225.602,HAM,44,62.0,92.261,30.31,38.843,23.108,4.0,SOFT,6.0,False,Ferrari,4,2.0,False,169.0,182.0,225.0,260.0,8134.408,,False,,False
8336.384,HAM,44,63.0,110.782,27.219,51.554,32.009,4.0,SOFT,7.0,False,Ferrari,4,2.0,False,120.0,171.0,85.0,200.0,,,False,,False
8461.778,HAM,44,64.0,125.394,36.327,58.244,30.823,4.0,SOFT,8.0,False,Ferrari,4,2.0,False,99.0,127.0,203.0,167.0,,,False,,False
8579.956,HAM,44,65.0,118.178,31.838,56.421,29.919,4.0,SOFT,9.0,False,Ferrari,412,2.0,False,115.0,65.0,255.0,161.0,,,False,,False
8693.228,HAM,44,66.0,113.272,21.414,51.221,40.637,4.0,SOFT,10.0,False,Ferrari,24,2.0,False,184.0,178.0,,245.0,,8672.367,False,,False
8797.525,HAM,44,67.0,104.297,27.9,51.235,25.162,5.0,SOFT,11.0,False,Ferrari,4,2.0,False,92.0,179.0,153.0,236.0,8694.945,,False,,False
11062.157,HAM,44,68.0,,30.106,54.975,,5.0,SOFT,12.0,False,Ferrari,451,2.0,False,120.0,129.0,,141.0,,8906.762,False,,False
11164.35,HAM,44,69.0,102.193,26.297,45.913,29.983,6.0,SOFT,5.0,False,Ferrari,14,2.0,False,169.0,107.0,157.0,142.0,11062.876,,False,,False
11330.484,HAM,44,70.0,,29.033,49.304,87.759,6.0,SOFT,6.0,False,Ferrari,41,2.0,False,135.0,125.0,2.0,159.0,,,False,,False
11411.493,HAM,44,71.0,81.009,23.802,36.922,20.285,6.0,SOFT,7.0,False,Ferrari,12,2.0,True,180.0,193.0,256.0,265.0,,,False,,False
11486.962,HAM,44,72.0,75.469,20.292,35.353,19.824,6.0,SOFT,8.0,False,Ferrari,1,2.0,True,207.0,196.0,257.0,269.0,,,False,,False
11561.931,HAM,44,73.0,74.969,19.918,35.195,19.856,6.0,SOFT,9.0,False,Ferrari,1,2.0,True,212.0,197.0,258.0,270.0,,,False,,False
11636.574,HAM,44,74.0,74.643,19.895,35.013,19.735,6.0,SOFT,10.0,False,Ferrari,1,2.0,True,210.0,197.0,258.0,270.0,,,False,,False
11711.3,HAM,44,75.0,74.726,19.879,35.004,19.843,6.0,SOFT,11.0,False,Ferrari,1,2.0,True,208.0,197.0,258.0,270.0,,,False,,False
11786.349,HAM,44,76.0,75.049,19.975,35.139,19.935,6.0,SOFT,12.0,False,Ferrari,1,2.0,True,208.0,196.0,257.0,270.0,,,False,,False
11861.679,HAM,44,77.0,75.33,20.028,35.27,20.032,6.0,SOFT,13.0,False,Ferrari,1,2.0,True,210.0,196.0,257.0,270.0,,,False,,False
11937.47,HAM,44,78.0,75.791,20.099,35.49,20.202,6.0,SOFT,14.0,False,Ferrari,1,2.0,True,201.0,194.0,255.0,270.0,,,False,,False
3438.675,BOR,5,1.0,118.809,,42.861,41.083,1.0,SOFT,1.0,True,Audi,12,20.0,False,147.0,166.0,,265.0,3330.676,3413.542,False,,False
3523.472,BOR,5,2.0,84.797,24.947,38.18,21.67,2.0,HARD,1.0,True,Audi,1,20.0,False,165.0,178.0,252.0,267.0,3439.402,,False,,False
3604.739,BOR,5,3.0,81.267,21.319,38.017,21.931,2.0,HARD,2.0,True,Audi,1,20.0,True,174.0,177.0,250.0,268.0,,,False,,False
3686.426,BOR,5,4.0,81.687,21.613,37.972,22.102,2.0,HARD,3.0,True,Audi,1,20.0,True,168.0,178.0,249.0,273.0,,,False,,False
3768.106,BOR,5,5.0,81.68,21.607,38.366,21.707,2.0,HARD,4.0,True,Audi,1,20.0,True,168.0,178.0,260.0,274.0,,,False,,False
3849.518,BOR,5,6.0,81.412,21.743,38.044,21.625,2.0,HARD,5.0,True,Audi,1,20.0,True,169.0,177.0,260.0,273.0,,,False,,False
3930.627,BOR,5,7.0,81.109,21.623,37.838,21.648,2.0,HARD,6.0,True,Audi,1,20.0,True,172.0,182.0,249.0,278.0,,,False,,False
4011.182,BOR,5,8.0,80.555,21.107,37.76,21.688,2.0,HARD,7.0,True,Audi,1,20.0,True,181.0,180.0,260.0,279.0,,,False,,False
4091.855,BOR,5,9.0,80.673,20.998,37.718,21.957,2.0,HARD,8.0,True,Audi,1,20.0,True,183.0,175.0,260.0,279.0,,,False,,False
4175.757,BOR,5,10.0,83.902,22.321,39.079,22.502,2.0,HARD,9.0,True,Audi,1,20.0,True,116.0,178.0,235.0,273.0,,,False,,False
4258.458,BOR,5,11.0,82.701,21.992,37.96,22.749,2.0,HARD,10.0,True,Audi,1,20.0,True,179.0,170.0,255.0,280.0,,,False,,False
4339.902,BOR,5,12.0,81.444,21.42,37.503,22.521,2.0,HARD,11.0,True,Audi,1,20.0,True,178.0,176.0,233.0,281.0,,,False,,False
4421.794,BOR,5,13.0,81.892,22.448,37.759,21.685,2.0,HARD,12.0,True,Audi,1,20.0,True,175.0,180.0,260.0,274.0,,,False,,False
4502.673,BOR,5,14.0,80.879,21.102,37.991,21.786,2.0,HARD,13.0,True,Audi,1,20.0,True,185.0,176.0,260.0,281.0,,,False,,False
4583.756,BOR,5,15.0,81.083,21.188,37.846,22.049,2.0,HARD,14.0,True,Audi,1,20.0,True,175.0,178.0,248.0,280.0,,,False,,False
4667.7,BOR,5,16.0,83.944,22.543,38.794,22.607,2.0,HARD,15.0,True,Audi,1,20.0,True,182.0,174.0,259.0,281.0,,,False,,False
4746.03,BOR,5,17.0,78.33,20.559,36.667,21.104,2.0,HARD,16.0,True,Audi,1,19.0,True,191.0,178.0,256.0,279.0,,,True,TRACK LIMITS AT TURN 10 LAP 17 ,False
4824.223,BOR,5,18.0,78.193,20.586,36.754,20.853,2.0,HARD,17.0,True,Audi,1,19.0,True,192.0,186.0,256.0,271.0,,,False,,False
4902.131,BOR,5,19.0,77.908,20.55,36.616,20.742,2.0,HARD,18.0,True,Audi,1,19.0,True,194.0,186.0,256.0,271.0,,,False,,False
4980.46,BOR,5,20.0,78.329,20.502,36.84,20.987,2.0,HARD,19.0,True,Audi,1,19.0,True,196.0,184.0,255.0,271.0,,,False,,False
5058.929,BOR,5,21.0,78.469,20.467,36.884,21.118,2.0,HARD,20.0,True,Audi,1,19.0,True,198.0,185.0,250.0,269.0,,,False,,False
5137.006,BOR,5,22.0,78.077,20.485,36.761,20.831,2.0,HARD,21.0,True,Audi,1,19.0,True,199.0,187.0,256.0,271.0,,,False,,False
5215.048,BOR,5,23.0,78.042,20.503,36.675,20.864,2.0,HARD,22.0,True,Audi,1,19.0,True,197.0,185.0,256.0,271.0,,,False,,False
5293.119,BOR,5,24.0,78.071,20.436,36.739,20.896,2.0,HARD,23.0,True,Audi,1,19.0,True,199.0,184.0,257.0,271.0,,,False,,False
5371.543,BOR,5,25.0,78.424,20.567,36.993,20.864,2.0,HARD,24.0,True,Audi,1,19.0,True,197.0,186.0,256.0,261.0,,,False,,False
5449.449,BOR,5,26.0,77.906,20.511,36.567,20.828,2.0,HARD,25.0,True,Audi,1,19.0,True,203.0,184.0,257.0,271.0,,,False,,False
5527.545,BOR,5,27.0,78.096,20.512,36.665,20.919,2.0,HARD,26.0,True,Audi,1,19.0,True,197.0,186.0,256.0,272.0,,,False,,False
5606.442,BOR,5,28.0,78.897,21.064,36.915,20.918,2.0,HARD,27.0,True,Audi,1,19.0,True,198.0,186.0,256.0,272.0,,,False,,False
5684.884,BOR,5,29.0,78.442,20.591,36.874,20.977,2.0,HARD,28.0,True,Audi,1,19.0,True,198.0,188.0,256.0,272.0,,,False,,False
5763.649,BOR,5,30.0,78.765,20.645,36.868,21.252,2.0,HARD,29.0,True,Audi,1,19.0,True,201.0,184.0,253.0,272.0,,,True,TRACK LIMITS AT TURN 10 LAP 30 ,False
5841.939,BOR,5,31.0,78.29,20.626,36.784,20.88,2.0,HARD,30.0,True,Audi,1,19.0,True,198.0,183.0,256.0,272.0,,,False,,False
5920.031,BOR,5,32.0,78.092,20.52,36.657,20.915,2.0,HARD,31.0,True,Audi,1,19.0,True,197.0,183.0,256.0,271.0,,,False,,False
5998.168,BOR,5,33.0,78.137,20.601,36.686,20.85,2.0,HARD,32.0,True,Audi,1,19.0,True,199.0,185.0,256.0,271.0,,,False,,False
6076.401,BOR,5,34.0,78.233,20.607,36.718,20.908,2.0,HARD,33.0,True,Audi,1,19.0,True,200.0,184.0,257.0,271.0,,,False,,False
6156.414,BOR,5,35.0,80.013,21.214,37.679,21.12,2.0,HARD,34.0,True,Audi,1,19.0,True,182.0,184.0,261.0,270.0,,,False,,False
6236.085,BOR,5,36.0,79.671,20.845,37.476,21.35,2.0,HARD,35.0,True,Audi,1,19.0,True,185.0,180.0,260.0,275.0,,,False,,False
6315.99,BOR,5,37.0,79.905,20.873,37.429,21.603,2.0,HARD,36.0,True,Audi,1,19.0,True,187.0,184.0,251.0,275.0,,,False,,False
6397.926,BOR,5,38.0,81.936,20.968,37.338,23.63,2.0,HARD,37.0,True,Audi,1,19.0,True,193.0,182.0,205.0,279.0,,,False,,False
6478.295,BOR,5,39.0,80.369,21.762,37.442,21.165,2.0,HARD,38.0,True,Audi,1,19.0,True,185.0,182.0,258.0,279.0,,,False,,False
6559.321,BOR,5,40.0,81.026,21.175,38.288,21.563,2.0,HARD,39.0,True,Audi,1,19.0,True,176.0,180.0,251.0,271.0,,,False,,False
6640.114,BOR,5,41.0,80.793,21.251,37.874,21.668,2.0,HARD,40.0,True,Audi,1,19.0,True,174.0,178.0,251.0,277.0,,,False,,False
6722.271,BOR,5,42.0,82.157,22.482,37.962,21.713,2.0,HARD,41.0,True,Audi,1,19.0,True,186.0,175.0,251.0,281.0,,,False,,False
6820.291,BOR,5,43.0,98.02,21.386,37.911,38.723,2.0,HARD,42.0,True,Audi,1,19.0,False,177.0,179.0,,282.0,,6796.308,False,,False
6902.051,BOR,5,44.0,81.76,23.956,37.038,20.766,3.0,MEDIUM,1.0,True,Audi,1,19.0,False,183.0,181.0,257.0,270.0,6821.011,,False,,False
6979.467,BOR,5,45.0,77.416,20.499,36.41,20.507,3.0,MEDIUM,2.0,True,Audi,1,18.0,True,200.0,182.0,257.0,271.0,,,False,,False
7056.27,BOR,5,46.0,76.803,20.279,35.982,20.542,3.0,MEDIUM,3.0,True,Audi,1,18.0,True,199.0,187.0,257.0,271.0,,,False,,False
7133.13,BOR,5,47.0,76.86,20.245,36.045,20.57,3.0,MEDIUM,4.0,True,Audi,1,18.0,True,201.0,188.0,257.0,272.0,,,False,,False
7210.312,BOR,5,48.0,77.182,20.282,36.144,20.756,3.0,MEDIUM,5.0,True,Audi,1,18.0,True,196.0,186.0,260.0,273.0,,,False,,False
7289.665,BOR,5,49.0,79.353,20.412,38.004,20.937,3.0,MEDIUM,6.0,True,Audi,1,18.0,True,191.0,183.0,260.0,283.0,,,False,,False
7372.565,BOR,5,50.0,82.9,21.092,36.999,24.809,3.0,MEDIUM,7.0,True,Audi,1,18.0,True,181.0,176.0,214.0,283.0,,,False,,False
7450.961,BOR,5,51.0,78.396,21.04,36.528,20.828,3.0,MEDIUM,8.0,True,Audi,1,18.0,True,197.0,186.0,257.0,272.0,,,False,,False
7529.514,BOR,5,52.0,78.553,20.314,36.653,21.586,3.0,MEDIUM,9.0,True,Audi,1,18.0,True,198.0,183.0,264.0,274.0,,,False,,False
7610.832,BOR,5,53.0,81.318,21.364,37.889,22.065,3.0,MEDIUM,10.0,True,Audi,1,18.0,True,175.0,180.0,257.0,282.0,,,False,,False
7690.412,BOR,5,54.0,79.58,21.392,36.716,21.472,3.0,MEDIUM,11.0,True,Audi,1,18.0,True,189.0,179.0,264.0,282.0,,,False,,False
7772.297,BOR,5,55.0,81.885,21.191,38.93,21.764,3.0,MEDIUM,12.0,True,Audi,1,18.0,True,180.0,174.0,264.0,276.0,,,False,,False
7857.165,BOR,5,56.0,84.868,21.017,37.713,26.138,3.0,MEDIUM,13.0,True,Audi,1,18.0,True,182.0,176.0,255.0,282.0,,,False,,False
7939.674,BOR,5,57.0,82.509,20.548,36.466,25.495,3.0,MEDIUM,14.0,True,Audi,124,17.0,False,197.0,182.0,114.0,272.0,,,False,,False
8056.945,BOR,5,58.0,117.271,28.104,49.291,39.876,3.0,MEDIUM,15.0,True,Audi,4,17.0,False,146.0,136.0,,141.0,,8037.549,False,,False
8173.806,BOR,5,59.0,116.861,25.663,50.187,41.011,4.0,MEDIUM,16.0,False,Audi,4,17.0,False,157.0,138.0,,219.0,8057.643,8149.895,False,,False
8257.621,BOR,5,60.0,83.815,24.037,38.016,21.762,5.0,SOFT,1.0,True,Audi,4,17.0,False,184.0,180.0,251.0,270.0,8174.54,,False,,False
8341.559,BOR,5,61.0,83.938,21.163,38.384,24.391,5.0,SOFT,2.0,True,Audi,4,17.0,False,186.0,161.0,129.0,270.0,,,False,,False
8435.501,BOR,5,62.0,93.942,31.443,41.125,21.374,5.0,SOFT,3.0,True,Audi,4,17.0,False,98.0,178.0,252.0,271.0,,,False,,False
8516.59,BOR,5,63.0,81.089,21.173,37.315,22.601,5.0,SOFT,4.0,True,Audi,4,17.0,False,180.0,183.0,252.0,272.0,,,False,,False
8599.47,BOR,5,64.0,82.88,21.848,37.867,23.165,5.0,SOFT,5.0,True,Audi,412,17.0,False,168.0,186.0,249.0,264.0,,,False,,False
8714.548,BOR,5,65.0,115.078,29.458,45.817,39.803,5.0,SOFT,6.0,True,Audi,24,16.0,False,111.0,152.0,,155.0,,8692.586,False,,False
8819.816,BOR,5,66.0,105.268,28.37,49.403,27.495,6.0,SOFT,7.0,False,Audi,4,16.0,False,137.0,140.0,195.0,228.0,8715.282,,False,,False
10956.707,BOR,5,67.0,,29.752,50.415,,6.0,SOFT,8.0,False,Audi,451,16.0,False,96.0,129.0,,159.0,,8927.606,False,,False
11102.967,BOR,5,68.0,146.26,27.134,39.725,79.401,7.0,SOFT,1.0,True,Audi,14,16.0,False,144.0,174.0,,262.0,10957.5,11039.682,False,,False
11190.419,BOR,5,69.0,87.452,25.511,39.376,22.565,8.0,SOFT,2.0,False,Audi,4,16.0,False,162.0,176.0,243.0,265.0,11103.732,,False,,False
11334.119,BOR,5,70.0,143.7,23.287,49.379,71.034,8.0,SOFT,3.0,False,Audi,41,16.0,False,135.0,160.0,180.0,221.0,,,False,,False
11428.97,BOR,5,71.0,94.851,26.832,46.992,21.027,8.0,SOFT,4.0,False,Audi,12,14.0,True,133.0,181.0,254.0,265.0,,,False,,False
11506.454,BOR,5,72.0,77.484,20.666,36.301,20.517,8.0,SOFT,5.0,False,Audi,1,14.0,True,195.0,189.0,259.0,273.0,,,False,,False
11585.76,BOR,5,73.0,79.306,20.516,37.928,20.862,8.0,SOFT,6.0,False,Audi,1,13.0,True,183.0,184.0,262.0,274.0,,,False,,False
11663.984,BOR,5,74.0,78.224,20.715,36.601,20.908,8.0,SOFT,7.0,False,Audi,1,13.0,True,186.0,182.0,265.0,287.0,,,False,,False
11741.881,BOR,5,75.0,77.897,20.537,36.582,20.778,8.0,SOFT,8.0,False,Audi,1,13.0,True,193.0,184.0,266.0,286.0,,,False,,False
11819.469,BOR,5,76.0,77.588,20.508,36.354,20.726,8.0,SOFT,9.0,False,Audi,1,13.0,True,201.0,186.0,255.0,286.0,,,False,,False
11896.573,BOR,5,77.0,77.104,20.127,36.341,20.636,8.0,SOFT,10.0,False,Audi,1,13.0,True,197.0,184.0,265.0,286.0,,,False,,False
11973.885,BOR,5,78.0,77.312,20.202,36.331,20.779,8.0,SOFT,11.0,False,Audi,1,13.0,True,201.0,187.0,257.0,285.0,,,False,,False
3413.175,SAI,55,1.0,93.309,,40.537,21.921,1.0,MEDIUM,1.0,True,Williams,12,11.0,False,159.0,172.0,255.0,270.0,,,False,,False
3494.313,SAI,55,2.0,81.138,21.733,38.016,21.389,1.0,MEDIUM,2.0,True,Williams,1,11.0,True,186.0,177.0,256.0,270.0,,,False,,False
3574.826,SAI,55,3.0,80.513,21.397,37.757,21.359,1.0,MEDIUM,3.0,True,Williams,1,11.0,True,184.0,180.0,256.0,267.0,,,False,,False
3654.979,SAI,55,4.0,80.153,21.307,37.611,21.235,1.0,MEDIUM,4.0,True,Williams,1,11.0,True,186.0,177.0,256.0,271.0,,,False,,False
3734.875,SAI,55,5.0,79.896,21.27,37.339,21.287,1.0,MEDIUM,5.0,True,Williams,1,11.0,True,191.0,182.0,257.0,271.0,,,False,,False
3814.574,SAI,55,6.0,79.699,21.037,37.481,21.181,1.0,MEDIUM,6.0,True,Williams,1,11.0,True,186.0,178.0,256.0,270.0,,,False,,False
3893.938,SAI,55,7.0,79.364,21.05,37.313,21.001,1.0,MEDIUM,7.0,True,Williams,1,11.0,True,191.0,185.0,256.0,270.0,,,False,,False
3973.06,SAI,55,8.0,79.122,20.903,37.217,21.002,1.0,MEDIUM,8.0,True,Williams,1,11.0,True,195.0,184.0,255.0,272.0,,,False,,False
4052.128,SAI,55,9.0,79.068,20.871,37.238,20.959,1.0,MEDIUM,9.0,True,Williams,1,11.0,True,195.0,185.0,256.0,272.0,,,False,,False
4130.853,SAI,55,10.0,78.725,20.823,36.735,21.167,1.0,MEDIUM,10.0,True,Williams,1,11.0,True,196.0,185.0,255.0,272.0,,,False,,False
4209.713,SAI,55,11.0,78.86,20.895,36.873,21.092,1.0,MEDIUM,11.0,True,Williams,1,11.0,True,198.0,181.0,256.0,272.0,,,False,,False
4288.571,SAI,55,12.0,78.858,20.715,36.904,21.239,1.0,MEDIUM,12.0,True,Williams,1,11.0,True,197.0,187.0,254.0,271.0,,,True,TRACK LIMITS AT TURN 16 LAP 12 ,False
4367.224,SAI,55,13.0,78.653,20.688,36.976,20.989,1.0,MEDIUM,13.0,True,Williams,1,11.0,True,197.0,185.0,256.0,271.0,,,False,,False
4446.444,SAI,55,14.0,79.22,20.724,37.231,21.265,1.0,MEDIUM,14.0,True,Williams,1,11.0,True,190.0,184.0,255.0,267.0,,,False,,False
4524.969,SAI,55,15.0,78.525,20.73,36.811,20.984,1.0,MEDIUM,15.0,True,Williams,1,11.0,True,195.0,180.0,256.0,271.0,,,False,,False
4603.471,SAI,55,16.0,78.502,20.625,36.832,21.045,1.0,MEDIUM,16.0,True,Williams,1,11.0,True,198.0,183.0,256.0,270.0,,,False,,False
4681.857,SAI,55,17.0,78.386,20.628,36.858,20.9,1.0,MEDIUM,17.0,True,Williams,1,11.0,True,196.0,181.0,256.0,271.0,,,False,,False
4760.333,SAI,55,18.0,78.476,20.657,36.842,20.977,1.0,MEDIUM,18.0,True,Williams,1,11.0,True,199.0,183.0,256.0,272.0,,,False,,False
4838.866,SAI,55,19.0,78.533,20.673,36.958,20.902,1.0,MEDIUM,19.0,True,Williams,1,11.0,True,194.0,184.0,257.0,270.0,,,False,,False
4917.567,SAI,55,20.0,78.701,20.684,36.98,21.037,1.0,MEDIUM,20.0,True,Williams,1,11.0,True,199.0,183.0,256.0,272.0,,,False,,False
4996.503,SAI,55,21.0,78.936,20.752,36.982,21.202,1.0,MEDIUM,21.0,True,Williams,1,11.0,True,194.0,181.0,257.0,271.0,,,False,,False
5075.633,SAI,55,22.0,79.13,20.755,37.192,21.183,1.0,MEDIUM,22.0,True,Williams,1,11.0,True,196.0,182.0,256.0,271.0,,,False,,False
5154.993,SAI,55,23.0,79.36,20.968,37.254,21.138,1.0,MEDIUM,23.0,True,Williams,1,11.0,True,185.0,180.0,256.0,269.0,,,False,,False
5234.204,SAI,55,24.0,79.211,20.887,37.16,21.164,1.0,MEDIUM,24.0,True,Williams,1,11.0,True,190.0,183.0,256.0,270.0,,,False,,False
5313.619,SAI,55,25.0,79.415,21.026,37.245,21.144,1.0,MEDIUM,25.0,True,Williams,1,11.0,True,190.0,180.0,256.0,271.0,,,False,,False
5392.587,SAI,55,26.0,78.968,20.806,37.07,21.092,1.0,MEDIUM,26.0,True,Williams,1,11.0,True,191.0,180.0,257.0,271.0,,,False,,False
5471.614,SAI,55,27.0,79.027,20.851,37.101,21.075,1.0,MEDIUM,27.0,True,Williams,1,11.0,True,195.0,180.0,257.0,271.0,,,False,,False
5550.43,SAI,55,28.0,78.816,20.721,37.039,21.056,1.0,MEDIUM,28.0,True,Williams,1,11.0,True,193.0,184.0,256.0,272.0,,,False,,False
5629.469,SAI,55,29.0,79.039,20.813,37.096,21.13,1.0,MEDIUM,29.0,True,Williams,1,11.0,True,194.0,183.0,257.0,271.0,,,False,,False
5710.369,SAI,55,30.0,80.9,20.741,38.865,21.294,1.0,MEDIUM,30.0,True,Williams,1,11.0,True,194.0,175.0,257.0,271.0,,,False,,False
5789.188,SAI,55,31.0,78.819,20.762,37.07,20.987,1.0,MEDIUM,31.0,True,Williams,1,11.0,True,195.0,185.0,257.0,271.0,,,False,,False
5868.227,SAI,55,32.0,79.039,20.73,37.135,21.174,1.0,MEDIUM,32.0,True,Williams,1,11.0,True,197.0,185.0,257.0,271.0,,,False,,False
5949.871,SAI,55,33.0,81.644,20.913,37.777,22.954,1.0,MEDIUM,33.0,True,Williams,1,11.0,True,193.0,174.0,246.0,272.0,,,False,,False
6031.806,SAI,55,34.0,81.935,21.567,38.369,21.999,1.0,MEDIUM,34.0,True,Williams,1,11.0,True,176.0,166.0,254.0,270.0,,,False,,False
6113.706,SAI,55,35.0,81.9,21.546,38.554,21.8,1.0,MEDIUM,35.0,True,Williams,1,11.0,True,178.0,171.0,254.0,269.0,,,False,,False
6195.306,SAI,55,36.0,81.6,21.502,38.225,21.873,1.0,MEDIUM,36.0,True,Williams,1,11.0,True,183.0,171.0,252.0,268.0,,,False,,False
6276.531,SAI,55,37.0,81.225,21.263,38.128,21.834,1.0,MEDIUM,37.0,True,Williams,1,11.0,True,185.0,174.0,252.0,269.0,,,False,,False
6357.983,SAI,55,38.0,81.452,21.429,38.215,21.808,1.0,MEDIUM,38.0,True,Williams,1,11.0,True,190.0,178.0,251.0,267.0,,,False,,False
6441.065,SAI,55,39.0,83.082,22.699,38.489,21.894,1.0,MEDIUM,39.0,True,Williams,1,11.0,True,175.0,172.0,255.0,270.0,,,False,,False
6522.892,SAI,55,40.0,81.827,21.269,38.686,21.872,1.0,MEDIUM,40.0,True,Williams,1,11.0,True,181.0,171.0,255.0,269.0,,,False,,False
6605.485,SAI,55,41.0,82.593,21.112,39.606,21.875,1.0,MEDIUM,41.0,True,Williams,1,11.0,True,178.0,166.0,255.0,267.0,,,False,,False
6687.4,SAI,55,42.0,81.915,21.672,38.544,21.699,1.0,MEDIUM,42.0,True,Williams,1,11.0,True,185.0,177.0,255.0,269.0,,,False,,False
6768.445,SAI,55,43.0,81.045,21.81,37.739,21.496,1.0,MEDIUM,43.0,True,Williams,1,11.0,True,186.0,182.0,256.0,268.0,,,False,,False
6848.335,SAI,55,44.0,79.89,21.18,37.443,21.267,1.0,MEDIUM,44.0,True,Williams,1,11.0,True,183.0,183.0,256.0,270.0,,,False,,False
6928.133,SAI,55,45.0,79.798,21.128,37.657,21.013,1.0,MEDIUM,45.0,True,Williams,1,9.0,True,188.0,181.0,257.0,260.0,,,False,,False
7006.61,SAI,55,46.0,78.477,20.699,36.953,20.825,1.0,MEDIUM,46.0,True,Williams,1,9.0,True,198.0,182.0,257.0,270.0,,,False,,False
7084.979,SAI,55,47.0,78.369,20.667,36.816,20.886,1.0,MEDIUM,47.0,True,Williams,1,9.0,True,198.0,185.0,257.0,271.0,,,False,,False
7163.078,SAI,55,48.0,78.099,20.536,36.759,20.804,1.0,MEDIUM,48.0,True,Williams,1,9.0,True,202.0,187.0,256.0,270.0,,,False,,False
7241.269,SAI,55,49.0,78.191,20.608,36.8,20.783,1.0,MEDIUM,49.0,True,Williams,1,9.0,True,198.0,183.0,257.0,270.0,,,False,,False
7319.341,SAI,55,50.0,78.072,20.545,36.742,20.785,1.0,MEDIUM,50.0,True,Williams,1,9.0,True,201.0,186.0,257.0,271.0,,,False,,False
7397.363,SAI,55,51.0,78.022,20.561,36.647,20.814,1.0,MEDIUM,51.0,True,Williams,1,9.0,True,199.0,186.0,257.0,271.0,,,False,,False
7493.939,SAI,55,52.0,96.576,20.569,36.773,39.234,1.0,MEDIUM,52.0,True,Williams,1,10.0,False,198.0,187.0,,271.0,,7468.979,False,,False
7575.831,SAI,55,53.0,81.892,24.049,37.243,20.6,2.0,SOFT,1.0,True,Williams,1,10.0,False,182.0,186.0,258.0,270.0,7494.713,,False,,False
7655.277,SAI,55,54.0,79.446,20.326,37.195,21.925,2.0,SOFT,2.0,True,Williams,1,10.0,True,199.0,180.0,221.0,272.0,,,True,TRACK LIMITS AT TURN 10 LAP 54 ,False
7735.041,SAI,55,55.0,79.764,21.79,37.213,20.761,2.0,SOFT,3.0,True,Williams,1,10.0,True,188.0,186.0,256.0,267.0,,,False,,False
7815.009,SAI,55,56.0,79.968,20.511,38.185,21.272,2.0,SOFT,4.0,True,Williams,1,11.0,True,187.0,182.0,258.0,270.0,,,False,,False
7893.104,SAI,55,57.0,78.095,20.574,36.753,20.768,2.0,SOFT,5.0,True,Williams,1,11.0,True,193.0,184.0,264.0,280.0,,,False,,False
7991.216,SAI,55,58.0,98.112,20.655,47.107,30.35,2.0,SOFT,6.0,True,Williams,124,11.0,False,197.0,158.0,173.0,104.0,,,False,,False
8100.991,SAI,55,59.0,109.775,24.367,48.136,37.272,2.0,SOFT,7.0,True,Williams,4,11.0,False,144.0,150.0,,218.0,,8081.857,False,,False
8212.087,SAI,55,60.0,111.096,26.467,53.326,31.303,3.0,SOFT,8.0,False,Williams,4,11.0,False,130.0,163.0,161.0,157.0,8101.76,,False,,False
8331.684,SAI,55,61.0,119.597,34.247,50.746,34.604,3.0,SOFT,9.0,False,Williams,4,11.0,False,107.0,157.0,96.0,166.0,,,False,,False
8423.271,SAI,55,62.0,91.587,28.374,40.652,22.561,3.0,SOFT,10.0,False,Williams,4,11.0,False,153.0,173.0,250.0,263.0,,,False,,False
8507.353,SAI,55,63.0,84.082,22.069,39.258,22.755,3.0,SOFT,11.0,False,Williams,4,11.0,False,168.0,171.0,247.0,245.0,,,False,,False
8588.446,SAI,55,64.0,81.093,21.708,37.602,21.783,3.0,SOFT,12.0,False,Williams,412,11.0,False,174.0,187.0,256.0,265.0,,,False,,False
8701.007,SAI,55,65.0,112.561,22.681,50.101,39.779,3.0,SOFT,13.0,False,Williams,24,10.0,False,71.0,148.0,,179.0,,8679.774,False,,False
8808.403,SAI,55,66.0,107.396,30.666,48.423,28.307,4.0,SOFT,14.0,False,Williams,4,10.0,False,160.0,137.0,186.0,240.0,8701.921,,False,,False
10939.666,SAI,55,67.0,,25.257,54.545,,4.0,SOFT,15.0,False,Williams,451,10.0,False,89.0,121.0,,181.0,,8914.621,False,,False
11084.669,SAI,55,68.0,145.003,27.171,40.426,77.406,5.0,SOFT,5.0,False,Williams,14,10.0,False,167.0,178.0,,259.0,10940.327,11023.463,False,,False
11177.501,SAI,55,69.0,92.832,28.253,40.059,24.52,6.0,SOFT,5.0,False,Williams,4,10.0,False,160.0,177.0,222.0,242.0,11085.282,,False,,False
11332.821,SAI,55,70.0,,25.577,51.219,78.575,6.0,SOFT,6.0,False,Williams,41,10.0,False,96.0,163.0,130.0,232.0,,,False,,False
11482.821,SAI,55,71.0,,,,,6.0,SOFT,7.0,False,Williams,12,,False,,,,,,,False,,True
3406.607,HAD,6,1.0,86.741,,38.197,21.155,1.0,MEDIUM,1.0,True,Red Bull Racing,12,4.0,False,169.0,181.0,252.0,263.0,,,False,,False
3485.785,HAD,6,2.0,79.178,21.167,37.22,20.791,1.0,MEDIUM,2.0,True,Red Bull Racing,1,4.0,True,191.0,184.0,253.0,267.0,,,False,,False
3563.925,HAD,6,3.0,78.14,20.592,36.958,20.59,1.0,MEDIUM,3.0,True,Red Bull Racing,1,4.0,True,194.0,182.0,254.0,266.0,,,False,,False
3641.476,HAD,6,4.0,77.551,20.475,36.606,20.47,1.0,MEDIUM,4.0,True,Red Bull Racing,1,4.0,True,191.0,185.0,254.0,268.0,,,False,,False
3718.878,HAD,6,5.0,77.402,20.387,36.556,20.459,1.0,MEDIUM,5.0,True,Red Bull Racing,1,4.0,True,197.0,184.0,255.0,267.0,,,False,,False
3796.484,HAD,6,6.0,77.606,20.374,36.618,20.614,1.0,MEDIUM,6.0,True,Red Bull Racing,1,4.0,True,197.0,183.0,255.0,267.0,,,False,,False
3873.912,HAD,6,7.0,77.428,20.304,36.489,20.635,1.0,MEDIUM,7.0,True,Red Bull Racing,1,4.0,True,193.0,186.0,255.0,268.0,,,False,,False
3951.601,HAD,6,8.0,77.689,20.549,36.563,20.577,1.0,MEDIUM,8.0,True,Red Bull Racing,1,4.0,True,190.0,185.0,254.0,267.0,,,False,,False
4028.917,HAD,6,9.0,77.316,20.346,36.492,20.478,1.0,MEDIUM,9.0,True,Red Bull Racing,1,4.0,True,193.0,185.0,255.0,269.0,,,False,,False
4106.055,HAD,6,10.0,77.138,20.184,36.398,20.556,1.0,MEDIUM,10.0,True,Red Bull Racing,1,4.0,True,197.0,185.0,254.0,268.0,,,False,,False
4183.585,HAD,6,11.0,77.53,20.212,36.643,20.675,1.0,MEDIUM,11.0,True,Red Bull Racing,1,4.0,True,198.0,186.0,255.0,269.0,,,False,,False
4261.296,HAD,6,12.0,77.711,20.344,36.667,20.7,1.0,MEDIUM,12.0,True,Red Bull Racing,1,4.0,True,197.0,184.0,255.0,269.0,,,False,,False
4339.836,HAD,6,13.0,78.54,20.512,37.115,20.913,1.0,MEDIUM,13.0,True,Red Bull Racing,1,4.0,True,191.0,182.0,254.0,268.0,,,False,,False
4418.328,HAD,6,14.0,78.492,20.556,37.07,20.866,1.0,MEDIUM,14.0,True,Red Bull Racing,1,4.0,True,195.0,181.0,254.0,267.0,,,False,,False
4496.605,HAD,6,15.0,78.277,20.418,36.987,20.872,1.0,MEDIUM,15.0,True,Red Bull Racing,1,4.0,True,197.0,181.0,254.0,267.0,,,False,,False
4574.844,HAD,6,16.0,78.239,20.368,37.063,20.808,1.0,MEDIUM,16.0,True,Red Bull Racing,1,4.0,True,200.0,180.0,255.0,268.0,,,False,,False
4653.148,HAD,6,17.0,78.304,20.431,37.014,20.859,1.0,MEDIUM,17.0,True,Red Bull Racing,1,4.0,True,198.0,181.0,255.0,267.0,,,False,,False
4731.97,HAD,6,18.0,78.822,20.437,37.159,21.226,1.0,MEDIUM,18.0,True,Red Bull Racing,1,4.0,True,200.0,180.0,250.0,268.0,,,False,,False
4811.317,HAD,6,19.0,79.347,20.795,37.559,20.993,1.0,MEDIUM,19.0,True,Red Bull Racing,1,4.0,True,190.0,181.0,248.0,265.0,,,False,,False
4890.167,HAD,6,20.0,78.85,20.765,37.045,21.04,1.0,MEDIUM,20.0,True,Red Bull Racing,1,4.0,True,195.0,180.0,248.0,265.0,,,False,,False
4969.256,HAD,6,21.0,79.089,20.739,37.392,20.958,1.0,MEDIUM,21.0,True,Red Bull Racing,1,4.0,True,193.0,182.0,251.0,266.0,,,False,,False
5048.677,HAD,6,22.0,79.421,20.671,37.687,21.063,1.0,MEDIUM,22.0,True,Red Bull Racing,1,4.0,True,194.0,182.0,249.0,260.0,,,False,,False
5127.864,HAD,6,23.0,79.187,20.592,37.49,21.105,1.0,MEDIUM,23.0,True,Red Bull Racing,1,4.0,True,192.0,182.0,251.0,265.0,,,False,,False
5206.77,HAD,6,24.0,78.906,20.653,37.152,21.101,1.0,MEDIUM,24.0,True,Red Bull Racing,1,4.0,True,195.0,182.0,252.0,264.0,,,False,,False
5286.188,HAD,6,25.0,79.418,20.622,37.773,21.023,1.0,MEDIUM,25.0,True,Red Bull Racing,1,4.0,True,195.0,182.0,252.0,262.0,,,False,,False
5365.048,HAD,6,26.0,78.86,20.576,37.297,20.987,1.0,MEDIUM,26.0,True,Red Bull Racing,1,4.0,True,196.0,184.0,249.0,265.0,,,False,,False
5444.122,HAD,6,27.0,79.074,20.749,37.344,20.981,1.0,MEDIUM,27.0,True,Red Bull Racing,1,4.0,True,196.0,180.0,251.0,267.0,,,True,TRACK LIMITS AT TURN 10 LAP 27 ,False
5522.817,HAD,6,28.0,78.695,20.58,37.198,20.917,1.0,MEDIUM,28.0,True,Red Bull Racing,1,4.0,True,197.0,184.0,251.0,266.0,,,False,,False
5601.635,HAD,6,29.0,78.818,20.614,37.249,20.955,1.0,MEDIUM,29.0,True,Red Bull Racing,1,4.0,True,196.0,186.0,250.0,265.0,,,False,,False
5680.453,HAD,6,30.0,78.818,20.646,37.131,21.041,1.0,MEDIUM,30.0,True,Red Bull Racing,1,4.0,True,198.0,183.0,251.0,264.0,,,False,,False
5759.168,HAD,6,31.0,78.715,20.636,37.185,20.894,1.0,MEDIUM,31.0,True,Red Bull Racing,1,4.0,True,199.0,184.0,250.0,266.0,,,False,,False
5855.359,HAD,6,32.0,96.191,20.611,37.225,38.355,1.0,MEDIUM,32.0,True,Red Bull Racing,1,7.0,False,197.0,185.0,,266.0,,5831.255,False,,False
5940.48,HAD,6,33.0,85.121,24.187,38.41,22.524,2.0,HARD,1.0,True,Red Bull Racing,1,8.0,False,179.0,180.0,249.0,265.0,5856.178,,False,,False
6019.475,HAD,6,34.0,78.995,20.851,37.173,20.971,2.0,HARD,2.0,True,Red Bull Racing,1,8.0,True,191.0,175.0,249.0,265.0,,,False,,False
6097.26,HAD,6,35.0,77.785,20.517,36.71,20.558,2.0,HARD,3.0,True,Red Bull Racing,1,8.0,True,193.0,185.0,252.0,267.0,,,False,,False
6174.966,HAD,6,36.0,77.706,20.357,36.851,20.498,2.0,HARD,4.0,True,Red Bull Racing,1,8.0,True,198.0,186.0,250.0,267.0,,,False,,False
6252.877,HAD,6,37.0,77.911,20.349,36.906,20.656,2.0,HARD,5.0,True,Red Bull Racing,1,8.0,True,199.0,185.0,252.0,264.0,,,False,,False
6330.655,HAD,6,38.0,77.778,20.499,36.66,20.619,2.0,HARD,6.0,True,Red Bull Racing,1,8.0,True,199.0,186.0,250.0,264.0,,,False,,False
6407.984,HAD,6,39.0,77.329,20.439,36.486,20.404,2.0,HARD,7.0,True,Red Bull Racing,1,8.0,True,201.0,188.0,253.0,264.0,,,False,,False
6485.368,HAD,6,40.0,77.384,20.234,36.449,20.701,2.0,HARD,8.0,True,Red Bull Racing,1,8.0,True,199.0,186.0,252.0,265.0,,,False,,False
6562.759,HAD,6,41.0,77.391,20.19,36.541,20.66,2.0,HARD,9.0,True,Red Bull Racing,1,8.0,True,202.0,187.0,253.0,265.0,,,False,,False
6640.919,HAD,6,42.0,78.16,20.312,36.884,20.964,2.0,HARD,10.0,True,Red Bull Racing,1,8.0,True,199.0,187.0,253.0,266.0,,,False,,False
6719.698,HAD,6,43.0,78.779,20.666,37.248,20.865,2.0,HARD,11.0,True,Red Bull Racing,1,8.0,True,200.0,184.0,253.0,265.0,,,False,,False
6798.475,HAD,6,44.0,78.777,20.403,37.547,20.827,2.0,HARD,12.0,True,Red Bull Racing,1,8.0,True,199.0,178.0,253.0,266.0,,,False,,False
6876.09,HAD,6,45.0,77.615,20.236,36.791,20.588,2.0,HARD,13.0,True,Red Bull Racing,1,6.0,True,200.0,184.0,253.0,263.0,,,False,,False
6953.447,HAD,6,46.0,77.357,20.311,36.529,20.517,2.0,HARD,14.0,True,Red Bull Racing,1,6.0,True,203.0,186.0,251.0,262.0,,,False,,False
7030.783,HAD,6,47.0,77.336,20.26,36.495,20.581,2.0,HARD,15.0,True,Red Bull Racing,1,6.0,True,202.0,188.0,252.0,265.0,,,False,,False
7110.137,HAD,6,48.0,79.354,20.262,38.232,20.86,2.0,HARD,16.0,True,Red Bull Racing,1,5.0,True,200.0,181.0,253.0,265.0,,,False,,False
7188.027,HAD,6,49.0,77.89,20.309,36.887,20.694,2.0,HARD,17.0,True,Red Bull Racing,1,5.0,True,200.0,180.0,253.0,266.0,,,False,,False
7265.531,HAD,6,50.0,77.504,20.38,36.512,20.612,2.0,HARD,18.0,True,Red Bull Racing,1,5.0,True,201.0,186.0,251.0,267.0,,,False,,False
7343.305,HAD,6,51.0,77.774,20.52,36.54,20.714,2.0,HARD,19.0,True,Red Bull Racing,1,5.0,True,202.0,188.0,250.0,268.0,,,False,,False
7421.221,HAD,6,52.0,77.916,20.509,36.799,20.608,2.0,HARD,20.0,True,Red Bull Racing,1,5.0,True,202.0,189.0,251.0,267.0,,,False,,False
7498.949,HAD,6,53.0,77.728,20.351,36.735,20.642,2.0,HARD,21.0,True,Red Bull Racing,1,5.0,True,200.0,187.0,254.0,265.0,,,False,,False
7577.743,HAD,6,54.0,78.794,20.859,37.386,20.549,2.0,HARD,22.0,True,Red Bull Racing,1,5.0,True,184.0,187.0,252.0,266.0,,,False,,False
7655.416,HAD,6,55.0,77.673,20.223,36.584,20.866,2.0,HARD,23.0,True,Red Bull Racing,1,5.0,True,200.0,186.0,255.0,264.0,,,False,,False
7732.767,HAD,6,56.0,77.351,20.302,36.488,20.561,2.0,HARD,24.0,True,Red Bull Racing,1,5.0,True,204.0,186.0,250.0,268.0,,,False,,False
7810.361,HAD,6,57.0,77.594,20.239,36.718,20.637,2.0,HARD,25.0,True,Red Bull Racing,1,5.0,True,202.0,186.0,250.0,263.0,,,False,,False
7887.64,HAD,6,58.0,77.279,20.349,36.401,20.529,2.0,HARD,26.0,True,Red Bull Racing,1,5.0,True,204.0,186.0,249.0,261.0,,,False,,False
7980.335,HAD,6,59.0,92.695,20.158,43.151,29.386,2.0,HARD,27.0,True,Red Bull Racing,124,5.0,False,201.0,132.0,211.0,255.0,,,False,,False
8093.005,HAD,6,60.0,112.67,24.654,50.298,37.718,2.0,HARD,28.0,True,Red Bull Racing,4,4.0,False,134.0,137.0,,230.0,,8074.368,False,,False
8207.923,HAD,6,61.0,114.918,29.795,53.152,31.971,3.0,HARD,29.0,False,Red Bull Racing,4,4.0,False,133.0,99.0,178.0,179.0,8093.726,,False,,False
8328.483,HAD,6,62.0,120.56,34.209,51.113,35.238,3.0,HARD,30.0,False,Red Bull Racing,4,4.0,False,142.0,123.0,101.0,165.0,,,False,,False
8415.58,HAD,6,63.0,87.097,26.498,38.658,21.941,3.0,HARD,31.0,False,Red Bull Racing,4,4.0,False,179.0,172.0,246.0,258.0,,,False,,False
8495.554,HAD,6,64.0,79.974,20.952,37.53,21.492,3.0,HARD,32.0,False,Red Bull Racing,4,4.0,False,196.0,174.0,243.0,259.0,,,False,,False
8581.808,HAD,6,65.0,86.254,20.721,40.087,25.446,3.0,HARD,33.0,False,Red Bull Racing,412,3.0,False,189.0,122.0,246.0,257.0,,,False,,False
8694.946,HAD,6,66.0,113.138,21.236,50.79,41.112,3.0,HARD,34.0,False,Red Bull Racing,24,3.0,False,194.0,163.0,,222.0,,8673.867,False,,False
8800.479,HAD,6,67.0,105.533,28.035,51.787,25.711,4.0,HARD,35.0,False,Red Bull Racing,4,3.0,False,134.0,159.0,212.0,231.0,8696.16,,False,,False
11064.871,HAD,6,68.0,,28.744,54.483,,4.0,HARD,36.0,False,Red Bull Racing,451,3.0,False,109.0,107.0,,189.0,,8909.174,False,,False
11165.391,HAD,6,69.0,100.52,29.752,41.494,29.274,5.0,SOFT,5.0,False,Red Bull Racing,14,3.0,False,156.0,118.0,145.0,229.0,11065.563,,False,,False
11331.196,HAD,6,70.0,,29.358,49.605,86.904,5.0,SOFT,6.0,False,Red Bull Racing,41,3.0,False,147.0,130.0,2.0,160.0,,,False,,False
11419.238,HAD,6,71.0,88.042,26.431,40.181,21.43,5.0,SOFT,7.0,False,Red Bull Racing,12,5.0,True,159.0,174.0,238.0,261.0,,,False,,False
11497.735,HAD,6,72.0,78.497,21.35,36.621,20.526,5.0,SOFT,8.0,False,Red Bull Racing,1,4.0,True,192.0,189.0,241.0,259.0,,,False,,False
11574.548,HAD,6,73.0,76.813,20.529,36.12,20.164,5.0,SOFT,9.0,False,Red Bull Racing,1,4.0,True,197.0,192.0,249.0,256.0,,,False,,False
11651.176,HAD,6,74.0,76.628,20.166,36.032,20.43,5.0,SOFT,10.0,False,Red Bull Racing,1,4.0,True,200.0,189.0,247.0,261.0,,,False,,False
11727.264,HAD,6,75.0,76.088,20.142,35.836,20.11,5.0,SOFT,11.0,False,Red Bull Racing,1,4.0,True,195.0,193.0,250.0,261.0,,,False,,False
11803.162,HAD,6,76.0,75.898,20.003,35.735,20.16,5.0,SOFT,12.0,False,Red Bull Racing,1,4.0,True,191.0,193.0,250.0,261.0,,,False,,False
11878.831,HAD,6,77.0,75.669,19.955,35.578,20.136,5.0,SOFT,13.0,False,Red Bull Racing,1,4.0,True,200.0,192.0,250.0,261.0,,,False,,False
11954.604,HAD,6,78.0,75.773,19.91,35.603,20.26,5.0,SOFT,14.0,False,Red Bull Racing,1,4.0,True,199.0,194.0,249.0,261.0,,,False,,False
3407.542,RUS,63,1.0,87.676,,38.369,21.245,1.0,MEDIUM,1.0,True,Mercedes,12,5.0,False,161.0,177.0,259.0,265.0,,,False,,False
3487.568,RUS,63,2.0,80.026,21.335,37.577,21.114,1.0,MEDIUM,2.0,True,Mercedes,1,5.0,True,174.0,180.0,253.0,269.0,,,False,,False
3565.979,RUS,63,3.0,78.411,20.825,36.736,20.85,1.0,MEDIUM,3.0,True,Mercedes,1,5.0,True,191.0,181.0,255.0,266.0,,,False,,False
3644.076,RUS,63,4.0,78.097,20.613,36.817,20.667,1.0,MEDIUM,4.0,True,Mercedes,1,5.0,True,194.0,186.0,255.0,265.0,,,False,,False
3721.674,RUS,63,5.0,77.598,20.597,36.352,20.649,1.0,MEDIUM,5.0,True,Mercedes,1,5.0,True,197.0,184.0,255.0,267.0,,,False,,False
3798.931,RUS,63,6.0,77.257,20.295,36.399,20.563,1.0,MEDIUM,6.0,True,Mercedes,1,5.0,True,206.0,188.0,255.0,267.0,,,False,,False
3876.086,RUS,63,7.0,77.155,20.351,36.256,20.548,1.0,MEDIUM,7.0,True,Mercedes,1,5.0,True,194.0,191.0,255.0,269.0,,,False,,False
3953.274,RUS,63,8.0,77.188,20.337,36.24,20.611,1.0,MEDIUM,8.0,True,Mercedes,1,5.0,True,196.0,188.0,256.0,269.0,,,False,,False
4030.626,RUS,63,9.0,77.352,20.427,36.28,20.645,1.0,MEDIUM,9.0,True,Mercedes,1,5.0,True,200.0,187.0,256.0,270.0,,,False,,False
4107.848,RUS,63,10.0,77.222,20.415,36.229,20.578,1.0,MEDIUM,10.0,True,Mercedes,1,5.0,True,196.0,188.0,255.0,270.0,,,False,,False
4185.212,RUS,63,11.0,77.364,20.282,36.356,20.726,1.0,MEDIUM,11.0,True,Mercedes,1,5.0,True,200.0,187.0,256.0,270.0,,,False,,False
4262.808,RUS,63,12.0,77.596,20.349,36.395,20.852,1.0,MEDIUM,12.0,True,Mercedes,1,5.0,True,197.0,189.0,256.0,272.0,,,False,,False
4340.699,RUS,63,13.0,77.891,20.491,36.514,20.886,1.0,MEDIUM,13.0,True,Mercedes,1,5.0,True,194.0,183.0,262.0,271.0,,,False,,False
4419.278,RUS,63,14.0,78.579,20.936,36.822,20.821,1.0,MEDIUM,14.0,True,Mercedes,1,5.0,True,189.0,181.0,260.0,277.0,,,False,,False
4497.282,RUS,63,15.0,78.004,20.374,36.61,21.02,1.0,MEDIUM,15.0,True,Mercedes,1,5.0,True,189.0,184.0,261.0,278.0,,,False,,False
4575.75,RUS,63,16.0,78.468,20.658,36.853,20.957,1.0,MEDIUM,16.0,True,Mercedes,1,5.0,True,194.0,187.0,261.0,278.0,,,False,,False
4654.161,RUS,63,17.0,78.411,20.458,36.934,21.019,1.0,MEDIUM,17.0,True,Mercedes,1,5.0,True,196.0,184.0,261.0,278.0,,,False,,False
4732.635,RUS,63,18.0,78.474,20.515,36.897,21.062,1.0,MEDIUM,18.0,True,Mercedes,1,5.0,True,194.0,181.0,261.0,277.0,,,False,,False
4811.857,RUS,63,19.0,79.222,20.745,37.276,21.201,1.0,MEDIUM,19.0,True,Mercedes,1,5.0,True,182.0,182.0,261.0,280.0,,,False,,False
4890.68,RUS,63,20.0,78.823,20.894,36.841,21.088,1.0,MEDIUM,20.0,True,Mercedes,1,5.0,True,191.0,182.0,261.0,279.0,,,False,,False
4969.909,RUS,63,21.0,79.229,20.774,37.176,21.279,1.0,MEDIUM,21.0,True,Mercedes,1,5.0,True,188.0,180.0,258.0,280.0,,,False,,False
5049.269,RUS,63,22.0,79.36,20.591,37.475,21.294,1.0,MEDIUM,22.0,True,Mercedes,1,5.0,True,194.0,178.0,261.0,271.0,,,False,,False
5128.319,RUS,63,23.0,79.05,20.775,37.086,21.189,1.0,MEDIUM,23.0,True,Mercedes,1,5.0,True,189.0,180.0,262.0,279.0,,,False,,False
5207.214,RUS,63,24.0,78.895,20.81,36.951,21.134,1.0,MEDIUM,24.0,True,Mercedes,1,5.0,True,184.0,182.0,262.0,280.0,,,False,,False
5286.747,RUS,63,25.0,79.533,20.671,37.627,21.235,1.0,MEDIUM,25.0,True,Mercedes,1,5.0,True,184.0,176.0,262.0,280.0,,,False,,False
5365.541,RUS,63,26.0,78.794,20.651,37.072,21.071,1.0,MEDIUM,26.0,True,Mercedes,1,5.0,True,193.0,177.0,262.0,281.0,,,False,,False
5444.724,RUS,63,27.0,79.183,20.783,37.13,21.27,1.0,MEDIUM,27.0,True,Mercedes,1,5.0,True,187.0,178.0,261.0,281.0,,,False,,False
5523.489,RUS,63,28.0,78.765,20.693,37.033,21.039,1.0,MEDIUM,28.0,True,Mercedes,1,5.0,True,188.0,179.0,261.0,280.0,,,False,,False
5602.204,RUS,63,29.0,78.715,20.681,36.95,21.084,1.0,MEDIUM,29.0,True,Mercedes,1,5.0,True,192.0,181.0,261.0,280.0,,,False,,False
5680.957,RUS,63,30.0,78.753,20.676,36.972,21.105,1.0,MEDIUM,30.0,True,Mercedes,1,5.0,True,192.0,180.0,262.0,279.0,,,False,,False
5776.277,RUS,63,31.0,95.32,20.701,37.098,37.521,1.0,MEDIUM,31.0,True,Mercedes,1,8.0,False,189.0,184.0,,271.0,,5753.085,False,,False
5857.052,RUS,63,32.0,80.775,23.494,36.602,20.679,2.0,HARD,1.0,True,Mercedes,1,8.0,False,181.0,192.0,236.0,270.0,5777.116,,False,,False
5934.507,RUS,63,33.0,77.455,20.682,36.266,20.507,2.0,HARD,2.0,True,Mercedes,1,7.0,True,193.0,186.0,249.0,270.0,,,False,,False
6011.138,RUS,63,34.0,76.631,20.233,35.972,20.426,2.0,HARD,3.0,True,Mercedes,1,7.0,True,196.0,187.0,255.0,270.0,,,False,,False
6087.586,RUS,63,35.0,76.448,20.2,35.949,20.299,2.0,HARD,4.0,True,Mercedes,1,7.0,True,198.0,193.0,256.0,271.0,,,False,,False
6163.829,RUS,63,36.0,76.243,20.023,35.885,20.335,2.0,HARD,5.0,True,Mercedes,1,7.0,True,205.0,190.0,257.0,271.0,,,False,,False
6240.855,RUS,63,37.0,77.026,20.224,36.274,20.528,2.0,HARD,6.0,True,Mercedes,1,7.0,True,196.0,190.0,257.0,272.0,,,False,,False
6318.676,RUS,63,38.0,77.821,20.396,36.536,20.889,2.0,HARD,7.0,True,Mercedes,1,7.0,True,190.0,189.0,257.0,272.0,,,False,,False
6397.765,RUS,63,39.0,79.089,20.777,37.194,21.118,2.0,HARD,8.0,True,Mercedes,1,7.0,True,181.0,185.0,263.0,272.0,,,False,,False
6476.835,RUS,63,40.0,79.07,20.841,37.047,21.182,2.0,HARD,9.0,True,Mercedes,1,7.0,True,184.0,184.0,262.0,280.0,,,False,,False
6557.438,RUS,63,41.0,80.603,21.484,37.474,21.645,2.0,HARD,10.0,True,Mercedes,1,7.0,True,179.0,180.0,263.0,282.0,,,False,,False
6637.847,RUS,63,42.0,80.409,21.476,37.668,21.265,2.0,HARD,11.0,True,Mercedes,1,7.0,True,176.0,180.0,262.0,281.0,,,False,,False
6717.264,RUS,63,43.0,79.417,20.914,37.515,20.988,2.0,HARD,12.0,True,Mercedes,1,7.0,True,180.0,182.0,262.0,282.0,,,False,,False
6795.886,RUS,63,44.0,78.622,20.496,37.109,21.017,2.0,HARD,13.0,True,Mercedes,1,7.0,True,188.0,182.0,256.0,259.0,,,False,,False
6873.057,RUS,63,45.0,77.171,20.409,36.231,20.531,2.0,HARD,14.0,True,Mercedes,1,5.0,True,201.0,188.0,257.0,272.0,,,False,,False
6949.499,RUS,63,46.0,76.442,20.099,35.875,20.468,2.0,HARD,15.0,True,Mercedes,1,5.0,True,203.0,191.0,257.0,271.0,,,False,,False
7025.976,RUS,63,47.0,76.477,20.072,35.965,20.44,2.0,HARD,16.0,True,Mercedes,1,5.0,True,199.0,191.0,257.0,272.0,,,False,,False
7104.268,RUS,63,48.0,78.292,20.324,37.437,20.531,2.0,HARD,17.0,True,Mercedes,1,4.0,True,197.0,186.0,258.0,273.0,,,False,,False
7181.042,RUS,63,49.0,76.774,20.07,36.119,20.585,2.0,HARD,18.0,True,Mercedes,1,4.0,True,205.0,189.0,258.0,271.0,,,False,,False
7258.444,RUS,63,50.0,77.402,20.318,36.578,20.506,2.0,HARD,19.0,True,Mercedes,1,4.0,True,189.0,192.0,257.0,270.0,,,False,,False
7335.752,RUS,63,51.0,77.308,20.197,36.417,20.694,2.0,HARD,20.0,True,Mercedes,1,4.0,True,200.0,193.0,262.0,272.0,,,False,,False
7412.723,RUS,63,52.0,76.971,20.681,35.97,20.32,2.0,HARD,21.0,True,Mercedes,1,4.0,True,178.0,193.0,257.0,280.0,,,False,,False
7488.753,RUS,63,53.0,76.03,19.869,35.944,20.217,2.0,HARD,22.0,True,Mercedes,1,4.0,True,198.0,193.0,256.0,271.0,,,False,,False
7567.931,RUS,63,54.0,79.178,19.794,38.71,20.674,2.0,HARD,23.0,True,Mercedes,1,4.0,True,208.0,188.0,257.0,266.0,,,False,,False
7644.419,RUS,63,55.0,76.488,20.123,36.027,20.338,2.0,HARD,24.0,True,Mercedes,1,4.0,True,202.0,191.0,257.0,270.0,,,False,,False
7720.192,RUS,63,56.0,75.773,19.823,35.741,20.209,2.0,HARD,25.0,True,Mercedes,1,4.0,True,204.0,192.0,258.0,271.0,,,False,,False
7796.019,RUS,63,57.0,75.827,19.784,35.729,20.314,2.0,HARD,26.0,True,Mercedes,1,4.0,True,206.0,192.0,258.0,271.0,,,False,,False
7871.845,RUS,63,58.0,75.826,19.77,35.795,20.261,2.0,HARD,27.0,True,Mercedes,1,4.0,True,208.0,191.0,258.0,270.0,,,False,,False
7959.342,RUS,63,59.0,87.497,19.773,35.969,31.755,2.0,HARD,28.0,True,Mercedes,124,4.0,False,207.0,191.0,189.0,271.0,,,False,,False
8097.028,RUS,63,60.0,137.686,24.372,55.014,58.3,2.0,HARD,29.0,True,Mercedes,4,5.0,False,164.0,112.0,,151.0,,8062.544,False,,False
8208.833,RUS,63,61.0,111.805,27.639,52.262,31.904,3.0,SOFT,5.0,False,Mercedes,4,5.0,False,146.0,132.0,154.0,138.0,8097.827,,False,,False
8329.251,RUS,63,62.0,120.418,34.703,50.518,35.197,3.0,SOFT,6.0,False,Mercedes,4,5.0,False,121.0,129.0,102.0,170.0,,,False,,False
8420.327,RUS,63,63.0,91.076,28.777,39.902,22.397,3.0,SOFT,7.0,False,Mercedes,4,5.0,False,156.0,176.0,251.0,237.0,,,False,,False
8500.206,RUS,63,64.0,79.879,21.383,37.78,20.716,3.0,SOFT,8.0,False,Mercedes,4,5.0,False,181.0,186.0,256.0,267.0,,,False,,False
8581.999,RUS,63,65.0,81.793,20.312,37.554,23.927,3.0,SOFT,9.0,False,Mercedes,412,4.0,False,195.0,145.0,257.0,252.0,,,False,,False
8697.06,RUS,63,66.0,115.061,21.475,51.736,41.85,3.0,SOFT,10.0,False,Mercedes,24,4.0,False,182.0,162.0,,212.0,,8675.571,False,,False
8803.285,RUS,63,67.0,106.225,28.227,50.411,27.587,4.0,SOFT,11.0,False,Mercedes,4,4.0,False,156.0,146.0,225.0,226.0,8698.155,,False,,False
11067.688,RUS,63,68.0,,26.797,54.804,,4.0,SOFT,12.0,False,Mercedes,451,4.0,False,127.0,117.0,,207.0,,8910.283,False,,False
11166.0,RUS,63,69.0,98.312,28.473,41.188,28.651,5.0,SOFT,5.0,False,Mercedes,14,4.0,False,157.0,142.0,165.0,231.0,11068.391,,False,,False
11331.328,RUS,63,70.0,,30.051,49.944,85.355,5.0,SOFT,6.0,False,Mercedes,41,4.0,False,92.0,171.0,2.0,158.0,,,False,,False
11416.184,RUS,63,71.0,84.856,25.639,38.752,20.465,5.0,SOFT,7.0,False,Mercedes,12,3.0,True,154.0,190.0,257.0,264.0,,,False,,False
11504.439,RUS,63,72.0,88.255,20.083,35.542,32.63,5.0,SOFT,8.0,False,Mercedes,1,11.0,False,208.0,195.0,,269.0,,11485.375,False,,False
11586.324,RUS,63,73.0,81.885,23.526,37.495,20.864,6.0,SOFT,9.0,False,Mercedes,1,14.0,False,183.0,185.0,264.0,274.0,11505.596,,False,,False
11664.482,RUS,63,74.0,78.158,20.743,36.425,20.99,6.0,SOFT,10.0,False,Mercedes,1,14.0,True,186.0,184.0,265.0,286.0,,,False,,False
11742.387,RUS,63,75.0,77.905,20.692,36.376,20.837,6.0,SOFT,11.0,False,Mercedes,1,14.0,True,186.0,185.0,265.0,286.0,,,False,,False
11819.983,RUS,63,76.0,77.596,20.567,36.286,20.743,6.0,SOFT,12.0,False,Mercedes,1,14.0,True,191.0,188.0,266.0,284.0,,,False,,False
11897.253,RUS,63,77.0,77.27,20.389,36.09,20.791,6.0,SOFT,13.0,False,Mercedes,1,14.0,True,189.0,187.0,266.0,286.0,,,False,,False
11974.51,RUS,63,78.0,77.257,20.243,36.187,20.827,6.0,SOFT,14.0,False,Mercedes,1,14.0,True,196.0,184.0,257.0,286.0,,,False,,False
3438.009,BOT,77,1.0,118.143,,43.033,41.429,1.0,SOFT,1.0,True,Cadillac,12,19.0,False,161.0,173.0,,259.0,,3411.98,False,,False
3522.142,BOT,77,2.0,84.133,24.612,38.096,21.425,2.0,MEDIUM,1.0,True,Cadillac,1,19.0,False,184.0,176.0,253.0,265.0,3438.745,,False,,False
3603.895,BOT,77,3.0,81.753,21.773,38.422,21.558,2.0,MEDIUM,2.0,True,Cadillac,1,19.0,True,181.0,176.0,253.0,255.0,,,False,,False
3685.504,BOT,77,4.0,81.609,21.958,38.198,21.453,2.0,MEDIUM,3.0,True,Cadillac,1,19.0,True,187.0,172.0,254.0,255.0,,,False,,False
3767.416,BOT,77,5.0,81.912,22.077,38.471,21.364,2.0,MEDIUM,4.0,True,Cadillac,1,19.0,True,185.0,177.0,254.0,252.0,,,False,,False
3848.709,BOT,77,6.0,81.293,22.007,38.11,21.176,2.0,MEDIUM,5.0,True,Cadillac,1,19.0,True,187.0,177.0,254.0,251.0,,,False,,False
3929.846,BOT,77,7.0,81.137,21.993,37.984,21.16,2.0,MEDIUM,6.0,True,Cadillac,1,19.0,True,189.0,179.0,253.0,252.0,,,False,,False
4010.34,BOT,77,8.0,80.494,21.46,37.781,21.253,2.0,MEDIUM,7.0,True,Cadillac,1,19.0,True,192.0,178.0,254.0,255.0,,,False,,False
4091.253,BOT,77,9.0,80.913,21.372,37.899,21.642,2.0,MEDIUM,8.0,True,Cadillac,1,19.0,True,185.0,174.0,254.0,256.0,,,False,,False
4174.418,BOT,77,10.0,83.165,21.567,40.028,21.57,2.0,MEDIUM,9.0,True,Cadillac,1,19.0,True,176.0,177.0,254.0,259.0,,,False,,False
4257.498,BOT,77,11.0,83.08,21.973,38.885,22.222,2.0,MEDIUM,10.0,True,Cadillac,1,19.0,True,141.0,178.0,217.0,259.0,,,False,,False
4338.202,BOT,77,12.0,80.704,21.763,37.604,21.337,2.0,MEDIUM,11.0,True,Cadillac,1,19.0,True,190.0,178.0,253.0,259.0,,,False,,False
4421.077,BOT,77,13.0,82.875,21.202,40.221,21.452,2.0,MEDIUM,12.0,True,Cadillac,1,19.0,True,186.0,177.0,254.0,249.0,,,False,,False
4501.949,BOT,77,14.0,80.872,21.363,38.052,21.457,2.0,MEDIUM,13.0,True,Cadillac,1,19.0,True,188.0,177.0,254.0,253.0,,,False,,False
4582.983,BOT,77,15.0,81.034,21.52,37.913,21.601,2.0,MEDIUM,14.0,True,Cadillac,1,19.0,True,186.0,172.0,253.0,260.0,,,False,,False
4660.643,BOT,77,16.0,,22.007,39.762,,2.0,MEDIUM,15.0,True,Cadillac,1,19.0,False,184.0,174.0,,261.0,,4660.676,False,,False
3409.226,PIA,81,1.0,89.36,,38.91,21.687,1.0,MEDIUM,1.0,True,McLaren,12,6.0,False,148.0,181.0,253.0,266.0,,,False,,False
3489.68,PIA,81,2.0,80.454,21.54,37.617,21.297,1.0,MEDIUM,2.0,True,McLaren,1,6.0,True,179.0,184.0,253.0,268.0,,,False,,False
3569.456,PIA,81,3.0,79.776,21.391,37.492,20.893,1.0,MEDIUM,3.0,True,McLaren,1,6.0,True,181.0,185.0,254.0,267.0,,,False,,False
3648.342,PIA,81,4.0,78.886,21.043,36.75,21.093,1.0,MEDIUM,4.0,True,McLaren,1,6.0,True,184.0,189.0,254.0,268.0,,,False,,False
3726.414,PIA,81,5.0,78.072,20.889,36.464,20.719,1.0,MEDIUM,5.0,True,McLaren,1,6.0,True,189.0,193.0,255.0,268.0,,,False,,False
3804.652,PIA,81,6.0,78.238,20.506,36.843,20.889,1.0,MEDIUM,6.0,True,McLaren,1,6.0,True,185.0,189.0,254.0,268.0,,,False,,False
3882.225,PIA,81,7.0,77.573,20.622,36.327,20.624,1.0,MEDIUM,7.0,True,McLaren,1,6.0,True,189.0,192.0,255.0,269.0,,,False,,False
3959.412,PIA,81,8.0,77.187,20.374,36.23,20.583,1.0,MEDIUM,8.0,True,McLaren,1,6.0,True,195.0,193.0,255.0,269.0,,,False,,False
4036.606,PIA,81,9.0,77.194,20.384,36.166,20.644,1.0,MEDIUM,9.0,True,McLaren,1,6.0,True,198.0,193.0,255.0,269.0,,,False,,False
4113.786,PIA,81,10.0,77.18,20.352,36.199,20.629,1.0,MEDIUM,10.0,True,McLaren,1,6.0,True,197.0,193.0,255.0,269.0,,,False,,False
4191.675,PIA,81,11.0,77.889,20.471,36.548,20.87,1.0,MEDIUM,11.0,True,McLaren,1,6.0,True,194.0,187.0,255.0,269.0,,,False,,False
4269.614,PIA,81,12.0,77.939,20.567,36.526,20.846,1.0,MEDIUM,12.0,True,McLaren,1,6.0,True,197.0,190.0,255.0,270.0,,,False,,False
4348.082,PIA,81,13.0,78.468,20.777,36.69,21.001,1.0,MEDIUM,13.0,True,McLaren,1,6.0,True,193.0,192.0,255.0,270.0,,,False,,False
4426.263,PIA,81,14.0,78.181,20.658,36.669,20.854,1.0,MEDIUM,14.0,True,McLaren,1,6.0,True,196.0,191.0,255.0,271.0,,,False,,False
4505.228,PIA,81,15.0,78.965,20.716,37.006,21.243,1.0,MEDIUM,15.0,True,McLaren,1,6.0,True,187.0,192.0,254.0,270.0,,,False,,False
4584.796,PIA,81,16.0,79.568,20.919,37.43,21.219,1.0,MEDIUM,16.0,True,McLaren,1,6.0,True,184.0,187.0,261.0,268.0,,,False,,False
4663.935,PIA,81,17.0,79.139,20.936,36.885,21.318,1.0,MEDIUM,17.0,True,McLaren,1,6.0,True,186.0,183.0,256.0,277.0,,,False,,False
4742.448,PIA,81,18.0,78.513,20.811,36.888,20.814,1.0,MEDIUM,18.0,True,McLaren,1,6.0,True,195.0,189.0,255.0,269.0,,,False,,False
4820.668,PIA,81,19.0,78.22,20.611,36.634,20.975,1.0,MEDIUM,19.0,True,McLaren,1,6.0,True,195.0,191.0,255.0,270.0,,,False,,False
4898.75,PIA,81,20.0,78.082,20.63,36.651,20.801,1.0,MEDIUM,20.0,True,McLaren,1,6.0,True,195.0,190.0,255.0,270.0,,,False,,False
4976.948,PIA,81,21.0,78.198,20.509,36.737,20.952,1.0,MEDIUM,21.0,True,McLaren,1,6.0,True,198.0,191.0,256.0,269.0,,,False,,False
5055.178,PIA,81,22.0,78.23,20.536,36.792,20.902,1.0,MEDIUM,22.0,True,McLaren,1,6.0,True,195.0,191.0,256.0,269.0,,,False,,False
5133.566,PIA,81,23.0,78.388,20.62,36.852,20.916,1.0,MEDIUM,23.0,True,McLaren,1,6.0,True,192.0,190.0,256.0,270.0,,,False,,False
5211.654,PIA,81,24.0,78.088,20.487,36.698,20.903,1.0,MEDIUM,24.0,True,McLaren,1,6.0,True,194.0,191.0,255.0,270.0,,,False,,False
5289.944,PIA,81,25.0,78.29,20.517,36.816,20.957,1.0,MEDIUM,25.0,True,McLaren,1,6.0,True,191.0,190.0,256.0,270.0,,,False,,False
5368.606,PIA,81,26.0,78.662,20.664,37.116,20.882,1.0,MEDIUM,26.0,True,McLaren,1,6.0,True,194.0,191.0,255.0,270.0,,,False,,False
5447.243,PIA,81,27.0,78.637,20.554,37.074,21.009,1.0,MEDIUM,27.0,True,McLaren,1,6.0,True,196.0,188.0,257.0,270.0,,,False,,False
5525.95,PIA,81,28.0,78.707,20.584,37.124,20.999,1.0,MEDIUM,28.0,True,McLaren,1,6.0,True,199.0,190.0,257.0,270.0,,,False,,False
5604.429,PIA,81,29.0,78.479,20.579,36.915,20.985,1.0,MEDIUM,29.0,True,McLaren,1,6.0,True,191.0,190.0,256.0,271.0,,,False,,False
5683.036,PIA,81,30.0,78.607,20.63,36.955,21.022,1.0,MEDIUM,30.0,True,McLaren,1,6.0,True,194.0,190.0,257.0,270.0,,,False,,False
5761.696,PIA,81,31.0,78.66,20.601,36.984,21.075,1.0,MEDIUM,31.0,True,McLaren,1,5.0,True,197.0,191.0,256.0,271.0,,,False,,False
5839.873,PIA,81,32.0,78.177,20.607,36.757,20.813,1.0,MEDIUM,32.0,True,McLaren,1,4.0,True,192.0,191.0,257.0,270.0,,,False,,False
5917.985,PIA,81,33.0,78.112,20.488,36.77,20.854,1.0,MEDIUM,33.0,True,McLaren,1,4.0,True,198.0,191.0,257.0,269.0,,,False,,False
5996.395,PIA,81,34.0,78.41,20.559,36.916,20.935,1.0,MEDIUM,34.0,True,McLaren,1,4.0,True,194.0,191.0,257.0,269.0,,,False,,False
6074.955,PIA,81,35.0,78.56,20.61,36.992,20.958,1.0,MEDIUM,35.0,True,McLaren,1,4.0,True,193.0,190.0,257.0,270.0,,,False,,False
6153.279,PIA,81,36.0,78.324,20.714,36.847,20.763,1.0,MEDIUM,36.0,True,McLaren,1,4.0,True,195.0,193.0,257.0,269.0,,,False,,False
6231.197,PIA,81,37.0,77.918,20.442,36.757,20.719,1.0,MEDIUM,37.0,True,McLaren,1,4.0,True,199.0,192.0,256.0,270.0,,,False,,False
6309.484,PIA,81,38.0,78.287,20.629,36.802,20.856,1.0,MEDIUM,38.0,True,McLaren,1,4.0,True,191.0,191.0,257.0,271.0,,,False,,False
6387.655,PIA,81,39.0,78.171,20.562,36.796,20.813,1.0,MEDIUM,39.0,True,McLaren,1,4.0,True,193.0,190.0,257.0,270.0,,,False,,False
6467.004,PIA,81,40.0,79.349,20.831,37.264,21.254,1.0,MEDIUM,40.0,True,McLaren,1,4.0,True,193.0,187.0,256.0,270.0,,,False,,False
6545.561,PIA,81,41.0,78.557,20.631,36.941,20.985,1.0,MEDIUM,41.0,True,McLaren,1,4.0,True,196.0,190.0,257.0,270.0,,,False,,False
6624.247,PIA,81,42.0,78.686,20.693,37.049,20.944,1.0,MEDIUM,42.0,True,McLaren,1,4.0,True,195.0,192.0,257.0,270.0,,,False,,False
6703.34,PIA,81,43.0,79.093,20.742,37.234,21.117,1.0,MEDIUM,43.0,True,McLaren,1,4.0,True,191.0,188.0,256.0,271.0,,,False,,False
6782.619,PIA,81,44.0,79.279,20.961,37.155,21.163,1.0,MEDIUM,44.0,True,McLaren,1,4.0,True,181.0,190.0,257.0,271.0,,,False,,False
6862.283,PIA,81,45.0,79.664,20.967,37.533,21.164,1.0,MEDIUM,45.0,True,McLaren,1,4.0,True,185.0,188.0,257.0,271.0,,,False,,False
6941.628,PIA,81,46.0,79.345,20.828,37.15,21.367,1.0,MEDIUM,46.0,True,McLaren,1,4.0,True,195.0,189.0,257.0,272.0,,,False,,False
7021.203,PIA,81,47.0,79.575,20.956,37.421,21.198,1.0,MEDIUM,47.0,True,McLaren,1,4.0,True,190.0,186.0,257.0,272.0,,,False,,False
7117.944,PIA,81,48.0,96.741,20.954,37.679,38.108,1.0,MEDIUM,48.0,True,McLaren,1,6.0,False,186.0,186.0,,272.0,,7094.568,False,,False
7201.59,PIA,81,49.0,83.646,24.626,37.827,21.193,2.0,HARD,1.0,True,McLaren,1,6.0,False,181.0,183.0,257.0,270.0,7118.693,,False,,False
7279.779,PIA,81,50.0,78.189,20.731,36.743,20.715,2.0,HARD,2.0,True,McLaren,1,6.0,True,197.0,190.0,257.0,271.0,,,False,,False
7357.202,PIA,81,51.0,77.423,20.591,36.394,20.438,2.0,HARD,3.0,True,McLaren,1,6.0,True,191.0,195.0,256.0,271.0,,,False,,False
7434.065,PIA,81,52.0,76.863,20.357,35.991,20.515,2.0,HARD,4.0,True,McLaren,1,6.0,True,203.0,193.0,257.0,271.0,,,False,,False
7510.761,PIA,81,53.0,76.696,20.229,36.024,20.443,2.0,HARD,5.0,True,McLaren,1,6.0,True,200.0,191.0,258.0,272.0,,,False,,False
7588.013,PIA,81,54.0,77.252,20.21,36.655,20.387,2.0,HARD,6.0,True,McLaren,1,6.0,True,202.0,186.0,258.0,273.0,,,False,,False
7664.84,PIA,81,55.0,76.827,20.41,36.143,20.274,2.0,HARD,7.0,True,McLaren,1,6.0,True,177.0,194.0,259.0,272.0,,,False,,False
7741.44,PIA,81,56.0,76.6,20.21,36.028,20.362,2.0,HARD,8.0,True,McLaren,1,6.0,True,200.0,196.0,258.0,273.0,,,False,,False
7818.544,PIA,81,57.0,77.104,20.278,36.411,20.415,2.0,HARD,9.0,True,McLaren,1,6.0,True,196.0,194.0,258.0,272.0,,,False,,False
7895.085,PIA,81,58.0,76.541,20.08,35.994,20.467,2.0,HARD,10.0,True,McLaren,1,6.0,True,199.0,194.0,259.0,271.0,,,False,,False
8012.438,PIA,81,59.0,117.353,20.148,48.109,49.096,2.0,HARD,11.0,True,McLaren,124,7.0,False,198.0,169.0,,148.0,,7981.802,False,,False
8127.332,PIA,81,60.0,114.894,28.588,47.93,38.376,3.0,SOFT,5.0,False,McLaren,4,7.0,False,143.0,128.0,,187.0,8013.283,8107.906,False,,False
8217.798,PIA,81,61.0,90.466,26.767,40.431,23.268,4.0,SOFT,6.0,False,McLaren,4,7.0,False,158.0,175.0,181.0,257.0,8128.064,,False,,False
8335.559,PIA,81,62.0,117.761,34.356,51.008,32.397,4.0,SOFT,7.0,False,McLaren,4,7.0,False,108.0,157.0,95.0,157.0,,,False,,False
8429.438,PIA,81,63.0,93.879,31.41,40.611,21.858,4.0,SOFT,8.0,False,McLaren,4,7.0,False,144.0,174.0,255.0,239.0,,,False,,False
8513.597,PIA,81,64.0,84.159,22.036,39.449,22.674,4.0,SOFT,9.0,False,McLaren,4,7.0,False,171.0,171.0,255.0,266.0,,,False,,False
8596.069,PIA,81,65.0,82.472,22.061,38.079,22.332,4.0,SOFT,10.0,False,McLaren,412,6.0,False,161.0,182.0,247.0,266.0,,,False,,False
8710.804,PIA,81,66.0,114.735,24.286,50.92,39.529,4.0,SOFT,11.0,False,McLaren,24,6.0,False,140.0,148.0,,162.0,,8688.195,False,,False
8817.53,PIA,81,67.0,106.726,29.732,49.436,27.558,5.0,SOFT,12.0,False,McLaren,4,6.0,False,124.0,147.0,232.0,241.0,8711.699,,False,,False
11073.51,PIA,81,68.0,,27.003,52.382,,5.0,SOFT,13.0,False,McLaren,451,6.0,False,71.0,135.0,,155.0,,8922.653,False,,False
11169.42,PIA,81,69.0,95.91,29.361,41.117,25.432,6.0,SOFT,5.0,False,McLaren,14,6.0,False,151.0,174.0,247.0,234.0,11074.266,,False,,False
11332.008,PIA,81,70.0,,28.89,51.013,82.757,6.0,SOFT,6.0,False,McLaren,41,6.0,False,91.0,157.0,79.0,217.0,,,False,,False
11419.974,PIA,81,71.0,87.966,26.069,40.598,21.299,6.0,SOFT,7.0,False,McLaren,12,6.0,True,155.0,180.0,258.0,268.0,,,False,,False
11498.733,PIA,81,72.0,78.759,21.353,36.829,20.577,6.0,SOFT,8.0,False,McLaren,1,5.0,True,173.0,188.0,258.0,270.0,,,False,,False
11575.421,PIA,81,73.0,76.688,20.497,35.941,20.25,6.0,SOFT,9.0,False,McLaren,1,5.0,True,196.0,196.0,264.0,271.0,,,False,,False
11651.608,PIA,81,74.0,76.187,20.095,35.644,20.448,6.0,SOFT,10.0,False,McLaren,1,5.0,True,194.0,195.0,264.0,281.0,,,False,,False
11727.866,PIA,81,75.0,76.258,20.252,35.688,20.318,6.0,SOFT,11.0,False,McLaren,1,5.0,True,200.0,195.0,264.0,281.0,,,False,,False
11803.682,PIA,81,76.0,75.816,19.979,35.621,20.216,6.0,SOFT,12.0,False,McLaren,1,5.0,True,202.0,198.0,265.0,281.0,,,False,,False
11879.528,PIA,81,77.0,75.846,20.057,35.584,20.205,6.0,SOFT,13.0,False,McLaren,1,5.0,True,200.0,195.0,264.0,281.0,,,False,,False
11955.39,PIA,81,78.0,75.862,20.044,35.532,20.286,6.0,SOFT,14.0,False,McLaren,1,5.0,True,201.0,196.0,264.0,281.0,,,False,,False
3442.646,BEA,87,1.0,122.78,,42.941,46.792,1.0,MEDIUM,1.0,True,Haas F1 Team,12,21.0,False,132.0,172.0,,259.0,,3411.339,False,,False
3526.311,BEA,87,2.0,83.665,24.755,37.72,21.19,2.0,HARD,1.0,True,Haas F1 Team,1,21.0,False,173.0,182.0,255.0,266.0,3443.37,,False,,False
3605.585,BEA,87,3.0,79.274,21.088,37.072,21.114,2.0,HARD,2.0,True,Haas F1 Team,1,21.0,True,190.0,185.0,256.0,268.0,,,False,,False
3686.606,BEA,87,4.0,81.021,21.358,37.854,21.809,2.0,HARD,3.0,True,Haas F1 Team,1,21.0,True,180.0,183.0,263.0,270.0,,,False,,False
3768.432,BEA,87,5.0,81.826,21.817,38.333,21.676,2.0,HARD,4.0,True,Haas F1 Team,1,21.0,True,164.0,180.0,262.0,279.0,,,False,,False
3849.942,BEA,87,6.0,81.51,21.823,38.044,21.643,2.0,HARD,5.0,True,Haas F1 Team,1,21.0,True,176.0,181.0,261.0,278.0,,,False,,False
3930.952,BEA,87,7.0,81.01,21.587,37.978,21.445,2.0,HARD,6.0,True,Haas F1 Team,1,21.0,True,178.0,181.0,262.0,278.0,,,False,,False
4011.437,BEA,87,8.0,80.485,21.284,37.635,21.566,2.0,HARD,7.0,True,Haas F1 Team,1,21.0,True,180.0,184.0,263.0,280.0,,,False,,False
4092.246,BEA,87,9.0,80.809,21.305,37.459,22.045,2.0,HARD,8.0,True,Haas F1 Team,1,21.0,True,183.0,180.0,258.0,280.0,,,False,,False
4176.367,BEA,87,10.0,84.121,22.65,38.782,22.689,2.0,HARD,9.0,True,Haas F1 Team,1,21.0,True,179.0,179.0,261.0,266.0,,,False,,False
4258.979,BEA,87,11.0,82.612,21.98,39.339,21.293,2.0,HARD,10.0,True,Haas F1 Team,1,21.0,True,179.0,182.0,256.0,257.0,,,False,,False
4342.594,BEA,87,12.0,83.615,21.38,40.743,21.492,2.0,HARD,11.0,True,Haas F1 Team,1,21.0,True,187.0,176.0,256.0,272.0,,,False,,False
4422.136,BEA,87,13.0,79.542,21.028,37.201,21.313,2.0,HARD,12.0,True,Haas F1 Team,1,21.0,True,188.0,182.0,262.0,271.0,,,False,,False
4502.924,BEA,87,14.0,80.788,21.191,37.968,21.629,2.0,HARD,13.0,True,Haas F1 Team,1,21.0,True,186.0,183.0,263.0,280.0,,,False,,False
4585.359,BEA,87,15.0,82.435,21.365,37.859,23.211,2.0,HARD,14.0,True,Haas F1 Team,1,21.0,True,183.0,183.0,262.0,280.0,,,False,,False
4668.054,BEA,87,16.0,82.695,21.411,38.655,22.629,2.0,HARD,15.0,True,Haas F1 Team,1,21.0,True,185.0,177.0,262.0,277.0,,,False,,False
4749.71,BEA,87,17.0,81.656,22.497,38.2,20.959,2.0,HARD,16.0,True,Haas F1 Team,1,20.0,True,82.0,181.0,256.0,279.0,,,False,,False
4828.692,BEA,87,18.0,78.982,20.952,37.021,21.009,2.0,HARD,17.0,True,Haas F1 Team,1,20.0,True,191.0,183.0,256.0,271.0,,,False,,False
4907.281,BEA,87,19.0,78.589,20.872,36.852,20.865,2.0,HARD,18.0,True,Haas F1 Team,1,20.0,True,192.0,184.0,256.0,271.0,,,False,,False
4986.05,BEA,87,20.0,78.769,20.803,36.816,21.15,2.0,HARD,19.0,True,Haas F1 Team,1,20.0,True,198.0,184.0,256.0,271.0,,,False,,False
5064.59,BEA,87,21.0,78.54,20.772,36.793,20.975,2.0,HARD,20.0,True,Haas F1 Team,1,20.0,True,196.0,186.0,256.0,271.0,,,False,,False
5143.065,BEA,87,22.0,78.475,20.698,36.734,21.043,2.0,HARD,21.0,True,Haas F1 Team,1,20.0,True,201.0,187.0,256.0,271.0,,,False,,False
5221.73,BEA,87,23.0,78.665,20.733,36.992,20.94,2.0,HARD,22.0,True,Haas F1 Team,1,20.0,True,199.0,187.0,256.0,271.0,,,False,,False
5300.867,BEA,87,24.0,79.137,20.767,37.212,21.158,2.0,HARD,23.0,True,Haas F1 Team,1,20.0,True,197.0,184.0,256.0,271.0,,,True,TRACK LIMITS AT TURN 10 LAP 24 ,False
5379.55,BEA,87,25.0,78.683,20.809,36.585,21.289,2.0,HARD,24.0,True,Haas F1 Team,1,20.0,True,196.0,178.0,256.0,271.0,,,True,TRACK LIMITS AT TURN 10 LAP 25 ,False
5458.341,BEA,87,26.0,78.791,20.828,37.028,20.935,2.0,HARD,25.0,True,Haas F1 Team,1,20.0,True,194.0,187.0,256.0,271.0,,,False,,False
5536.964,BEA,87,27.0,78.623,20.669,36.971,20.983,2.0,HARD,26.0,True,Haas F1 Team,1,20.0,True,200.0,183.0,256.0,271.0,,,False,,False
5615.421,BEA,87,28.0,,20.7,37.555,,2.0,HARD,27.0,True,Haas F1 Team,1,20.0,False,198.0,139.0,,271.0,,5615.443,False,,False
