Time,Driver,DriverNumber,LapNumber,LapTime,Sector1Time,Sector2Time,Sector3Time,Stint,Compound,TyreLife,FreshTyre,Team,TrackStatus,Position,IsAccurate,SpeedI1,SpeedI2,SpeedFL,SpeedST,PitOutTime,PitInTime,Deleted,DeletedReason,FastF1Generated
3506.451,NOR,1,1.0,78.505,,34.025,23.01,1.0,MEDIUM,1.0,True,McLaren,1,7.0,False,313.0,204.0,287.0,305.0,,,False,,False
3579.857,NOR,1,2.0,73.406,17.506,32.889,23.011,1.0,MEDIUM,2.0,True,McLaren,1,7.0,True,311.0,189.0,291.0,317.0,,,False,,False
3652.872,NOR,1,3.0,73.015,17.426,33.028,22.561,1.0,MEDIUM,3.0,True,McLaren,1,7.0,True,313.0,204.0,289.0,309.0,,,False,,False
3725.502,NOR,1,4.0,72.63,17.419,32.841,22.37,1.0,MEDIUM,4.0,True,McLaren,1,7.0,True,316.0,201.0,288.0,309.0,,,False,,False
3797.941,NOR,1,5.0,72.439,17.338,32.593,22.508,1.0,MEDIUM,5.0,True,McLaren,1,7.0,True,314.0,203.0,285.0,309.0,,,False,,False
3870.434,NOR,1,6.0,72.493,17.515,32.435,22.543,1.0,MEDIUM,6.0,True,McLaren,1,7.0,True,310.0,203.0,281.0,304.0,,,False,,False
3943.893,NOR,1,7.0,73.459,17.552,32.673,23.234,1.0,MEDIUM,7.0,True,McLaren,1,7.0,True,313.0,203.0,285.0,304.0,,,True,TRACK LIMITS AT TURN 9 LAP 7 ,False
4016.918,NOR,1,8.0,73.025,17.671,32.712,22.642,1.0,MEDIUM,8.0,True,McLaren,1,7.0,True,309.0,203.0,281.0,304.0,,,False,,False
4089.931,NOR,1,9.0,73.013,17.558,32.642,22.813,1.0,MEDIUM,9.0,True,McLaren,1,7.0,True,312.0,202.0,280.0,305.0,,,False,,False
4163.128,NOR,1,10.0,73.197,17.709,32.656,22.832,1.0,MEDIUM,10.0,True,McLaren,1,7.0,True,310.0,203.0,280.0,304.0,,,False,,False
4236.463,NOR,1,11.0,73.335,17.759,32.595,22.981,1.0,MEDIUM,11.0,True,McLaren,1,7.0,True,309.0,200.0,281.0,306.0,,,False,,False
4309.713,NOR,1,12.0,73.25,17.664,32.673,22.913,1.0,MEDIUM,12.0,True,McLaren,1,7.0,True,309.0,201.0,283.0,306.0,,,False,,False
4383.304,NOR,1,13.0,73.591,17.75,32.838,23.003,1.0,MEDIUM,13.0,True,McLaren,1,5.0,True,308.0,201.0,283.0,307.0,,,False,,False
4456.727,NOR,1,14.0,73.423,17.732,32.727,22.964,1.0,MEDIUM,14.0,True,McLaren,1,5.0,True,308.0,198.0,284.0,307.0,,,False,,False
4530.146,NOR,1,15.0,73.419,17.68,32.838,22.901,1.0,MEDIUM,15.0,True,McLaren,1,5.0,True,307.0,198.0,282.0,306.0,,,False,,False
4603.469,NOR,1,16.0,73.323,17.711,32.724,22.888,1.0,MEDIUM,16.0,True,McLaren,1,5.0,True,308.0,200.0,280.0,306.0,,,False,,False
4676.626,NOR,1,17.0,73.157,17.722,32.594,22.841,1.0,MEDIUM,17.0,True,McLaren,1,5.0,True,307.0,199.0,280.0,305.0,,,False,,False
4750.007,NOR,1,18.0,73.381,17.792,32.786,22.803,1.0,MEDIUM,18.0,True,McLaren,1,5.0,True,307.0,201.0,282.0,303.0,,,False,,False
4824.337,NOR,1,19.0,74.33,17.879,33.596,22.855,1.0,MEDIUM,19.0,True,McLaren,1,3.0,True,306.0,199.0,282.0,303.0,,,False,,False
4897.992,NOR,1,20.0,73.655,17.835,33.001,22.819,1.0,MEDIUM,20.0,True,McLaren,1,2.0,True,301.0,201.0,280.0,298.0,,,False,,False
4976.346,NOR,1,21.0,78.354,17.954,32.931,27.469,1.0,MEDIUM,21.0,True,McLaren,1,5.0,False,298.0,200.0,,294.0,,4972.191,False,,False
5066.351,NOR,1,22.0,90.005,34.292,33.236,22.477,2.0,HARD,1.0,True,McLaren,1,8.0,False,299.0,204.0,284.0,298.0,4993.743,,True,TRACK LIMITS AT TURN 3 LAP 22 ,False
5138.499,NOR,1,23.0,72.148,17.602,32.287,22.259,2.0,HARD,2.0,True,McLaren,1,8.0,True,301.0,204.0,284.0,298.0,,,False,,False
5216.962,NOR,1,24.0,78.463,17.524,32.23,28.709,2.0,HARD,3.0,True,McLaren,126,8.0,False,297.0,205.0,104.0,295.0,,,False,,False
5313.957,NOR,1,25.0,96.995,23.668,41.017,32.31,2.0,HARD,4.0,True,McLaren,6,8.0,False,277.0,198.0,176.0,181.0,,,False,,False
5398.929,NOR,1,26.0,84.972,20.212,42.528,22.232,2.0,HARD,5.0,True,McLaren,671,8.0,False,274.0,206.0,285.0,262.0,,,False,,False
5470.702,NOR,1,27.0,71.773,17.518,32.193,22.062,2.0,HARD,6.0,True,McLaren,1,8.0,True,301.0,205.0,286.0,297.0,,,False,,False
5542.27,NOR,1,28.0,71.568,17.479,32.001,22.088,2.0,HARD,7.0,True,McLaren,1,8.0,True,302.0,205.0,287.0,299.0,,,False,,False
5614.113,NOR,1,29.0,71.843,17.379,32.231,22.233,2.0,HARD,8.0,True,McLaren,1,8.0,True,304.0,204.0,287.0,297.0,,,False,,False
5685.91,NOR,1,30.0,71.797,17.473,32.285,22.039,2.0,HARD,9.0,True,McLaren,1,8.0,True,306.0,205.0,286.0,297.0,,,False,,False
5757.576,NOR,1,31.0,71.666,17.507,31.988,22.171,2.0,HARD,10.0,True,McLaren,1,8.0,True,304.0,205.0,287.0,298.0,,,False,,False
5829.169,NOR,1,32.0,71.593,17.428,32.128,22.037,2.0,HARD,11.0,True,McLaren,1,8.0,True,302.0,204.0,287.0,305.0,,,False,,False
5900.711,NOR,1,33.0,71.542,17.477,32.059,22.006,2.0,HARD,12.0,True,McLaren,1,8.0,True,305.0,205.0,286.0,300.0,,,False,,False
5972.627,NOR,1,34.0,71.916,17.439,32.411,22.066,2.0,HARD,13.0,True,McLaren,1,8.0,True,308.0,202.0,287.0,303.0,,,False,,False
6044.174,NOR,1,35.0,71.547,17.348,32.124,22.075,2.0,HARD,14.0,True,McLaren,1,8.0,True,310.0,205.0,286.0,303.0,,,False,,False
6115.998,NOR,1,36.0,71.824,17.435,32.261,22.128,2.0,HARD,15.0,True,McLaren,1,8.0,True,310.0,202.0,286.0,304.0,,,False,,False
6188.343,NOR,1,37.0,72.345,17.458,32.611,22.276,2.0,HARD,16.0,True,McLaren,1,8.0,True,311.0,203.0,287.0,305.0,,,False,,False
6260.131,NOR,1,38.0,71.788,17.381,32.192,22.215,2.0,HARD,17.0,True,McLaren,1,7.0,True,312.0,202.0,286.0,307.0,,,False,,False
6332.36,NOR,1,39.0,72.229,17.454,32.54,22.235,2.0,HARD,18.0,True,McLaren,1,7.0,True,314.0,203.0,285.0,307.0,,,False,,False
6404.438,NOR,1,40.0,72.078,17.461,32.325,22.292,2.0,HARD,19.0,True,McLaren,1,6.0,True,314.0,203.0,286.0,308.0,,,False,,False
6476.572,NOR,1,41.0,72.134,17.479,32.446,22.209,2.0,HARD,20.0,True,McLaren,1,6.0,True,311.0,201.0,287.0,303.0,,,False,,False
6548.318,NOR,1,42.0,71.746,17.382,32.187,22.177,2.0,HARD,21.0,True,McLaren,1,6.0,True,311.0,203.0,286.0,303.0,,,False,,False
6620.512,NOR,1,43.0,72.194,17.507,32.457,22.23,2.0,HARD,22.0,True,McLaren,1,4.0,True,310.0,202.0,288.0,304.0,,,False,,False
6692.865,NOR,1,44.0,72.353,17.372,32.541,22.44,2.0,HARD,23.0,True,McLaren,1,4.0,True,314.0,200.0,287.0,309.0,,,False,,False
6765.139,NOR,1,45.0,72.274,17.448,32.404,22.422,2.0,HARD,24.0,True,McLaren,1,4.0,True,311.0,202.0,286.0,305.0,,,False,,False
6837.604,NOR,1,46.0,72.465,17.561,32.591,22.313,2.0,HARD,25.0,True,McLaren,1,4.0,True,310.0,204.0,286.0,304.0,,,False,,False
6914.405,NOR,1,47.0,76.801,17.463,32.548,26.79,2.0,HARD,26.0,True,McLaren,1,4.0,False,313.0,203.0,,309.0,,6910.367,False,,False
7003.045,NOR,1,48.0,88.64,34.472,32.378,21.79,3.0,HARD,1.0,True,McLaren,1,8.0,False,307.0,208.0,290.0,305.0,6932.272,,False,,False
7074.039,NOR,1,49.0,70.994,17.212,31.847,21.935,3.0,HARD,2.0,True,McLaren,1,8.0,True,311.0,205.0,288.0,303.0,,,False,,False
7144.904,NOR,1,50.0,70.865,17.235,31.649,21.981,3.0,HARD,3.0,True,McLaren,1,8.0,True,314.0,207.0,286.0,309.0,,,False,,False
7216.074,NOR,1,51.0,71.17,17.33,32.096,21.744,3.0,HARD,4.0,True,McLaren,1,8.0,True,310.0,207.0,287.0,302.0,,,False,,False
7298.922,NOR,1,52.0,82.848,17.38,37.324,28.144,3.0,HARD,5.0,True,McLaren,167,8.0,False,310.0,196.0,271.0,304.0,,,False,,False
7369.581,NOR,1,53.0,70.659,17.286,31.641,21.732,3.0,HARD,6.0,True,McLaren,1,8.0,True,309.0,207.0,287.0,304.0,,,False,,False
7440.564,NOR,1,54.0,70.983,17.362,31.805,21.816,3.0,HARD,7.0,True,McLaren,1,8.0,True,307.0,206.0,288.0,304.0,,,False,,False
7511.216,NOR,1,55.0,70.652,17.328,31.55,21.774,3.0,HARD,8.0,True,McLaren,1,8.0,True,308.0,206.0,288.0,305.0,,,False,,False
7582.123,NOR,1,56.0,70.907,17.314,31.74,21.853,3.0,HARD,9.0,True,McLaren,1,8.0,True,312.0,205.0,291.0,307.0,,,False,,False
7653.102,NOR,1,57.0,70.979,17.23,31.846,21.903,3.0,HARD,10.0,True,McLaren,1,8.0,True,317.0,205.0,291.0,309.0,,,False,,False
7724.567,NOR,1,58.0,71.465,17.248,31.993,22.224,3.0,HARD,11.0,True,McLaren,1,8.0,True,313.0,205.0,294.0,315.0,,,False,,False
7796.151,NOR,1,59.0,71.584,17.312,32.329,21.943,3.0,HARD,12.0,True,McLaren,1,7.0,True,330.0,204.0,290.0,306.0,,,False,,False
7867.367,NOR,1,60.0,71.216,17.308,31.984,21.924,3.0,HARD,13.0,True,McLaren,1,7.0,True,311.0,205.0,288.0,306.0,,,False,,False
7938.572,NOR,1,61.0,71.205,17.385,31.818,22.002,3.0,HARD,14.0,True,McLaren,1,7.0,True,313.0,205.0,289.0,309.0,,,False,,False
8010.158,NOR,1,62.0,71.586,17.368,32.022,22.196,3.0,HARD,15.0,True,McLaren,1,7.0,True,314.0,205.0,289.0,311.0,,,False,,False
8081.543,NOR,1,63.0,71.385,17.298,32.006,22.081,3.0,HARD,16.0,True,McLaren,1,7.0,True,315.0,204.0,289.0,308.0,,,False,,False
8152.861,NOR,1,64.0,71.318,17.34,31.904,22.074,3.0,HARD,17.0,True,McLaren,1,7.0,True,314.0,205.0,290.0,309.0,,,False,,False
8224.27,NOR,1,65.0,71.409,17.259,31.996,22.154,3.0,HARD,18.0,True,McLaren,1,7.0,True,317.0,205.0,291.0,311.0,,,False,,False
8295.767,NOR,1,66.0,71.497,17.287,32.157,22.053,3.0,HARD,19.0,True,McLaren,1,7.0,True,318.0,205.0,289.0,312.0,,,False,,False
8368.257,NOR,1,67.0,72.49,17.415,32.955,22.12,3.0,HARD,20.0,True,McLaren,1,7.0,True,318.0,205.0,293.0,312.0,,,True,TRACK LIMITS AT TURN 3 LAP 67 ,False
8440.196,NOR,1,68.0,71.939,17.357,32.217,22.365,3.0,HARD,21.0,True,McLaren,1,7.0,True,316.0,201.0,287.0,311.0,,,False,,False
8512.017,NOR,1,69.0,71.821,17.31,32.303,22.208,3.0,HARD,22.0,True,McLaren,1,7.0,True,317.0,206.0,290.0,312.0,,,False,,False
8584.691,NOR,1,70.0,72.674,17.779,32.604,22.291,3.0,HARD,23.0,True,McLaren,1,7.0,True,315.0,203.0,291.0,309.0,,,False,,False
8657.43,NOR,1,71.0,72.739,17.573,32.799,22.367,3.0,HARD,24.0,True,McLaren,1,7.0,True,315.0,203.0,293.0,310.0,,,False,,False
3508.674,GAS,10,1.0,80.728,,34.497,23.172,1.0,MEDIUM,1.0,True,Alpine,1,13.0,False,294.0,197.0,287.0,280.0,,,False,,False
3583.129,GAS,10,2.0,74.455,17.978,33.506,22.971,1.0,MEDIUM,2.0,True,Alpine,1,13.0,True,308.0,197.0,290.0,303.0,,,False,,False
3656.842,GAS,10,3.0,73.713,17.556,33.245,22.912,1.0,MEDIUM,3.0,True,Alpine,1,13.0,True,310.0,200.0,290.0,303.0,,,False,,False
3730.857,GAS,10,4.0,74.015,17.499,33.374,23.142,1.0,MEDIUM,4.0,True,Alpine,1,13.0,True,317.0,201.0,286.0,305.0,,,False,,False
3804.88,GAS,10,5.0,74.023,17.65,33.322,23.051,1.0,MEDIUM,5.0,True,Alpine,1,13.0,True,321.0,202.0,282.0,314.0,,,False,,False
3878.945,GAS,10,6.0,74.065,17.615,33.232,23.218,1.0,MEDIUM,6.0,True,Alpine,1,13.0,True,321.0,198.0,280.0,316.0,,,False,,False
3953.65,GAS,10,7.0,74.705,17.855,33.382,23.468,1.0,MEDIUM,7.0,True,Alpine,1,13.0,True,318.0,200.0,281.0,311.0,,,False,,False
4028.163,GAS,10,8.0,74.513,17.804,33.364,23.345,1.0,MEDIUM,8.0,True,Alpine,1,13.0,True,315.0,198.0,285.0,313.0,,,False,,False
4103.027,GAS,10,9.0,74.864,17.659,33.712,23.493,1.0,MEDIUM,9.0,True,Alpine,1,13.0,True,319.0,200.0,280.0,306.0,,,False,,False
4178.181,GAS,10,10.0,75.154,17.818,33.839,23.497,1.0,MEDIUM,10.0,True,Alpine,1,13.0,True,312.0,199.0,281.0,318.0,,,False,,False
4253.769,GAS,10,11.0,75.588,17.67,34.249,23.669,1.0,MEDIUM,11.0,True,Alpine,1,13.0,True,327.0,199.0,282.0,294.0,,,False,,False
4328.712,GAS,10,12.0,74.943,17.793,33.77,23.38,1.0,MEDIUM,12.0,True,Alpine,1,13.0,True,322.0,199.0,283.0,304.0,,,False,,False
4408.018,GAS,10,13.0,79.306,17.879,33.723,27.704,1.0,MEDIUM,13.0,True,Alpine,1,16.0,False,313.0,196.0,,307.0,,4403.966,False,,False
4498.487,GAS,10,14.0,90.469,34.852,32.869,22.748,2.0,HARD,1.0,True,Alpine,1,20.0,False,309.0,202.0,282.0,297.0,4425.569,,False,,False
4571.47,GAS,10,15.0,72.983,17.674,32.528,22.781,2.0,HARD,2.0,True,Alpine,1,19.0,True,306.0,203.0,284.0,306.0,,,False,,False
4644.819,GAS,10,16.0,73.349,17.478,32.757,23.114,2.0,HARD,3.0,True,Alpine,1,18.0,True,318.0,200.0,286.0,306.0,,,False,,False
4718.063,GAS,10,17.0,73.244,17.934,32.543,22.767,2.0,HARD,4.0,True,Alpine,1,17.0,True,304.0,200.0,282.0,302.0,,,False,,False
4791.103,GAS,10,18.0,73.04,17.741,32.577,22.722,2.0,HARD,5.0,True,Alpine,1,17.0,True,309.0,202.0,283.0,303.0,,,False,,False
4864.035,GAS,10,19.0,72.932,17.639,32.697,22.596,2.0,HARD,6.0,True,Alpine,1,15.0,True,307.0,202.0,284.0,303.0,,,False,,False
4936.951,GAS,10,20.0,72.916,17.651,32.554,22.711,2.0,HARD,7.0,True,Alpine,1,14.0,True,308.0,202.0,283.0,306.0,,,False,,False
5009.723,GAS,10,21.0,72.772,17.627,32.539,22.606,2.0,HARD,8.0,True,Alpine,1,14.0,True,311.0,203.0,282.0,304.0,,,False,,False
5082.708,GAS,10,22.0,72.985,17.615,32.635,22.735,2.0,HARD,9.0,True,Alpine,1,13.0,True,313.0,202.0,284.0,308.0,,,False,,False
5156.598,GAS,10,23.0,73.89,17.536,33.273,23.081,2.0,HARD,10.0,True,Alpine,1,12.0,True,318.0,201.0,281.0,311.0,,,False,,False
5240.112,GAS,10,24.0,83.514,17.883,35.274,30.357,2.0,HARD,11.0,True,Alpine,126,12.0,False,306.0,118.0,201.0,302.0,,,False,,False
5336.603,GAS,10,25.0,96.491,21.814,43.764,30.913,2.0,HARD,12.0,True,Alpine,6,12.0,False,245.0,180.0,202.0,243.0,,,False,,False
5419.154,GAS,10,26.0,82.551,22.507,37.224,22.82,2.0,HARD,13.0,True,Alpine,671,12.0,False,209.0,201.0,284.0,273.0,,,False,,False
5492.215,GAS,10,27.0,73.061,17.648,32.772,22.641,2.0,HARD,14.0,True,Alpine,1,12.0,True,308.0,202.0,283.0,303.0,,,False,,False
5565.138,GAS,10,28.0,72.923,17.686,32.568,22.669,2.0,HARD,15.0,True,Alpine,1,12.0,True,308.0,202.0,282.0,303.0,,,False,,False
5638.232,GAS,10,29.0,73.094,17.703,32.541,22.85,2.0,HARD,16.0,True,Alpine,1,12.0,True,308.0,202.0,285.0,304.0,,,False,,False
5711.378,GAS,10,30.0,73.146,17.61,32.824,22.712,2.0,HARD,17.0,True,Alpine,1,12.0,True,310.0,202.0,282.0,304.0,,,False,,False
5784.534,GAS,10,31.0,73.156,17.732,32.738,22.686,2.0,HARD,18.0,True,Alpine,1,12.0,True,309.0,204.0,283.0,303.0,,,False,,False
5857.718,GAS,10,32.0,73.184,17.679,32.779,22.726,2.0,HARD,19.0,True,Alpine,1,12.0,True,308.0,202.0,284.0,304.0,,,False,,False
5931.182,GAS,10,33.0,73.464,17.658,32.95,22.856,2.0,HARD,20.0,True,Alpine,1,12.0,True,309.0,201.0,284.0,303.0,,,False,,False
6004.773,GAS,10,34.0,73.591,17.7,33.087,22.804,2.0,HARD,21.0,True,Alpine,1,12.0,True,310.0,201.0,284.0,302.0,,,False,,False
6078.522,GAS,10,35.0,73.749,17.825,33.133,22.791,2.0,HARD,22.0,True,Alpine,1,12.0,True,309.0,201.0,282.0,301.0,,,False,,False
6152.449,GAS,10,36.0,73.927,17.833,33.193,22.901,2.0,HARD,23.0,True,Alpine,1,12.0,True,309.0,200.0,282.0,301.0,,,False,,False
6226.396,GAS,10,37.0,73.947,17.865,33.078,23.004,2.0,HARD,24.0,True,Alpine,1,12.0,True,309.0,201.0,284.0,303.0,,,False,,False
6304.447,GAS,10,38.0,78.051,17.831,33.162,27.058,2.0,HARD,25.0,True,Alpine,1,13.0,False,309.0,200.0,,315.0,,6300.666,False,,False
6393.784,GAS,10,39.0,89.337,33.938,32.652,22.747,3.0,MEDIUM,1.0,True,Alpine,1,14.0,False,303.0,203.0,278.0,300.0,6321.936,,False,,False
6466.043,GAS,10,40.0,72.259,17.611,32.318,22.33,3.0,MEDIUM,2.0,True,Alpine,1,14.0,True,313.0,204.0,284.0,305.0,,,False,,False
6538.334,GAS,10,41.0,72.291,17.545,32.248,22.498,3.0,MEDIUM,3.0,True,Alpine,1,14.0,True,312.0,205.0,287.0,305.0,,,False,,False
6610.917,GAS,10,42.0,72.583,17.443,32.375,22.765,3.0,MEDIUM,4.0,True,Alpine,1,14.0,True,313.0,203.0,290.0,307.0,,,False,,False
6683.388,GAS,10,43.0,72.471,17.332,32.721,22.418,3.0,MEDIUM,5.0,True,Alpine,1,13.0,True,325.0,202.0,285.0,295.0,,,False,,False
6755.759,GAS,10,44.0,72.371,17.575,32.394,22.402,3.0,MEDIUM,6.0,True,Alpine,1,13.0,True,309.0,204.0,284.0,302.0,,,False,,False
6828.477,GAS,10,45.0,72.718,17.602,32.612,22.504,3.0,MEDIUM,7.0,True,Alpine,1,13.0,True,313.0,203.0,287.0,306.0,,,False,,False
6900.843,GAS,10,46.0,72.366,17.427,32.519,22.42,3.0,MEDIUM,8.0,True,Alpine,1,12.0,True,314.0,204.0,286.0,307.0,,,False,,False
6973.81,GAS,10,47.0,72.967,17.464,32.539,22.964,3.0,MEDIUM,9.0,True,Alpine,1,12.0,True,314.0,203.0,239.0,307.0,,,False,,False
7047.071,GAS,10,48.0,73.261,18.11,32.722,22.429,3.0,MEDIUM,10.0,True,Alpine,1,12.0,True,321.0,204.0,288.0,311.0,,,False,,False
7119.628,GAS,10,49.0,72.557,17.439,32.709,22.409,3.0,MEDIUM,11.0,True,Alpine,1,12.0,True,312.0,204.0,288.0,304.0,,,False,,False
7192.314,GAS,10,50.0,72.686,17.421,32.756,22.509,3.0,MEDIUM,12.0,True,Alpine,1,12.0,True,324.0,203.0,286.0,304.0,,,False,,False
7271.122,GAS,10,51.0,78.808,17.637,32.689,28.482,3.0,MEDIUM,13.0,True,Alpine,16,12.0,False,309.0,201.0,,305.0,,7267.572,False,,False
7362.278,GAS,10,52.0,91.156,34.094,34.661,22.401,4.0,SOFT,1.0,True,Alpine,671,13.0,False,315.0,203.0,292.0,305.0,7289.082,,False,,False
7435.908,GAS,10,53.0,73.63,17.089,34.092,22.449,4.0,SOFT,2.0,True,Alpine,1,13.0,True,319.0,205.0,292.0,307.0,,,False,,False
7507.374,GAS,10,54.0,71.466,17.196,32.076,22.194,4.0,SOFT,3.0,True,Alpine,1,13.0,True,317.0,206.0,287.0,313.0,,,False,,False
7580.179,GAS,10,55.0,72.805,17.298,32.824,22.683,4.0,SOFT,4.0,True,Alpine,1,13.0,True,318.0,203.0,290.0,312.0,,,False,,False
7652.232,GAS,10,56.0,72.053,17.305,32.536,22.212,4.0,SOFT,5.0,True,Alpine,1,13.0,True,321.0,207.0,292.0,316.0,,,False,,False
7725.334,GAS,10,57.0,73.102,18.218,32.571,22.313,4.0,SOFT,6.0,True,Alpine,1,13.0,True,292.0,205.0,294.0,322.0,,,False,,False
7799.096,GAS,10,58.0,73.762,17.172,32.908,23.682,4.0,SOFT,7.0,True,Alpine,1,13.0,True,321.0,204.0,288.0,311.0,,,False,,False
7871.049,GAS,10,59.0,71.953,17.564,32.185,22.204,4.0,SOFT,8.0,True,Alpine,1,13.0,True,311.0,205.0,283.0,304.0,,,False,,False
7942.63,GAS,10,60.0,71.581,17.481,32.097,22.003,4.0,SOFT,9.0,True,Alpine,1,13.0,True,313.0,206.0,287.0,306.0,,,False,,False
8014.281,GAS,10,61.0,71.651,17.474,32.049,22.128,4.0,SOFT,10.0,True,Alpine,1,13.0,True,310.0,207.0,289.0,305.0,,,False,,False
8085.906,GAS,10,62.0,71.625,17.357,32.172,22.096,4.0,SOFT,11.0,True,Alpine,1,13.0,True,311.0,205.0,290.0,307.0,,,False,,False
8157.685,GAS,10,63.0,71.779,17.391,32.199,22.189,4.0,SOFT,12.0,True,Alpine,1,13.0,True,313.0,206.0,290.0,309.0,,,False,,False
8230.686,GAS,10,64.0,73.001,17.35,33.213,22.438,4.0,SOFT,13.0,True,Alpine,1,13.0,True,316.0,205.0,289.0,310.0,,,True,TRACK LIMITS AT TURN 3 LAP 64 ,False
8302.762,GAS,10,65.0,72.076,17.376,32.327,22.373,4.0,SOFT,14.0,True,Alpine,1,13.0,True,318.0,206.0,287.0,311.0,,,False,,False
8374.985,GAS,10,66.0,72.223,17.414,32.477,22.332,4.0,SOFT,15.0,True,Alpine,1,13.0,True,317.0,205.0,290.0,310.0,,,False,,False
8447.547,GAS,10,67.0,72.562,17.37,32.901,22.291,4.0,SOFT,16.0,True,Alpine,1,13.0,True,316.0,205.0,291.0,308.0,,,False,,False
8519.533,GAS,10,68.0,71.986,17.31,32.381,22.295,4.0,SOFT,17.0,True,Alpine,1,13.0,True,318.0,205.0,290.0,312.0,,,False,,False
8592.503,GAS,10,69.0,72.97,17.355,33.071,22.544,4.0,SOFT,18.0,True,Alpine,1,13.0,True,318.0,203.0,291.0,313.0,,,False,,False
8665.176,GAS,10,70.0,72.673,17.5,32.742,22.431,4.0,SOFT,19.0,True,Alpine,1,13.0,True,326.0,201.0,282.0,313.0,,,False,,False
3510.737,PER,11,1.0,82.791,,35.102,23.618,1.0,MEDIUM,1.0,True,Cadillac,1,18.0,False,296.0,199.0,288.0,283.0,,,False,,False
3586.012,PER,11,2.0,75.275,17.711,34.119,23.445,1.0,MEDIUM,2.0,True,Cadillac,1,18.0,True,320.0,199.0,282.0,299.0,,,False,,False
3660.46,PER,11,3.0,74.448,17.579,33.468,23.401,1.0,MEDIUM,3.0,True,Cadillac,1,18.0,True,307.0,201.0,285.0,298.0,,,False,,False
3745.317,PER,11,4.0,84.857,17.553,34.591,32.713,1.0,MEDIUM,4.0,True,Cadillac,1,21.0,False,299.0,198.0,,249.0,,3741.09,False,,False
3504.877,ANT,12,1.0,76.931,,33.513,22.318,1.0,MEDIUM,1.0,True,Mercedes,1,4.0,False,304.0,203.0,292.0,310.0,,,False,,False
3579.093,ANT,12,2.0,74.216,17.866,33.687,22.663,1.0,MEDIUM,2.0,True,Mercedes,1,5.0,True,283.0,204.0,291.0,278.0,,,True,TRACK LIMITS AT TURN 1 LAP 2 ,False
3651.661,ANT,12,3.0,72.568,17.354,32.791,22.423,1.0,MEDIUM,3.0,True,Mercedes,1,5.0,True,299.0,203.0,288.0,302.0,,,False,,False
3723.775,ANT,12,4.0,72.114,17.393,32.509,22.212,1.0,MEDIUM,4.0,True,Mercedes,1,5.0,True,307.0,204.0,290.0,302.0,,,False,,False
3795.943,ANT,12,5.0,72.168,17.236,32.605,22.327,1.0,MEDIUM,5.0,True,Mercedes,1,5.0,True,309.0,203.0,289.0,300.0,,,False,,False
3868.228,ANT,12,6.0,72.285,17.212,32.76,22.313,1.0,MEDIUM,6.0,True,Mercedes,1,5.0,True,313.0,205.0,283.0,316.0,,,False,,False
3940.835,ANT,12,7.0,72.607,17.404,32.702,22.501,1.0,MEDIUM,7.0,True,Mercedes,1,4.0,True,309.0,201.0,286.0,314.0,,,False,,False
4012.998,ANT,12,8.0,72.163,17.248,32.688,22.227,1.0,MEDIUM,8.0,True,Mercedes,1,4.0,True,316.0,205.0,285.0,312.0,,,False,,False
4085.266,ANT,12,9.0,72.268,17.476,32.478,22.314,1.0,MEDIUM,9.0,True,Mercedes,1,4.0,True,303.0,203.0,285.0,298.0,,,False,,False
4157.852,ANT,12,10.0,72.586,17.501,32.532,22.553,1.0,MEDIUM,10.0,True,Mercedes,1,4.0,True,302.0,204.0,278.0,298.0,,,False,,False
4230.999,ANT,12,11.0,73.147,17.636,32.893,22.618,1.0,MEDIUM,11.0,True,Mercedes,1,4.0,True,303.0,203.0,287.0,301.0,,,False,,False
4304.22,ANT,12,12.0,73.221,17.527,32.923,22.771,1.0,MEDIUM,12.0,True,Mercedes,1,3.0,True,303.0,203.0,281.0,304.0,,,False,,False
4377.002,ANT,12,13.0,72.782,17.705,32.575,22.502,1.0,MEDIUM,13.0,True,Mercedes,1,3.0,True,304.0,203.0,287.0,305.0,,,False,,False
4449.698,ANT,12,14.0,72.696,17.59,32.56,22.546,1.0,MEDIUM,14.0,True,Mercedes,1,3.0,True,303.0,199.0,285.0,305.0,,,False,,False
4522.691,ANT,12,15.0,72.993,17.536,32.839,22.618,1.0,MEDIUM,15.0,True,Mercedes,1,3.0,True,304.0,201.0,286.0,305.0,,,False,,False
4595.574,ANT,12,16.0,72.883,17.618,32.685,22.58,1.0,MEDIUM,16.0,True,Mercedes,1,3.0,True,304.0,201.0,285.0,305.0,,,False,,False
4668.048,ANT,12,17.0,72.474,17.491,32.552,22.431,1.0,MEDIUM,17.0,True,Mercedes,1,3.0,True,305.0,201.0,285.0,304.0,,,False,,False
4740.864,ANT,12,18.0,72.816,17.761,32.5,22.555,1.0,MEDIUM,18.0,True,Mercedes,1,2.0,True,305.0,201.0,285.0,305.0,,,False,,False
4813.34,ANT,12,19.0,72.476,17.547,32.511,22.418,1.0,MEDIUM,19.0,True,Mercedes,1,2.0,True,302.0,202.0,284.0,300.0,,,False,,False
4886.759,ANT,12,20.0,73.419,17.629,33.429,22.361,1.0,MEDIUM,20.0,True,Mercedes,1,1.0,True,302.0,203.0,287.0,299.0,,,False,,False
4959.563,ANT,12,21.0,72.804,17.627,32.728,22.449,1.0,MEDIUM,21.0,True,Mercedes,1,1.0,True,305.0,201.0,283.0,302.0,,,False,,False
5033.515,ANT,12,22.0,73.952,17.674,33.883,22.395,1.0,MEDIUM,22.0,True,Mercedes,1,1.0,True,307.0,201.0,286.0,300.0,,,True,TRACK LIMITS AT TURN 3 LAP 22 ,False
5106.651,ANT,12,23.0,73.136,17.615,33.02,22.501,1.0,MEDIUM,23.0,True,Mercedes,1,1.0,True,306.0,202.0,288.0,302.0,,,False,,False
5184.885,ANT,12,24.0,78.234,17.581,33.054,27.599,1.0,MEDIUM,24.0,True,Mercedes,12,1.0,False,310.0,202.0,,308.0,,5181.234,False,,False
5298.266,ANT,12,25.0,113.381,40.351,41.693,31.337,2.0,HARD,1.0,True,Mercedes,26,5.0,False,228.0,161.0,188.0,207.0,5202.417,,False,,False
5388.347,ANT,12,26.0,90.081,22.55,43.266,24.265,2.0,HARD,2.0,True,Mercedes,671,4.0,False,169.0,182.0,291.0,207.0,,,False,,False
5459.689,ANT,12,27.0,71.342,17.095,32.248,21.999,2.0,HARD,3.0,True,Mercedes,1,4.0,True,320.0,207.0,290.0,322.0,,,False,,False
5531.084,ANT,12,28.0,71.395,17.22,32.12,22.055,2.0,HARD,4.0,True,Mercedes,1,4.0,True,310.0,206.0,293.0,306.0,,,False,,False
5603.176,ANT,12,29.0,72.092,17.207,32.605,22.28,2.0,HARD,5.0,True,Mercedes,1,4.0,True,319.0,203.0,286.0,324.0,,,False,,False
5674.473,ANT,12,30.0,71.297,17.182,32.008,22.107,2.0,HARD,6.0,True,Mercedes,1,3.0,True,320.0,207.0,283.0,320.0,,,False,,False
5745.903,ANT,12,31.0,71.43,17.502,32.065,21.863,2.0,HARD,7.0,True,Mercedes,1,3.0,True,302.0,206.0,287.0,298.0,,,False,,False
5817.133,ANT,12,32.0,71.23,17.388,32.03,21.812,2.0,HARD,8.0,True,Mercedes,1,3.0,True,299.0,206.0,288.0,297.0,,,False,,False
5888.501,ANT,12,33.0,71.368,17.368,32.054,21.946,2.0,HARD,9.0,True,Mercedes,1,3.0,True,300.0,205.0,288.0,298.0,,,False,,False
5959.857,ANT,12,34.0,71.356,17.368,32.159,21.829,2.0,HARD,10.0,True,Mercedes,1,3.0,True,303.0,205.0,289.0,299.0,,,False,,False
6031.22,ANT,12,35.0,71.363,17.31,32.179,21.874,2.0,HARD,11.0,True,Mercedes,1,3.0,True,305.0,205.0,289.0,302.0,,,False,,False
6102.48,ANT,12,36.0,71.26,17.288,32.164,21.808,2.0,HARD,12.0,True,Mercedes,1,3.0,True,309.0,206.0,288.0,306.0,,,False,,False
6173.807,ANT,12,37.0,71.327,17.311,32.117,21.899,2.0,HARD,13.0,True,Mercedes,1,3.0,True,307.0,204.0,290.0,301.0,,,False,,False
6245.402,ANT,12,38.0,71.595,17.398,32.245,21.952,2.0,HARD,14.0,True,Mercedes,1,3.0,True,309.0,206.0,289.0,303.0,,,False,,False
6317.046,ANT,12,39.0,71.644,17.571,32.225,21.848,2.0,HARD,15.0,True,Mercedes,1,3.0,True,307.0,205.0,290.0,302.0,,,False,,False
6389.645,ANT,12,40.0,72.599,17.389,33.183,22.027,2.0,HARD,16.0,True,Mercedes,1,3.0,True,308.0,203.0,291.0,301.0,,,True,TRACK LIMITS AT TURN 3 LAP 40 ,False
6461.776,ANT,12,41.0,72.131,17.383,32.657,22.091,2.0,HARD,17.0,True,Mercedes,1,3.0,True,314.0,204.0,288.0,303.0,,,False,,False
6533.283,ANT,12,42.0,71.507,17.378,32.234,21.895,2.0,HARD,18.0,True,Mercedes,1,3.0,True,309.0,205.0,289.0,301.0,,,False,,False
6604.974,ANT,12,43.0,71.691,17.434,32.249,22.008,2.0,HARD,19.0,True,Mercedes,1,3.0,True,306.0,205.0,288.0,301.0,,,False,,False
6676.697,ANT,12,44.0,71.723,17.436,32.306,21.981,2.0,HARD,20.0,True,Mercedes,1,2.0,True,305.0,205.0,289.0,301.0,,,False,,False
6748.522,ANT,12,45.0,71.825,17.408,32.327,22.09,2.0,HARD,21.0,True,Mercedes,1,2.0,True,308.0,205.0,287.0,303.0,,,False,,False
6820.27,ANT,12,46.0,71.748,17.431,32.282,22.035,2.0,HARD,22.0,True,Mercedes,1,2.0,True,306.0,204.0,289.0,302.0,,,False,,False
6892.055,ANT,12,47.0,71.785,17.459,32.347,21.979,2.0,HARD,23.0,True,Mercedes,1,2.0,True,307.0,204.0,289.0,303.0,,,False,,False
6963.801,ANT,12,48.0,71.746,17.454,32.345,21.947,2.0,HARD,24.0,True,Mercedes,1,2.0,True,307.0,204.0,290.0,303.0,,,False,,False
7036.015,ANT,12,49.0,72.214,17.5,32.289,22.425,2.0,HARD,25.0,True,Mercedes,1,1.0,True,312.0,203.0,285.0,308.0,,,False,,False
7108.136,ANT,12,50.0,72.121,17.423,32.526,22.172,2.0,HARD,26.0,True,Mercedes,1,1.0,True,314.0,205.0,286.0,298.0,,,False,,False
7184.715,ANT,12,51.0,76.579,17.506,32.489,26.584,2.0,HARD,27.0,True,Mercedes,1,1.0,False,305.0,204.0,,299.0,,7180.957,False,,False
7280.822,ANT,12,52.0,96.107,34.036,32.141,29.93,3.0,HARD,1.0,True,Mercedes,16,3.0,False,315.0,206.0,228.0,291.0,7202.506,,False,,False
7356.499,ANT,12,53.0,75.677,22.254,31.712,21.711,3.0,HARD,2.0,True,Mercedes,671,3.0,False,304.0,205.0,296.0,303.0,,,False,,False
7426.923,ANT,12,54.0,70.424,17.124,31.578,21.722,3.0,HARD,3.0,True,Mercedes,1,3.0,True,308.0,207.0,292.0,297.0,,,False,,False
7497.367,ANT,12,55.0,70.444,17.156,31.713,21.575,3.0,HARD,4.0,True,Mercedes,1,3.0,True,303.0,207.0,293.0,301.0,,,False,,False
7567.797,ANT,12,56.0,70.43,17.178,31.593,21.659,3.0,HARD,5.0,True,Mercedes,1,3.0,True,305.0,206.0,292.0,303.0,,,False,,False
7638.267,ANT,12,57.0,70.47,17.195,31.642,21.633,3.0,HARD,6.0,True,Mercedes,1,3.0,True,307.0,208.0,291.0,301.0,,,False,,False
7708.899,ANT,12,58.0,70.632,17.153,31.826,21.653,3.0,HARD,7.0,True,Mercedes,1,3.0,True,309.0,209.0,294.0,305.0,,,False,,False
7779.273,ANT,12,59.0,70.374,17.126,31.58,21.668,3.0,HARD,8.0,True,Mercedes,1,3.0,True,313.0,208.0,292.0,304.0,,,False,,False
7849.664,ANT,12,60.0,70.391,17.237,31.569,21.585,3.0,HARD,9.0,True,Mercedes,1,3.0,True,305.0,207.0,292.0,306.0,,,False,,False
7920.106,ANT,12,61.0,70.442,17.195,31.624,21.623,3.0,HARD,10.0,True,Mercedes,1,3.0,True,308.0,208.0,293.0,307.0,,,False,,False
7990.998,ANT,12,62.0,70.892,17.173,31.941,21.778,3.0,HARD,11.0,True,Mercedes,1,3.0,True,308.0,207.0,293.0,306.0,,,False,,False
8062.049,ANT,12,63.0,71.051,17.177,32.008,21.866,3.0,HARD,12.0,True,Mercedes,1,3.0,True,313.0,207.0,290.0,304.0,,,False,,False
8132.944,ANT,12,64.0,70.895,17.25,31.925,21.72,3.0,HARD,13.0,True,Mercedes,1,3.0,True,312.0,208.0,291.0,303.0,,,False,,False
8203.584,ANT,12,65.0,70.64,17.155,31.875,21.61,3.0,HARD,14.0,True,Mercedes,1,3.0,True,309.0,206.0,293.0,307.0,,,False,,False
8274.316,ANT,12,66.0,70.732,17.179,31.833,21.72,3.0,HARD,15.0,True,Mercedes,1,3.0,True,308.0,208.0,291.0,309.0,,,False,,False
8345.347,ANT,12,67.0,71.031,17.416,31.935,21.68,3.0,HARD,16.0,True,Mercedes,1,3.0,True,309.0,208.0,294.0,305.0,,,False,,False
8415.896,ANT,12,68.0,70.549,17.142,31.804,21.603,3.0,HARD,17.0,True,Mercedes,1,3.0,True,310.0,207.0,295.0,307.0,,,False,,False
8486.303,ANT,12,69.0,70.407,17.065,31.72,21.622,3.0,HARD,18.0,True,Mercedes,1,3.0,True,311.0,208.0,295.0,309.0,,,False,,False
8556.978,ANT,12,70.0,70.675,17.063,31.891,21.721,3.0,HARD,19.0,True,Mercedes,1,3.0,True,314.0,207.0,295.0,311.0,,,False,,False
8627.911,ANT,12,71.0,70.933,17.009,32.087,21.837,3.0,HARD,20.0,True,Mercedes,1,3.0,True,325.0,206.0,288.0,334.0,,,False,,False
3511.444,ALO,14,1.0,83.498,,35.167,23.8,1.0,MEDIUM,1.0,True,Aston Martin,1,19.0,False,296.0,198.0,276.0,299.0,,,False,,False
3587.392,ALO,14,2.0,75.948,18.442,34.013,23.493,1.0,MEDIUM,2.0,True,Aston Martin,1,20.0,True,304.0,200.0,276.0,279.0,,,False,,False
3662.297,ALO,14,3.0,74.905,18.063,33.504,23.338,1.0,MEDIUM,3.0,True,Aston Martin,1,20.0,True,296.0,201.0,276.0,275.0,,,False,,False
3737.726,ALO,14,4.0,75.429,18.142,33.702,23.585,1.0,MEDIUM,4.0,True,Aston Martin,1,19.0,True,285.0,200.0,273.0,277.0,,,False,,False
3812.649,ALO,14,5.0,74.923,18.174,33.482,23.267,1.0,MEDIUM,5.0,True,Aston Martin,1,19.0,True,288.0,199.0,275.0,282.0,,,False,,False
3887.667,ALO,14,6.0,75.018,18.238,33.488,23.292,1.0,MEDIUM,6.0,True,Aston Martin,1,19.0,True,288.0,199.0,274.0,282.0,,,False,,False
3962.894,ALO,14,7.0,75.227,18.304,33.583,23.34,1.0,MEDIUM,7.0,True,Aston Martin,1,19.0,True,286.0,199.0,274.0,281.0,,,False,,False
4038.151,ALO,14,8.0,75.257,18.241,33.638,23.378,1.0,MEDIUM,8.0,True,Aston Martin,1,19.0,True,287.0,200.0,273.0,281.0,,,False,,False
4113.705,ALO,14,9.0,75.554,18.261,33.807,23.486,1.0,MEDIUM,9.0,True,Aston Martin,1,19.0,True,287.0,200.0,273.0,279.0,,,False,,False
4189.461,ALO,14,10.0,75.756,18.246,33.912,23.598,1.0,MEDIUM,10.0,True,Aston Martin,1,19.0,True,286.0,199.0,273.0,281.0,,,False,,False
4265.342,ALO,14,11.0,75.881,18.389,33.835,23.657,1.0,MEDIUM,11.0,True,Aston Martin,1,19.0,True,286.0,201.0,273.0,282.0,,,False,,False
4341.065,ALO,14,12.0,75.723,18.319,33.878,23.526,1.0,MEDIUM,12.0,True,Aston Martin,1,19.0,True,284.0,201.0,274.0,283.0,,,False,,False
4417.006,ALO,14,13.0,75.941,18.325,33.897,23.719,1.0,MEDIUM,13.0,True,Aston Martin,1,19.0,True,284.0,199.0,274.0,284.0,,,False,,False
4492.952,ALO,14,14.0,75.946,18.328,33.926,23.692,1.0,MEDIUM,14.0,True,Aston Martin,1,18.0,True,283.0,198.0,273.0,284.0,,,False,,False
4568.756,ALO,14,15.0,75.804,18.397,33.839,23.568,1.0,MEDIUM,15.0,True,Aston Martin,1,17.0,True,287.0,198.0,273.0,286.0,,,False,,False
4644.545,ALO,14,16.0,75.789,18.354,33.84,23.595,1.0,MEDIUM,16.0,True,Aston Martin,1,17.0,True,286.0,199.0,273.0,283.0,,,False,,False
4720.883,ALO,14,17.0,76.338,18.603,34.091,23.644,1.0,MEDIUM,17.0,True,Aston Martin,1,18.0,True,298.0,197.0,273.0,289.0,,,False,,False
4796.598,ALO,14,18.0,75.715,18.283,33.922,23.51,1.0,MEDIUM,18.0,True,Aston Martin,1,18.0,True,290.0,199.0,274.0,285.0,,,False,,False
4872.473,ALO,14,19.0,75.875,18.304,34.02,23.551,1.0,MEDIUM,19.0,True,Aston Martin,1,16.0,True,288.0,199.0,274.0,284.0,,,False,,False
4948.658,ALO,14,20.0,76.185,18.367,34.388,23.43,1.0,MEDIUM,20.0,True,Aston Martin,1,17.0,True,286.0,200.0,277.0,297.0,,,False,,False
5024.476,ALO,14,21.0,75.818,18.07,34.105,23.643,1.0,MEDIUM,21.0,True,Aston Martin,1,16.0,True,302.0,198.0,273.0,281.0,,,False,,False
5101.17,ALO,14,22.0,76.694,18.39,34.507,23.797,1.0,MEDIUM,22.0,True,Aston Martin,1,17.0,True,290.0,197.0,273.0,286.0,,,False,,False
5178.608,ALO,14,23.0,77.438,18.585,34.302,24.551,1.0,MEDIUM,23.0,True,Aston Martin,12,19.0,True,300.0,198.0,244.0,292.0,,,False,,False
5271.144,ALO,14,24.0,92.536,18.486,44.217,29.833,1.0,MEDIUM,24.0,True,Aston Martin,26,18.0,False,308.0,178.0,,156.0,,5267.339,False,,False
5380.516,ALO,14,25.0,109.372,38.129,43.928,27.315,2.0,SOFT,1.0,True,Aston Martin,671,18.0,False,212.0,154.0,262.0,192.0,5289.582,,False,,False
5455.46,ALO,14,26.0,74.944,18.259,33.331,23.354,2.0,SOFT,2.0,True,Aston Martin,1,18.0,True,293.0,204.0,272.0,283.0,,,False,,False
5530.236,ALO,14,27.0,74.776,18.044,33.501,23.231,2.0,SOFT,3.0,True,Aston Martin,1,18.0,True,304.0,201.0,274.0,280.0,,,False,,False
5605.827,ALO,14,28.0,75.591,18.949,33.275,23.367,2.0,SOFT,4.0,True,Aston Martin,1,18.0,True,294.0,203.0,277.0,288.0,,,False,,False
5681.437,ALO,14,29.0,75.61,18.517,33.897,23.196,2.0,SOFT,5.0,True,Aston Martin,1,18.0,True,255.0,202.0,280.0,297.0,,,False,,False
5755.434,ALO,14,30.0,73.997,17.734,33.408,22.855,2.0,SOFT,6.0,True,Aston Martin,1,18.0,True,313.0,202.0,275.0,290.0,,,False,,False
5830.562,ALO,14,31.0,75.128,18.043,34.029,23.056,2.0,SOFT,7.0,True,Aston Martin,1,18.0,True,293.0,204.0,279.0,284.0,,,False,,False
5905.431,ALO,14,32.0,74.869,18.002,33.562,23.305,2.0,SOFT,8.0,True,Aston Martin,1,18.0,True,291.0,202.0,276.0,282.0,,,False,,False
5980.671,ALO,14,33.0,75.24,18.169,33.75,23.321,2.0,SOFT,9.0,True,Aston Martin,1,18.0,True,285.0,201.0,275.0,282.0,,,False,,False
6056.11,ALO,14,34.0,75.439,18.209,33.801,23.429,2.0,SOFT,10.0,True,Aston Martin,1,18.0,True,284.0,201.0,274.0,283.0,,,False,,False
6131.742,ALO,14,35.0,75.632,18.298,33.896,23.438,2.0,SOFT,11.0,True,Aston Martin,1,18.0,True,289.0,200.0,275.0,283.0,,,False,,False
6206.955,ALO,14,36.0,75.213,18.211,33.85,23.152,2.0,SOFT,12.0,True,Aston Martin,1,18.0,True,286.0,201.0,274.0,283.0,,,False,,False
6283.736,ALO,14,37.0,76.781,18.189,34.511,24.081,2.0,SOFT,13.0,True,Aston Martin,1,19.0,True,294.0,200.0,279.0,283.0,,,False,,False
6360.697,ALO,14,38.0,76.961,18.423,34.989,23.549,2.0,SOFT,14.0,True,Aston Martin,1,19.0,True,275.0,202.0,282.0,286.0,,,False,,False
6435.404,ALO,14,39.0,74.707,17.851,33.542,23.314,2.0,SOFT,15.0,True,Aston Martin,1,19.0,True,313.0,201.0,279.0,293.0,,,False,,False
6510.787,ALO,14,40.0,75.383,18.439,33.949,22.995,2.0,SOFT,16.0,True,Aston Martin,1,19.0,True,242.0,201.0,282.0,292.0,,,False,,False
6585.783,ALO,14,41.0,74.996,17.733,33.852,23.411,2.0,SOFT,17.0,True,Aston Martin,1,19.0,True,311.0,202.0,282.0,292.0,,,False,,False
6660.7,ALO,14,42.0,74.917,17.842,33.868,23.207,2.0,SOFT,18.0,True,Aston Martin,1,19.0,True,314.0,201.0,280.0,287.0,,,False,,False
6735.276,ALO,14,43.0,74.576,17.766,33.612,23.198,2.0,SOFT,19.0,True,Aston Martin,1,19.0,True,310.0,200.0,280.0,284.0,,,False,,False
6809.817,ALO,14,44.0,74.541,17.775,33.614,23.152,2.0,SOFT,20.0,True,Aston Martin,1,19.0,True,310.0,201.0,280.0,284.0,,,False,,False
6884.56,ALO,14,45.0,74.743,17.736,33.843,23.164,2.0,SOFT,21.0,True,Aston Martin,1,18.0,True,298.0,200.0,277.0,277.0,,,False,,False
6959.489,ALO,14,46.0,74.929,18.135,33.655,23.139,2.0,SOFT,22.0,True,Aston Martin,1,18.0,True,287.0,200.0,273.0,281.0,,,False,,False
7034.622,ALO,14,47.0,75.133,18.248,33.573,23.312,2.0,SOFT,23.0,True,Aston Martin,1,18.0,True,291.0,201.0,276.0,278.0,,,False,,False
7111.717,ALO,14,48.0,77.095,18.362,34.836,23.897,2.0,SOFT,24.0,True,Aston Martin,1,18.0,True,283.0,205.0,279.0,295.0,,,False,,False
7191.931,ALO,14,49.0,80.214,17.895,33.7,28.619,2.0,SOFT,25.0,True,Aston Martin,1,18.0,False,314.0,199.0,,285.0,,7188.137,False,,False
7300.416,ALO,14,50.0,108.485,42.111,39.735,26.639,3.0,SOFT,1.0,True,Aston Martin,167,18.0,False,286.0,151.0,265.0,303.0,7217.016,,False,,False
7374.769,ALO,14,51.0,74.353,18.286,33.507,22.56,3.0,SOFT,2.0,True,Aston Martin,1,18.0,True,287.0,206.0,284.0,291.0,,,False,,False
7447.27,ALO,14,52.0,72.501,17.427,32.696,22.378,3.0,SOFT,3.0,True,Aston Martin,1,18.0,True,312.0,205.0,283.0,290.0,,,False,,False
7520.208,ALO,14,53.0,72.938,17.579,32.751,22.608,3.0,SOFT,4.0,True,Aston Martin,1,18.0,True,303.0,203.0,280.0,286.0,,,False,,False
7593.592,ALO,14,54.0,73.384,17.808,33.009,22.567,3.0,SOFT,5.0,True,Aston Martin,1,18.0,True,289.0,204.0,280.0,283.0,,,False,,False
7667.071,ALO,14,55.0,73.479,17.781,32.998,22.7,3.0,SOFT,6.0,True,Aston Martin,1,18.0,True,293.0,204.0,280.0,283.0,,,False,,False
7740.51,ALO,14,56.0,73.439,17.869,33.027,22.543,3.0,SOFT,7.0,True,Aston Martin,1,18.0,True,293.0,204.0,281.0,284.0,,,False,,False
7814.155,ALO,14,57.0,73.645,17.747,33.092,22.806,3.0,SOFT,8.0,True,Aston Martin,1,18.0,True,294.0,201.0,280.0,284.0,,,False,,False
7887.604,ALO,14,58.0,73.449,17.791,33.028,22.63,3.0,SOFT,9.0,True,Aston Martin,1,18.0,True,294.0,204.0,280.0,284.0,,,False,,False
7961.247,ALO,14,59.0,73.643,17.874,33.093,22.676,3.0,SOFT,10.0,True,Aston Martin,1,18.0,True,293.0,203.0,280.0,285.0,,,False,,False
8036.048,ALO,14,60.0,74.801,17.84,34.19,22.771,3.0,SOFT,11.0,True,Aston Martin,1,18.0,True,294.0,205.0,282.0,271.0,,,False,,False
8110.37,ALO,14,61.0,74.322,18.206,33.442,22.674,3.0,SOFT,12.0,True,Aston Martin,1,18.0,True,280.0,203.0,281.0,292.0,,,False,,False
8183.889,ALO,14,62.0,73.519,17.562,33.232,22.725,3.0,SOFT,13.0,True,Aston Martin,1,18.0,True,311.0,205.0,283.0,281.0,,,False,,False
8258.07,ALO,14,63.0,74.181,17.837,33.473,22.871,3.0,SOFT,14.0,True,Aston Martin,1,18.0,True,280.0,200.0,280.0,284.0,,,False,,False
8332.056,ALO,14,64.0,73.986,17.831,33.117,23.038,3.0,SOFT,15.0,True,Aston Martin,1,18.0,True,296.0,201.0,279.0,285.0,,,False,,False
8406.539,ALO,14,65.0,74.483,18.095,33.405,22.983,3.0,SOFT,16.0,True,Aston Martin,1,18.0,True,295.0,201.0,278.0,285.0,,,False,,False
8480.379,ALO,14,66.0,73.84,17.899,33.24,22.701,3.0,SOFT,17.0,True,Aston Martin,1,18.0,True,295.0,202.0,281.0,286.0,,,False,,False
8555.121,ALO,14,67.0,74.742,17.87,33.122,23.75,3.0,SOFT,18.0,True,Aston Martin,1,18.0,True,293.0,202.0,282.0,284.0,,,False,,False
8630.758,ALO,14,68.0,75.637,18.139,34.258,23.24,3.0,SOFT,19.0,True,Aston Martin,1,18.0,True,209.0,204.0,274.0,313.0,,,False,,False
3504.472,LEC,16,1.0,76.526,,33.298,22.615,1.0,MEDIUM,1.0,True,Ferrari,1,3.0,False,309.0,200.0,282.0,279.0,,,False,,False
3578.614,LEC,16,2.0,74.142,18.292,33.256,22.594,1.0,MEDIUM,2.0,True,Ferrari,1,4.0,True,304.0,200.0,283.0,302.0,,,True,TRACK LIMITS AT TURN 1 LAP 2 ,False
3651.06,LEC,16,3.0,72.446,17.423,32.611,22.412,1.0,MEDIUM,3.0,True,Ferrari,1,4.0,True,311.0,206.0,284.0,298.0,,,False,,False
3723.031,LEC,16,4.0,71.971,17.5,32.207,22.264,1.0,MEDIUM,4.0,True,Ferrari,1,4.0,True,308.0,206.0,282.0,297.0,,,False,,False
3795.283,LEC,16,5.0,72.252,17.54,32.443,22.269,1.0,MEDIUM,5.0,True,Ferrari,1,4.0,True,307.0,205.0,282.0,295.0,,,False,,False
3867.499,LEC,16,6.0,72.216,17.513,32.383,22.32,1.0,MEDIUM,6.0,True,Ferrari,1,4.0,True,307.0,205.0,282.0,295.0,,,False,,False
3941.45,LEC,16,7.0,73.951,17.517,32.993,23.441,1.0,MEDIUM,7.0,True,Ferrari,1,5.0,True,307.0,207.0,278.0,314.0,,,False,,False
4014.167,LEC,16,8.0,72.717,17.561,32.776,22.38,1.0,MEDIUM,8.0,True,Ferrari,1,5.0,True,315.0,203.0,285.0,298.0,,,False,,False
4087.062,LEC,16,9.0,72.895,17.537,32.632,22.726,1.0,MEDIUM,9.0,True,Ferrari,1,5.0,True,308.0,204.0,277.0,295.0,,,False,,False
4160.123,LEC,16,10.0,73.061,17.789,32.663,22.609,1.0,MEDIUM,10.0,True,Ferrari,1,5.0,True,310.0,204.0,281.0,296.0,,,False,,False
4233.616,LEC,16,11.0,73.493,17.662,33.057,22.774,1.0,MEDIUM,11.0,True,Ferrari,1,5.0,True,295.0,204.0,281.0,284.0,,,False,,False
4307.049,LEC,16,12.0,73.433,17.684,32.934,22.815,1.0,MEDIUM,12.0,True,Ferrari,1,5.0,True,301.0,203.0,282.0,283.0,,,False,,False
4384.771,LEC,16,13.0,77.722,17.762,32.799,27.161,1.0,MEDIUM,13.0,True,Ferrari,1,7.0,False,299.0,203.0,,286.0,,4380.677,False,,False
4474.577,LEC,16,14.0,89.806,34.661,32.511,22.634,2.0,HARD,1.0,True,Ferrari,1,11.0,False,305.0,205.0,283.0,299.0,4402.462,,False,,False
4547.365,LEC,16,15.0,72.788,17.615,32.512,22.661,2.0,HARD,2.0,True,Ferrari,1,11.0,True,300.0,203.0,279.0,294.0,,,False,,False
4619.932,LEC,16,16.0,72.567,17.651,32.396,22.52,2.0,HARD,3.0,True,Ferrari,1,11.0,True,307.0,201.0,283.0,295.0,,,False,,False
4692.907,LEC,16,17.0,72.975,17.476,32.455,23.044,2.0,HARD,4.0,True,Ferrari,1,10.0,True,309.0,201.0,280.0,297.0,,,False,,False
4765.498,LEC,16,18.0,72.591,17.611,32.357,22.623,2.0,HARD,5.0,True,Ferrari,1,9.0,True,306.0,206.0,279.0,293.0,,,False,,False
4837.743,LEC,16,19.0,72.245,17.56,32.3,22.385,2.0,HARD,6.0,True,Ferrari,1,7.0,True,306.0,205.0,282.0,292.0,,,False,,False
4909.809,LEC,16,20.0,72.066,17.557,32.277,22.232,2.0,HARD,7.0,True,Ferrari,1,6.0,True,302.0,206.0,283.0,293.0,,,False,,False
4981.47,LEC,16,21.0,71.661,17.468,32.069,22.124,2.0,HARD,8.0,True,Ferrari,1,6.0,True,304.0,207.0,281.0,290.0,,,False,,False
5053.402,LEC,16,22.0,71.932,17.554,32.211,22.167,2.0,HARD,9.0,True,Ferrari,1,5.0,True,304.0,205.0,282.0,290.0,,,False,,False
5125.232,LEC,16,23.0,71.83,17.526,32.141,22.163,2.0,HARD,10.0,True,Ferrari,1,5.0,True,305.0,205.0,284.0,290.0,,,False,,False
5197.931,LEC,16,24.0,72.699,17.473,32.229,22.997,2.0,HARD,11.0,True,Ferrari,12,5.0,True,305.0,206.0,239.0,289.0,,,False,,False
5295.999,LEC,16,25.0,98.068,24.467,42.804,30.797,2.0,HARD,12.0,True,Ferrari,26,4.0,False,194.0,178.0,171.0,183.0,,,False,,False
5386.933,LEC,16,26.0,90.934,22.587,43.996,24.351,2.0,HARD,13.0,True,Ferrari,671,3.0,False,161.0,174.0,284.0,214.0,,,False,,False
5458.838,LEC,16,27.0,71.905,17.478,32.277,22.15,2.0,HARD,14.0,True,Ferrari,1,3.0,True,304.0,208.0,282.0,287.0,,,False,,False
5530.575,LEC,16,28.0,71.737,17.509,32.026,22.202,2.0,HARD,15.0,True,Ferrari,1,3.0,True,303.0,209.0,287.0,294.0,,,False,,False
5602.57,LEC,16,29.0,71.995,17.488,32.376,22.131,2.0,HARD,16.0,True,Ferrari,1,3.0,True,303.0,205.0,283.0,294.0,,,False,,False
5675.252,LEC,16,30.0,72.682,17.48,32.865,22.337,2.0,HARD,17.0,True,Ferrari,1,4.0,True,304.0,202.0,284.0,288.0,,,False,,False
5747.111,LEC,16,31.0,71.859,17.397,32.321,22.141,2.0,HARD,18.0,True,Ferrari,1,4.0,True,314.0,206.0,284.0,294.0,,,False,,False
5819.155,LEC,16,32.0,72.044,17.473,32.42,22.151,2.0,HARD,19.0,True,Ferrari,1,4.0,True,311.0,207.0,283.0,296.0,,,False,,False
5891.5,LEC,16,33.0,72.345,17.433,32.661,22.251,2.0,HARD,20.0,True,Ferrari,1,4.0,True,310.0,205.0,283.0,290.0,,,False,,False
5963.816,LEC,16,34.0,72.316,17.543,32.497,22.276,2.0,HARD,21.0,True,Ferrari,1,4.0,True,309.0,204.0,283.0,292.0,,,False,,False
6036.006,LEC,16,35.0,72.19,17.528,32.444,22.218,2.0,HARD,22.0,True,Ferrari,1,4.0,True,308.0,204.0,283.0,291.0,,,False,,False
6108.594,LEC,16,36.0,72.588,17.608,32.544,22.436,2.0,HARD,23.0,True,Ferrari,1,4.0,True,307.0,204.0,281.0,292.0,,,False,,False
6187.028,LEC,16,37.0,78.434,17.659,33.744,27.031,2.0,HARD,24.0,True,Ferrari,1,7.0,False,307.0,203.0,,312.0,,6183.214,False,,False
6275.33,LEC,16,38.0,88.302,34.101,32.181,22.02,3.0,HARD,1.0,True,Ferrari,1,8.0,False,305.0,208.0,284.0,294.0,6204.256,,False,,False
6346.941,LEC,16,39.0,71.611,17.33,32.107,22.174,3.0,HARD,2.0,True,Ferrari,1,8.0,True,311.0,206.0,284.0,288.0,,,False,,False
6418.642,LEC,16,40.0,71.701,17.421,32.258,22.022,3.0,HARD,3.0,True,Ferrari,1,8.0,True,305.0,204.0,285.0,288.0,,,False,,False
6489.697,LEC,16,41.0,71.055,17.306,31.886,21.863,3.0,HARD,4.0,True,Ferrari,1,7.0,True,307.0,208.0,284.0,289.0,,,False,,False
6560.613,LEC,16,42.0,70.916,17.371,31.788,21.757,3.0,HARD,5.0,True,Ferrari,1,7.0,True,308.0,208.0,287.0,292.0,,,False,,False
6631.797,LEC,16,43.0,71.184,17.227,31.953,22.004,3.0,HARD,6.0,True,Ferrari,1,5.0,True,313.0,209.0,283.0,291.0,,,False,,False
6702.962,LEC,16,44.0,71.165,17.332,31.992,21.841,3.0,HARD,7.0,True,Ferrari,1,5.0,True,307.0,209.0,285.0,287.0,,,False,,False
6774.213,LEC,16,45.0,71.251,17.375,31.906,21.97,3.0,HARD,8.0,True,Ferrari,1,5.0,True,307.0,210.0,284.0,290.0,,,False,,False
6845.931,LEC,16,46.0,71.718,17.427,32.205,22.086,3.0,HARD,9.0,True,Ferrari,1,5.0,True,307.0,208.0,284.0,292.0,,,False,,False
6917.596,LEC,16,47.0,71.665,17.389,32.163,22.113,3.0,HARD,10.0,True,Ferrari,1,5.0,True,309.0,207.0,284.0,293.0,,,False,,False
6990.193,LEC,16,48.0,72.597,17.494,32.868,22.235,3.0,HARD,11.0,True,Ferrari,1,5.0,True,306.0,208.0,287.0,301.0,,,False,,False
7061.8,LEC,16,49.0,71.607,17.34,32.246,22.021,3.0,HARD,12.0,True,Ferrari,1,5.0,True,315.0,209.0,287.0,294.0,,,False,,False
7133.337,LEC,16,50.0,71.537,17.226,32.254,22.057,3.0,HARD,13.0,True,Ferrari,1,5.0,True,314.0,209.0,286.0,298.0,,,False,,False
7204.919,LEC,16,51.0,71.582,17.403,32.167,22.012,3.0,HARD,14.0,True,Ferrari,1,5.0,True,313.0,208.0,287.0,298.0,,,False,,False
7286.887,LEC,16,52.0,81.968,17.771,34.628,29.569,3.0,HARD,15.0,True,Ferrari,167,6.0,False,295.0,92.0,209.0,284.0,,,False,,False
7361.459,LEC,16,53.0,74.572,19.612,32.795,22.165,3.0,HARD,16.0,True,Ferrari,71,6.0,False,303.0,206.0,291.0,297.0,,,False,,False
7433.522,LEC,16,54.0,72.063,17.419,32.465,22.179,3.0,HARD,17.0,True,Ferrari,1,6.0,True,301.0,207.0,289.0,286.0,,,False,,False
7505.533,LEC,16,55.0,72.011,17.423,32.291,22.297,3.0,HARD,18.0,True,Ferrari,1,6.0,True,301.0,206.0,284.0,286.0,,,False,,False
7579.563,LEC,16,56.0,74.03,17.544,34.005,22.481,3.0,HARD,19.0,True,Ferrari,1,7.0,True,312.0,205.0,285.0,317.0,,,False,,False
7651.638,LEC,16,57.0,72.075,17.468,32.375,22.232,3.0,HARD,20.0,True,Ferrari,1,7.0,True,316.0,205.0,287.0,300.0,,,False,,False
7724.289,LEC,16,58.0,72.651,17.42,32.71,22.521,3.0,HARD,21.0,True,Ferrari,1,7.0,True,313.0,205.0,284.0,300.0,,,False,,False
7802.575,LEC,16,59.0,78.286,17.565,33.266,27.455,3.0,HARD,22.0,True,Ferrari,1,8.0,False,310.0,205.0,,303.0,,7798.995,False,,False
7892.181,LEC,16,60.0,89.606,35.641,32.162,21.803,4.0,SOFT,4.0,False,Ferrari,1,8.0,False,307.0,212.0,289.0,299.0,7821.737,,False,,False
7963.051,LEC,16,61.0,70.87,17.14,31.721,22.009,4.0,SOFT,5.0,False,Ferrari,1,8.0,True,311.0,210.0,285.0,298.0,,,False,,False
8034.149,LEC,16,62.0,71.098,17.282,32.083,21.733,4.0,SOFT,6.0,False,Ferrari,1,8.0,True,311.0,210.0,287.0,296.0,,,False,,False
8105.085,LEC,16,63.0,70.936,17.216,31.93,21.79,4.0,SOFT,7.0,False,Ferrari,1,8.0,True,308.0,211.0,287.0,292.0,,,False,,False
8175.963,LEC,16,64.0,70.878,17.247,31.783,21.848,4.0,SOFT,8.0,False,Ferrari,1,8.0,True,308.0,210.0,287.0,295.0,,,False,,False
8246.984,LEC,16,65.0,71.021,17.325,31.888,21.808,4.0,SOFT,9.0,False,Ferrari,1,8.0,True,303.0,210.0,287.0,292.0,,,False,,False
8317.668,LEC,16,66.0,70.684,17.322,31.681,21.681,4.0,SOFT,10.0,False,Ferrari,1,8.0,True,303.0,212.0,287.0,293.0,,,False,,False
8388.274,LEC,16,67.0,70.606,17.277,31.801,21.528,4.0,SOFT,11.0,False,Ferrari,1,8.0,True,305.0,212.0,288.0,288.0,,,False,,False
8458.987,LEC,16,68.0,70.713,17.297,31.813,21.603,4.0,SOFT,12.0,False,Ferrari,1,8.0,True,304.0,211.0,287.0,291.0,,,False,,False
8529.79,LEC,16,69.0,70.803,17.299,31.867,21.637,4.0,SOFT,13.0,False,Ferrari,1,8.0,True,306.0,211.0,288.0,289.0,,,False,,False
8600.788,LEC,16,70.0,70.998,17.321,31.936,21.741,4.0,SOFT,14.0,False,Ferrari,1,8.0,True,306.0,210.0,287.0,288.0,,,False,,False
8671.584,LEC,16,71.0,70.796,17.267,31.792,21.737,4.0,SOFT,15.0,False,Ferrari,1,8.0,True,306.0,211.0,288.0,292.0,,,False,,False
3512.78,STR,18,1.0,84.834,,36.219,24.039,1.0,MEDIUM,1.0,True,Aston Martin,1,22.0,False,309.0,199.0,276.0,284.0,,,False,,False
3588.822,STR,18,2.0,76.042,18.197,34.26,23.585,1.0,MEDIUM,2.0,True,Aston Martin,1,21.0,True,299.0,200.0,274.0,278.0,,,False,,False
3663.837,STR,18,3.0,75.015,18.181,33.401,23.433,1.0,MEDIUM,3.0,True,Aston Martin,1,21.0,True,288.0,201.0,272.0,283.0,,,False,,False
3739.054,STR,18,4.0,75.217,18.063,33.599,23.555,1.0,MEDIUM,4.0,True,Aston Martin,1,20.0,True,289.0,200.0,275.0,280.0,,,False,,False
3814.041,STR,18,5.0,74.987,18.108,33.453,23.426,1.0,MEDIUM,5.0,True,Aston Martin,1,20.0,True,294.0,201.0,276.0,287.0,,,False,,False
3889.036,STR,18,6.0,74.995,18.045,33.49,23.46,1.0,MEDIUM,6.0,True,Aston Martin,1,20.0,True,293.0,199.0,276.0,286.0,,,False,,False
3964.626,STR,18,7.0,75.59,18.262,33.787,23.541,1.0,MEDIUM,7.0,True,Aston Martin,1,20.0,True,294.0,200.0,276.0,285.0,,,True,TRACK LIMITS AT TURN 1 LAP 7 ,False
4040.111,STR,18,8.0,75.485,18.111,33.75,23.624,1.0,MEDIUM,8.0,True,Aston Martin,1,20.0,True,293.0,201.0,275.0,284.0,,,False,,False
4115.566,STR,18,9.0,75.455,18.209,33.544,23.702,1.0,MEDIUM,9.0,True,Aston Martin,1,20.0,True,290.0,202.0,275.0,282.0,,,False,,False
4191.206,STR,18,10.0,75.64,18.178,33.787,23.675,1.0,MEDIUM,10.0,True,Aston Martin,1,20.0,True,292.0,201.0,276.0,283.0,,,False,,False
4267.162,STR,18,11.0,75.956,18.231,33.753,23.972,1.0,MEDIUM,11.0,True,Aston Martin,1,20.0,True,291.0,195.0,274.0,285.0,,,False,,False
4342.997,STR,18,12.0,75.835,18.295,33.751,23.789,1.0,MEDIUM,12.0,True,Aston Martin,1,20.0,True,290.0,200.0,275.0,286.0,,,False,,False
4418.714,STR,18,13.0,75.717,18.222,33.698,23.797,1.0,MEDIUM,13.0,True,Aston Martin,1,20.0,True,289.0,200.0,276.0,287.0,,,False,,False
4494.678,STR,18,14.0,75.964,18.198,33.927,23.839,1.0,MEDIUM,14.0,True,Aston Martin,1,19.0,True,290.0,199.0,275.0,287.0,,,False,,False
4570.504,STR,18,15.0,75.826,18.287,33.722,23.817,1.0,MEDIUM,15.0,True,Aston Martin,1,18.0,True,290.0,199.0,275.0,287.0,,,False,,False
4647.144,STR,18,16.0,76.64,18.258,34.528,23.854,1.0,MEDIUM,16.0,True,Aston Martin,1,19.0,True,289.0,198.0,275.0,291.0,,,False,,False
4722.827,STR,18,17.0,75.683,18.192,33.785,23.706,1.0,MEDIUM,17.0,True,Aston Martin,1,19.0,True,295.0,197.0,276.0,288.0,,,False,,False
4798.706,STR,18,18.0,75.879,18.168,33.925,23.786,1.0,MEDIUM,18.0,True,Aston Martin,1,19.0,True,297.0,199.0,275.0,287.0,,,False,,False
4875.221,STR,18,19.0,76.515,18.192,34.311,24.012,1.0,MEDIUM,19.0,True,Aston Martin,1,18.0,True,296.0,198.0,274.0,286.0,,,False,,False
4951.672,STR,18,20.0,76.451,18.244,34.026,24.181,1.0,MEDIUM,20.0,True,Aston Martin,1,19.0,True,292.0,197.0,278.0,285.0,,,False,,False
5028.719,STR,18,21.0,77.047,18.055,35.021,23.971,1.0,MEDIUM,21.0,True,Aston Martin,1,19.0,True,311.0,199.0,275.0,291.0,,,True,TRACK LIMITS AT TURN 3 LAP 21 ,False
5105.055,STR,18,22.0,76.336,18.25,33.92,24.166,1.0,MEDIUM,22.0,True,Aston Martin,1,20.0,True,296.0,199.0,277.0,288.0,,,False,,False
5182.324,STR,18,23.0,77.269,18.025,35.27,23.974,1.0,MEDIUM,23.0,True,Aston Martin,12,20.0,True,306.0,200.0,259.0,214.0,,,False,,False
5279.402,STR,18,24.0,97.078,18.255,43.617,35.206,1.0,MEDIUM,24.0,True,Aston Martin,26,19.0,False,295.0,174.0,,196.0,,5274.886,False,,False
5388.029,STR,18,25.0,108.627,39.788,44.317,24.522,2.0,SOFT,1.0,True,Aston Martin,671,19.0,False,141.0,175.0,278.0,195.0,5298.228,,False,,False
5462.7,STR,18,26.0,74.671,18.317,33.116,23.238,2.0,SOFT,2.0,True,Aston Martin,1,19.0,True,315.0,202.0,277.0,293.0,,,False,,False
5538.893,STR,18,27.0,76.193,19.209,33.933,23.051,2.0,SOFT,3.0,True,Aston Martin,1,19.0,True,264.0,205.0,278.0,292.0,,,False,,False
5613.054,STR,18,28.0,74.161,17.861,33.254,23.046,2.0,SOFT,4.0,True,Aston Martin,1,19.0,True,293.0,201.0,277.0,286.0,,,False,,False
5688.3,STR,18,29.0,75.246,18.159,34.03,23.057,2.0,SOFT,5.0,True,Aston Martin,1,19.0,True,241.0,201.0,280.0,287.0,,,False,,False
5762.096,STR,18,30.0,73.796,17.905,33.012,22.879,2.0,SOFT,6.0,True,Aston Martin,1,19.0,True,293.0,204.0,277.0,288.0,,,False,,False
5836.102,STR,18,31.0,74.006,17.919,33.103,22.984,2.0,SOFT,7.0,True,Aston Martin,1,19.0,True,295.0,203.0,278.0,287.0,,,False,,False
5910.203,STR,18,32.0,74.101,17.919,33.151,23.031,2.0,SOFT,8.0,True,Aston Martin,1,19.0,True,293.0,201.0,278.0,286.0,,,False,,False
5984.619,STR,18,33.0,74.416,17.963,33.301,23.152,2.0,SOFT,9.0,True,Aston Martin,1,19.0,True,292.0,201.0,279.0,284.0,,,False,,False
6058.843,STR,18,34.0,74.224,17.92,33.159,23.145,2.0,SOFT,10.0,True,Aston Martin,1,19.0,True,297.0,203.0,279.0,284.0,,,False,,False
6133.198,STR,18,35.0,74.355,17.94,33.135,23.28,2.0,SOFT,11.0,True,Aston Martin,1,19.0,True,297.0,202.0,279.0,288.0,,,False,,False
6207.813,STR,18,36.0,74.615,17.982,33.398,23.235,2.0,SOFT,12.0,True,Aston Martin,1,19.0,True,297.0,201.0,283.0,289.0,,,False,,False
6282.676,STR,18,37.0,74.863,17.674,33.894,23.295,2.0,SOFT,13.0,True,Aston Martin,1,18.0,True,319.0,192.0,277.0,282.0,,,False,,False
6360.036,STR,18,38.0,77.36,18.946,35.054,23.36,2.0,SOFT,14.0,True,Aston Martin,1,18.0,True,299.0,201.0,275.0,260.0,,,False,,False
6434.655,STR,18,39.0,74.619,18.025,33.4,23.194,2.0,SOFT,15.0,True,Aston Martin,1,18.0,True,299.0,200.0,279.0,284.0,,,False,,False
6509.239,STR,18,40.0,74.584,17.929,33.41,23.245,2.0,SOFT,16.0,True,Aston Martin,1,18.0,True,299.0,201.0,277.0,286.0,,,False,,False
6585.279,STR,18,41.0,76.04,18.061,34.651,23.328,2.0,SOFT,17.0,True,Aston Martin,1,18.0,True,266.0,202.0,281.0,286.0,,,False,,False
6659.933,STR,18,42.0,74.654,17.855,33.517,23.282,2.0,SOFT,18.0,True,Aston Martin,1,18.0,True,300.0,202.0,280.0,288.0,,,False,,False
6734.574,STR,18,43.0,74.641,17.877,33.439,23.325,2.0,SOFT,19.0,True,Aston Martin,1,18.0,True,301.0,202.0,278.0,292.0,,,False,,False
6809.104,STR,18,44.0,74.53,17.947,33.357,23.226,2.0,SOFT,20.0,True,Aston Martin,1,18.0,True,297.0,202.0,277.0,287.0,,,False,,False
6916.531,STR,18,45.0,107.427,20.383,46.63,40.414,2.0,SOFT,21.0,True,Aston Martin,1,19.0,False,234.0,110.0,,164.0,,6910.577,False,,False
3510.468,ALB,23,1.0,82.522,,34.885,23.653,1.0,MEDIUM,1.0,True,Williams,1,17.0,False,303.0,196.0,279.0,302.0,,,False,,False
3585.424,ALB,23,2.0,74.956,17.941,33.71,23.305,1.0,MEDIUM,2.0,True,Williams,1,17.0,True,319.0,198.0,287.0,299.0,,,False,,False
3659.742,ALB,23,3.0,74.318,17.615,33.334,23.369,1.0,MEDIUM,3.0,True,Williams,1,17.0,True,314.0,200.0,285.0,306.0,,,False,,False
3734.012,ALB,23,4.0,74.27,17.656,33.367,23.247,1.0,MEDIUM,4.0,True,Williams,1,17.0,True,311.0,199.0,284.0,303.0,,,False,,False
3808.3,ALB,23,5.0,74.288,17.736,33.235,23.317,1.0,MEDIUM,5.0,True,Williams,1,17.0,True,307.0,199.0,284.0,310.0,,,False,,False
3882.984,ALB,23,6.0,74.684,17.751,33.48,23.453,1.0,MEDIUM,6.0,True,Williams,1,17.0,True,309.0,198.0,284.0,304.0,,,False,,False
3957.447,ALB,23,7.0,74.463,17.758,33.249,23.456,1.0,MEDIUM,7.0,True,Williams,1,17.0,True,307.0,197.0,283.0,303.0,,,False,,False
4032.163,ALB,23,8.0,74.716,17.742,33.556,23.418,1.0,MEDIUM,8.0,True,Williams,1,17.0,True,310.0,199.0,283.0,304.0,,,False,,False
4107.461,ALB,23,9.0,75.298,17.625,33.784,23.889,1.0,MEDIUM,9.0,True,Williams,1,17.0,True,316.0,198.0,280.0,317.0,,,False,,False
4182.602,ALB,23,10.0,75.141,17.748,33.517,23.876,1.0,MEDIUM,10.0,True,Williams,1,17.0,True,319.0,197.0,282.0,315.0,,,False,,False
4258.584,ALB,23,11.0,75.982,17.724,34.134,24.124,1.0,MEDIUM,11.0,True,Williams,1,17.0,True,319.0,198.0,280.0,320.0,,,False,,False
4333.865,ALB,23,12.0,75.281,17.814,33.492,23.975,1.0,MEDIUM,12.0,True,Williams,1,17.0,True,317.0,198.0,282.0,314.0,,,False,,False
4408.977,ALB,23,13.0,75.112,17.816,33.435,23.861,1.0,MEDIUM,13.0,True,Williams,1,17.0,True,318.0,196.0,282.0,321.0,,,False,,False
4483.898,ALB,23,14.0,74.921,17.734,33.572,23.615,1.0,MEDIUM,14.0,True,Williams,1,15.0,True,316.0,194.0,281.0,306.0,,,False,,False
4558.756,ALB,23,15.0,74.858,17.969,33.477,23.412,1.0,MEDIUM,15.0,True,Williams,1,15.0,True,304.0,197.0,283.0,302.0,,,False,,False
4633.735,ALB,23,16.0,74.979,18.014,33.472,23.493,1.0,MEDIUM,16.0,True,Williams,1,15.0,True,305.0,194.0,282.0,303.0,,,False,,False
4708.807,ALB,23,17.0,75.072,17.988,33.635,23.449,1.0,MEDIUM,17.0,True,Williams,1,15.0,True,305.0,195.0,283.0,302.0,,,False,,False
4787.665,ALB,23,18.0,78.858,17.933,33.618,27.307,1.0,MEDIUM,18.0,True,Williams,1,16.0,False,305.0,198.0,,301.0,,4783.679,False,,False
4879.569,ALB,23,19.0,91.904,34.958,33.957,22.989,2.0,MEDIUM,1.0,True,Williams,1,20.0,False,301.0,200.0,284.0,299.0,4804.981,,True,TRACK LIMITS AT TURN 3 LAP 19 ,False
4953.211,ALB,23,20.0,73.642,17.625,33.019,22.998,2.0,MEDIUM,2.0,True,Williams,1,20.0,True,306.0,198.0,285.0,303.0,,,False,,False
5027.034,ALB,23,21.0,73.823,17.683,33.018,23.122,2.0,MEDIUM,3.0,True,Williams,1,18.0,True,308.0,199.0,285.0,311.0,,,False,,False
5101.236,ALB,23,22.0,74.202,17.71,33.312,23.18,2.0,MEDIUM,4.0,True,Williams,1,18.0,True,306.0,195.0,289.0,303.0,,,False,,False
5175.03,ALB,23,23.0,73.794,17.752,33.018,23.024,2.0,MEDIUM,5.0,True,Williams,1,17.0,True,308.0,200.0,285.0,307.0,,,False,,False
5267.22,ALB,23,24.0,92.19,17.78,41.22,33.19,2.0,MEDIUM,6.0,True,Williams,126,16.0,False,305.0,163.0,138.0,101.0,,,False,,False
5361.679,ALB,23,25.0,94.459,22.086,42.125,30.248,2.0,MEDIUM,7.0,True,Williams,67,16.0,False,251.0,164.0,201.0,206.0,,,False,,False
5437.027,ALB,23,26.0,75.348,19.065,33.354,22.929,2.0,MEDIUM,8.0,True,Williams,71,16.0,False,307.0,199.0,286.0,302.0,,,False,,False
5510.371,ALB,23,27.0,73.344,17.574,32.96,22.81,2.0,MEDIUM,9.0,True,Williams,1,16.0,True,308.0,200.0,285.0,301.0,,,False,,False
5583.902,ALB,23,28.0,73.531,17.619,33.078,22.834,2.0,MEDIUM,10.0,True,Williams,1,16.0,True,309.0,199.0,285.0,302.0,,,False,,False
5657.306,ALB,23,29.0,73.404,17.608,32.985,22.811,2.0,MEDIUM,11.0,True,Williams,1,16.0,True,307.0,198.0,285.0,301.0,,,False,,False
5731.591,ALB,23,30.0,74.285,17.649,33.586,23.05,2.0,MEDIUM,12.0,True,Williams,1,17.0,True,308.0,199.0,287.0,300.0,,,False,,False
5806.292,ALB,23,31.0,74.701,18.383,33.28,23.038,2.0,MEDIUM,13.0,True,Williams,1,17.0,True,310.0,200.0,286.0,303.0,,,False,,False
5881.056,ALB,23,32.0,74.764,17.623,34.184,22.957,2.0,MEDIUM,14.0,True,Williams,1,17.0,True,311.0,199.0,281.0,300.0,,,False,,False
5955.35,ALB,23,33.0,74.294,17.912,33.371,23.011,2.0,MEDIUM,15.0,True,Williams,1,17.0,True,309.0,198.0,280.0,299.0,,,False,,False
6029.352,ALB,23,34.0,74.002,17.776,33.252,22.974,2.0,MEDIUM,16.0,True,Williams,1,16.0,True,309.0,197.0,285.0,302.0,,,False,,False
6104.365,ALB,23,35.0,75.013,17.744,34.281,22.988,2.0,MEDIUM,17.0,True,Williams,1,16.0,True,304.0,198.0,284.0,298.0,,,False,,False
6178.496,ALB,23,36.0,74.131,17.723,33.428,22.98,2.0,MEDIUM,18.0,True,Williams,1,16.0,True,308.0,195.0,283.0,299.0,,,False,,False
6256.536,ALB,23,37.0,78.04,17.856,33.19,26.994,2.0,MEDIUM,19.0,True,Williams,1,16.0,False,306.0,200.0,,299.0,,6252.705,False,,False
6348.446,ALB,23,38.0,91.91,35.014,34.132,22.764,3.0,HARD,1.0,True,Williams,1,17.0,False,306.0,204.0,285.0,223.0,6273.961,,False,,False
6421.648,ALB,23,39.0,73.202,17.599,32.824,22.779,3.0,HARD,2.0,True,Williams,1,17.0,True,304.0,200.0,286.0,303.0,,,False,,False
6495.622,ALB,23,40.0,73.974,17.542,32.722,23.71,3.0,HARD,3.0,True,Williams,1,17.0,True,309.0,200.0,287.0,300.0,,,False,,False
6568.785,ALB,23,41.0,73.163,17.593,32.814,22.756,3.0,HARD,4.0,True,Williams,1,17.0,True,313.0,199.0,286.0,307.0,,,False,,False
6642.311,ALB,23,42.0,73.526,17.524,33.018,22.984,3.0,HARD,5.0,True,Williams,1,17.0,True,309.0,199.0,284.0,298.0,,,False,,False
6715.448,ALB,23,43.0,73.137,17.604,32.861,22.672,3.0,HARD,6.0,True,Williams,1,17.0,True,310.0,201.0,285.0,299.0,,,False,,False
6788.629,ALB,23,44.0,73.181,17.556,32.853,22.772,3.0,HARD,7.0,True,Williams,1,17.0,True,309.0,201.0,284.0,301.0,,,False,,False
6862.019,ALB,23,45.0,73.39,17.577,32.915,22.898,3.0,HARD,8.0,True,Williams,1,17.0,True,310.0,201.0,285.0,301.0,,,False,,False
6935.445,ALB,23,46.0,73.426,17.627,32.926,22.873,3.0,HARD,9.0,True,Williams,1,17.0,True,307.0,200.0,285.0,298.0,,,False,,False
7009.08,ALB,23,47.0,73.635,17.602,33.091,22.942,3.0,HARD,10.0,True,Williams,1,16.0,True,308.0,198.0,286.0,301.0,,,False,,False
7082.424,ALB,23,48.0,73.344,17.571,32.834,22.939,3.0,HARD,11.0,True,Williams,1,16.0,True,308.0,201.0,285.0,300.0,,,False,,False
7156.444,ALB,23,49.0,74.02,17.624,33.485,22.911,3.0,HARD,12.0,True,Williams,1,17.0,True,307.0,199.0,286.0,307.0,,,False,,False
7230.155,ALB,23,50.0,73.711,17.638,33.153,22.92,3.0,HARD,13.0,True,Williams,1,17.0,True,311.0,200.0,286.0,301.0,,,False,,False
7314.319,ALB,23,51.0,84.164,17.716,41.786,24.662,3.0,HARD,14.0,True,Williams,167,17.0,False,310.0,143.0,288.0,189.0,,,False,,False
7387.894,ALB,23,52.0,73.575,17.859,32.958,22.758,3.0,HARD,15.0,True,Williams,1,17.0,True,307.0,200.0,285.0,301.0,,,False,,False
7461.091,ALB,23,53.0,73.197,17.618,32.867,22.712,3.0,HARD,16.0,True,Williams,1,17.0,True,306.0,201.0,286.0,303.0,,,False,,False
7534.288,ALB,23,54.0,73.197,17.63,32.8,22.767,3.0,HARD,17.0,True,Williams,1,17.0,True,305.0,200.0,286.0,304.0,,,False,,False
7607.589,ALB,23,55.0,73.301,17.618,32.852,22.831,3.0,HARD,18.0,True,Williams,1,17.0,True,309.0,200.0,284.0,302.0,,,False,,False
7681.073,ALB,23,56.0,73.484,17.654,32.991,22.839,3.0,HARD,19.0,True,Williams,1,17.0,True,308.0,200.0,286.0,300.0,,,False,,False
7754.737,ALB,23,57.0,73.664,17.698,33.093,22.873,3.0,HARD,20.0,True,Williams,1,17.0,True,306.0,200.0,285.0,300.0,,,False,,False
7828.275,ALB,23,58.0,73.538,17.643,32.94,22.955,3.0,HARD,21.0,True,Williams,1,17.0,True,306.0,200.0,286.0,303.0,,,False,,False
7901.626,ALB,23,59.0,73.351,17.679,32.902,22.77,3.0,HARD,22.0,True,Williams,1,17.0,True,309.0,199.0,285.0,305.0,,,False,,False
7975.361,ALB,23,60.0,73.735,17.744,33.067,22.924,3.0,HARD,23.0,True,Williams,1,17.0,True,309.0,198.0,287.0,305.0,,,False,,False
8049.438,ALB,23,61.0,74.077,17.694,33.377,23.006,3.0,HARD,24.0,True,Williams,1,17.0,True,310.0,200.0,287.0,302.0,,,False,,False
8123.331,ALB,23,62.0,73.893,17.849,33.141,22.903,3.0,HARD,25.0,True,Williams,1,17.0,True,304.0,197.0,286.0,301.0,,,False,,False
8199.539,ALB,23,63.0,76.208,18.238,34.83,23.14,3.0,HARD,26.0,True,Williams,1,17.0,True,215.0,200.0,287.0,300.0,,,False,,False
8275.85,ALB,23,64.0,76.311,18.358,33.721,24.232,3.0,HARD,27.0,True,Williams,1,17.0,True,283.0,201.0,283.0,309.0,,,False,,False
8350.506,ALB,23,65.0,74.656,17.963,33.657,23.036,3.0,HARD,28.0,True,Williams,1,17.0,True,308.0,200.0,284.0,303.0,,,False,,False
8426.513,ALB,23,66.0,76.007,17.872,34.705,23.43,3.0,HARD,29.0,True,Williams,1,17.0,True,309.0,195.0,256.0,303.0,,,False,,False
8501.929,ALB,23,67.0,75.416,18.501,33.54,23.375,3.0,HARD,30.0,True,Williams,1,17.0,True,311.0,199.0,260.0,309.0,,,False,,False
8577.538,ALB,23,68.0,75.609,18.428,33.872,23.309,3.0,HARD,31.0,True,Williams,1,17.0,True,315.0,196.0,288.0,293.0,,,False,,False
8654.007,ALB,23,69.0,76.469,18.104,34.844,23.521,3.0,HARD,32.0,True,Williams,1,17.0,True,311.0,197.0,287.0,307.0,,,False,,False
3509.16,HUL,27,1.0,81.214,,34.506,23.464,1.0,MEDIUM,1.0,True,Audi,1,14.0,False,298.0,203.0,284.0,290.0,,,False,,False
3583.462,HUL,27,2.0,74.302,17.712,33.563,23.027,1.0,MEDIUM,2.0,True,Audi,1,14.0,True,312.0,209.0,286.0,298.0,,,False,,False
3657.45,HUL,27,3.0,73.988,17.588,33.321,23.079,1.0,MEDIUM,3.0,True,Audi,1,14.0,True,314.0,209.0,284.0,297.0,,,False,,False
3731.355,HUL,27,4.0,73.905,17.548,33.332,23.025,1.0,MEDIUM,4.0,True,Audi,1,14.0,True,306.0,210.0,283.0,295.0,,,False,,False
3805.381,HUL,27,5.0,74.026,17.673,33.335,23.018,1.0,MEDIUM,5.0,True,Audi,1,14.0,True,311.0,210.0,284.0,299.0,,,False,,False
3879.772,HUL,27,6.0,74.391,17.714,33.376,23.301,1.0,MEDIUM,6.0,True,Audi,1,14.0,True,310.0,209.0,282.0,296.0,,,False,,False
3954.19,HUL,27,7.0,74.418,17.75,33.288,23.38,1.0,MEDIUM,7.0,True,Audi,1,14.0,True,310.0,210.0,281.0,297.0,,,False,,False
4028.865,HUL,27,8.0,74.675,17.853,33.479,23.343,1.0,MEDIUM,8.0,True,Audi,1,14.0,True,311.0,210.0,280.0,298.0,,,False,,False
4103.371,HUL,27,9.0,74.506,17.795,33.44,23.271,1.0,MEDIUM,9.0,True,Audi,1,14.0,True,310.0,207.0,283.0,297.0,,,False,,False
4178.642,HUL,27,10.0,75.271,17.709,34.088,23.474,1.0,MEDIUM,10.0,True,Audi,1,14.0,True,308.0,208.0,279.0,333.0,,,False,,False
4254.268,HUL,27,11.0,75.626,17.9,33.934,23.792,1.0,MEDIUM,11.0,True,Audi,1,14.0,True,305.0,206.0,279.0,293.0,,,False,,False
4329.405,HUL,27,12.0,75.137,17.894,33.677,23.566,1.0,MEDIUM,12.0,True,Audi,1,14.0,True,306.0,205.0,280.0,294.0,,,False,,False
4404.574,HUL,27,13.0,75.169,17.797,33.7,23.672,1.0,MEDIUM,13.0,True,Audi,1,13.0,True,310.0,207.0,277.0,299.0,,,False,,False
4479.347,HUL,27,14.0,74.773,17.91,33.388,23.475,1.0,MEDIUM,14.0,True,Audi,1,13.0,True,304.0,204.0,282.0,304.0,,,False,,False
4554.292,HUL,27,15.0,74.945,17.969,33.507,23.469,1.0,MEDIUM,15.0,True,Audi,1,13.0,True,307.0,207.0,281.0,312.0,,,False,,False
4628.766,HUL,27,16.0,74.474,18.027,33.199,23.248,1.0,MEDIUM,16.0,True,Audi,1,12.0,True,305.0,206.0,271.0,316.0,,,False,,False
4704.01,HUL,27,17.0,75.244,18.315,33.601,23.328,1.0,MEDIUM,17.0,True,Audi,1,12.0,True,293.0,207.0,274.0,291.0,,,False,,False
4778.775,HUL,27,18.0,74.765,18.118,33.453,23.194,1.0,MEDIUM,18.0,True,Audi,1,11.0,True,299.0,210.0,275.0,294.0,,,False,,False
4853.209,HUL,27,19.0,74.434,18.011,33.273,23.15,1.0,MEDIUM,19.0,True,Audi,1,10.0,True,301.0,209.0,278.0,298.0,,,False,,False
4927.617,HUL,27,20.0,74.408,17.977,33.324,23.107,1.0,MEDIUM,20.0,True,Audi,1,9.0,True,301.0,207.0,278.0,299.0,,,False,,False
5006.006,HUL,27,21.0,78.389,17.953,33.288,27.148,1.0,MEDIUM,21.0,True,Audi,1,12.0,False,302.0,207.0,,298.0,,5001.914,False,,False
5096.121,HUL,27,22.0,90.115,34.284,33.144,22.687,2.0,MEDIUM,1.0,True,Audi,1,15.0,False,297.0,214.0,281.0,294.0,5023.592,,False,,False
5169.331,HUL,27,23.0,73.21,17.513,32.619,23.078,2.0,MEDIUM,2.0,True,Audi,1,14.0,True,307.0,213.0,280.0,303.0,,,False,,False
5257.868,HUL,27,24.0,88.537,17.675,39.268,31.594,2.0,MEDIUM,3.0,True,Audi,126,14.0,False,301.0,156.0,159.0,289.0,,,False,,False
5351.989,HUL,27,25.0,94.121,21.787,42.336,29.998,2.0,MEDIUM,4.0,True,Audi,6,13.0,False,244.0,170.0,197.0,192.0,,,False,,False
5430.882,HUL,27,26.0,78.893,23.4,32.86,22.633,2.0,MEDIUM,5.0,True,Audi,671,13.0,False,255.0,214.0,281.0,298.0,,,False,,False
5503.512,HUL,27,27.0,72.63,17.633,32.35,22.647,2.0,MEDIUM,6.0,True,Audi,1,13.0,True,302.0,214.0,280.0,298.0,,,False,,False
5576.477,HUL,27,28.0,72.965,17.728,32.442,22.795,2.0,MEDIUM,7.0,True,Audi,1,13.0,True,302.0,213.0,279.0,297.0,,,False,,False
5649.232,HUL,27,29.0,72.755,17.636,32.376,22.743,2.0,MEDIUM,8.0,True,Audi,1,13.0,True,301.0,211.0,278.0,295.0,,,False,,False
5721.905,HUL,27,30.0,72.673,17.703,32.301,22.669,2.0,MEDIUM,9.0,True,Audi,1,13.0,True,301.0,213.0,279.0,295.0,,,False,,False
5794.534,HUL,27,31.0,72.629,17.634,32.404,22.591,2.0,MEDIUM,10.0,True,Audi,1,13.0,True,301.0,214.0,278.0,295.0,,,False,,False
5867.004,HUL,27,32.0,72.47,17.698,32.306,22.466,2.0,MEDIUM,11.0,True,Audi,1,13.0,True,301.0,214.0,280.0,295.0,,,False,,False
5939.867,HUL,27,33.0,72.863,17.668,32.591,22.604,2.0,MEDIUM,12.0,True,Audi,1,13.0,True,301.0,211.0,279.0,294.0,,,False,,False
6012.517,HUL,27,34.0,72.65,17.674,32.457,22.519,2.0,MEDIUM,13.0,True,Audi,1,13.0,True,302.0,214.0,279.0,295.0,,,False,,False
6085.18,HUL,27,35.0,72.663,17.681,32.435,22.547,2.0,MEDIUM,14.0,True,Audi,1,13.0,True,302.0,213.0,280.0,295.0,,,False,,False
6157.972,HUL,27,36.0,72.792,17.673,32.534,22.585,2.0,MEDIUM,15.0,True,Audi,1,13.0,True,303.0,212.0,279.0,296.0,,,False,,False
6230.719,HUL,27,37.0,72.747,17.712,32.503,22.532,2.0,MEDIUM,16.0,True,Audi,1,13.0,True,303.0,212.0,280.0,297.0,,,False,,False
6303.678,HUL,27,38.0,72.959,17.742,32.624,22.593,2.0,MEDIUM,17.0,True,Audi,1,12.0,True,303.0,210.0,280.0,297.0,,,False,,False
6376.666,HUL,27,39.0,72.988,17.796,32.709,22.483,2.0,MEDIUM,18.0,True,Audi,1,12.0,True,302.0,211.0,282.0,296.0,,,False,,False
6449.423,HUL,27,40.0,72.757,17.639,32.583,22.535,2.0,MEDIUM,19.0,True,Audi,1,12.0,True,302.0,213.0,281.0,295.0,,,False,,False
6522.519,HUL,27,41.0,73.096,17.66,32.827,22.609,2.0,MEDIUM,20.0,True,Audi,1,12.0,True,304.0,212.0,281.0,294.0,,,False,,False
6595.41,HUL,27,42.0,72.891,17.67,32.715,22.506,2.0,MEDIUM,21.0,True,Audi,1,12.0,True,302.0,212.0,281.0,295.0,,,False,,False
6668.468,HUL,27,43.0,73.058,17.699,32.789,22.57,2.0,MEDIUM,22.0,True,Audi,1,12.0,True,303.0,212.0,282.0,296.0,,,False,,False
6741.573,HUL,27,44.0,73.105,17.719,32.771,22.615,2.0,MEDIUM,23.0,True,Audi,1,12.0,True,304.0,211.0,281.0,298.0,,,False,,False
6818.633,HUL,27,45.0,77.06,17.655,32.782,26.623,2.0,MEDIUM,24.0,True,Audi,1,11.0,False,304.0,211.0,,295.0,,6814.837,False,,False
6908.244,HUL,27,46.0,89.611,34.98,32.535,22.096,3.0,HARD,1.0,True,Audi,1,13.0,False,300.0,216.0,281.0,295.0,6837.409,,False,,False
6980.778,HUL,27,47.0,72.534,17.583,32.366,22.585,3.0,HARD,2.0,True,Audi,1,13.0,True,303.0,215.0,282.0,295.0,,,False,,False
7053.224,HUL,27,48.0,72.446,17.591,32.32,22.535,3.0,HARD,3.0,True,Audi,1,13.0,True,303.0,217.0,282.0,297.0,,,False,,False
7125.479,HUL,27,49.0,72.255,17.524,32.274,22.457,3.0,HARD,4.0,True,Audi,1,13.0,True,303.0,214.0,282.0,297.0,,,False,,False
7199.102,HUL,27,50.0,73.623,17.739,33.506,22.378,3.0,HARD,5.0,True,Audi,1,13.0,True,278.0,216.0,285.0,300.0,,,False,,False
7279.295,HUL,27,51.0,80.193,17.473,32.169,30.551,3.0,HARD,6.0,True,Audi,16,13.0,False,308.0,214.0,240.0,300.0,,,False,,False
7355.843,HUL,27,52.0,76.548,21.992,32.221,22.335,3.0,HARD,7.0,True,Audi,671,12.0,False,302.0,216.0,284.0,303.0,,,False,,False
7429.799,HUL,27,53.0,73.956,17.659,32.863,23.434,3.0,HARD,8.0,True,Audi,1,12.0,True,254.0,214.0,289.0,306.0,,,False,,False
7501.521,HUL,27,54.0,71.722,17.339,32.291,22.092,3.0,HARD,9.0,True,Audi,1,12.0,True,307.0,216.0,286.0,297.0,,,False,,False
7573.155,HUL,27,55.0,71.634,17.433,32.036,22.165,3.0,HARD,10.0,True,Audi,1,12.0,True,305.0,214.0,286.0,302.0,,,False,,False
7644.927,HUL,27,56.0,71.772,17.406,32.116,22.25,3.0,HARD,11.0,True,Audi,1,12.0,True,307.0,213.0,283.0,299.0,,,False,,False
7718.61,HUL,27,57.0,73.683,17.585,33.618,22.48,3.0,HARD,12.0,True,Audi,1,12.0,True,301.0,214.0,287.0,253.0,,,False,,False
7790.692,HUL,27,58.0,72.082,17.454,32.229,22.399,3.0,HARD,13.0,True,Audi,1,12.0,True,307.0,213.0,286.0,303.0,,,False,,False
7863.105,HUL,27,59.0,72.413,17.439,32.46,22.514,3.0,HARD,14.0,True,Audi,1,12.0,True,309.0,213.0,285.0,302.0,,,False,,False
7935.901,HUL,27,60.0,72.796,17.556,32.651,22.589,3.0,HARD,15.0,True,Audi,1,12.0,True,309.0,212.0,284.0,302.0,,,False,,False
8010.943,HUL,27,61.0,75.042,17.86,33.604,23.578,3.0,HARD,16.0,True,Audi,1,12.0,True,258.0,211.0,290.0,304.0,,,False,,False
8083.392,HUL,27,62.0,72.449,17.471,32.608,22.37,3.0,HARD,17.0,True,Audi,1,12.0,True,296.0,214.0,281.0,296.0,,,False,,False
8156.473,HUL,27,63.0,73.081,17.819,32.658,22.604,3.0,HARD,18.0,True,Audi,1,12.0,True,298.0,213.0,281.0,296.0,,,False,,False
8229.319,HUL,27,64.0,72.846,17.753,32.596,22.497,3.0,HARD,19.0,True,Audi,1,12.0,True,303.0,214.0,284.0,300.0,,,False,,False
8301.663,HUL,27,65.0,72.344,17.597,32.485,22.262,3.0,HARD,20.0,True,Audi,1,12.0,True,301.0,214.0,285.0,300.0,,,False,,False
8374.155,HUL,27,66.0,72.492,17.582,32.553,22.357,3.0,HARD,21.0,True,Audi,1,12.0,True,305.0,214.0,284.0,300.0,,,False,,False
8446.456,HUL,27,67.0,72.301,17.562,32.53,22.209,3.0,HARD,22.0,True,Audi,1,12.0,True,305.0,212.0,285.0,301.0,,,False,,False
8518.827,HUL,27,68.0,72.371,17.488,32.526,22.357,3.0,HARD,23.0,True,Audi,1,12.0,True,305.0,213.0,285.0,301.0,,,False,,False
8591.849,HUL,27,69.0,73.022,17.495,33.054,22.473,3.0,HARD,24.0,True,Audi,1,12.0,True,310.0,214.0,281.0,319.0,,,False,,False
8664.409,HUL,27,70.0,72.56,17.678,32.575,22.307,3.0,HARD,25.0,True,Audi,1,12.0,True,305.0,211.0,249.0,321.0,,,False,,False
3505.599,VER,3,1.0,77.653,,33.443,22.779,1.0,MEDIUM,1.0,True,Red Bull Racing,1,5.0,False,302.0,217.0,279.0,298.0,,,False,,False
3577.701,VER,3,2.0,72.102,17.386,32.542,22.174,1.0,MEDIUM,2.0,True,Red Bull Racing,1,3.0,True,312.0,209.0,285.0,322.0,,,False,,False
3649.785,VER,3,3.0,72.084,17.562,32.522,22.0,1.0,MEDIUM,3.0,True,Red Bull Racing,1,3.0,True,295.0,211.0,284.0,289.0,,,False,,False
3721.518,VER,3,4.0,71.733,17.386,32.177,22.17,1.0,MEDIUM,4.0,True,Red Bull Racing,1,3.0,True,304.0,212.0,283.0,297.0,,,False,,False
3793.364,VER,3,5.0,71.846,17.439,32.187,22.22,1.0,MEDIUM,5.0,True,Red Bull Racing,1,3.0,True,302.0,211.0,284.0,300.0,,,False,,False
3865.209,VER,3,6.0,71.845,17.44,32.226,22.179,1.0,MEDIUM,6.0,True,Red Bull Racing,1,3.0,True,304.0,210.0,286.0,297.0,,,False,,False
3937.281,VER,3,7.0,72.072,17.26,32.456,22.356,1.0,MEDIUM,7.0,True,Red Bull Racing,1,3.0,True,309.0,209.0,285.0,299.0,,,False,,False
4009.677,VER,3,8.0,72.396,17.28,32.686,22.43,1.0,MEDIUM,8.0,True,Red Bull Racing,1,3.0,True,310.0,209.0,287.0,301.0,,,False,,False
4082.235,VER,3,9.0,72.558,17.328,32.734,22.496,1.0,MEDIUM,9.0,True,Red Bull Racing,1,3.0,True,311.0,209.0,286.0,299.0,,,False,,False
4155.11,VER,3,10.0,72.875,17.425,32.824,22.626,1.0,MEDIUM,10.0,True,Red Bull Racing,1,3.0,True,314.0,212.0,285.0,306.0,,,False,,False
4229.523,VER,3,11.0,74.413,17.23,33.75,23.433,1.0,MEDIUM,11.0,True,Red Bull Racing,1,3.0,True,340.0,203.0,286.0,274.0,,,True,TRACK LIMITS AT TURN 6 LAP 11 ,False
4302.863,VER,3,12.0,73.34,17.599,32.866,22.875,1.0,MEDIUM,12.0,True,Red Bull Racing,1,2.0,True,306.0,210.0,282.0,298.0,,,False,,False
4375.652,VER,3,13.0,72.789,17.731,32.634,22.424,1.0,MEDIUM,13.0,True,Red Bull Racing,1,2.0,True,298.0,209.0,283.0,301.0,,,False,,False
4448.259,VER,3,14.0,72.607,17.617,32.568,22.422,1.0,MEDIUM,14.0,True,Red Bull Racing,1,2.0,True,302.0,208.0,283.0,302.0,,,False,,False
4521.024,VER,3,15.0,72.765,17.579,32.626,22.56,1.0,MEDIUM,15.0,True,Red Bull Racing,1,2.0,True,303.0,209.0,282.0,301.0,,,False,,False
4593.65,VER,3,16.0,72.626,17.61,32.579,22.437,1.0,MEDIUM,16.0,True,Red Bull Racing,1,2.0,True,305.0,208.0,283.0,301.0,,,False,,False
4666.383,VER,3,17.0,72.733,17.601,32.657,22.475,1.0,MEDIUM,17.0,True,Red Bull Racing,1,2.0,True,305.0,207.0,282.0,299.0,,,False,,False
4743.016,VER,3,18.0,76.633,17.614,32.708,26.311,1.0,MEDIUM,18.0,True,Red Bull Racing,1,3.0,False,307.0,207.0,,299.0,,4738.999,False,,False
4831.553,VER,3,19.0,88.537,34.065,32.456,22.016,2.0,HARD,1.0,True,Red Bull Racing,1,6.0,False,301.0,211.0,284.0,297.0,4760.279,,False,,False
4903.033,VER,3,20.0,71.48,17.221,32.195,22.064,2.0,HARD,2.0,True,Red Bull Racing,1,5.0,True,312.0,213.0,289.0,308.0,,,False,,False
4974.517,VER,3,21.0,71.484,17.139,32.147,22.198,2.0,HARD,3.0,True,Red Bull Racing,1,4.0,True,315.0,213.0,290.0,306.0,,,False,,False
5046.926,VER,3,22.0,72.409,17.152,33.249,22.008,2.0,HARD,4.0,True,Red Bull Racing,1,3.0,True,320.0,209.0,284.0,286.0,,,False,,False
5118.713,VER,3,23.0,71.787,17.516,32.271,22.0,2.0,HARD,5.0,True,Red Bull Racing,1,3.0,True,300.0,210.0,283.0,295.0,,,False,,False
5190.729,VER,3,24.0,72.016,17.335,32.068,22.613,2.0,HARD,6.0,True,Red Bull Racing,12,3.0,True,308.0,214.0,254.0,299.0,,,False,,False
5287.645,VER,3,25.0,96.916,21.429,42.112,33.375,2.0,HARD,7.0,True,Red Bull Racing,26,2.0,False,173.0,191.0,165.0,202.0,,,False,,False
5380.675,VER,3,26.0,93.03,21.814,44.073,27.143,2.0,HARD,8.0,True,Red Bull Racing,671,2.0,False,209.0,175.0,286.0,203.0,,,False,,False
5451.982,VER,3,27.0,71.307,17.245,32.01,22.052,2.0,HARD,9.0,True,Red Bull Racing,1,2.0,True,302.0,213.0,285.0,296.0,,,False,,False
5523.054,VER,3,28.0,71.072,17.292,31.896,21.884,2.0,HARD,10.0,True,Red Bull Racing,1,2.0,True,306.0,213.0,286.0,300.0,,,False,,False
5594.263,VER,3,29.0,71.209,17.238,32.016,21.955,2.0,HARD,11.0,True,Red Bull Racing,1,2.0,True,308.0,212.0,285.0,300.0,,,False,,False
5665.304,VER,3,30.0,71.041,17.288,31.92,21.833,2.0,HARD,12.0,True,Red Bull Racing,1,2.0,True,307.0,211.0,286.0,301.0,,,False,,False
5736.553,VER,3,31.0,71.249,17.387,31.926,21.936,2.0,HARD,13.0,True,Red Bull Racing,1,2.0,True,308.0,213.0,285.0,301.0,,,False,,False
5808.045,VER,3,32.0,71.492,17.343,32.146,22.003,2.0,HARD,14.0,True,Red Bull Racing,1,2.0,True,309.0,212.0,288.0,303.0,,,False,,False
5879.487,VER,3,33.0,71.442,17.233,32.152,22.057,2.0,HARD,15.0,True,Red Bull Racing,1,2.0,True,318.0,212.0,287.0,308.0,,,False,,False
5951.333,VER,3,34.0,71.846,17.411,32.344,22.091,2.0,HARD,16.0,True,Red Bull Racing,1,2.0,True,314.0,211.0,285.0,305.0,,,False,,False
6022.939,VER,3,35.0,71.606,17.346,32.172,22.088,2.0,HARD,17.0,True,Red Bull Racing,1,2.0,True,313.0,214.0,285.0,300.0,,,False,,False
6094.87,VER,3,36.0,71.931,17.367,32.296,22.268,2.0,HARD,18.0,True,Red Bull Racing,1,2.0,True,311.0,211.0,285.0,301.0,,,False,,False
6166.679,VER,3,37.0,71.809,17.392,32.213,22.204,2.0,HARD,19.0,True,Red Bull Racing,1,2.0,True,313.0,211.0,285.0,301.0,,,False,,False
6238.838,VER,3,38.0,72.159,17.354,32.509,22.296,2.0,HARD,20.0,True,Red Bull Racing,1,2.0,True,316.0,213.0,287.0,305.0,,,False,,False
6311.083,VER,3,39.0,72.245,17.575,32.458,22.212,2.0,HARD,21.0,True,Red Bull Racing,1,2.0,True,315.0,210.0,287.0,306.0,,,False,,False
6383.215,VER,3,40.0,72.132,17.457,32.406,22.269,2.0,HARD,22.0,True,Red Bull Racing,1,2.0,True,316.0,210.0,287.0,304.0,,,False,,False
6455.107,VER,3,41.0,71.892,17.31,32.356,22.226,2.0,HARD,23.0,True,Red Bull Racing,1,2.0,True,316.0,209.0,287.0,310.0,,,False,,False
6527.275,VER,3,42.0,72.168,17.477,32.254,22.437,2.0,HARD,24.0,True,Red Bull Racing,1,2.0,True,317.0,210.0,288.0,303.0,,,False,,False
6599.362,VER,3,43.0,72.087,17.356,32.402,22.329,2.0,HARD,25.0,True,Red Bull Racing,1,1.0,True,317.0,209.0,287.0,308.0,,,False,,False
6671.776,VER,3,44.0,72.414,17.481,32.552,22.381,2.0,HARD,26.0,True,Red Bull Racing,1,1.0,True,307.0,210.0,283.0,298.0,,,False,,False
6744.132,VER,3,45.0,72.356,17.496,32.526,22.334,2.0,HARD,27.0,True,Red Bull Racing,1,1.0,True,315.0,211.0,287.0,304.0,,,False,,False
6816.512,VER,3,46.0,72.38,17.397,32.486,22.497,2.0,HARD,28.0,True,Red Bull Racing,1,1.0,True,315.0,212.0,284.0,306.0,,,False,,False
6889.142,VER,3,47.0,72.63,17.621,32.63,22.379,2.0,HARD,29.0,True,Red Bull Racing,1,1.0,True,311.0,212.0,285.0,300.0,,,False,,False
6961.823,VER,3,48.0,72.681,17.531,32.702,22.448,2.0,HARD,30.0,True,Red Bull Racing,1,1.0,True,312.0,209.0,286.0,303.0,,,False,,False
7038.824,VER,3,49.0,77.001,18.041,32.677,26.283,2.0,HARD,31.0,True,Red Bull Racing,1,2.0,False,314.0,211.0,,304.0,,7035.103,False,,False
7126.337,VER,3,50.0,87.513,33.914,31.942,21.657,3.0,HARD,1.0,True,Red Bull Racing,1,3.0,False,310.0,214.0,292.0,303.0,7056.4,,False,,False
7197.225,VER,3,51.0,70.888,17.148,32.17,21.57,3.0,HARD,2.0,True,Red Bull Racing,1,3.0,True,316.0,214.0,290.0,301.0,,,False,,False
7274.489,VER,3,52.0,77.264,17.187,31.692,28.385,3.0,HARD,3.0,True,Red Bull Racing,16,2.0,False,312.0,214.0,211.0,299.0,,,False,,False
7351.425,VER,3,53.0,76.936,23.72,31.668,21.548,3.0,HARD,4.0,True,Red Bull Racing,671,2.0,False,251.0,220.0,292.0,318.0,,,False,,False
7422.021,VER,3,54.0,70.596,17.201,31.787,21.608,3.0,HARD,5.0,True,Red Bull Racing,1,2.0,True,304.0,215.0,286.0,297.0,,,False,,False
7492.62,VER,3,55.0,70.599,17.239,31.689,21.671,3.0,HARD,6.0,True,Red Bull Racing,1,2.0,True,311.0,214.0,289.0,300.0,,,False,,False
7563.253,VER,3,56.0,70.633,17.202,31.722,21.709,3.0,HARD,7.0,True,Red Bull Racing,1,2.0,True,313.0,213.0,290.0,304.0,,,False,,False
7633.736,VER,3,57.0,70.483,17.162,31.741,21.58,3.0,HARD,8.0,True,Red Bull Racing,1,2.0,True,314.0,214.0,290.0,304.0,,,False,,False
7704.358,VER,3,58.0,70.622,17.18,31.792,21.65,3.0,HARD,9.0,True,Red Bull Racing,1,2.0,True,312.0,215.0,290.0,303.0,,,False,,False
7774.866,VER,3,59.0,70.508,17.166,31.608,21.734,3.0,HARD,10.0,True,Red Bull Racing,1,2.0,True,313.0,214.0,291.0,305.0,,,False,,False
7845.766,VER,3,60.0,70.9,17.278,31.905,21.717,3.0,HARD,11.0,True,Red Bull Racing,1,2.0,True,315.0,214.0,290.0,309.0,,,False,,False
7916.594,VER,3,61.0,70.828,17.15,31.895,21.783,3.0,HARD,12.0,True,Red Bull Racing,1,2.0,True,318.0,213.0,291.0,310.0,,,False,,False
7987.671,VER,3,62.0,71.077,17.155,32.024,21.898,3.0,HARD,13.0,True,Red Bull Racing,1,2.0,True,316.0,216.0,291.0,306.0,,,False,,False
8058.607,VER,3,63.0,70.936,17.261,31.826,21.849,3.0,HARD,14.0,True,Red Bull Racing,1,2.0,True,317.0,213.0,290.0,305.0,,,False,,False
8129.453,VER,3,64.0,70.846,17.317,31.822,21.707,3.0,HARD,15.0,True,Red Bull Racing,1,2.0,True,314.0,216.0,289.0,306.0,,,False,,False
8200.491,VER,3,65.0,71.038,17.222,31.995,21.821,3.0,HARD,16.0,True,Red Bull Racing,1,2.0,True,315.0,216.0,291.0,307.0,,,False,,False
8271.64,VER,3,66.0,71.149,17.254,31.972,21.923,3.0,HARD,17.0,True,Red Bull Racing,1,2.0,True,315.0,215.0,288.0,307.0,,,False,,False
8343.107,VER,3,67.0,71.467,17.32,32.302,21.845,3.0,HARD,18.0,True,Red Bull Racing,1,2.0,True,313.0,216.0,290.0,304.0,,,False,,False
8414.123,VER,3,68.0,71.016,17.251,31.993,21.772,3.0,HARD,19.0,True,Red Bull Racing,1,2.0,True,313.0,215.0,290.0,304.0,,,False,,False
8485.157,VER,3,69.0,71.034,17.294,31.929,21.811,3.0,HARD,20.0,True,Red Bull Racing,1,2.0,True,315.0,215.0,290.0,307.0,,,False,,False
8556.29,VER,3,70.0,71.133,17.225,32.04,21.868,3.0,HARD,21.0,True,Red Bull Racing,1,2.0,True,316.0,214.0,292.0,309.0,,,False,,False
8627.536,VER,3,71.0,71.246,17.143,32.075,22.028,3.0,HARD,22.0,True,Red Bull Racing,1,2.0,True,324.0,214.0,292.0,321.0,,,False,,False
3506.913,LAW,30,1.0,78.967,,33.884,23.049,1.0,MEDIUM,1.0,True,Racing Bulls,1,8.0,False,321.0,212.0,286.0,296.0,,,False,,False
3580.459,LAW,30,2.0,73.546,17.503,33.281,22.762,1.0,MEDIUM,2.0,True,Racing Bulls,1,8.0,True,302.0,214.0,289.0,293.0,,,False,,False
3654.069,LAW,30,3.0,73.61,17.397,33.401,22.812,1.0,MEDIUM,3.0,True,Racing Bulls,1,8.0,True,311.0,212.0,287.0,298.0,,,False,,False
3728.437,LAW,30,4.0,74.368,17.383,34.049,22.936,1.0,MEDIUM,4.0,True,Racing Bulls,1,9.0,True,313.0,205.0,285.0,300.0,,,False,,False
3801.661,LAW,30,5.0,73.224,17.524,32.992,22.708,1.0,MEDIUM,5.0,True,Racing Bulls,1,9.0,True,302.0,211.0,287.0,298.0,,,False,,False
3874.769,LAW,30,6.0,73.108,17.547,32.892,22.669,1.0,MEDIUM,6.0,True,Racing Bulls,1,9.0,True,295.0,209.0,286.0,290.0,,,False,,False
3948.034,LAW,30,7.0,73.265,17.571,32.948,22.746,1.0,MEDIUM,7.0,True,Racing Bulls,1,9.0,True,298.0,209.0,285.0,296.0,,,False,,False
4021.278,LAW,30,8.0,73.244,17.615,32.942,22.687,1.0,MEDIUM,8.0,True,Racing Bulls,1,9.0,True,301.0,209.0,284.0,296.0,,,False,,False
4094.706,LAW,30,9.0,73.428,17.584,33.102,22.742,1.0,MEDIUM,9.0,True,Racing Bulls,1,9.0,True,303.0,209.0,284.0,300.0,,,False,,False
4168.282,LAW,30,10.0,73.576,17.619,33.122,22.835,1.0,MEDIUM,10.0,True,Racing Bulls,1,9.0,True,301.0,208.0,284.0,297.0,,,False,,False
4241.996,LAW,30,11.0,73.714,17.653,33.138,22.923,1.0,MEDIUM,11.0,True,Racing Bulls,1,9.0,True,299.0,208.0,283.0,295.0,,,False,,False
4315.62,LAW,30,12.0,73.624,17.708,33.044,22.872,1.0,MEDIUM,12.0,True,Racing Bulls,1,9.0,True,302.0,208.0,285.0,303.0,,,False,,False
4389.443,LAW,30,13.0,73.823,17.757,33.047,23.019,1.0,MEDIUM,13.0,True,Racing Bulls,1,8.0,True,298.0,208.0,284.0,300.0,,,False,,False
4463.267,LAW,30,14.0,73.824,17.708,33.1,23.016,1.0,MEDIUM,14.0,True,Racing Bulls,1,7.0,True,298.0,208.0,282.0,302.0,,,False,,False
4537.255,LAW,30,15.0,73.988,17.858,33.179,22.951,1.0,MEDIUM,15.0,True,Racing Bulls,1,7.0,True,297.0,209.0,284.0,298.0,,,False,,False
4611.112,LAW,30,16.0,73.857,17.728,33.14,22.989,1.0,MEDIUM,16.0,True,Racing Bulls,1,7.0,True,302.0,208.0,283.0,296.0,,,False,,False
4685.204,LAW,30,17.0,74.092,17.755,33.271,23.066,1.0,MEDIUM,17.0,True,Racing Bulls,1,7.0,True,301.0,208.0,283.0,302.0,,,False,,False
4760.302,LAW,30,18.0,75.098,17.865,34.113,23.12,1.0,MEDIUM,18.0,True,Racing Bulls,1,8.0,True,293.0,206.0,283.0,299.0,,,False,,False
4838.769,LAW,30,19.0,78.467,17.838,33.437,27.192,1.0,MEDIUM,19.0,True,Racing Bulls,1,8.0,False,303.0,205.0,,305.0,,4834.797,False,,False
4929.812,LAW,30,20.0,91.043,35.093,33.411,22.539,2.0,HARD,1.0,True,Racing Bulls,1,10.0,False,300.0,212.0,287.0,310.0,4856.835,,False,,False
5003.491,LAW,30,21.0,73.679,17.452,33.591,22.636,2.0,HARD,2.0,True,Racing Bulls,1,10.0,True,304.0,209.0,288.0,292.0,,,False,,False
5076.579,LAW,30,22.0,73.088,17.497,32.891,22.7,2.0,HARD,3.0,True,Racing Bulls,1,10.0,True,303.0,212.0,289.0,305.0,,,False,,False
5149.216,LAW,30,23.0,72.637,17.415,32.645,22.577,2.0,HARD,4.0,True,Racing Bulls,1,10.0,True,306.0,211.0,288.0,302.0,,,False,,False
5230.853,LAW,30,24.0,81.637,17.457,32.652,31.528,2.0,HARD,5.0,True,Racing Bulls,126,10.0,False,308.0,211.0,176.0,303.0,,,False,,False
5328.925,LAW,30,25.0,98.072,23.932,41.13,33.01,2.0,HARD,6.0,True,Racing Bulls,6,10.0,False,233.0,176.0,175.0,237.0,,,False,,False
5410.404,LAW,30,26.0,81.479,21.589,37.584,22.306,2.0,HARD,7.0,True,Racing Bulls,671,10.0,False,253.0,216.0,291.0,206.0,,,False,,False
5483.13,LAW,30,27.0,72.726,17.343,32.836,22.547,2.0,HARD,8.0,True,Racing Bulls,1,10.0,True,306.0,210.0,283.0,293.0,,,False,,False
5555.546,LAW,30,28.0,72.416,17.529,32.491,22.396,2.0,HARD,9.0,True,Racing Bulls,1,10.0,True,305.0,211.0,286.0,301.0,,,False,,False
5627.76,LAW,30,29.0,72.214,17.412,32.414,22.388,2.0,HARD,10.0,True,Racing Bulls,1,10.0,True,306.0,213.0,287.0,305.0,,,False,,False
5700.304,LAW,30,30.0,72.544,17.434,32.786,22.324,2.0,HARD,11.0,True,Racing Bulls,1,10.0,True,307.0,211.0,288.0,307.0,,,False,,False
5772.881,LAW,30,31.0,72.577,17.4,32.798,22.379,2.0,HARD,12.0,True,Racing Bulls,1,10.0,True,305.0,210.0,288.0,300.0,,,False,,False
5845.349,LAW,30,32.0,72.468,17.487,32.642,22.339,2.0,HARD,13.0,True,Racing Bulls,1,10.0,True,305.0,213.0,288.0,305.0,,,False,,False
5918.02,LAW,30,33.0,72.671,17.415,32.8,22.456,2.0,HARD,14.0,True,Racing Bulls,1,10.0,True,309.0,211.0,287.0,304.0,,,False,,False
5990.804,LAW,30,34.0,72.784,17.461,32.879,22.444,2.0,HARD,15.0,True,Racing Bulls,1,10.0,True,310.0,211.0,289.0,303.0,,,False,,False
6063.839,LAW,30,35.0,73.035,17.518,32.956,22.561,2.0,HARD,16.0,True,Racing Bulls,1,10.0,True,306.0,211.0,287.0,304.0,,,False,,False
6136.799,LAW,30,36.0,72.96,17.535,32.836,22.589,2.0,HARD,17.0,True,Racing Bulls,1,10.0,True,306.0,210.0,287.0,302.0,,,False,,False
6210.01,LAW,30,37.0,73.211,17.589,32.943,22.679,2.0,HARD,18.0,True,Racing Bulls,1,10.0,True,307.0,210.0,289.0,304.0,,,False,,False
6284.125,LAW,30,38.0,74.115,17.563,33.251,23.301,2.0,HARD,19.0,True,Racing Bulls,1,10.0,True,310.0,209.0,289.0,305.0,,,False,,False
6358.592,LAW,30,39.0,74.467,18.085,33.862,22.52,2.0,HARD,20.0,True,Racing Bulls,1,10.0,True,303.0,209.0,290.0,302.0,,,False,,False
6431.71,LAW,30,40.0,73.118,17.544,32.923,22.651,2.0,HARD,21.0,True,Racing Bulls,1,10.0,True,304.0,211.0,288.0,299.0,,,False,,False
6504.778,LAW,30,41.0,73.068,17.559,32.926,22.583,2.0,HARD,22.0,True,Racing Bulls,1,10.0,True,307.0,210.0,288.0,304.0,,,False,,False
6578.057,LAW,30,42.0,73.279,17.545,33.084,22.65,2.0,HARD,23.0,True,Racing Bulls,1,10.0,True,309.0,209.0,289.0,304.0,,,False,,False
6651.692,LAW,30,43.0,73.635,17.561,33.246,22.828,2.0,HARD,24.0,True,Racing Bulls,1,10.0,True,306.0,207.0,288.0,301.0,,,False,,False
6725.685,LAW,30,44.0,73.993,17.588,33.434,22.971,2.0,HARD,25.0,True,Racing Bulls,1,10.0,True,304.0,207.0,286.0,303.0,,,False,,False
6803.766,LAW,30,45.0,78.081,17.647,33.38,27.054,2.0,HARD,26.0,True,Racing Bulls,1,10.0,False,309.0,208.0,,306.0,,6799.988,False,,False
6893.259,LAW,30,46.0,89.493,34.251,33.076,22.166,3.0,MEDIUM,1.0,True,Racing Bulls,1,10.0,False,300.0,214.0,293.0,302.0,6821.674,,False,,False
6965.358,LAW,30,47.0,72.099,17.166,32.644,22.289,3.0,MEDIUM,2.0,True,Racing Bulls,1,9.0,True,308.0,210.0,290.0,302.0,,,False,,False
7037.507,LAW,30,48.0,72.149,17.352,32.427,22.37,3.0,MEDIUM,3.0,True,Racing Bulls,1,9.0,True,308.0,209.0,290.0,297.0,,,False,,False
7109.64,LAW,30,49.0,72.133,17.33,32.637,22.166,3.0,MEDIUM,4.0,True,Racing Bulls,1,9.0,True,306.0,212.0,289.0,305.0,,,False,,False
7181.586,LAW,30,50.0,71.946,17.37,32.403,22.173,3.0,MEDIUM,5.0,True,Racing Bulls,1,9.0,True,306.0,212.0,288.0,303.0,,,False,,False
7254.123,LAW,30,51.0,72.537,17.399,32.574,22.564,3.0,MEDIUM,6.0,True,Racing Bulls,16,9.0,False,305.0,211.0,175.0,297.0,,,False,,False
7338.186,LAW,30,52.0,84.063,26.331,35.841,21.891,3.0,MEDIUM,7.0,True,Racing Bulls,671,9.0,False,228.0,215.0,291.0,276.0,,,False,,False
7409.96,LAW,30,53.0,71.774,17.328,32.397,22.049,3.0,MEDIUM,8.0,True,Racing Bulls,1,9.0,True,300.0,212.0,287.0,296.0,,,False,,False
7481.71,LAW,30,54.0,71.75,17.462,32.252,22.036,3.0,MEDIUM,9.0,True,Racing Bulls,1,9.0,True,304.0,212.0,288.0,301.0,,,False,,False
7553.257,LAW,30,55.0,71.547,17.366,32.076,22.105,3.0,MEDIUM,10.0,True,Racing Bulls,1,9.0,True,305.0,213.0,287.0,304.0,,,False,,False
7625.066,LAW,30,56.0,71.809,17.445,32.38,21.984,3.0,MEDIUM,11.0,True,Racing Bulls,1,9.0,True,304.0,212.0,288.0,300.0,,,False,,False
7698.764,LAW,30,57.0,73.698,17.497,33.837,22.364,3.0,MEDIUM,12.0,True,Racing Bulls,1,9.0,True,304.0,212.0,293.0,302.0,,,False,,False
7770.708,LAW,30,58.0,71.944,17.344,32.458,22.142,3.0,MEDIUM,13.0,True,Racing Bulls,1,9.0,True,306.0,213.0,289.0,306.0,,,False,,False
7842.518,LAW,30,59.0,71.81,17.39,32.367,22.053,3.0,MEDIUM,14.0,True,Racing Bulls,1,9.0,True,304.0,214.0,290.0,302.0,,,False,,False
7914.393,LAW,30,60.0,71.875,17.33,32.398,22.147,3.0,MEDIUM,15.0,True,Racing Bulls,1,9.0,True,304.0,211.0,289.0,305.0,,,False,,False
7986.511,LAW,30,61.0,72.118,17.453,32.431,22.234,3.0,MEDIUM,16.0,True,Racing Bulls,1,9.0,True,308.0,213.0,289.0,304.0,,,False,,False
8060.67,LAW,30,62.0,74.159,17.876,33.926,22.357,3.0,MEDIUM,17.0,True,Racing Bulls,1,9.0,True,216.0,211.0,289.0,297.0,,,False,,False
8134.703,LAW,30,63.0,74.033,17.515,34.188,22.33,3.0,MEDIUM,18.0,True,Racing Bulls,1,9.0,True,308.0,211.0,290.0,262.0,,,False,,False
8206.749,LAW,30,64.0,72.046,17.368,32.482,22.196,3.0,MEDIUM,19.0,True,Racing Bulls,1,9.0,True,310.0,213.0,290.0,307.0,,,False,,False
8279.023,LAW,30,65.0,72.274,17.466,32.64,22.168,3.0,MEDIUM,20.0,True,Racing Bulls,1,9.0,True,307.0,216.0,289.0,306.0,,,False,,False
8351.724,LAW,30,66.0,72.701,17.472,32.824,22.405,3.0,MEDIUM,21.0,True,Racing Bulls,1,9.0,True,307.0,211.0,290.0,307.0,,,False,,False
8424.343,LAW,30,67.0,72.619,17.422,32.893,22.304,3.0,MEDIUM,22.0,True,Racing Bulls,1,9.0,True,310.0,212.0,290.0,306.0,,,False,,False
8496.695,LAW,30,68.0,72.352,17.467,32.664,22.221,3.0,MEDIUM,23.0,True,Racing Bulls,1,9.0,True,308.0,213.0,289.0,302.0,,,False,,False
8568.973,LAW,30,69.0,72.278,17.479,32.583,22.216,3.0,MEDIUM,24.0,True,Racing Bulls,1,9.0,True,304.0,212.0,289.0,303.0,,,False,,False
8641.259,LAW,30,70.0,72.286,17.404,32.603,22.279,3.0,MEDIUM,25.0,True,Racing Bulls,1,9.0,True,307.0,212.0,289.0,304.0,,,False,,False
3508.487,OCO,31,1.0,80.541,,34.024,23.4,1.0,MEDIUM,1.0,True,Haas F1 Team,1,12.0,False,306.0,202.0,285.0,304.0,,,False,,False
3582.336,OCO,31,2.0,73.849,17.722,33.194,22.933,1.0,MEDIUM,2.0,True,Haas F1 Team,1,11.0,True,323.0,205.0,286.0,296.0,,,False,,False
3655.981,OCO,31,3.0,73.645,17.534,33.05,23.061,1.0,MEDIUM,3.0,True,Haas F1 Team,1,11.0,True,318.0,206.0,285.0,296.0,,,False,,False
3730.084,OCO,31,4.0,74.103,17.556,33.389,23.158,1.0,MEDIUM,4.0,True,Haas F1 Team,1,11.0,True,314.0,203.0,283.0,296.0,,,False,,False
3803.877,OCO,31,5.0,73.793,17.624,33.151,23.018,1.0,MEDIUM,5.0,True,Haas F1 Team,1,11.0,True,311.0,206.0,283.0,297.0,,,False,,False
3878.002,OCO,31,6.0,74.125,17.719,33.1,23.306,1.0,MEDIUM,6.0,True,Haas F1 Team,1,11.0,True,309.0,206.0,281.0,296.0,,,False,,False
3953.077,OCO,31,7.0,75.075,17.847,33.885,23.343,1.0,MEDIUM,7.0,True,Haas F1 Team,1,12.0,True,309.0,204.0,280.0,291.0,,,False,,False
4027.623,OCO,31,8.0,74.546,17.91,33.307,23.329,1.0,MEDIUM,8.0,True,Haas F1 Team,1,12.0,True,311.0,205.0,282.0,295.0,,,False,,False
4102.52,OCO,31,9.0,74.897,17.893,33.61,23.394,1.0,MEDIUM,9.0,True,Haas F1 Team,1,12.0,True,305.0,204.0,279.0,294.0,,,False,,False
4177.675,OCO,31,10.0,75.155,18.008,33.573,23.574,1.0,MEDIUM,10.0,True,Haas F1 Team,1,12.0,True,304.0,204.0,279.0,295.0,,,False,,False
4253.218,OCO,31,11.0,75.543,17.975,33.993,23.575,1.0,MEDIUM,11.0,True,Haas F1 Team,1,12.0,True,304.0,204.0,275.0,308.0,,,False,,False
4328.145,OCO,31,12.0,74.927,18.08,33.47,23.377,1.0,MEDIUM,12.0,True,Haas F1 Team,1,12.0,True,305.0,203.0,278.0,295.0,,,False,,False
4403.289,OCO,31,13.0,75.144,18.03,33.617,23.497,1.0,MEDIUM,13.0,True,Haas F1 Team,1,12.0,True,306.0,202.0,279.0,296.0,,,False,,False
4478.783,OCO,31,14.0,75.494,18.014,33.838,23.642,1.0,MEDIUM,14.0,True,Haas F1 Team,1,12.0,True,305.0,199.0,280.0,298.0,,,False,,False
4553.937,OCO,31,15.0,75.154,18.006,33.637,23.511,1.0,MEDIUM,15.0,True,Haas F1 Team,1,12.0,True,303.0,202.0,276.0,296.0,,,False,,False
4629.628,OCO,31,16.0,75.691,18.036,33.775,23.88,1.0,MEDIUM,16.0,True,Haas F1 Team,1,13.0,True,305.0,203.0,282.0,295.0,,,False,,False
4705.105,OCO,31,17.0,75.477,17.929,33.975,23.573,1.0,MEDIUM,17.0,True,Haas F1 Team,1,13.0,True,314.0,201.0,282.0,299.0,,,False,,False
4784.829,OCO,31,18.0,79.724,17.928,33.84,27.956,1.0,MEDIUM,18.0,True,Haas F1 Team,1,13.0,False,302.0,202.0,,293.0,,4780.837,False,,False
4876.63,OCO,31,19.0,91.801,35.186,33.309,23.306,2.0,MEDIUM,1.0,True,Haas F1 Team,1,19.0,False,304.0,206.0,282.0,295.0,4802.71,,False,,False
4951.05,OCO,31,20.0,74.42,17.673,33.417,23.33,2.0,MEDIUM,2.0,True,Haas F1 Team,1,18.0,True,312.0,202.0,278.0,296.0,,,False,,False
5025.245,OCO,31,21.0,74.195,17.873,33.206,23.116,2.0,MEDIUM,3.0,True,Haas F1 Team,1,17.0,True,309.0,205.0,282.0,295.0,,,False,,False
5099.112,OCO,31,22.0,73.867,17.734,33.141,22.992,2.0,MEDIUM,4.0,True,Haas F1 Team,1,16.0,True,319.0,206.0,283.0,291.0,,,False,,False
5172.811,OCO,31,23.0,73.699,17.744,32.906,23.049,2.0,MEDIUM,5.0,True,Haas F1 Team,1,16.0,True,306.0,206.0,280.0,295.0,,,False,,False
5262.162,OCO,31,24.0,89.351,17.885,39.911,31.555,2.0,MEDIUM,6.0,True,Haas F1 Team,126,15.0,False,307.0,171.0,190.0,162.0,,,False,,False
5358.471,OCO,31,25.0,96.309,22.48,42.804,31.025,2.0,MEDIUM,7.0,True,Haas F1 Team,6,15.0,False,225.0,172.0,196.0,220.0,,,False,,False
5434.31,OCO,31,26.0,75.839,20.187,32.854,22.798,2.0,MEDIUM,8.0,True,Haas F1 Team,671,15.0,False,305.0,206.0,285.0,304.0,,,False,,False
5507.618,OCO,31,27.0,73.308,17.618,32.83,22.86,2.0,MEDIUM,9.0,True,Haas F1 Team,1,15.0,True,307.0,207.0,282.0,295.0,,,False,,False
5580.825,OCO,31,28.0,73.207,17.643,32.741,22.823,2.0,MEDIUM,10.0,True,Haas F1 Team,1,15.0,True,310.0,205.0,282.0,296.0,,,False,,False
5653.942,OCO,31,29.0,73.117,17.674,32.703,22.74,2.0,MEDIUM,11.0,True,Haas F1 Team,1,15.0,True,307.0,206.0,282.0,296.0,,,False,,False
5727.37,OCO,31,30.0,73.428,17.688,32.788,22.952,2.0,MEDIUM,12.0,True,Haas F1 Team,1,15.0,True,309.0,206.0,282.0,294.0,,,False,,False
5800.571,OCO,31,31.0,73.201,17.648,32.754,22.799,2.0,MEDIUM,13.0,True,Haas F1 Team,1,15.0,True,309.0,208.0,282.0,295.0,,,False,,False
5873.977,OCO,31,32.0,73.406,17.699,32.86,22.847,2.0,MEDIUM,14.0,True,Haas F1 Team,1,15.0,True,307.0,207.0,283.0,292.0,,,False,,False
5952.923,OCO,31,33.0,78.946,17.723,33.005,28.218,2.0,MEDIUM,15.0,True,Haas F1 Team,1,16.0,False,293.0,204.0,,292.0,,5949.06,False,,False
6046.995,OCO,31,34.0,94.072,38.583,32.75,22.739,3.0,HARD,1.0,True,Haas F1 Team,1,17.0,False,307.0,207.0,286.0,299.0,5974.593,,False,,False
6120.056,OCO,31,35.0,73.061,17.554,32.732,22.775,3.0,HARD,2.0,True,Haas F1 Team,1,17.0,True,306.0,206.0,281.0,294.0,,,False,,False
6193.226,OCO,31,36.0,73.17,17.705,32.672,22.793,3.0,HARD,3.0,True,Haas F1 Team,1,17.0,True,307.0,208.0,283.0,295.0,,,False,,False
6266.205,OCO,31,37.0,72.979,17.614,32.743,22.622,3.0,HARD,4.0,True,Haas F1 Team,1,17.0,True,308.0,205.0,284.0,296.0,,,False,,False
6339.48,OCO,31,38.0,73.275,17.65,32.766,22.859,3.0,HARD,5.0,True,Haas F1 Team,1,16.0,True,307.0,206.0,282.0,293.0,,,False,,False
6412.574,OCO,31,39.0,73.094,17.652,32.664,22.778,3.0,HARD,6.0,True,Haas F1 Team,1,16.0,True,307.0,207.0,283.0,293.0,,,False,,False
6485.723,OCO,31,40.0,73.149,17.634,32.735,22.78,3.0,HARD,7.0,True,Haas F1 Team,1,16.0,True,307.0,206.0,283.0,292.0,,,False,,False
6559.288,OCO,31,41.0,73.565,17.752,32.914,22.899,3.0,HARD,8.0,True,Haas F1 Team,1,16.0,True,307.0,205.0,282.0,291.0,,,False,,False
6634.07,OCO,31,42.0,74.782,17.772,33.947,23.063,3.0,HARD,9.0,True,Haas F1 Team,1,16.0,True,305.0,205.0,282.0,269.0,,,False,,False
6709.932,OCO,31,43.0,75.862,18.16,34.063,23.639,3.0,HARD,10.0,True,Haas F1 Team,1,16.0,True,301.0,206.0,288.0,286.0,,,False,,False
6783.344,OCO,31,44.0,73.412,17.635,33.001,22.776,3.0,HARD,11.0,True,Haas F1 Team,1,16.0,True,307.0,205.0,285.0,297.0,,,False,,False
6857.006,OCO,31,45.0,73.662,17.618,33.121,22.923,3.0,HARD,12.0,True,Haas F1 Team,1,16.0,True,308.0,207.0,284.0,296.0,,,False,,False
6930.408,OCO,31,46.0,73.402,17.605,32.936,22.861,3.0,HARD,13.0,True,Haas F1 Team,1,16.0,True,310.0,205.0,283.0,298.0,,,False,,False
7005.335,OCO,31,47.0,74.927,17.659,34.364,22.904,3.0,HARD,14.0,True,Haas F1 Team,1,15.0,True,309.0,204.0,286.0,243.0,,,False,,False
7078.574,OCO,31,48.0,73.239,17.561,32.816,22.862,3.0,HARD,15.0,True,Haas F1 Team,1,15.0,True,311.0,206.0,283.0,298.0,,,False,,False
7151.884,OCO,31,49.0,73.31,17.669,32.929,22.712,3.0,HARD,16.0,True,Haas F1 Team,1,15.0,True,309.0,205.0,284.0,295.0,,,False,,False
7225.347,OCO,31,50.0,73.463,17.719,33.025,22.719,3.0,HARD,17.0,True,Haas F1 Team,1,15.0,True,310.0,207.0,285.0,295.0,,,False,,False
7310.132,OCO,31,51.0,84.785,17.672,41.643,25.47,3.0,HARD,18.0,True,Haas F1 Team,167,15.0,False,310.0,168.0,285.0,193.0,,,False,,False
7383.319,OCO,31,52.0,73.187,17.627,32.852,22.708,3.0,HARD,19.0,True,Haas F1 Team,1,15.0,True,307.0,204.0,285.0,295.0,,,False,,False
7456.536,OCO,31,53.0,73.217,17.673,32.752,22.792,3.0,HARD,20.0,True,Haas F1 Team,1,15.0,True,307.0,205.0,285.0,296.0,,,False,,False
7530.402,OCO,31,54.0,73.866,17.581,33.374,22.911,3.0,HARD,21.0,True,Haas F1 Team,1,16.0,True,307.0,205.0,287.0,299.0,,,False,,False
7603.748,OCO,31,55.0,73.346,17.658,32.979,22.709,3.0,HARD,22.0,True,Haas F1 Team,1,16.0,True,314.0,206.0,287.0,297.0,,,False,,False
7677.354,OCO,31,56.0,73.606,17.682,33.016,22.908,3.0,HARD,23.0,True,Haas F1 Team,1,16.0,True,310.0,203.0,283.0,296.0,,,False,,False
7750.944,OCO,31,57.0,73.59,17.754,32.981,22.855,3.0,HARD,24.0,True,Haas F1 Team,1,16.0,True,309.0,206.0,284.0,296.0,,,False,,False
7824.768,OCO,31,58.0,73.824,17.729,33.102,22.993,3.0,HARD,25.0,True,Haas F1 Team,1,16.0,True,308.0,204.0,283.0,297.0,,,False,,False
7898.697,OCO,31,59.0,73.929,17.778,33.235,22.916,3.0,HARD,26.0,True,Haas F1 Team,1,16.0,True,309.0,204.0,285.0,298.0,,,False,,False
7972.441,OCO,31,60.0,73.744,17.722,33.134,22.888,3.0,HARD,27.0,True,Haas F1 Team,1,16.0,True,310.0,204.0,285.0,297.0,,,False,,False
8046.453,OCO,31,61.0,74.012,17.785,33.204,23.023,3.0,HARD,28.0,True,Haas F1 Team,1,16.0,True,310.0,205.0,284.0,295.0,,,False,,False
8120.385,OCO,31,62.0,73.932,17.763,33.324,22.845,3.0,HARD,29.0,True,Haas F1 Team,1,16.0,True,309.0,203.0,285.0,296.0,,,False,,False
8194.775,OCO,31,63.0,74.39,17.822,33.449,23.119,3.0,HARD,30.0,True,Haas F1 Team,1,16.0,True,310.0,206.0,282.0,296.0,,,False,,False
8272.65,OCO,31,64.0,77.875,17.847,34.579,25.449,3.0,HARD,31.0,True,Haas F1 Team,1,16.0,True,309.0,204.0,189.0,277.0,,,True,TRACK LIMITS AT TURN 10 LAP 64 ,False
8348.7,OCO,31,65.0,76.05,19.351,33.726,22.973,3.0,HARD,32.0,True,Haas F1 Team,1,16.0,True,311.0,205.0,288.0,318.0,,,True,TRACK LIMITS AT TURN 10 (NEXT LAP),False
8423.2,OCO,31,66.0,74.5,17.774,33.518,23.208,3.0,HARD,33.0,True,Haas F1 Team,1,16.0,True,309.0,204.0,284.0,297.0,,,False,,False
8499.167,OCO,31,67.0,75.967,17.736,34.891,23.34,3.0,HARD,34.0,True,Haas F1 Team,1,16.0,True,310.0,204.0,241.0,291.0,,,False,,False
8576.173,OCO,31,68.0,77.006,18.721,33.977,24.308,3.0,HARD,35.0,True,Haas F1 Team,1,16.0,True,315.0,202.0,286.0,300.0,,,False,,False
8651.857,OCO,31,69.0,75.684,17.827,34.205,23.652,3.0,HARD,36.0,True,Haas F1 Team,1,16.0,True,321.0,201.0,283.0,305.0,,,False,,False
3507.84,LIN,41,1.0,79.894,,34.016,23.411,1.0,MEDIUM,1.0,True,Racing Bulls,1,10.0,False,318.0,212.0,276.0,303.0,,,False,,False
3581.537,LIN,41,2.0,73.697,17.716,33.304,22.677,1.0,MEDIUM,2.0,True,Racing Bulls,1,10.0,True,306.0,209.0,290.0,307.0,,,False,,False
3655.02,LIN,41,3.0,73.483,17.319,33.265,22.899,1.0,MEDIUM,3.0,True,Racing Bulls,1,10.0,True,309.0,210.0,287.0,303.0,,,False,,False
3728.933,LIN,41,4.0,73.913,17.508,33.477,22.928,1.0,MEDIUM,4.0,True,Racing Bulls,1,10.0,True,308.0,207.0,288.0,306.0,,,False,,False
3802.453,LIN,41,5.0,73.52,17.495,33.159,22.866,1.0,MEDIUM,5.0,True,Racing Bulls,1,10.0,True,307.0,206.0,289.0,292.0,,,False,,False
3875.63,LIN,41,6.0,73.177,17.445,32.967,22.765,1.0,MEDIUM,6.0,True,Racing Bulls,1,10.0,True,304.0,209.0,287.0,296.0,,,False,,False
3949.244,LIN,41,7.0,73.614,17.596,33.131,22.887,1.0,MEDIUM,7.0,True,Racing Bulls,1,10.0,True,301.0,206.0,286.0,292.0,,,False,,False
4023.295,LIN,41,8.0,74.051,17.821,33.336,22.894,1.0,MEDIUM,8.0,True,Racing Bulls,1,10.0,True,298.0,205.0,283.0,284.0,,,False,,False
4096.859,LIN,41,9.0,73.564,17.701,33.086,22.777,1.0,MEDIUM,9.0,True,Racing Bulls,1,10.0,True,299.0,206.0,283.0,288.0,,,False,,False
4170.545,LIN,41,10.0,73.686,17.685,33.142,22.859,1.0,MEDIUM,10.0,True,Racing Bulls,1,10.0,True,302.0,206.0,284.0,289.0,,,False,,False
4244.544,LIN,41,11.0,73.999,17.757,33.141,23.101,1.0,MEDIUM,11.0,True,Racing Bulls,1,10.0,True,299.0,206.0,282.0,289.0,,,False,,False
4318.242,LIN,41,12.0,73.698,17.703,33.096,22.899,1.0,MEDIUM,12.0,True,Racing Bulls,1,10.0,True,299.0,208.0,285.0,290.0,,,False,,False
4392.081,LIN,41,13.0,73.839,17.7,33.131,23.008,1.0,MEDIUM,13.0,True,Racing Bulls,1,9.0,True,300.0,207.0,283.0,295.0,,,False,,False
4466.056,LIN,41,14.0,73.975,17.765,33.161,23.049,1.0,MEDIUM,14.0,True,Racing Bulls,1,8.0,True,301.0,205.0,284.0,303.0,,,False,,False
4540.45,LIN,41,15.0,74.394,17.777,33.574,23.043,1.0,MEDIUM,15.0,True,Racing Bulls,1,8.0,True,303.0,207.0,285.0,302.0,,,False,,False
4615.37,LIN,41,16.0,74.92,17.771,34.117,23.032,1.0,MEDIUM,16.0,True,Racing Bulls,1,9.0,True,299.0,206.0,285.0,294.0,,,False,,False
4689.386,LIN,41,17.0,74.016,17.765,33.283,22.968,1.0,MEDIUM,17.0,True,Racing Bulls,1,9.0,True,303.0,204.0,285.0,300.0,,,False,,False
4767.177,LIN,41,18.0,77.791,17.721,33.299,26.771,1.0,MEDIUM,18.0,True,Racing Bulls,1,10.0,False,302.0,204.0,,293.0,,4763.285,False,,False
4856.837,LIN,41,19.0,89.66,34.47,32.944,22.246,2.0,HARD,1.0,True,Racing Bulls,1,12.0,False,296.0,211.0,291.0,299.0,4784.604,,False,,False
4930.349,LIN,41,20.0,73.512,17.146,33.838,22.528,2.0,HARD,2.0,True,Racing Bulls,1,11.0,True,342.0,210.0,291.0,288.0,,,False,,False
5002.804,LIN,41,21.0,72.455,17.429,32.605,22.421,2.0,HARD,3.0,True,Racing Bulls,1,9.0,True,300.0,209.0,283.0,324.0,,,False,,False
5075.524,LIN,41,22.0,72.72,17.687,32.614,22.419,2.0,HARD,4.0,True,Racing Bulls,1,9.0,True,293.0,208.0,283.0,311.0,,,False,,False
5148.126,LIN,41,23.0,72.602,17.681,32.583,22.338,2.0,HARD,5.0,True,Racing Bulls,1,9.0,True,292.0,209.0,280.0,283.0,,,False,,False
5229.182,LIN,41,24.0,81.056,17.629,32.593,30.834,2.0,HARD,6.0,True,Racing Bulls,126,9.0,False,300.0,209.0,151.0,290.0,,,False,,False
5326.601,LIN,41,25.0,97.419,23.568,41.723,32.128,2.0,HARD,7.0,True,Racing Bulls,6,9.0,False,244.0,165.0,171.0,214.0,,,False,,False
5409.008,LIN,41,26.0,82.407,22.797,37.362,22.248,2.0,HARD,8.0,True,Racing Bulls,671,9.0,False,253.0,210.0,288.0,202.0,,,False,,False
5481.715,LIN,41,27.0,72.707,17.511,32.704,22.492,2.0,HARD,9.0,True,Racing Bulls,1,9.0,True,293.0,208.0,280.0,283.0,,,False,,False
5554.082,LIN,41,28.0,72.367,17.663,32.483,22.221,2.0,HARD,10.0,True,Racing Bulls,1,9.0,True,301.0,210.0,284.0,290.0,,,False,,False
5626.309,LIN,41,29.0,72.227,17.527,32.536,22.164,2.0,HARD,11.0,True,Racing Bulls,1,9.0,True,303.0,209.0,285.0,296.0,,,False,,False
5699.055,LIN,41,30.0,72.746,17.467,33.036,22.243,2.0,HARD,12.0,True,Racing Bulls,1,9.0,True,306.0,207.0,286.0,298.0,,,False,,False
5771.648,LIN,41,31.0,72.593,17.566,32.804,22.223,2.0,HARD,13.0,True,Racing Bulls,1,9.0,True,303.0,210.0,286.0,293.0,,,False,,False
5844.173,LIN,41,32.0,72.525,17.509,32.727,22.289,2.0,HARD,14.0,True,Racing Bulls,1,9.0,True,303.0,210.0,286.0,301.0,,,False,,False
5916.953,LIN,41,33.0,72.78,17.588,32.896,22.296,2.0,HARD,15.0,True,Racing Bulls,1,9.0,True,302.0,209.0,286.0,299.0,,,False,,False
5989.763,LIN,41,34.0,72.81,17.527,32.986,22.297,2.0,HARD,16.0,True,Racing Bulls,1,9.0,True,305.0,208.0,287.0,298.0,,,False,,False
6062.726,LIN,41,35.0,72.963,17.53,32.977,22.456,2.0,HARD,17.0,True,Racing Bulls,1,9.0,True,307.0,211.0,285.0,300.0,,,False,,False
6135.587,LIN,41,36.0,72.861,17.558,32.86,22.443,2.0,HARD,18.0,True,Racing Bulls,1,9.0,True,305.0,207.0,286.0,303.0,,,False,,False
6208.868,LIN,41,37.0,73.281,17.575,33.047,22.659,2.0,HARD,19.0,True,Racing Bulls,1,9.0,True,305.0,207.0,287.0,302.0,,,False,,False
6283.272,LIN,41,38.0,74.404,17.621,33.603,23.18,2.0,HARD,20.0,True,Racing Bulls,1,9.0,True,311.0,205.0,285.0,305.0,,,False,,False
6356.629,LIN,41,39.0,73.357,18.045,32.944,22.368,2.0,HARD,21.0,True,Racing Bulls,1,9.0,True,301.0,209.0,288.0,304.0,,,False,,False
6429.826,LIN,41,40.0,73.197,17.547,33.002,22.648,2.0,HARD,22.0,True,Racing Bulls,1,9.0,True,305.0,209.0,286.0,299.0,,,False,,False
6503.203,LIN,41,41.0,73.377,17.597,33.171,22.609,2.0,HARD,23.0,True,Racing Bulls,1,9.0,True,305.0,208.0,286.0,299.0,,,False,,False
6576.804,LIN,41,42.0,73.601,17.609,33.389,22.603,2.0,HARD,24.0,True,Racing Bulls,1,9.0,True,305.0,207.0,285.0,303.0,,,False,,False
6650.705,LIN,41,43.0,73.901,17.663,33.474,22.764,2.0,HARD,25.0,True,Racing Bulls,1,9.0,True,309.0,206.0,285.0,301.0,,,False,,False
6724.705,LIN,41,44.0,74.0,17.709,33.473,22.818,2.0,HARD,26.0,True,Racing Bulls,1,9.0,True,307.0,206.0,285.0,301.0,,,False,,False
6798.667,LIN,41,45.0,73.962,17.675,33.455,22.832,2.0,HARD,27.0,True,Racing Bulls,1,9.0,True,304.0,207.0,286.0,300.0,,,False,,False
6876.297,LIN,41,46.0,77.63,17.72,33.483,26.427,2.0,HARD,28.0,True,Racing Bulls,1,9.0,False,306.0,208.0,,299.0,,6872.575,False,,False
6966.583,LIN,41,47.0,90.286,34.296,33.646,22.344,3.0,MEDIUM,1.0,True,Racing Bulls,1,10.0,False,302.0,211.0,292.0,301.0,6894.199,,False,,False
7038.725,LIN,41,48.0,72.142,17.34,32.565,22.237,3.0,MEDIUM,2.0,True,Racing Bulls,1,10.0,True,310.0,209.0,290.0,306.0,,,False,,False
7110.719,LIN,41,49.0,71.994,17.297,32.412,22.285,3.0,MEDIUM,3.0,True,Racing Bulls,1,10.0,True,312.0,212.0,290.0,306.0,,,False,,False
7182.726,LIN,41,50.0,72.007,17.273,32.635,22.099,3.0,MEDIUM,4.0,True,Racing Bulls,1,10.0,True,312.0,209.0,291.0,301.0,,,False,,False
7257.424,LIN,41,51.0,74.698,17.287,33.021,24.39,3.0,MEDIUM,5.0,True,Racing Bulls,16,10.0,False,308.0,211.0,104.0,304.0,,,False,,False
7339.855,LIN,41,52.0,82.431,24.479,36.038,21.914,3.0,MEDIUM,6.0,True,Racing Bulls,671,10.0,False,215.0,212.0,292.0,294.0,,,False,,False
7411.736,LIN,41,53.0,71.881,17.408,32.428,22.045,3.0,MEDIUM,7.0,True,Racing Bulls,1,10.0,True,299.0,210.0,289.0,298.0,,,False,,False
7483.397,LIN,41,54.0,71.661,17.32,32.295,22.046,3.0,MEDIUM,8.0,True,Racing Bulls,1,10.0,True,307.0,211.0,289.0,306.0,,,False,,False
7557.011,LIN,41,55.0,73.614,19.012,32.597,22.005,3.0,MEDIUM,9.0,True,Racing Bulls,1,10.0,True,307.0,210.0,290.0,308.0,,,False,,False
7628.598,LIN,41,56.0,71.587,17.274,32.344,21.969,3.0,MEDIUM,10.0,True,Racing Bulls,1,10.0,True,310.0,211.0,291.0,306.0,,,False,,False
7700.517,LIN,41,57.0,71.919,17.332,32.581,22.006,3.0,MEDIUM,11.0,True,Racing Bulls,1,10.0,True,306.0,211.0,292.0,305.0,,,False,,False
7772.277,LIN,41,58.0,71.76,17.267,32.362,22.131,3.0,MEDIUM,12.0,True,Racing Bulls,1,10.0,True,308.0,213.0,290.0,307.0,,,False,,False
7844.195,LIN,41,59.0,71.918,17.301,32.524,22.093,3.0,MEDIUM,13.0,True,Racing Bulls,1,10.0,True,309.0,212.0,291.0,308.0,,,False,,False
7917.697,LIN,41,60.0,73.502,17.283,32.516,23.703,3.0,MEDIUM,14.0,True,Racing Bulls,1,10.0,True,309.0,213.0,286.0,307.0,,,False,,False
7989.762,LIN,41,61.0,72.065,17.452,32.559,22.054,3.0,MEDIUM,15.0,True,Racing Bulls,1,10.0,True,305.0,212.0,292.0,309.0,,,False,,False
8063.807,LIN,41,62.0,74.045,17.335,34.33,22.38,3.0,MEDIUM,16.0,True,Racing Bulls,1,10.0,True,307.0,210.0,289.0,259.0,,,False,,False
8136.154,LIN,41,63.0,72.347,17.456,32.722,22.169,3.0,MEDIUM,17.0,True,Racing Bulls,1,10.0,True,308.0,211.0,290.0,307.0,,,False,,False
8208.369,LIN,41,64.0,72.215,17.319,32.767,22.129,3.0,MEDIUM,18.0,True,Racing Bulls,1,10.0,True,314.0,211.0,292.0,311.0,,,False,,False
8280.978,LIN,41,65.0,72.609,17.435,32.804,22.37,3.0,MEDIUM,19.0,True,Racing Bulls,1,10.0,True,308.0,211.0,286.0,309.0,,,False,,False
8353.839,LIN,41,66.0,72.861,17.582,32.952,22.327,3.0,MEDIUM,20.0,True,Racing Bulls,1,10.0,True,308.0,210.0,292.0,308.0,,,False,,False
8426.708,LIN,41,67.0,72.869,17.343,32.801,22.725,3.0,MEDIUM,21.0,True,Racing Bulls,1,10.0,True,310.0,210.0,291.0,306.0,,,False,,False
8499.512,LIN,41,68.0,72.804,17.448,32.871,22.485,3.0,MEDIUM,22.0,True,Racing Bulls,1,10.0,True,309.0,211.0,290.0,308.0,,,False,,False
8572.293,LIN,41,69.0,72.781,17.542,32.853,22.386,3.0,MEDIUM,23.0,True,Racing Bulls,1,10.0,True,305.0,211.0,290.0,306.0,,,False,,False
8644.955,LIN,41,70.0,72.662,17.365,32.937,22.36,3.0,MEDIUM,24.0,True,Racing Bulls,1,10.0,True,306.0,209.0,288.0,304.0,,,False,,False
3511.596,COL,43,1.0,83.65,,35.048,23.775,1.0,MEDIUM,1.0,True,Alpine,1,20.0,False,278.0,198.0,286.0,284.0,,,False,,False
3586.35,COL,43,2.0,74.754,17.959,33.514,23.281,1.0,MEDIUM,2.0,True,Alpine,1,19.0,True,303.0,201.0,287.0,303.0,,,False,,False
3660.773,COL,43,3.0,74.423,17.694,33.526,23.203,1.0,MEDIUM,3.0,True,Alpine,1,19.0,True,306.0,200.0,288.0,305.0,,,False,,False
3734.625,COL,43,4.0,73.852,17.485,33.258,23.109,1.0,MEDIUM,4.0,True,Alpine,1,18.0,True,315.0,200.0,285.0,307.0,,,False,,False
3809.725,COL,43,5.0,75.1,17.808,33.939,23.353,1.0,MEDIUM,5.0,True,Alpine,1,18.0,True,313.0,201.0,255.0,298.0,,,False,,False
3883.908,COL,43,6.0,74.183,18.167,33.14,22.876,1.0,MEDIUM,6.0,True,Alpine,1,18.0,True,307.0,202.0,284.0,300.0,,,False,,False
3958.019,COL,43,7.0,74.111,17.758,33.316,23.037,1.0,MEDIUM,7.0,True,Alpine,1,18.0,True,305.0,201.0,288.0,301.0,,,False,,False
4032.67,COL,43,8.0,74.651,17.682,33.518,23.451,1.0,MEDIUM,8.0,True,Alpine,1,18.0,True,313.0,199.0,283.0,302.0,,,False,,False
4107.932,COL,43,9.0,75.262,17.852,33.68,23.73,1.0,MEDIUM,9.0,True,Alpine,1,18.0,True,310.0,200.0,283.0,311.0,,,False,,False
4183.246,COL,43,10.0,75.314,17.881,33.711,23.722,1.0,MEDIUM,10.0,True,Alpine,1,18.0,True,309.0,198.0,283.0,316.0,,,False,,False
4258.975,COL,43,11.0,75.729,17.892,33.869,23.968,1.0,MEDIUM,11.0,True,Alpine,1,18.0,True,315.0,199.0,281.0,313.0,,,False,,False
4334.463,COL,43,12.0,75.488,17.906,33.741,23.841,1.0,MEDIUM,12.0,True,Alpine,1,18.0,True,313.0,200.0,285.0,314.0,,,False,,False
4409.85,COL,43,13.0,75.387,17.951,33.941,23.495,1.0,MEDIUM,13.0,True,Alpine,1,18.0,True,306.0,198.0,286.0,309.0,,,False,,False
4486.185,COL,43,14.0,76.335,17.789,33.731,24.815,1.0,MEDIUM,14.0,True,Alpine,1,17.0,True,316.0,197.0,274.0,317.0,,,False,,False
4561.425,COL,43,15.0,75.24,18.229,33.616,23.395,1.0,MEDIUM,15.0,True,Alpine,1,16.0,True,308.0,201.0,280.0,309.0,,,False,,False
4636.035,COL,43,16.0,74.61,18.069,33.419,23.122,1.0,MEDIUM,16.0,True,Alpine,1,16.0,True,306.0,199.0,278.0,304.0,,,False,,False
4710.452,COL,43,17.0,74.417,18.068,33.289,23.06,1.0,MEDIUM,17.0,True,Alpine,1,16.0,True,308.0,197.0,283.0,301.0,,,False,,False
4784.922,COL,43,18.0,74.47,17.862,33.413,23.195,1.0,MEDIUM,18.0,True,Alpine,1,14.0,True,309.0,201.0,283.0,304.0,,,False,,False
4859.697,COL,43,19.0,74.775,17.964,33.627,23.184,1.0,MEDIUM,19.0,True,Alpine,1,13.0,True,310.0,199.0,281.0,305.0,,,False,,False
4938.874,COL,43,20.0,79.177,17.755,33.994,27.428,1.0,MEDIUM,20.0,True,Alpine,1,15.0,False,325.0,198.0,,305.0,,4934.96,False,,False
5030.997,COL,43,21.0,92.123,35.49,33.588,23.045,2.0,HARD,1.0,True,Alpine,1,20.0,False,286.0,203.0,278.0,294.0,4956.642,,False,,False
5104.298,COL,43,22.0,73.301,17.748,32.59,22.963,2.0,HARD,2.0,True,Alpine,1,19.0,True,309.0,200.0,281.0,307.0,,,False,,False
5177.742,COL,43,23.0,73.444,17.689,32.798,22.957,2.0,HARD,3.0,True,Alpine,12,18.0,True,307.0,199.0,282.0,306.0,,,False,,False
5270.733,COL,43,24.0,92.991,17.829,43.37,31.792,2.0,HARD,4.0,True,Alpine,26,17.0,False,308.0,185.0,117.0,127.0,,,False,,False
5364.263,COL,43,25.0,93.53,22.742,40.731,30.057,2.0,HARD,5.0,True,Alpine,67,17.0,False,259.0,147.0,220.0,254.0,,,False,,False
5439.19,COL,43,26.0,74.927,19.069,33.043,22.815,2.0,HARD,6.0,True,Alpine,71,17.0,False,311.0,203.0,285.0,301.0,,,False,,False
5512.153,COL,43,27.0,72.963,17.661,32.727,22.575,2.0,HARD,7.0,True,Alpine,1,17.0,True,310.0,203.0,283.0,304.0,,,False,,False
5584.826,COL,43,28.0,72.673,17.628,32.513,22.532,2.0,HARD,8.0,True,Alpine,1,17.0,True,312.0,203.0,285.0,306.0,,,False,,False
5657.93,COL,43,29.0,73.104,17.673,32.821,22.61,2.0,HARD,9.0,True,Alpine,1,17.0,True,308.0,202.0,289.0,305.0,,,False,,False
5730.508,COL,43,30.0,72.578,17.422,32.622,22.534,2.0,HARD,10.0,True,Alpine,1,16.0,True,313.0,204.0,282.0,322.0,,,False,,False
5804.98,COL,43,31.0,74.472,17.79,32.879,23.803,2.0,HARD,11.0,True,Alpine,1,16.0,True,307.0,202.0,287.0,299.0,,,False,,False
5878.146,COL,43,32.0,73.166,17.636,32.91,22.62,2.0,HARD,12.0,True,Alpine,1,16.0,True,316.0,203.0,286.0,307.0,,,False,,False
5952.646,COL,43,33.0,74.5,17.668,34.095,22.737,2.0,HARD,13.0,True,Alpine,1,15.0,True,308.0,201.0,287.0,294.0,,,False,,False
6025.754,COL,43,34.0,73.108,17.618,32.788,22.702,2.0,HARD,14.0,True,Alpine,1,15.0,True,311.0,202.0,285.0,305.0,,,False,,False
6099.019,COL,43,35.0,73.265,17.737,32.763,22.765,2.0,HARD,15.0,True,Alpine,1,15.0,True,309.0,201.0,284.0,302.0,,,False,,False
6172.593,COL,43,36.0,73.574,17.755,32.989,22.83,2.0,HARD,16.0,True,Alpine,1,15.0,True,309.0,201.0,285.0,303.0,,,False,,False
6247.622,COL,43,37.0,75.029,17.697,34.426,22.906,2.0,HARD,17.0,True,Alpine,1,15.0,True,307.0,201.0,287.0,275.0,,,False,,False
6321.264,COL,43,38.0,73.642,17.691,33.075,22.876,2.0,HARD,18.0,True,Alpine,1,15.0,True,310.0,200.0,284.0,305.0,,,False,,False
6395.312,COL,43,39.0,74.048,17.936,33.267,22.845,2.0,HARD,19.0,True,Alpine,1,15.0,True,311.0,200.0,285.0,307.0,,,False,,False
6468.923,COL,43,40.0,73.611,17.82,33.08,22.711,2.0,HARD,20.0,True,Alpine,1,15.0,True,313.0,202.0,285.0,304.0,,,False,,False
6545.262,COL,43,41.0,76.339,17.676,35.494,23.169,2.0,HARD,21.0,True,Alpine,1,15.0,True,312.0,197.0,286.0,292.0,,,False,,False
6618.861,COL,43,42.0,73.599,17.732,33.086,22.781,2.0,HARD,22.0,True,Alpine,1,15.0,True,307.0,201.0,285.0,300.0,,,False,,False
6693.969,COL,43,43.0,75.108,17.671,33.334,24.103,2.0,HARD,23.0,True,Alpine,1,15.0,True,311.0,201.0,283.0,306.0,,,False,,False
6767.665,COL,43,44.0,73.696,17.571,33.219,22.906,2.0,HARD,24.0,True,Alpine,1,15.0,True,328.0,201.0,286.0,304.0,,,False,,False
6841.776,COL,43,45.0,74.111,17.664,33.513,22.934,2.0,HARD,25.0,True,Alpine,1,15.0,True,311.0,200.0,284.0,302.0,,,False,,False
6919.654,COL,43,46.0,77.878,17.785,33.073,27.02,2.0,HARD,26.0,True,Alpine,1,14.0,False,310.0,201.0,,304.0,,6916.062,False,,False
7010.432,COL,43,47.0,90.778,35.178,33.074,22.526,3.0,MEDIUM,1.0,True,Alpine,1,17.0,False,299.0,202.0,287.0,298.0,6937.356,,False,,False
7082.758,COL,43,48.0,72.326,17.471,32.308,22.547,3.0,MEDIUM,2.0,True,Alpine,1,17.0,True,313.0,204.0,285.0,308.0,,,False,,False
7154.553,COL,43,49.0,71.795,17.324,32.3,22.171,3.0,MEDIUM,3.0,True,Alpine,1,16.0,True,323.0,207.0,287.0,304.0,,,False,,False
7227.047,COL,43,50.0,72.494,17.546,32.565,22.383,3.0,MEDIUM,4.0,True,Alpine,1,16.0,True,307.0,205.0,288.0,299.0,,,False,,False
7311.259,COL,43,51.0,84.212,17.556,42.069,24.587,3.0,MEDIUM,5.0,True,Alpine,167,16.0,False,308.0,179.0,292.0,162.0,,,False,,False
7383.755,COL,43,52.0,72.496,17.473,32.599,22.424,3.0,MEDIUM,6.0,True,Alpine,1,16.0,True,308.0,203.0,291.0,309.0,,,False,,False
7456.919,COL,43,53.0,73.164,17.475,33.055,22.634,3.0,MEDIUM,7.0,True,Alpine,1,16.0,True,318.0,206.0,291.0,295.0,,,False,,False
7529.304,COL,43,54.0,72.385,17.293,32.8,22.292,3.0,MEDIUM,8.0,True,Alpine,1,15.0,True,325.0,205.0,284.0,290.0,,,False,,False
7601.665,COL,43,55.0,72.361,17.692,32.437,22.232,3.0,MEDIUM,9.0,True,Alpine,1,15.0,True,304.0,205.0,288.0,298.0,,,False,,False
7673.646,COL,43,56.0,71.981,17.514,32.37,22.097,3.0,MEDIUM,10.0,True,Alpine,1,15.0,True,303.0,203.0,288.0,299.0,,,False,,False
7745.933,COL,43,57.0,72.287,17.536,32.504,22.247,3.0,MEDIUM,11.0,True,Alpine,1,15.0,True,306.0,203.0,289.0,300.0,,,False,,False
7818.082,COL,43,58.0,72.149,17.461,32.49,22.198,3.0,MEDIUM,12.0,True,Alpine,1,15.0,True,307.0,206.0,290.0,303.0,,,False,,False
7890.355,COL,43,59.0,72.273,17.575,32.408,22.29,3.0,MEDIUM,13.0,True,Alpine,1,15.0,True,310.0,207.0,288.0,305.0,,,False,,False
7963.927,COL,43,60.0,73.572,17.509,32.583,23.48,3.0,MEDIUM,14.0,True,Alpine,1,15.0,True,310.0,203.0,292.0,306.0,,,False,,False
8036.749,COL,43,61.0,72.822,17.366,33.052,22.404,3.0,MEDIUM,15.0,True,Alpine,1,15.0,True,317.0,205.0,292.0,306.0,,,False,,False
8109.483,COL,43,62.0,72.734,17.369,32.942,22.423,3.0,MEDIUM,16.0,True,Alpine,1,15.0,True,331.0,206.0,287.0,295.0,,,False,,False
8182.209,COL,43,63.0,72.726,17.622,32.601,22.503,3.0,MEDIUM,17.0,True,Alpine,1,15.0,True,311.0,205.0,285.0,302.0,,,False,,False
8254.753,COL,43,64.0,72.544,17.57,32.547,22.427,3.0,MEDIUM,18.0,True,Alpine,1,15.0,True,307.0,205.0,288.0,304.0,,,False,,False
8327.289,COL,43,65.0,72.536,17.613,32.618,22.305,3.0,MEDIUM,19.0,True,Alpine,1,15.0,True,309.0,206.0,288.0,303.0,,,False,,False
8400.007,COL,43,66.0,72.718,17.682,32.731,22.305,3.0,MEDIUM,20.0,True,Alpine,1,15.0,True,309.0,207.0,290.0,303.0,,,False,,False
8472.736,COL,43,67.0,72.729,17.562,32.66,22.507,3.0,MEDIUM,21.0,True,Alpine,1,15.0,True,309.0,207.0,289.0,305.0,,,False,,False
8545.534,COL,43,68.0,72.798,17.508,32.592,22.698,3.0,MEDIUM,22.0,True,Alpine,1,15.0,True,319.0,205.0,286.0,317.0,,,False,,False
8618.895,COL,43,69.0,73.361,17.696,33.022,22.643,3.0,MEDIUM,23.0,True,Alpine,1,15.0,True,309.0,205.0,287.0,299.0,,,False,,False
8691.572,COL,43,70.0,72.677,17.453,32.76,22.464,3.0,MEDIUM,24.0,True,Alpine,1,15.0,True,322.0,206.0,291.0,316.0,,,False,,False
3503.748,HAM,44,1.0,75.802,,32.733,22.144,1.0,MEDIUM,1.0,True,Ferrari,1,2.0,False,317.0,203.0,285.0,299.0,,,False,,False
3575.776,HAM,44,2.0,72.028,17.47,32.538,22.02,1.0,MEDIUM,2.0,True,Ferrari,1,2.0,True,307.0,208.0,284.0,293.0,,,False,,False
3647.75,HAM,44,3.0,71.974,17.344,32.443,22.187,1.0,MEDIUM,3.0,True,Ferrari,1,2.0,True,311.0,206.0,285.0,295.0,,,False,,False
3719.687,HAM,44,4.0,71.937,17.356,32.473,22.108,1.0,MEDIUM,4.0,True,Ferrari,1,2.0,True,311.0,205.0,284.0,295.0,,,False,,False
3791.568,HAM,44,5.0,71.881,17.362,32.308,22.211,1.0,MEDIUM,5.0,True,Ferrari,1,2.0,True,309.0,206.0,284.0,297.0,,,False,,False
3864.014,HAM,44,6.0,72.446,17.517,32.585,22.344,1.0,MEDIUM,6.0,True,Ferrari,1,2.0,True,308.0,205.0,282.0,296.0,,,False,,False
3936.444,HAM,44,7.0,72.43,17.463,32.568,22.399,1.0,MEDIUM,7.0,True,Ferrari,1,2.0,True,307.0,205.0,281.0,292.0,,,False,,False
4008.985,HAM,44,8.0,72.541,17.535,32.597,22.409,1.0,MEDIUM,8.0,True,Ferrari,1,2.0,True,308.0,205.0,281.0,291.0,,,False,,False
4081.63,HAM,44,9.0,72.645,17.601,32.564,22.48,1.0,MEDIUM,9.0,True,Ferrari,1,2.0,True,307.0,205.0,280.0,291.0,,,False,,False
4154.466,HAM,44,10.0,72.836,17.668,32.675,22.493,1.0,MEDIUM,10.0,True,Ferrari,1,2.0,True,304.0,205.0,280.0,291.0,,,False,,False
4228.986,HAM,44,11.0,74.52,17.655,33.931,22.934,1.0,MEDIUM,11.0,True,Ferrari,1,2.0,True,307.0,203.0,276.0,301.0,,,False,,False
4306.525,HAM,44,12.0,77.539,17.755,32.748,27.036,1.0,MEDIUM,12.0,True,Ferrari,1,4.0,False,305.0,205.0,,294.0,,4302.509,False,,False
4395.726,HAM,44,13.0,89.201,34.428,32.426,22.347,2.0,HARD,1.0,True,Ferrari,1,11.0,False,308.0,208.0,290.0,303.0,4323.807,,False,,False
4468.043,HAM,44,14.0,72.317,17.512,32.326,22.479,2.0,HARD,2.0,True,Ferrari,1,9.0,True,302.0,205.0,284.0,292.0,,,False,,False
4540.827,HAM,44,15.0,72.784,17.448,32.486,22.85,2.0,HARD,3.0,True,Ferrari,1,9.0,True,307.0,204.0,282.0,298.0,,,False,,False
4613.145,HAM,44,16.0,72.318,17.582,32.495,22.241,2.0,HARD,4.0,True,Ferrari,1,8.0,True,319.0,205.0,285.0,298.0,,,False,,False
4685.636,HAM,44,17.0,72.491,17.387,32.391,22.713,2.0,HARD,5.0,True,Ferrari,1,8.0,True,306.0,205.0,282.0,296.0,,,False,,False
4757.939,HAM,44,18.0,72.303,17.516,32.491,22.296,2.0,HARD,6.0,True,Ferrari,1,7.0,True,321.0,206.0,284.0,295.0,,,False,,False
4830.191,HAM,44,19.0,72.252,17.454,32.456,22.342,2.0,HARD,7.0,True,Ferrari,1,5.0,True,303.0,204.0,280.0,289.0,,,False,,False
4902.078,HAM,44,20.0,71.887,17.508,32.198,22.181,2.0,HARD,8.0,True,Ferrari,1,4.0,True,308.0,205.0,285.0,297.0,,,False,,False
4974.005,HAM,44,21.0,71.927,17.345,32.212,22.37,2.0,HARD,9.0,True,Ferrari,1,3.0,True,310.0,204.0,283.0,296.0,,,False,,False
5048.021,HAM,44,22.0,74.016,17.46,33.936,22.62,2.0,HARD,10.0,True,Ferrari,1,4.0,True,309.0,199.0,279.0,303.0,,,False,,False
5120.344,HAM,44,23.0,72.323,17.712,32.432,22.179,2.0,HARD,11.0,True,Ferrari,1,4.0,True,308.0,205.0,287.0,300.0,,,False,,False
5192.861,HAM,44,24.0,72.517,17.362,32.482,22.673,2.0,HARD,12.0,True,Ferrari,12,4.0,True,308.0,206.0,277.0,297.0,,,False,,False
5291.71,HAM,44,25.0,98.849,26.12,40.814,31.915,2.0,HARD,13.0,True,Ferrari,26,3.0,False,227.0,173.0,,202.0,,5287.856,False,,False
5393.659,HAM,44,26.0,101.949,36.633,42.897,22.419,3.0,SOFT,3.0,False,Ferrari,671,7.0,False,234.0,155.0,287.0,223.0,5309.031,,False,,False
5464.943,HAM,44,27.0,71.284,17.282,31.963,22.039,3.0,SOFT,4.0,False,Ferrari,1,7.0,True,307.0,209.0,285.0,295.0,,,False,,False
5536.022,HAM,44,28.0,71.079,17.201,31.96,21.918,3.0,SOFT,5.0,False,Ferrari,1,7.0,True,317.0,208.0,288.0,302.0,,,False,,False
5607.419,HAM,44,29.0,71.397,17.159,32.229,22.009,3.0,SOFT,6.0,False,Ferrari,1,7.0,True,322.0,208.0,293.0,299.0,,,False,,False
5679.269,HAM,44,30.0,71.85,17.144,32.304,22.402,3.0,SOFT,7.0,False,Ferrari,1,6.0,True,326.0,208.0,282.0,319.0,,,False,,False
5750.973,HAM,44,31.0,71.704,17.401,32.172,22.131,3.0,SOFT,8.0,False,Ferrari,1,6.0,True,310.0,209.0,282.0,296.0,,,False,,False
5822.563,HAM,44,32.0,71.59,17.466,32.18,21.944,3.0,SOFT,9.0,False,Ferrari,1,6.0,True,298.0,208.0,286.0,278.0,,,False,,False
5894.312,HAM,44,33.0,71.749,17.412,32.266,22.071,3.0,SOFT,10.0,False,Ferrari,1,6.0,True,300.0,207.0,286.0,279.0,,,False,,False
5965.808,HAM,44,34.0,71.496,17.336,32.236,21.924,3.0,SOFT,11.0,False,Ferrari,1,6.0,True,311.0,207.0,288.0,290.0,,,False,,False
6037.535,HAM,44,35.0,71.727,17.285,32.421,22.021,3.0,SOFT,12.0,False,Ferrari,1,6.0,True,313.0,208.0,289.0,298.0,,,False,,False
6109.665,HAM,44,36.0,72.13,17.315,32.59,22.225,3.0,SOFT,13.0,False,Ferrari,1,6.0,True,310.0,207.0,287.0,283.0,,,False,,False
6182.217,HAM,44,37.0,72.552,17.288,32.866,22.398,3.0,SOFT,14.0,False,Ferrari,1,5.0,True,312.0,207.0,287.0,277.0,,,False,,False
6254.464,HAM,44,38.0,72.247,17.395,32.52,22.332,3.0,SOFT,15.0,False,Ferrari,1,5.0,True,309.0,206.0,289.0,285.0,,,False,,False
6326.97,HAM,44,39.0,72.506,17.278,32.725,22.503,3.0,SOFT,16.0,False,Ferrari,1,5.0,True,322.0,206.0,287.0,301.0,,,False,,False
6399.129,HAM,44,40.0,72.159,17.377,32.628,22.154,3.0,SOFT,17.0,False,Ferrari,1,5.0,True,304.0,206.0,289.0,283.0,,,False,,False
6471.312,HAM,44,41.0,72.183,17.395,32.435,22.353,3.0,SOFT,18.0,False,Ferrari,1,5.0,True,307.0,206.0,285.0,289.0,,,False,,False
6547.806,HAM,44,42.0,76.494,17.392,32.681,26.421,3.0,SOFT,19.0,False,Ferrari,1,5.0,False,306.0,206.0,,289.0,,6543.97,False,,False
6635.809,HAM,44,43.0,88.003,33.802,32.26,21.941,4.0,HARD,1.0,True,Ferrari,1,7.0,False,309.0,208.0,290.0,299.0,6565.244,,False,,False
6707.028,HAM,44,44.0,71.219,17.162,32.117,21.94,4.0,HARD,2.0,True,Ferrari,1,7.0,True,315.0,210.0,288.0,298.0,,,False,,False
6777.974,HAM,44,45.0,70.946,17.191,31.852,21.903,4.0,HARD,3.0,True,Ferrari,1,7.0,True,313.0,208.0,288.0,296.0,,,False,,False
6849.416,HAM,44,46.0,71.442,17.26,32.226,21.956,4.0,HARD,4.0,True,Ferrari,1,7.0,True,308.0,209.0,288.0,300.0,,,False,,False
6920.708,HAM,44,47.0,71.292,17.247,32.083,21.962,4.0,HARD,5.0,True,Ferrari,1,7.0,True,312.0,206.0,286.0,296.0,,,False,,False
6991.971,HAM,44,48.0,71.263,17.342,32.073,21.848,4.0,HARD,6.0,True,Ferrari,1,6.0,True,311.0,206.0,290.0,299.0,,,False,,False
7062.97,HAM,44,49.0,70.999,17.144,31.957,21.898,4.0,HARD,7.0,True,Ferrari,1,6.0,True,314.0,207.0,287.0,301.0,,,False,,False
7133.953,HAM,44,50.0,70.983,17.191,32.005,21.787,4.0,HARD,8.0,True,Ferrari,1,6.0,True,316.0,208.0,292.0,301.0,,,False,,False
7205.466,HAM,44,51.0,71.513,17.106,32.444,21.963,4.0,HARD,9.0,True,Ferrari,1,6.0,True,326.0,206.0,293.0,304.0,,,False,,False
7285.943,HAM,44,52.0,80.477,17.161,33.929,29.387,4.0,HARD,10.0,True,Ferrari,167,5.0,False,316.0,95.0,194.0,278.0,,,False,,False
7360.317,HAM,44,53.0,74.374,20.322,32.225,21.827,4.0,HARD,11.0,True,Ferrari,71,5.0,False,302.0,208.0,292.0,306.0,,,False,,False
7432.009,HAM,44,54.0,71.692,17.341,32.382,21.969,4.0,HARD,12.0,True,Ferrari,1,5.0,True,293.0,207.0,287.0,281.0,,,False,,False
7503.588,HAM,44,55.0,71.579,17.389,32.242,21.948,4.0,HARD,13.0,True,Ferrari,1,5.0,True,300.0,207.0,289.0,286.0,,,False,,False
7574.905,HAM,44,56.0,71.317,17.201,32.118,21.998,4.0,HARD,14.0,True,Ferrari,1,5.0,True,312.0,206.0,289.0,300.0,,,False,,False
7646.136,HAM,44,57.0,71.231,17.252,32.051,21.928,4.0,HARD,15.0,True,Ferrari,1,5.0,True,315.0,207.0,287.0,301.0,,,False,,False
7717.442,HAM,44,58.0,71.306,17.202,32.095,22.009,4.0,HARD,16.0,True,Ferrari,1,5.0,True,317.0,207.0,289.0,304.0,,,False,,False
7788.826,HAM,44,59.0,71.384,17.282,32.143,21.959,4.0,HARD,17.0,True,Ferrari,1,5.0,True,309.0,205.0,287.0,296.0,,,False,,False
7860.224,HAM,44,60.0,71.398,17.289,32.106,22.003,4.0,HARD,18.0,True,Ferrari,1,5.0,True,309.0,207.0,287.0,300.0,,,False,,False
7931.693,HAM,44,61.0,71.469,17.324,32.08,22.065,4.0,HARD,19.0,True,Ferrari,1,5.0,True,310.0,205.0,287.0,300.0,,,False,,False
8003.493,HAM,44,62.0,71.8,17.328,32.393,22.079,4.0,HARD,20.0,True,Ferrari,1,5.0,True,312.0,206.0,289.0,297.0,,,False,,False
8074.998,HAM,44,63.0,71.505,17.323,32.177,22.005,4.0,HARD,21.0,True,Ferrari,1,5.0,True,312.0,206.0,287.0,298.0,,,False,,False
8146.491,HAM,44,64.0,71.493,17.306,32.132,22.055,4.0,HARD,22.0,True,Ferrari,1,5.0,True,311.0,207.0,289.0,299.0,,,False,,False
8218.149,HAM,44,65.0,71.658,17.247,32.237,22.174,4.0,HARD,23.0,True,Ferrari,1,5.0,True,313.0,206.0,287.0,302.0,,,False,,False
8290.208,HAM,44,66.0,72.059,17.321,32.478,22.26,4.0,HARD,24.0,True,Ferrari,1,5.0,True,315.0,206.0,287.0,303.0,,,False,,False
8362.288,HAM,44,67.0,72.08,17.379,32.48,22.221,4.0,HARD,25.0,True,Ferrari,1,5.0,True,315.0,206.0,291.0,306.0,,,False,,False
8434.534,HAM,44,68.0,72.246,17.321,32.452,22.473,4.0,HARD,26.0,True,Ferrari,1,5.0,True,321.0,205.0,289.0,294.0,,,False,,False
8506.707,HAM,44,69.0,72.173,17.355,32.489,22.329,4.0,HARD,27.0,True,Ferrari,1,5.0,True,311.0,204.0,286.0,300.0,,,False,,False
8579.409,HAM,44,70.0,72.702,17.701,32.648,22.353,4.0,HARD,28.0,True,Ferrari,1,5.0,True,313.0,204.0,288.0,300.0,,,False,,False
8652.318,HAM,44,71.0,72.909,17.486,32.816,22.607,4.0,HARD,29.0,True,Ferrari,1,5.0,True,314.0,203.0,271.0,306.0,,,False,,False
3508.169,BOR,5,1.0,80.223,,33.933,23.529,1.0,SOFT,1.0,True,Audi,1,11.0,False,314.0,208.0,282.0,308.0,,,False,,False
3582.685,BOR,5,2.0,74.516,17.98,33.507,23.029,1.0,SOFT,2.0,True,Audi,1,12.0,True,304.0,212.0,271.0,303.0,,,False,,False
3656.223,BOR,5,3.0,73.538,17.681,32.996,22.861,1.0,SOFT,3.0,True,Audi,1,12.0,True,310.0,214.0,284.0,296.0,,,False,,False
3730.353,BOR,5,4.0,74.13,17.748,33.369,23.013,1.0,SOFT,4.0,True,Audi,1,12.0,True,305.0,209.0,281.0,292.0,,,False,,False
3804.402,BOR,5,5.0,74.049,17.82,33.199,23.03,1.0,SOFT,5.0,True,Audi,1,12.0,True,307.0,211.0,280.0,297.0,,,False,,False
3878.127,BOR,5,6.0,73.725,17.762,32.982,22.981,1.0,SOFT,6.0,True,Audi,1,12.0,True,308.0,210.0,287.0,299.0,,,False,,False
3951.96,BOR,5,7.0,73.833,17.839,33.224,22.77,1.0,SOFT,7.0,True,Audi,1,11.0,True,316.0,211.0,276.0,305.0,,,False,,False
4025.92,BOR,5,8.0,73.96,17.91,32.931,23.119,1.0,SOFT,8.0,True,Audi,1,11.0,True,301.0,210.0,276.0,295.0,,,False,,False
4099.728,BOR,5,9.0,73.808,17.906,32.963,22.939,1.0,SOFT,9.0,True,Audi,1,11.0,True,302.0,211.0,277.0,296.0,,,False,,False
4173.684,BOR,5,10.0,73.956,17.926,32.933,23.097,1.0,SOFT,10.0,True,Audi,1,11.0,True,300.0,212.0,277.0,296.0,,,False,,False
4247.662,BOR,5,11.0,73.978,17.979,32.885,23.114,1.0,SOFT,11.0,True,Audi,1,11.0,True,300.0,209.0,277.0,297.0,,,False,,False
4321.426,BOR,5,12.0,73.764,17.856,32.894,23.014,1.0,SOFT,12.0,True,Audi,1,11.0,True,301.0,211.0,278.0,299.0,,,False,,False
4395.472,BOR,5,13.0,74.046,17.999,32.895,23.152,1.0,SOFT,13.0,True,Audi,1,10.0,True,299.0,208.0,277.0,299.0,,,False,,False
4470.186,BOR,5,14.0,74.714,18.135,33.462,23.117,1.0,SOFT,14.0,True,Audi,1,10.0,True,299.0,206.0,278.0,303.0,,,False,,False
4544.277,BOR,5,15.0,74.091,17.937,33.067,23.087,1.0,SOFT,15.0,True,Audi,1,10.0,True,302.0,208.0,277.0,300.0,,,False,,False
4618.349,BOR,5,16.0,74.072,17.973,33.068,23.031,1.0,SOFT,16.0,True,Audi,1,10.0,True,301.0,210.0,277.0,300.0,,,False,,False
4696.493,BOR,5,17.0,78.144,17.881,33.061,27.202,1.0,SOFT,17.0,True,Audi,1,11.0,False,306.0,208.0,,300.0,,4692.454,False,,False
4787.191,BOR,5,18.0,90.698,35.656,32.712,22.33,2.0,MEDIUM,1.0,True,Audi,1,15.0,False,293.0,215.0,277.0,293.0,4714.97,,False,,False
4860.255,BOR,5,19.0,73.064,17.772,32.53,22.762,2.0,MEDIUM,2.0,True,Audi,1,14.0,True,303.0,214.0,283.0,299.0,,,False,,False
4932.793,BOR,5,20.0,72.538,17.521,32.658,22.359,2.0,MEDIUM,3.0,True,Audi,1,13.0,True,311.0,212.0,282.0,317.0,,,False,,False
5005.81,BOR,5,21.0,73.017,17.567,32.896,22.554,2.0,MEDIUM,4.0,True,Audi,1,11.0,True,309.0,210.0,276.0,295.0,,,False,,False
5078.791,BOR,5,22.0,72.981,17.807,32.484,22.69,2.0,MEDIUM,5.0,True,Audi,1,11.0,True,300.0,213.0,278.0,296.0,,,False,,False
5151.222,BOR,5,23.0,72.431,17.752,32.302,22.377,2.0,MEDIUM,6.0,True,Audi,1,11.0,True,302.0,215.0,280.0,300.0,,,False,,False
5232.697,BOR,5,24.0,81.475,17.771,32.441,31.263,2.0,MEDIUM,7.0,True,Audi,126,11.0,False,302.0,213.0,161.0,300.0,,,False,,False
5330.953,BOR,5,25.0,98.256,23.339,42.543,32.374,2.0,MEDIUM,8.0,True,Audi,6,11.0,False,211.0,188.0,198.0,196.0,,,False,,False
5413.028,BOR,5,26.0,82.075,21.649,37.77,22.656,2.0,MEDIUM,9.0,True,Audi,671,11.0,False,216.0,213.0,280.0,205.0,,,False,,False
5485.584,BOR,5,27.0,72.556,17.645,32.413,22.498,2.0,MEDIUM,10.0,True,Audi,1,11.0,True,302.0,215.0,280.0,299.0,,,False,,False
5558.042,BOR,5,28.0,72.458,17.596,32.456,22.406,2.0,MEDIUM,11.0,True,Audi,1,11.0,True,305.0,215.0,281.0,299.0,,,False,,False
5630.538,BOR,5,29.0,72.496,17.598,32.412,22.486,2.0,MEDIUM,12.0,True,Audi,1,11.0,True,303.0,215.0,280.0,298.0,,,False,,False
5703.309,BOR,5,30.0,72.771,17.745,32.478,22.548,2.0,MEDIUM,13.0,True,Audi,1,11.0,True,303.0,214.0,280.0,298.0,,,False,,False
5776.189,BOR,5,31.0,72.88,17.758,32.604,22.518,2.0,MEDIUM,14.0,True,Audi,1,11.0,True,302.0,215.0,280.0,297.0,,,False,,False
5849.087,BOR,5,32.0,72.898,17.716,32.557,22.625,2.0,MEDIUM,15.0,True,Audi,1,11.0,True,302.0,210.0,280.0,299.0,,,False,,False
5922.121,BOR,5,33.0,73.034,17.757,32.776,22.501,2.0,MEDIUM,16.0,True,Audi,1,11.0,True,303.0,212.0,280.0,297.0,,,False,,False
5995.313,BOR,5,34.0,73.192,17.75,32.828,22.614,2.0,MEDIUM,17.0,True,Audi,1,11.0,True,304.0,210.0,280.0,297.0,,,False,,False
6068.679,BOR,5,35.0,73.366,17.758,32.843,22.765,2.0,MEDIUM,18.0,True,Audi,1,11.0,True,305.0,211.0,279.0,297.0,,,False,,False
6141.931,BOR,5,36.0,73.252,17.801,32.788,22.663,2.0,MEDIUM,19.0,True,Audi,1,11.0,True,304.0,211.0,278.0,298.0,,,False,,False
6215.466,BOR,5,37.0,73.535,17.912,32.912,22.711,2.0,MEDIUM,20.0,True,Audi,1,11.0,True,304.0,211.0,280.0,299.0,,,False,,False
6289.003,BOR,5,38.0,73.537,17.884,32.945,22.708,2.0,MEDIUM,21.0,True,Audi,1,11.0,True,303.0,210.0,281.0,299.0,,,False,,False
6362.358,BOR,5,39.0,73.355,17.826,32.782,22.747,2.0,MEDIUM,22.0,True,Audi,1,11.0,True,304.0,212.0,283.0,299.0,,,False,,False
6436.184,BOR,5,40.0,73.826,17.707,33.152,22.967,2.0,MEDIUM,23.0,True,Audi,1,11.0,True,309.0,207.0,284.0,301.0,,,False,,False
6509.914,BOR,5,41.0,73.73,17.658,33.256,22.816,2.0,MEDIUM,24.0,True,Audi,1,11.0,True,315.0,209.0,283.0,293.0,,,False,,False
6584.124,BOR,5,42.0,74.21,17.758,33.666,22.786,2.0,MEDIUM,25.0,True,Audi,1,11.0,True,302.0,208.0,278.0,289.0,,,False,,False
6658.511,BOR,5,43.0,74.387,17.917,33.414,23.056,2.0,MEDIUM,26.0,True,Audi,1,11.0,True,302.0,208.0,278.0,296.0,,,False,,False
6736.918,BOR,5,44.0,78.407,17.916,33.304,27.187,2.0,MEDIUM,27.0,True,Audi,1,11.0,False,302.0,209.0,,299.0,,6733.124,False,,False
6826.038,BOR,5,45.0,89.12,34.599,32.464,22.057,3.0,HARD,1.0,True,Audi,1,12.0,False,299.0,215.0,280.0,292.0,6754.932,,False,,False
6898.174,BOR,5,46.0,72.136,17.555,32.325,22.256,3.0,HARD,2.0,True,Audi,1,11.0,True,304.0,215.0,282.0,296.0,,,False,,False
6970.305,BOR,5,47.0,72.131,17.569,32.204,22.358,3.0,HARD,3.0,True,Audi,1,11.0,True,303.0,215.0,281.0,295.0,,,False,,False
7042.618,BOR,5,48.0,72.313,17.661,32.343,22.309,3.0,HARD,4.0,True,Audi,1,11.0,True,300.0,215.0,282.0,295.0,,,False,,False
7114.743,BOR,5,49.0,72.125,17.562,32.274,22.289,3.0,HARD,5.0,True,Audi,1,11.0,True,302.0,214.0,283.0,295.0,,,False,,False
7188.189,BOR,5,50.0,73.446,18.015,33.113,22.318,3.0,HARD,6.0,True,Audi,1,11.0,True,237.0,216.0,283.0,306.0,,,False,,False
7265.318,BOR,5,51.0,77.129,17.601,32.458,27.07,3.0,HARD,7.0,True,Audi,16,11.0,False,304.0,213.0,144.0,300.0,,,False,,False
7345.221,BOR,5,52.0,79.903,22.888,34.597,22.418,3.0,HARD,8.0,True,Audi,671,11.0,False,193.0,214.0,283.0,301.0,,,False,,False
7417.321,BOR,5,53.0,72.1,17.56,32.171,22.369,3.0,HARD,9.0,True,Audi,1,11.0,True,304.0,216.0,283.0,301.0,,,False,,False
7489.492,BOR,5,54.0,72.171,17.6,32.269,22.302,3.0,HARD,10.0,True,Audi,1,11.0,True,300.0,214.0,282.0,296.0,,,False,,False
7561.721,BOR,5,55.0,72.229,17.631,32.379,22.219,3.0,HARD,11.0,True,Audi,1,11.0,True,299.0,214.0,282.0,296.0,,,False,,False
7635.281,BOR,5,56.0,73.56,17.658,33.653,22.249,3.0,HARD,12.0,True,Audi,1,11.0,True,303.0,214.0,285.0,237.0,,,False,,False
7707.413,BOR,5,57.0,72.132,17.531,32.379,22.222,3.0,HARD,13.0,True,Audi,1,11.0,True,305.0,216.0,285.0,301.0,,,False,,False
7780.906,BOR,5,58.0,73.493,17.619,33.517,22.357,3.0,HARD,14.0,True,Audi,1,11.0,True,303.0,213.0,285.0,240.0,,,False,,False
7852.772,BOR,5,59.0,71.866,17.468,32.249,22.149,3.0,HARD,15.0,True,Audi,1,11.0,True,305.0,216.0,284.0,300.0,,,False,,False
7924.669,BOR,5,60.0,71.897,17.461,32.264,22.172,3.0,HARD,16.0,True,Audi,1,11.0,True,306.0,216.0,284.0,300.0,,,False,,False
7996.983,BOR,5,61.0,72.314,17.567,32.409,22.338,3.0,HARD,17.0,True,Audi,1,11.0,True,306.0,215.0,282.0,299.0,,,False,,False
8069.434,BOR,5,62.0,72.451,17.64,32.509,22.302,3.0,HARD,18.0,True,Audi,1,11.0,True,304.0,214.0,284.0,298.0,,,False,,False
8143.711,BOR,5,63.0,74.277,17.639,34.169,22.469,3.0,HARD,19.0,True,Audi,1,11.0,True,304.0,214.0,285.0,218.0,,,False,,False
8216.104,BOR,5,64.0,72.393,17.486,32.427,22.48,3.0,HARD,20.0,True,Audi,1,11.0,True,309.0,215.0,284.0,303.0,,,False,,False
8288.592,BOR,5,65.0,72.488,17.559,32.503,22.426,3.0,HARD,21.0,True,Audi,1,11.0,True,306.0,215.0,285.0,303.0,,,True,TRACK LIMITS AT TURN 8 LAP 65 ,False
8361.521,BOR,5,66.0,72.929,17.602,32.723,22.604,3.0,HARD,22.0,True,Audi,1,11.0,True,305.0,214.0,283.0,303.0,,,False,,False
8435.779,BOR,5,67.0,74.258,18.244,33.381,22.633,3.0,HARD,23.0,True,Audi,1,11.0,True,276.0,212.0,286.0,309.0,,,False,,False
8508.597,BOR,5,68.0,72.818,17.56,32.76,22.498,3.0,HARD,24.0,True,Audi,1,11.0,True,309.0,213.0,285.0,304.0,,,False,,False
8581.413,BOR,5,69.0,72.816,17.594,32.737,22.485,3.0,HARD,25.0,True,Audi,1,11.0,True,310.0,213.0,285.0,303.0,,,False,,False
8656.24,BOR,5,70.0,74.827,17.649,34.445,22.733,3.0,HARD,26.0,True,Audi,1,11.0,True,309.0,211.0,288.0,281.0,,,False,,False
3509.991,SAI,55,1.0,82.045,,34.518,23.647,1.0,SOFT,1.0,True,Williams,1,16.0,False,309.0,198.0,282.0,304.0,,,False,,False
3584.681,SAI,55,2.0,74.69,17.771,33.776,23.143,1.0,SOFT,2.0,True,Williams,1,16.0,True,308.0,199.0,287.0,304.0,,,False,,False
3658.847,SAI,55,3.0,74.166,17.579,33.389,23.198,1.0,SOFT,3.0,True,Williams,1,16.0,True,315.0,200.0,286.0,311.0,,,False,,False
3733.096,SAI,55,4.0,74.249,17.638,33.324,23.287,1.0,SOFT,4.0,True,Williams,1,16.0,True,316.0,200.0,282.0,310.0,,,False,,False
3807.24,SAI,55,5.0,74.144,17.842,33.02,23.282,1.0,SOFT,5.0,True,Williams,1,16.0,True,313.0,199.0,282.0,311.0,,,False,,False
3881.497,SAI,55,6.0,74.257,17.789,33.062,23.406,1.0,SOFT,6.0,True,Williams,1,16.0,True,314.0,198.0,282.0,311.0,,,False,,False
3956.117,SAI,55,7.0,74.62,17.767,33.239,23.614,1.0,SOFT,7.0,True,Williams,1,16.0,True,316.0,198.0,282.0,311.0,,,False,,False
4030.738,SAI,55,8.0,74.621,17.801,33.399,23.421,1.0,SOFT,8.0,True,Williams,1,16.0,True,314.0,198.0,280.0,309.0,,,False,,False
4105.637,SAI,55,9.0,74.899,17.825,33.553,23.521,1.0,SOFT,9.0,True,Williams,1,16.0,True,315.0,198.0,280.0,306.0,,,False,,False
4181.253,SAI,55,10.0,75.616,17.819,33.767,24.03,1.0,SOFT,10.0,True,Williams,1,16.0,True,315.0,193.0,283.0,310.0,,,False,,False
4256.708,SAI,55,11.0,75.455,17.911,33.597,23.947,1.0,SOFT,11.0,True,Williams,1,16.0,True,313.0,195.0,278.0,325.0,,,False,,False
4332.046,SAI,55,12.0,75.338,17.987,33.627,23.724,1.0,SOFT,12.0,True,Williams,1,16.0,True,314.0,196.0,282.0,310.0,,,False,,False
4407.115,SAI,55,13.0,75.069,17.978,33.366,23.725,1.0,SOFT,13.0,True,Williams,1,15.0,True,308.0,197.0,285.0,311.0,,,False,,False
4485.933,SAI,55,14.0,78.818,17.803,33.603,27.412,1.0,SOFT,14.0,True,Williams,1,16.0,False,313.0,193.0,,310.0,,4481.917,False,,False
4577.599,SAI,55,15.0,91.666,34.342,34.212,23.112,2.0,MEDIUM,1.0,True,Williams,1,20.0,False,319.0,199.0,274.0,298.0,4503.33,,False,,False
4651.902,SAI,55,16.0,74.303,18.003,33.129,23.171,2.0,MEDIUM,2.0,True,Williams,1,20.0,True,303.0,198.0,278.0,300.0,,,False,,False
4726.045,SAI,55,17.0,74.143,17.909,32.971,23.263,2.0,MEDIUM,3.0,True,Williams,1,20.0,True,306.0,197.0,281.0,302.0,,,False,,False
4799.91,SAI,55,18.0,73.865,17.832,32.984,23.049,2.0,MEDIUM,4.0,True,Williams,1,20.0,True,306.0,198.0,282.0,302.0,,,False,,False
4873.788,SAI,55,19.0,73.878,17.79,32.924,23.164,2.0,MEDIUM,5.0,True,Williams,1,17.0,True,312.0,198.0,279.0,326.0,,,False,,False
4947.547,SAI,55,20.0,73.759,17.757,32.957,23.045,2.0,MEDIUM,6.0,True,Williams,1,16.0,True,309.0,198.0,276.0,324.0,,,False,,False
5021.346,SAI,55,21.0,73.799,17.863,32.909,23.027,2.0,MEDIUM,7.0,True,Williams,1,15.0,True,304.0,199.0,281.0,297.0,,,False,,False
5095.04,SAI,55,22.0,73.694,17.809,32.907,22.978,2.0,MEDIUM,8.0,True,Williams,1,14.0,True,303.0,200.0,282.0,299.0,,,False,,False
5171.48,SAI,55,23.0,76.44,17.829,33.002,25.609,2.0,MEDIUM,9.0,True,Williams,1,15.0,True,303.0,199.0,87.0,301.0,,,False,,False
5321.48,SAI,55,24.0,,,,,2.0,MEDIUM,10.0,True,Williams,126,,False,,,,,,,False,,True
3507.494,HAD,6,1.0,79.548,,34.261,23.335,1.0,MEDIUM,1.0,True,Red Bull Racing,1,9.0,False,318.0,209.0,270.0,297.0,,,False,,False
3580.907,HAD,6,2.0,73.413,17.674,32.934,22.805,1.0,MEDIUM,2.0,True,Red Bull Racing,1,9.0,True,309.0,214.0,286.0,300.0,,,False,,False
3654.406,HAD,6,3.0,73.499,17.381,33.208,22.91,1.0,MEDIUM,3.0,True,Red Bull Racing,1,9.0,True,312.0,213.0,288.0,302.0,,,False,,False
3727.435,HAD,6,4.0,73.029,17.364,33.295,22.37,1.0,MEDIUM,4.0,True,Red Bull Racing,1,8.0,True,314.0,208.0,285.0,304.0,,,False,,False
3800.028,HAD,6,5.0,72.593,17.32,32.867,22.406,1.0,MEDIUM,5.0,True,Red Bull Racing,1,8.0,True,311.0,211.0,286.0,300.0,,,False,,False
3872.385,HAD,6,6.0,72.357,17.368,32.551,22.438,1.0,MEDIUM,6.0,True,Red Bull Racing,1,8.0,True,312.0,212.0,284.0,301.0,,,False,,False
3945.091,HAD,6,7.0,72.706,17.37,32.869,22.467,1.0,MEDIUM,7.0,True,Red Bull Racing,1,8.0,True,314.0,210.0,283.0,295.0,,,False,,False
4018.008,HAD,6,8.0,72.917,17.483,32.769,22.665,1.0,MEDIUM,8.0,True,Red Bull Racing,1,8.0,True,315.0,209.0,287.0,305.0,,,False,,False
4090.865,HAD,6,9.0,72.857,17.409,32.788,22.66,1.0,MEDIUM,9.0,True,Red Bull Racing,1,8.0,True,317.0,212.0,285.0,307.0,,,False,,False
4164.127,HAD,6,10.0,73.262,17.408,33.07,22.784,1.0,MEDIUM,10.0,True,Red Bull Racing,1,8.0,True,318.0,209.0,286.0,307.0,,,False,,False
4237.576,HAD,6,11.0,73.449,17.514,33.046,22.889,1.0,MEDIUM,11.0,True,Red Bull Racing,1,8.0,True,316.0,211.0,285.0,308.0,,,False,,False
4311.043,HAD,6,12.0,73.467,17.565,33.049,22.853,1.0,MEDIUM,12.0,True,Red Bull Racing,1,8.0,True,310.0,208.0,285.0,305.0,,,False,,False
4384.599,HAD,6,13.0,73.556,17.699,33.023,22.834,1.0,MEDIUM,13.0,True,Red Bull Racing,1,6.0,True,306.0,212.0,282.0,307.0,,,False,,False
4458.484,HAD,6,14.0,73.885,17.831,33.056,22.998,1.0,MEDIUM,14.0,True,Red Bull Racing,1,6.0,True,299.0,209.0,284.0,301.0,,,False,,False
4532.002,HAD,6,15.0,73.518,17.74,32.899,22.879,1.0,MEDIUM,15.0,True,Red Bull Racing,1,6.0,True,304.0,212.0,281.0,302.0,,,False,,False
4605.747,HAD,6,16.0,73.745,17.823,33.079,22.843,1.0,MEDIUM,16.0,True,Red Bull Racing,1,6.0,True,302.0,211.0,283.0,298.0,,,False,,False
4679.225,HAD,6,17.0,73.478,17.72,33.023,22.735,1.0,MEDIUM,17.0,True,Red Bull Racing,1,6.0,True,302.0,213.0,282.0,299.0,,,False,,False
4756.164,HAD,6,18.0,76.939,17.728,32.903,26.308,1.0,MEDIUM,18.0,True,Red Bull Racing,1,6.0,False,302.0,213.0,,299.0,,4752.237,False,,False
4845.341,HAD,6,19.0,89.177,34.672,32.433,22.072,2.0,MEDIUM,1.0,True,Red Bull Racing,1,9.0,False,293.0,217.0,283.0,289.0,4773.949,,False,,False
4917.18,HAD,6,20.0,71.839,17.369,32.266,22.204,2.0,MEDIUM,2.0,True,Red Bull Racing,1,8.0,True,304.0,213.0,286.0,302.0,,,False,,False
4988.448,HAD,6,21.0,71.268,17.189,32.007,22.072,2.0,MEDIUM,3.0,True,Red Bull Racing,1,8.0,True,311.0,212.0,287.0,302.0,,,False,,False
5060.246,HAD,6,22.0,71.798,17.31,32.345,22.143,2.0,MEDIUM,4.0,True,Red Bull Racing,1,7.0,True,311.0,210.0,289.0,300.0,,,False,,False
5131.773,HAD,6,23.0,71.527,17.215,32.234,22.078,2.0,MEDIUM,5.0,True,Red Bull Racing,1,7.0,True,306.0,214.0,288.0,302.0,,,False,,False
5203.912,HAD,6,24.0,72.139,17.291,32.253,22.595,2.0,MEDIUM,6.0,True,Red Bull Racing,126,7.0,False,309.0,218.0,248.0,303.0,,,False,,False
5304.372,HAD,6,25.0,100.46,26.568,42.41,31.482,2.0,MEDIUM,7.0,True,Red Bull Racing,6,7.0,False,216.0,168.0,205.0,220.0,,,False,,False
5391.964,HAD,6,26.0,87.592,22.406,42.014,23.172,2.0,MEDIUM,8.0,True,Red Bull Racing,671,6.0,False,247.0,177.0,291.0,189.0,,,False,,False
5463.585,HAD,6,27.0,71.621,17.251,32.113,22.257,2.0,MEDIUM,9.0,True,Red Bull Racing,1,6.0,True,302.0,213.0,288.0,319.0,,,False,,False
5535.386,HAD,6,28.0,71.801,17.507,32.338,21.956,2.0,MEDIUM,10.0,True,Red Bull Racing,1,6.0,True,307.0,213.0,289.0,302.0,,,False,,False
5607.05,HAD,6,29.0,71.664,17.344,32.297,22.023,2.0,MEDIUM,11.0,True,Red Bull Racing,1,6.0,True,310.0,210.0,289.0,304.0,,,False,,False
5679.874,HAD,6,30.0,72.824,17.331,32.793,22.7,2.0,MEDIUM,12.0,True,Red Bull Racing,1,7.0,True,323.0,209.0,289.0,308.0,,,False,,False
5752.118,HAD,6,31.0,72.244,17.303,32.533,22.408,2.0,MEDIUM,13.0,True,Red Bull Racing,1,7.0,True,317.0,210.0,288.0,307.0,,,False,,False
5824.305,HAD,6,32.0,72.187,17.481,32.561,22.145,2.0,MEDIUM,14.0,True,Red Bull Racing,1,7.0,True,312.0,219.0,284.0,300.0,,,False,,False
5896.507,HAD,6,33.0,72.202,17.533,32.441,22.228,2.0,MEDIUM,15.0,True,Red Bull Racing,1,7.0,True,310.0,217.0,285.0,303.0,,,False,,False
5968.844,HAD,6,34.0,72.337,17.49,32.602,22.245,2.0,MEDIUM,16.0,True,Red Bull Racing,1,7.0,True,308.0,217.0,284.0,298.0,,,False,,False
6041.136,HAD,6,35.0,72.292,17.516,32.638,22.138,2.0,MEDIUM,17.0,True,Red Bull Racing,1,7.0,True,307.0,212.0,286.0,299.0,,,False,,False
6113.698,HAD,6,36.0,72.562,17.539,32.678,22.345,2.0,MEDIUM,18.0,True,Red Bull Racing,1,7.0,True,305.0,209.0,284.0,298.0,,,False,,False
6186.397,HAD,6,37.0,72.699,17.594,32.73,22.375,2.0,MEDIUM,19.0,True,Red Bull Racing,1,6.0,True,306.0,209.0,284.0,300.0,,,False,,False
6258.625,HAD,6,38.0,72.228,17.534,32.533,22.161,2.0,MEDIUM,20.0,True,Red Bull Racing,1,6.0,True,312.0,212.0,285.0,304.0,,,False,,False
6331.068,HAD,6,39.0,72.443,17.577,32.673,22.193,2.0,MEDIUM,21.0,True,Red Bull Racing,1,6.0,True,313.0,209.0,286.0,305.0,,,False,,False
6406.865,HAD,6,40.0,75.797,17.49,32.615,25.692,2.0,MEDIUM,22.0,True,Red Bull Racing,1,7.0,False,311.0,210.0,,304.0,,6403.054,False,,False
6494.623,HAD,6,41.0,87.758,33.745,32.205,21.808,3.0,HARD,1.0,True,Red Bull Racing,1,8.0,False,312.0,215.0,287.0,305.0,6424.352,,False,,False
6565.57,HAD,6,42.0,70.947,17.278,31.951,21.718,3.0,HARD,2.0,True,Red Bull Racing,1,8.0,True,311.0,214.0,287.0,302.0,,,False,,False
6636.797,HAD,6,43.0,71.227,17.113,32.114,22.0,3.0,HARD,3.0,True,Red Bull Racing,1,8.0,True,318.0,213.0,291.0,308.0,,,False,,False
6708.994,HAD,6,44.0,72.197,16.945,32.819,22.433,3.0,HARD,4.0,True,Red Bull Racing,1,8.0,True,322.0,211.0,289.0,312.0,,,False,,False
6779.996,HAD,6,45.0,71.002,17.187,31.92,21.895,3.0,HARD,5.0,True,Red Bull Racing,1,8.0,True,316.0,212.0,289.0,310.0,,,False,,False
6851.291,HAD,6,46.0,71.295,17.163,32.158,21.974,3.0,HARD,6.0,True,Red Bull Racing,1,8.0,True,317.0,214.0,288.0,307.0,,,False,,False
6922.789,HAD,6,47.0,71.498,17.238,32.25,22.01,3.0,HARD,7.0,True,Red Bull Racing,1,8.0,True,316.0,211.0,289.0,307.0,,,False,,False
6994.153,HAD,6,48.0,71.364,17.324,32.144,21.896,3.0,HARD,8.0,True,Red Bull Racing,1,7.0,True,314.0,212.0,290.0,306.0,,,False,,False
7065.536,HAD,6,49.0,71.383,17.254,32.113,22.016,3.0,HARD,9.0,True,Red Bull Racing,1,7.0,True,316.0,213.0,287.0,304.0,,,False,,False
7137.199,HAD,6,50.0,71.663,17.274,32.527,21.862,3.0,HARD,10.0,True,Red Bull Racing,1,7.0,True,315.0,212.0,289.0,304.0,,,False,,False
7208.661,HAD,6,51.0,71.462,17.287,32.284,21.891,3.0,HARD,11.0,True,Red Bull Racing,1,7.0,True,314.0,211.0,289.0,304.0,,,False,,False
7290.46,HAD,6,52.0,81.799,17.388,35.104,29.307,3.0,HARD,12.0,True,Red Bull Racing,167,7.0,False,314.0,153.0,225.0,305.0,,,False,,False
7363.481,HAD,6,53.0,73.021,18.701,32.27,22.05,3.0,HARD,13.0,True,Red Bull Racing,71,7.0,False,309.0,213.0,290.0,303.0,,,False,,False
7434.766,HAD,6,54.0,71.285,17.27,32.038,21.977,3.0,HARD,14.0,True,Red Bull Racing,1,7.0,True,317.0,212.0,291.0,311.0,,,False,,False
7506.23,HAD,6,55.0,71.464,17.19,32.236,22.038,3.0,HARD,15.0,True,Red Bull Racing,1,7.0,True,318.0,211.0,290.0,312.0,,,False,,False
7578.643,HAD,6,56.0,72.413,17.106,33.353,21.954,3.0,HARD,16.0,True,Red Bull Racing,1,6.0,True,333.0,213.0,290.0,322.0,,,False,,False
7650.161,HAD,6,57.0,71.518,17.366,32.258,21.894,3.0,HARD,17.0,True,Red Bull Racing,1,6.0,True,309.0,210.0,286.0,300.0,,,False,,False
7721.808,HAD,6,58.0,71.647,17.384,32.346,21.917,3.0,HARD,18.0,True,Red Bull Racing,1,6.0,True,312.0,211.0,289.0,304.0,,,False,,False
7793.367,HAD,6,59.0,71.559,17.347,32.311,21.901,3.0,HARD,19.0,True,Red Bull Racing,1,6.0,True,313.0,211.0,289.0,305.0,,,False,,False
7864.934,HAD,6,60.0,71.567,17.253,32.274,22.04,3.0,HARD,20.0,True,Red Bull Racing,1,6.0,True,317.0,213.0,290.0,309.0,,,False,,False
7936.769,HAD,6,61.0,71.835,17.334,32.407,22.094,3.0,HARD,21.0,True,Red Bull Racing,1,6.0,True,315.0,212.0,290.0,310.0,,,False,,False
8008.224,HAD,6,62.0,71.455,17.281,32.256,21.918,3.0,HARD,22.0,True,Red Bull Racing,1,6.0,True,320.0,214.0,290.0,305.0,,,False,,False
8079.716,HAD,6,63.0,71.492,17.276,32.287,21.929,3.0,HARD,23.0,True,Red Bull Racing,1,6.0,True,314.0,211.0,288.0,304.0,,,False,,False
8151.357,HAD,6,64.0,71.641,17.455,32.244,21.942,3.0,HARD,24.0,True,Red Bull Racing,1,6.0,True,312.0,213.0,289.0,305.0,,,False,,False
8223.156,HAD,6,65.0,71.799,17.363,32.46,21.976,3.0,HARD,25.0,True,Red Bull Racing,1,6.0,True,314.0,212.0,288.0,308.0,,,False,,False
8294.884,HAD,6,66.0,71.728,17.401,32.305,22.022,3.0,HARD,26.0,True,Red Bull Racing,1,6.0,True,313.0,211.0,288.0,308.0,,,False,,False
8366.745,HAD,6,67.0,71.861,17.365,32.477,22.019,3.0,HARD,27.0,True,Red Bull Racing,1,6.0,True,313.0,213.0,289.0,306.0,,,False,,False
8438.655,HAD,6,68.0,71.91,17.434,32.456,22.02,3.0,HARD,28.0,True,Red Bull Racing,1,6.0,True,314.0,211.0,289.0,309.0,,,False,,False
8510.302,HAD,6,69.0,71.647,17.323,32.349,21.975,3.0,HARD,29.0,True,Red Bull Racing,1,6.0,True,316.0,211.0,291.0,311.0,,,False,,False
8582.686,HAD,6,70.0,72.384,17.331,32.811,22.242,3.0,HARD,30.0,True,Red Bull Racing,1,6.0,True,318.0,211.0,291.0,311.0,,,False,,False
8655.324,HAD,6,71.0,72.638,17.427,32.689,22.522,3.0,HARD,31.0,True,Red Bull Racing,1,6.0,True,317.0,213.0,271.0,309.0,,,False,,False
3502.948,RUS,63,1.0,75.002,,32.703,21.861,1.0,MEDIUM,1.0,True,Mercedes,1,1.0,False,290.0,205.0,283.0,278.0,,,False,,False
3574.985,RUS,63,2.0,72.037,17.679,32.556,21.802,1.0,MEDIUM,2.0,True,Mercedes,1,1.0,True,289.0,204.0,285.0,288.0,,,False,,False
3646.803,RUS,63,3.0,71.818,17.546,32.419,21.853,1.0,MEDIUM,3.0,True,Mercedes,1,1.0,True,289.0,205.0,286.0,293.0,,,False,,False
3718.582,RUS,63,4.0,71.779,17.512,32.282,21.985,1.0,MEDIUM,4.0,True,Mercedes,1,1.0,True,295.0,205.0,283.0,294.0,,,False,,False
3790.268,RUS,63,5.0,71.686,17.524,32.303,21.859,1.0,MEDIUM,5.0,True,Mercedes,1,1.0,True,300.0,206.0,286.0,298.0,,,False,,False
3862.215,RUS,63,6.0,71.947,17.528,32.387,22.032,1.0,MEDIUM,6.0,True,Mercedes,1,1.0,True,296.0,206.0,286.0,297.0,,,False,,False
3934.19,RUS,63,7.0,71.975,17.441,32.377,22.157,1.0,MEDIUM,7.0,True,Mercedes,1,1.0,True,299.0,204.0,285.0,296.0,,,False,,False
4006.259,RUS,63,8.0,72.069,17.441,32.434,22.194,1.0,MEDIUM,8.0,True,Mercedes,1,1.0,True,302.0,204.0,284.0,295.0,,,False,,False
4078.662,RUS,63,9.0,72.403,17.558,32.504,22.341,1.0,MEDIUM,9.0,True,Mercedes,1,1.0,True,301.0,203.0,283.0,296.0,,,False,,False
4151.178,RUS,63,10.0,72.516,17.596,32.516,22.404,1.0,MEDIUM,10.0,True,Mercedes,1,1.0,True,300.0,203.0,282.0,296.0,,,False,,False
4223.83,RUS,63,11.0,72.652,17.578,32.649,22.425,1.0,MEDIUM,11.0,True,Mercedes,1,1.0,True,303.0,202.0,282.0,298.0,,,False,,False
4296.742,RUS,63,12.0,72.912,17.73,32.661,22.521,1.0,MEDIUM,12.0,True,Mercedes,1,1.0,True,296.0,202.0,280.0,296.0,,,False,,False
4369.906,RUS,63,13.0,73.164,17.805,32.9,22.459,1.0,MEDIUM,13.0,True,Mercedes,1,1.0,True,300.0,203.0,284.0,299.0,,,False,,False
4442.871,RUS,63,14.0,72.965,17.691,32.731,22.543,1.0,MEDIUM,14.0,True,Mercedes,1,1.0,True,301.0,200.0,283.0,300.0,,,False,,False
4515.657,RUS,63,15.0,72.786,17.661,32.64,22.485,1.0,MEDIUM,15.0,True,Mercedes,1,1.0,True,302.0,202.0,284.0,302.0,,,False,,False
4588.437,RUS,63,16.0,72.78,17.604,32.671,22.505,1.0,MEDIUM,16.0,True,Mercedes,1,1.0,True,302.0,201.0,284.0,299.0,,,False,,False
4661.348,RUS,63,17.0,72.911,17.686,32.771,22.454,1.0,MEDIUM,17.0,True,Mercedes,1,1.0,True,303.0,200.0,282.0,299.0,,,False,,False
4734.252,RUS,63,18.0,72.904,17.779,32.646,22.479,1.0,MEDIUM,18.0,True,Mercedes,1,1.0,True,304.0,202.0,282.0,299.0,,,False,,False
4811.337,RUS,63,19.0,77.085,17.703,32.695,26.687,1.0,MEDIUM,19.0,True,Mercedes,1,1.0,False,305.0,201.0,,301.0,,4807.318,False,,False
4900.41,RUS,63,20.0,89.073,34.5,32.413,22.16,2.0,HARD,1.0,True,Mercedes,1,3.0,False,316.0,208.0,286.0,290.0,4828.504,,False,,False
4972.34,RUS,63,21.0,71.93,17.36,32.119,22.451,2.0,HARD,2.0,True,Mercedes,1,2.0,True,304.0,205.0,286.0,298.0,,,False,,False
5043.798,RUS,63,22.0,71.458,17.361,32.083,22.014,2.0,HARD,3.0,True,Mercedes,1,2.0,True,298.0,207.0,287.0,291.0,,,False,,False
5115.024,RUS,63,23.0,71.226,17.319,32.023,21.884,2.0,HARD,4.0,True,Mercedes,1,2.0,True,294.0,206.0,287.0,291.0,,,False,,False
5186.904,RUS,63,24.0,71.88,17.427,32.134,22.319,2.0,HARD,5.0,True,Mercedes,12,2.0,True,294.0,205.0,261.0,293.0,,,False,,False
5283.8,RUS,63,25.0,96.896,17.649,44.969,34.278,2.0,HARD,6.0,True,Mercedes,26,1.0,False,268.0,198.0,165.0,234.0,,,False,,False
5375.066,RUS,63,26.0,91.266,20.29,41.738,29.238,2.0,HARD,7.0,True,Mercedes,671,1.0,False,277.0,147.0,243.0,156.0,,,False,,False
5446.992,RUS,63,27.0,71.926,17.647,32.265,22.014,2.0,HARD,8.0,True,Mercedes,1,1.0,True,297.0,208.0,286.0,295.0,,,False,,False
5518.255,RUS,63,28.0,71.263,17.371,31.959,21.933,2.0,HARD,9.0,True,Mercedes,1,1.0,True,304.0,208.0,288.0,302.0,,,False,,False
5589.508,RUS,63,29.0,71.253,17.384,31.903,21.966,2.0,HARD,10.0,True,Mercedes,1,1.0,True,307.0,206.0,287.0,299.0,,,False,,False
5660.782,RUS,63,30.0,71.274,17.389,31.904,21.981,2.0,HARD,11.0,True,Mercedes,1,1.0,True,304.0,206.0,287.0,303.0,,,False,,False
5732.336,RUS,63,31.0,71.554,17.37,32.1,22.084,2.0,HARD,12.0,True,Mercedes,1,1.0,True,309.0,206.0,290.0,303.0,,,False,,False
5804.042,RUS,63,32.0,71.706,17.364,32.275,22.067,2.0,HARD,13.0,True,Mercedes,1,1.0,True,307.0,207.0,289.0,296.0,,,False,,False
5875.588,RUS,63,33.0,71.546,17.362,32.125,22.059,2.0,HARD,14.0,True,Mercedes,1,1.0,True,302.0,205.0,288.0,296.0,,,False,,False
5947.654,RUS,63,34.0,72.066,17.464,32.416,22.186,2.0,HARD,15.0,True,Mercedes,1,1.0,True,298.0,204.0,287.0,293.0,,,False,,False
6019.728,RUS,63,35.0,72.074,17.559,32.394,22.121,2.0,HARD,16.0,True,Mercedes,1,1.0,True,295.0,205.0,286.0,292.0,,,False,,False
6092.443,RUS,63,36.0,72.715,17.505,33.056,22.154,2.0,HARD,17.0,True,Mercedes,1,1.0,True,302.0,207.0,285.0,293.0,,,False,,False
6164.586,RUS,63,37.0,72.143,17.516,32.331,22.296,2.0,HARD,18.0,True,Mercedes,1,1.0,True,303.0,204.0,287.0,301.0,,,False,,False
6236.951,RUS,63,38.0,72.365,17.409,32.747,22.209,2.0,HARD,19.0,True,Mercedes,1,1.0,True,312.0,204.0,287.0,303.0,,,False,,False
6309.567,RUS,63,39.0,72.616,17.472,32.949,22.195,2.0,HARD,20.0,True,Mercedes,1,1.0,True,308.0,206.0,288.0,300.0,,,False,,False
6381.801,RUS,63,40.0,72.234,17.543,32.534,22.157,2.0,HARD,21.0,True,Mercedes,1,1.0,True,307.0,205.0,288.0,302.0,,,False,,False
6453.736,RUS,63,41.0,71.935,17.483,32.335,22.117,2.0,HARD,22.0,True,Mercedes,1,1.0,True,308.0,203.0,288.0,299.0,,,False,,False
6525.961,RUS,63,42.0,72.225,17.384,32.631,22.21,2.0,HARD,23.0,True,Mercedes,1,1.0,True,309.0,202.0,289.0,300.0,,,False,,False
6602.169,RUS,63,43.0,76.208,17.375,32.469,26.364,2.0,HARD,24.0,True,Mercedes,1,2.0,False,311.0,203.0,,302.0,,6598.395,False,,False
6690.022,RUS,63,44.0,87.853,33.942,32.095,21.816,3.0,HARD,1.0,True,Mercedes,1,3.0,False,318.0,208.0,288.0,292.0,6619.605,,False,,False
6760.882,RUS,63,45.0,70.86,17.21,31.772,21.878,3.0,HARD,2.0,True,Mercedes,1,3.0,True,309.0,207.0,289.0,302.0,,,False,,False
6831.927,RUS,63,46.0,71.045,17.128,31.956,21.961,3.0,HARD,3.0,True,Mercedes,1,3.0,True,312.0,207.0,289.0,302.0,,,False,,False
6902.831,RUS,63,47.0,70.904,17.24,31.906,21.758,3.0,HARD,4.0,True,Mercedes,1,3.0,True,310.0,207.0,291.0,302.0,,,False,,False
6974.046,RUS,63,48.0,71.215,17.255,31.949,22.011,3.0,HARD,5.0,True,Mercedes,1,3.0,True,310.0,207.0,289.0,305.0,,,False,,False
7044.729,RUS,63,49.0,70.683,17.23,31.759,21.694,3.0,HARD,6.0,True,Mercedes,1,3.0,True,306.0,206.0,293.0,300.0,,,False,,False
7115.681,RUS,63,50.0,70.952,17.113,31.932,21.907,3.0,HARD,7.0,True,Mercedes,1,2.0,True,310.0,208.0,290.0,302.0,,,False,,False
7186.852,RUS,63,51.0,71.171,17.288,31.881,22.002,3.0,HARD,8.0,True,Mercedes,1,2.0,True,312.0,207.0,290.0,300.0,,,False,,False
7262.493,RUS,63,52.0,75.641,17.315,31.919,26.407,3.0,HARD,9.0,True,Mercedes,16,1.0,False,305.0,207.0,159.0,300.0,,,False,,False
7342.524,RUS,63,53.0,80.031,22.236,36.084,21.711,3.0,HARD,10.0,True,Mercedes,671,1.0,False,208.0,208.0,291.0,271.0,,,False,,False
7413.461,RUS,63,54.0,70.937,17.256,31.973,21.708,3.0,HARD,11.0,True,Mercedes,1,1.0,True,308.0,208.0,293.0,303.0,,,False,,False
7484.357,RUS,63,55.0,70.896,17.163,31.813,21.92,3.0,HARD,12.0,True,Mercedes,1,1.0,True,310.0,207.0,291.0,306.0,,,False,,False
7555.137,RUS,63,56.0,70.78,17.226,31.838,21.716,3.0,HARD,13.0,True,Mercedes,1,1.0,True,306.0,207.0,293.0,304.0,,,False,,False
7626.64,RUS,63,57.0,71.503,17.495,32.21,21.798,3.0,HARD,14.0,True,Mercedes,1,1.0,True,313.0,206.0,291.0,305.0,,,True,TRACK LIMITS AT TURN 1 LAP 57 ,False
7697.65,RUS,63,58.0,71.01,17.152,32.121,21.737,3.0,HARD,15.0,True,Mercedes,1,1.0,True,312.0,208.0,290.0,302.0,,,False,,False
7768.793,RUS,63,59.0,71.143,17.27,32.04,21.833,3.0,HARD,16.0,True,Mercedes,1,1.0,True,306.0,207.0,289.0,300.0,,,False,,False
7840.154,RUS,63,60.0,71.361,17.411,32.115,21.835,3.0,HARD,17.0,True,Mercedes,1,1.0,True,301.0,207.0,289.0,299.0,,,False,,False
7911.267,RUS,63,61.0,71.113,17.254,32.049,21.81,3.0,HARD,18.0,True,Mercedes,1,1.0,True,307.0,207.0,290.0,302.0,,,False,,False
7982.429,RUS,63,62.0,71.162,17.27,32.12,21.772,3.0,HARD,19.0,True,Mercedes,1,1.0,True,306.0,207.0,292.0,304.0,,,False,,False
8053.497,RUS,63,63.0,71.068,17.221,31.956,21.891,3.0,HARD,20.0,True,Mercedes,1,1.0,True,310.0,207.0,291.0,305.0,,,False,,False
8124.788,RUS,63,64.0,71.291,17.284,32.103,21.904,3.0,HARD,21.0,True,Mercedes,1,1.0,True,311.0,206.0,292.0,304.0,,,False,,False
8196.369,RUS,63,65.0,71.581,17.22,32.318,22.043,3.0,HARD,22.0,True,Mercedes,1,1.0,True,316.0,207.0,292.0,307.0,,,False,,False
8267.984,RUS,63,66.0,71.615,17.189,32.336,22.09,3.0,HARD,23.0,True,Mercedes,1,1.0,True,316.0,205.0,290.0,304.0,,,False,,False
8339.541,RUS,63,67.0,71.557,17.279,32.305,21.973,3.0,HARD,24.0,True,Mercedes,1,1.0,True,309.0,206.0,290.0,303.0,,,False,,False
8411.03,RUS,63,68.0,71.489,17.287,32.217,21.985,3.0,HARD,25.0,True,Mercedes,1,1.0,True,308.0,206.0,291.0,305.0,,,False,,False
8482.455,RUS,63,69.0,71.425,17.249,32.184,21.992,3.0,HARD,26.0,True,Mercedes,1,1.0,True,310.0,207.0,292.0,308.0,,,False,,False
8554.093,RUS,63,70.0,71.638,17.197,32.435,22.006,3.0,HARD,27.0,True,Mercedes,1,1.0,True,320.0,202.0,292.0,313.0,,,False,,False
8625.925,RUS,63,71.0,71.832,17.267,32.461,22.104,3.0,HARD,28.0,True,Mercedes,1,1.0,True,307.0,202.0,287.0,305.0,,,False,,False
3512.022,BOT,77,1.0,84.016,,35.182,24.614,1.0,MEDIUM,1.0,True,Cadillac,1,21.0,False,291.0,202.0,291.0,293.0,,,False,,False
3599.77,BOT,77,2.0,87.748,17.904,36.123,33.721,1.0,MEDIUM,2.0,True,Cadillac,1,22.0,False,323.0,173.0,,267.0,,3595.755,False,,False
3506.069,PIA,81,1.0,78.123,,33.419,22.84,1.0,MEDIUM,1.0,True,McLaren,1,6.0,False,315.0,203.0,285.0,316.0,,,False,,False
3579.569,PIA,81,2.0,73.5,17.495,33.132,22.873,1.0,MEDIUM,2.0,True,McLaren,1,6.0,True,309.0,198.0,290.0,334.0,,,False,,False
3652.27,PIA,81,3.0,72.701,17.357,32.819,22.525,1.0,MEDIUM,3.0,True,McLaren,1,6.0,True,311.0,201.0,289.0,309.0,,,False,,False
3724.63,PIA,81,4.0,72.36,17.389,32.627,22.344,1.0,MEDIUM,4.0,True,McLaren,1,6.0,True,315.0,202.0,288.0,311.0,,,False,,False
3796.864,PIA,81,5.0,72.234,17.293,32.656,22.285,1.0,MEDIUM,5.0,True,McLaren,1,6.0,True,313.0,201.0,284.0,309.0,,,False,,False
3869.254,PIA,81,6.0,72.39,17.405,32.515,22.47,1.0,MEDIUM,6.0,True,McLaren,1,6.0,True,315.0,201.0,285.0,311.0,,,False,,False
3942.027,PIA,81,7.0,72.773,17.385,32.611,22.777,1.0,MEDIUM,7.0,True,McLaren,1,6.0,True,316.0,202.0,287.0,308.0,,,False,,False
4015.248,PIA,81,8.0,73.221,17.548,32.847,22.826,1.0,MEDIUM,8.0,True,McLaren,1,6.0,True,315.0,201.0,287.0,308.0,,,False,,False
4088.366,PIA,81,9.0,73.118,17.432,32.822,22.864,1.0,MEDIUM,9.0,True,McLaren,1,6.0,True,315.0,200.0,285.0,308.0,,,False,,False
4161.586,PIA,81,10.0,73.22,17.611,32.685,22.924,1.0,MEDIUM,10.0,True,McLaren,1,6.0,True,311.0,200.0,286.0,306.0,,,False,,False
4234.97,PIA,81,11.0,73.384,17.541,32.798,23.045,1.0,MEDIUM,11.0,True,McLaren,1,6.0,True,310.0,201.0,287.0,307.0,,,False,,False
4308.396,PIA,81,12.0,73.426,17.537,32.911,22.978,1.0,MEDIUM,12.0,True,McLaren,1,6.0,True,310.0,200.0,286.0,307.0,,,False,,False
4382.071,PIA,81,13.0,73.675,17.632,32.954,23.089,1.0,MEDIUM,13.0,True,McLaren,1,4.0,True,309.0,201.0,284.0,307.0,,,False,,False
4455.489,PIA,81,14.0,73.418,17.719,32.828,22.871,1.0,MEDIUM,14.0,True,McLaren,1,4.0,True,303.0,200.0,283.0,303.0,,,False,,False
4528.724,PIA,81,15.0,73.235,17.656,32.791,22.788,1.0,MEDIUM,15.0,True,McLaren,1,4.0,True,303.0,199.0,283.0,302.0,,,False,,False
4601.903,PIA,81,16.0,73.179,17.698,32.601,22.88,1.0,MEDIUM,16.0,True,McLaren,1,4.0,True,304.0,200.0,284.0,302.0,,,False,,False
4675.004,PIA,81,17.0,73.101,17.618,32.693,22.79,1.0,MEDIUM,17.0,True,McLaren,1,4.0,True,305.0,198.0,284.0,300.0,,,False,,False
4748.455,PIA,81,18.0,73.451,17.747,32.915,22.789,1.0,MEDIUM,18.0,True,McLaren,1,4.0,True,305.0,199.0,281.0,299.0,,,False,,False
4826.709,PIA,81,19.0,78.254,17.845,32.918,27.491,1.0,MEDIUM,19.0,True,McLaren,1,4.0,False,305.0,202.0,,299.0,,4822.383,False,,False
4916.244,PIA,81,20.0,89.535,34.874,32.462,22.199,2.0,HARD,1.0,True,McLaren,1,7.0,False,299.0,205.0,286.0,302.0,4844.507,,False,,False
4987.708,PIA,81,21.0,71.464,17.423,32.024,22.017,2.0,HARD,2.0,True,McLaren,1,7.0,True,306.0,204.0,284.0,300.0,,,False,,False
5059.286,PIA,81,22.0,71.578,17.409,32.15,22.019,2.0,HARD,3.0,True,McLaren,1,6.0,True,307.0,202.0,287.0,300.0,,,False,,False
5130.713,PIA,81,23.0,71.427,17.375,32.048,22.004,2.0,HARD,4.0,True,McLaren,1,6.0,True,306.0,203.0,287.0,302.0,,,False,,False
5202.923,PIA,81,24.0,72.21,17.414,32.127,22.669,2.0,HARD,5.0,True,McLaren,126,6.0,False,306.0,204.0,250.0,303.0,,,False,,False
5301.237,PIA,81,25.0,98.314,24.409,43.923,29.982,2.0,HARD,6.0,True,McLaren,6,6.0,False,229.0,183.0,209.0,201.0,,,False,,False
5391.365,PIA,81,26.0,90.128,23.13,42.816,24.182,2.0,HARD,7.0,True,McLaren,671,5.0,False,239.0,166.0,286.0,248.0,,,False,,False
5463.023,PIA,81,27.0,71.658,17.247,32.148,22.263,2.0,HARD,8.0,True,McLaren,1,5.0,True,313.0,202.0,288.0,305.0,,,False,,False
5534.25,PIA,81,28.0,71.227,17.372,31.968,21.887,2.0,HARD,9.0,True,McLaren,1,5.0,True,308.0,205.0,286.0,303.0,,,False,,False
5606.168,PIA,81,29.0,71.918,17.405,32.299,22.214,2.0,HARD,10.0,True,McLaren,1,5.0,True,310.0,203.0,289.0,305.0,,,False,,False
5677.317,PIA,81,30.0,71.149,17.252,31.988,21.909,2.0,HARD,11.0,True,McLaren,1,5.0,True,310.0,201.0,289.0,303.0,,,False,,False
5749.085,PIA,81,31.0,71.768,17.321,32.391,22.056,2.0,HARD,12.0,True,McLaren,1,5.0,True,313.0,202.0,286.0,304.0,,,False,,False
5820.939,PIA,81,32.0,71.854,17.472,32.258,22.124,2.0,HARD,13.0,True,McLaren,1,5.0,True,312.0,201.0,289.0,306.0,,,False,,False
5892.719,PIA,81,33.0,71.78,17.367,32.246,22.167,2.0,HARD,14.0,True,McLaren,1,5.0,True,314.0,202.0,289.0,306.0,,,False,,False
5964.767,PIA,81,34.0,72.048,17.366,32.457,22.225,2.0,HARD,15.0,True,McLaren,1,5.0,True,314.0,199.0,289.0,307.0,,,False,,False
6036.708,PIA,81,35.0,71.941,17.402,32.324,22.215,2.0,HARD,16.0,True,McLaren,1,5.0,True,315.0,199.0,290.0,311.0,,,False,,False
6109.026,PIA,81,36.0,72.318,17.57,32.472,22.276,2.0,HARD,17.0,True,McLaren,1,5.0,True,318.0,199.0,291.0,312.0,,,True,TRACK LIMITS AT TURN 1 LAP 36 ,False
6181.57,PIA,81,37.0,72.544,17.301,32.833,22.41,2.0,HARD,18.0,True,McLaren,1,4.0,True,346.0,198.0,283.0,296.0,,,False,,False
6253.955,PIA,81,38.0,72.385,17.599,32.438,22.348,2.0,HARD,19.0,True,McLaren,1,4.0,True,306.0,201.0,286.0,299.0,,,False,,False
6325.979,PIA,81,39.0,72.024,17.497,32.408,22.119,2.0,HARD,20.0,True,McLaren,1,4.0,True,307.0,201.0,285.0,302.0,,,False,,False
6397.996,PIA,81,40.0,72.017,17.484,32.369,22.164,2.0,HARD,21.0,True,McLaren,1,4.0,True,310.0,202.0,289.0,303.0,,,False,,False
6470.112,PIA,81,41.0,72.116,17.406,32.424,22.286,2.0,HARD,22.0,True,McLaren,1,4.0,True,312.0,200.0,290.0,305.0,,,False,,False
6546.593,PIA,81,42.0,76.481,17.391,32.496,26.594,2.0,HARD,23.0,True,McLaren,1,4.0,False,314.0,202.0,,302.0,,6542.559,False,,False
6634.686,PIA,81,43.0,88.093,33.821,32.322,21.95,3.0,HARD,1.0,True,McLaren,1,6.0,False,303.0,204.0,293.0,302.0,6563.66,,False,,False
6705.439,PIA,81,44.0,70.753,17.247,31.846,21.66,3.0,HARD,2.0,True,McLaren,1,6.0,True,311.0,206.0,292.0,302.0,,,False,,False
6776.034,PIA,81,45.0,70.595,17.129,31.733,21.733,3.0,HARD,3.0,True,McLaren,1,6.0,True,312.0,205.0,290.0,306.0,,,False,,False
6846.878,PIA,81,46.0,70.844,17.179,31.842,21.823,3.0,HARD,4.0,True,McLaren,1,6.0,True,314.0,205.0,292.0,309.0,,,False,,False
6917.98,PIA,81,47.0,71.102,17.168,32.102,21.832,3.0,HARD,5.0,True,McLaren,1,6.0,True,315.0,202.0,294.0,311.0,,,False,,False
6989.369,PIA,81,48.0,71.389,17.085,32.319,21.985,3.0,HARD,6.0,True,McLaren,1,4.0,True,328.0,204.0,289.0,302.0,,,False,,False
7060.644,PIA,81,49.0,71.275,17.351,32.068,21.856,3.0,HARD,7.0,True,McLaren,1,4.0,True,307.0,205.0,287.0,297.0,,,False,,False
7131.891,PIA,81,50.0,71.247,17.397,31.984,21.866,3.0,HARD,8.0,True,McLaren,1,4.0,True,310.0,205.0,290.0,301.0,,,False,,False
7202.992,PIA,81,51.0,71.101,17.284,32.066,21.751,3.0,HARD,9.0,True,McLaren,1,4.0,True,309.0,203.0,291.0,302.0,,,False,,False
7282.807,PIA,81,52.0,79.815,17.254,32.085,30.476,3.0,HARD,10.0,True,McLaren,16,4.0,False,315.0,203.0,219.0,308.0,,,False,,False
7358.105,PIA,81,53.0,75.298,21.626,31.919,21.753,3.0,HARD,11.0,True,McLaren,671,4.0,False,302.0,205.0,293.0,310.0,,,False,,False
7429.104,PIA,81,54.0,70.999,17.207,31.881,21.911,3.0,HARD,12.0,True,McLaren,1,4.0,True,313.0,204.0,291.0,311.0,,,False,,False
7500.16,PIA,81,55.0,71.056,17.24,31.961,21.855,3.0,HARD,13.0,True,McLaren,1,4.0,True,311.0,204.0,290.0,306.0,,,False,,False
7571.227,PIA,81,56.0,71.067,17.297,31.933,21.837,3.0,HARD,14.0,True,McLaren,1,4.0,True,310.0,204.0,290.0,305.0,,,False,,False
7642.562,PIA,81,57.0,71.335,17.328,32.158,21.849,3.0,HARD,15.0,True,McLaren,1,4.0,True,311.0,204.0,291.0,303.0,,,False,,False
7713.781,PIA,81,58.0,71.219,17.288,32.11,21.821,3.0,HARD,16.0,True,McLaren,1,4.0,True,310.0,205.0,292.0,304.0,,,False,,False
7785.113,PIA,81,59.0,71.332,17.29,32.156,21.886,3.0,HARD,17.0,True,McLaren,1,4.0,True,309.0,204.0,291.0,303.0,,,False,,False
7856.245,PIA,81,60.0,71.132,17.263,31.976,21.893,3.0,HARD,18.0,True,McLaren,1,4.0,True,311.0,203.0,290.0,305.0,,,False,,False
7927.608,PIA,81,61.0,71.363,17.308,32.119,21.936,3.0,HARD,19.0,True,McLaren,1,4.0,True,312.0,203.0,291.0,304.0,,,False,,False
7999.133,PIA,81,62.0,71.525,17.249,32.28,21.996,3.0,HARD,20.0,True,McLaren,1,4.0,True,314.0,203.0,291.0,306.0,,,False,,False
8071.016,PIA,81,63.0,71.883,17.317,32.596,21.97,3.0,HARD,21.0,True,McLaren,1,4.0,True,315.0,203.0,292.0,305.0,,,False,,False
8142.334,PIA,81,64.0,71.318,17.24,32.166,21.912,3.0,HARD,22.0,True,McLaren,1,4.0,True,316.0,205.0,290.0,305.0,,,False,,False
8213.813,PIA,81,65.0,71.479,17.297,32.192,21.99,3.0,HARD,23.0,True,McLaren,1,4.0,True,311.0,201.0,291.0,305.0,,,False,,False
8285.946,PIA,81,66.0,72.133,17.375,32.512,22.246,3.0,HARD,24.0,True,McLaren,1,4.0,True,311.0,203.0,288.0,305.0,,,False,,False
8357.883,PIA,81,67.0,71.937,17.494,32.364,22.079,3.0,HARD,25.0,True,McLaren,1,4.0,True,310.0,204.0,293.0,305.0,,,False,,False
8429.657,PIA,81,68.0,71.774,17.339,32.314,22.121,3.0,HARD,26.0,True,McLaren,1,4.0,True,310.0,204.0,290.0,305.0,,,False,,False
8502.166,PIA,81,69.0,72.509,17.343,32.514,22.652,3.0,HARD,27.0,True,McLaren,1,4.0,True,316.0,202.0,290.0,312.0,,,False,,False
8575.231,PIA,81,70.0,73.065,17.415,32.973,22.677,3.0,HARD,28.0,True,McLaren,1,4.0,True,316.0,188.0,289.0,313.0,,,False,,False
8647.734,PIA,81,71.0,72.503,17.583,32.631,22.289,3.0,HARD,29.0,True,McLaren,1,4.0,True,310.0,203.0,290.0,303.0,,,False,,False
3509.488,BEA,87,1.0,81.542,,34.659,23.559,1.0,MEDIUM,1.0,True,Haas F1 Team,1,15.0,False,300.0,205.0,288.0,286.0,,,False,,False
3583.886,BEA,87,2.0,74.398,17.691,33.674,23.033,1.0,MEDIUM,2.0,True,Haas F1 Team,1,15.0,True,320.0,206.0,287.0,300.0,,,False,,False
3657.993,BEA,87,3.0,74.107,17.609,33.515,22.983,1.0,MEDIUM,3.0,True,Haas F1 Team,1,15.0,True,321.0,206.0,288.0,304.0,,,False,,False
3732.096,BEA,87,4.0,74.103,17.487,33.537,23.079,1.0,MEDIUM,4.0,True,Haas F1 Team,1,15.0,True,318.0,204.0,286.0,305.0,,,False,,False
3806.266,BEA,87,5.0,74.17,17.594,33.595,22.981,1.0,MEDIUM,5.0,True,Haas F1 Team,1,15.0,True,311.0,205.0,286.0,300.0,,,False,,False
3880.595,BEA,87,6.0,74.329,17.665,33.477,23.187,1.0,MEDIUM,6.0,True,Haas F1 Team,1,15.0,True,310.0,204.0,286.0,297.0,,,False,,False
3955.087,BEA,87,7.0,74.492,17.616,33.645,23.231,1.0,MEDIUM,7.0,True,Haas F1 Team,1,15.0,True,316.0,204.0,285.0,302.0,,,False,,False
4029.877,BEA,87,8.0,74.79,17.75,33.692,23.348,1.0,MEDIUM,8.0,True,Haas F1 Team,1,15.0,True,308.0,203.0,283.0,303.0,,,False,,False
4104.848,BEA,87,9.0,74.971,17.876,33.761,23.334,1.0,MEDIUM,9.0,True,Haas F1 Team,1,15.0,True,312.0,202.0,283.0,300.0,,,False,,False
4180.619,BEA,87,10.0,75.771,17.671,34.44,23.66,1.0,MEDIUM,10.0,True,Haas F1 Team,1,15.0,True,313.0,201.0,280.0,299.0,,,False,,False
4255.817,BEA,87,11.0,75.198,17.89,33.787,23.521,1.0,MEDIUM,11.0,True,Haas F1 Team,1,15.0,True,303.0,202.0,282.0,297.0,,,False,,False
4331.167,BEA,87,12.0,75.35,17.875,33.962,23.513,1.0,MEDIUM,12.0,True,Haas F1 Team,1,15.0,True,307.0,202.0,283.0,296.0,,,False,,False
4406.17,BEA,87,13.0,75.003,17.84,33.682,23.481,1.0,MEDIUM,13.0,True,Haas F1 Team,1,14.0,True,304.0,200.0,284.0,298.0,,,False,,False
4481.536,BEA,87,14.0,75.366,17.904,33.814,23.648,1.0,MEDIUM,14.0,True,Haas F1 Team,1,14.0,True,303.0,200.0,283.0,298.0,,,False,,False
4556.577,BEA,87,15.0,75.041,17.866,33.674,23.501,1.0,MEDIUM,15.0,True,Haas F1 Team,1,14.0,True,304.0,203.0,280.0,296.0,,,False,,False
4631.328,BEA,87,16.0,74.751,17.815,33.656,23.28,1.0,MEDIUM,16.0,True,Haas F1 Team,1,14.0,True,307.0,201.0,282.0,298.0,,,False,,False
4706.037,BEA,87,17.0,74.709,17.739,33.513,23.457,1.0,MEDIUM,17.0,True,Haas F1 Team,1,14.0,True,311.0,202.0,284.0,300.0,,,False,,False
4781.381,BEA,87,18.0,75.344,17.668,34.158,23.518,1.0,MEDIUM,18.0,True,Haas F1 Team,1,12.0,True,318.0,202.0,281.0,301.0,,,False,,False
4856.208,BEA,87,19.0,74.827,17.922,33.614,23.291,1.0,MEDIUM,19.0,True,Haas F1 Team,1,11.0,True,307.0,203.0,280.0,297.0,,,False,,False
4932.116,BEA,87,20.0,75.908,17.791,34.705,23.412,1.0,MEDIUM,20.0,True,Haas F1 Team,1,12.0,True,311.0,200.0,282.0,291.0,,,False,,False
5007.052,BEA,87,21.0,74.936,17.802,33.564,23.57,1.0,MEDIUM,21.0,True,Haas F1 Team,1,13.0,True,310.0,203.0,282.0,298.0,,,False,,False
5081.697,BEA,87,22.0,74.645,17.786,33.771,23.088,1.0,MEDIUM,22.0,True,Haas F1 Team,1,12.0,True,313.0,200.0,282.0,298.0,,,False,,False
5157.169,BEA,87,23.0,75.472,17.835,33.714,23.923,1.0,MEDIUM,23.0,True,Haas F1 Team,1,13.0,True,310.0,203.0,281.0,294.0,,,False,,False
5243.935,BEA,87,24.0,86.766,17.91,35.982,32.874,1.0,MEDIUM,24.0,True,Haas F1 Team,126,13.0,False,311.0,111.0,,304.0,,5239.994,False,,False
5353.801,BEA,87,25.0,109.866,37.354,42.55,29.962,2.0,HARD,1.0,True,Haas F1 Team,6,14.0,False,221.0,163.0,177.0,192.0,5261.568,,False,,False
5431.858,BEA,87,26.0,78.057,22.571,32.943,22.543,2.0,HARD,2.0,True,Haas F1 Team,671,14.0,False,296.0,208.0,286.0,315.0,,,False,,False
5504.959,BEA,87,27.0,73.101,17.478,32.972,22.651,2.0,HARD,3.0,True,Haas F1 Team,1,14.0,True,305.0,207.0,284.0,302.0,,,False,,False
5578.061,BEA,87,28.0,73.102,17.588,32.963,22.551,2.0,HARD,4.0,True,Haas F1 Team,1,14.0,True,306.0,206.0,284.0,296.0,,,False,,False
5651.086,BEA,87,29.0,73.025,17.573,32.854,22.598,2.0,HARD,5.0,True,Haas F1 Team,1,14.0,True,310.0,206.0,284.0,297.0,,,False,,False
5724.149,BEA,87,30.0,73.063,17.583,32.947,22.533,2.0,HARD,6.0,True,Haas F1 Team,1,14.0,True,304.0,206.0,283.0,297.0,,,False,,False
5797.296,BEA,87,31.0,73.147,17.614,32.977,22.556,2.0,HARD,7.0,True,Haas F1 Team,1,14.0,True,305.0,208.0,284.0,297.0,,,False,,False
5870.371,BEA,87,32.0,73.075,17.568,32.894,22.613,2.0,HARD,8.0,True,Haas F1 Team,1,14.0,True,307.0,205.0,282.0,296.0,,,False,,False
5943.641,BEA,87,33.0,73.27,17.654,32.973,22.643,2.0,HARD,9.0,True,Haas F1 Team,1,14.0,True,307.0,204.0,282.0,294.0,,,False,,False
6016.779,BEA,87,34.0,73.138,17.647,32.999,22.492,2.0,HARD,10.0,True,Haas F1 Team,1,14.0,True,307.0,204.0,282.0,295.0,,,False,,False
6089.94,BEA,87,35.0,73.161,17.642,32.964,22.555,2.0,HARD,11.0,True,Haas F1 Team,1,14.0,True,305.0,206.0,282.0,295.0,,,False,,False
6163.343,BEA,87,36.0,73.403,17.608,32.969,22.826,2.0,HARD,12.0,True,Haas F1 Team,1,14.0,True,308.0,205.0,280.0,293.0,,,False,,False
6239.611,BEA,87,37.0,76.268,17.748,34.377,24.143,2.0,HARD,13.0,True,Haas F1 Team,1,14.0,True,306.0,203.0,284.0,249.0,,,False,,False
6313.691,BEA,87,38.0,74.08,17.715,33.409,22.956,2.0,HARD,14.0,True,Haas F1 Team,1,14.0,True,314.0,204.0,285.0,302.0,,,False,,False
6387.695,BEA,87,39.0,74.004,17.752,33.312,22.94,2.0,HARD,15.0,True,Haas F1 Team,1,13.0,True,306.0,203.0,281.0,296.0,,,False,,False
6462.923,BEA,87,40.0,75.228,17.662,33.138,24.428,2.0,HARD,16.0,True,Haas F1 Team,1,13.0,True,307.0,203.0,282.0,295.0,,,False,,False
6536.762,BEA,87,41.0,73.839,17.619,33.27,22.95,2.0,HARD,17.0,True,Haas F1 Team,1,13.0,True,319.0,203.0,285.0,296.0,,,False,,False
6610.47,BEA,87,42.0,73.708,17.521,33.172,23.015,2.0,HARD,18.0,True,Haas F1 Team,1,13.0,True,307.0,207.0,282.0,295.0,,,False,,False
6685.276,BEA,87,43.0,74.806,17.761,33.903,23.142,2.0,HARD,19.0,True,Haas F1 Team,1,14.0,True,308.0,203.0,277.0,300.0,,,False,,False
6759.153,BEA,87,44.0,73.877,17.786,33.17,22.921,2.0,HARD,20.0,True,Haas F1 Team,1,14.0,True,311.0,206.0,285.0,303.0,,,False,,False
6837.496,BEA,87,45.0,78.343,17.544,34.58,26.219,2.0,HARD,21.0,True,Haas F1 Team,1,14.0,False,311.0,205.0,,217.0,,6833.818,False,,False
6926.982,BEA,87,46.0,89.486,34.64,32.612,22.234,3.0,MEDIUM,1.0,True,Haas F1 Team,1,15.0,False,311.0,207.0,287.0,305.0,6855.887,,False,,False
6999.387,BEA,87,47.0,72.405,17.418,32.592,22.395,3.0,MEDIUM,2.0,True,Haas F1 Team,1,14.0,True,308.0,207.0,284.0,295.0,,,False,,False
7072.013,BEA,87,48.0,72.626,17.507,32.627,22.492,3.0,MEDIUM,3.0,True,Haas F1 Team,1,14.0,True,309.0,206.0,284.0,296.0,,,False,,False
7145.488,BEA,87,49.0,73.475,17.462,32.577,23.436,3.0,MEDIUM,4.0,True,Haas F1 Team,1,14.0,True,309.0,208.0,286.0,295.0,,,False,,False
7218.067,BEA,87,50.0,72.579,17.433,32.809,22.337,3.0,MEDIUM,5.0,True,Haas F1 Team,1,14.0,True,315.0,207.0,287.0,302.0,,,False,,False
7301.22,BEA,87,51.0,83.153,17.514,39.733,25.906,3.0,MEDIUM,6.0,True,Haas F1 Team,167,14.0,False,312.0,176.0,289.0,305.0,,,False,,False
7374.028,BEA,87,52.0,72.808,17.53,32.94,22.338,3.0,MEDIUM,7.0,True,Haas F1 Team,1,14.0,True,312.0,208.0,286.0,297.0,,,False,,False
7446.294,BEA,87,53.0,72.266,17.586,32.367,22.313,3.0,MEDIUM,8.0,True,Haas F1 Team,1,14.0,True,305.0,207.0,286.0,296.0,,,False,,False
7518.501,BEA,87,54.0,72.207,17.451,32.509,22.247,3.0,MEDIUM,9.0,True,Haas F1 Team,1,14.0,True,306.0,208.0,283.0,297.0,,,False,,False
7591.007,BEA,87,55.0,72.506,17.561,32.507,22.438,3.0,MEDIUM,10.0,True,Haas F1 Team,1,14.0,True,308.0,209.0,284.0,298.0,,,False,,False
7663.771,BEA,87,56.0,72.764,17.637,32.649,22.478,3.0,MEDIUM,11.0,True,Haas F1 Team,1,14.0,True,308.0,207.0,284.0,298.0,,,False,,False
7736.723,BEA,87,57.0,72.952,17.517,32.88,22.555,3.0,MEDIUM,12.0,True,Haas F1 Team,1,14.0,True,307.0,205.0,285.0,298.0,,,False,,False
7809.712,BEA,87,58.0,72.989,17.462,32.845,22.682,3.0,MEDIUM,13.0,True,Haas F1 Team,1,14.0,True,307.0,206.0,282.0,299.0,,,False,,False
7882.766,BEA,87,59.0,73.054,17.657,32.766,22.631,3.0,MEDIUM,14.0,True,Haas F1 Team,1,14.0,True,306.0,207.0,284.0,296.0,,,False,,False
7955.776,BEA,87,60.0,73.01,17.576,32.869,22.565,3.0,MEDIUM,15.0,True,Haas F1 Team,1,14.0,True,308.0,207.0,285.0,297.0,,,False,,False
8028.908,BEA,87,61.0,73.132,17.578,32.819,22.735,3.0,MEDIUM,16.0,True,Haas F1 Team,1,14.0,True,308.0,208.0,284.0,295.0,,,False,,False
8102.233,BEA,87,62.0,73.325,17.619,32.926,22.78,3.0,MEDIUM,17.0,True,Haas F1 Team,1,14.0,True,307.0,207.0,284.0,298.0,,,False,,False
8177.195,BEA,87,63.0,74.962,17.654,32.943,24.365,3.0,MEDIUM,18.0,True,Haas F1 Team,1,14.0,True,308.0,208.0,287.0,296.0,,,False,,False
8250.436,BEA,87,64.0,73.241,17.453,32.88,22.908,3.0,MEDIUM,19.0,True,Haas F1 Team,1,14.0,True,318.0,208.0,284.0,304.0,,,False,,False
8323.627,BEA,87,65.0,73.191,17.613,32.691,22.887,3.0,MEDIUM,20.0,True,Haas F1 Team,1,14.0,True,310.0,208.0,280.0,301.0,,,False,,False
8396.671,BEA,87,66.0,73.044,17.62,32.85,22.574,3.0,MEDIUM,21.0,True,Haas F1 Team,1,14.0,True,309.0,209.0,286.0,300.0,,,False,,False
8469.703,BEA,87,67.0,73.032,17.588,32.796,22.648,3.0,MEDIUM,22.0,True,Haas F1 Team,1,14.0,True,309.0,205.0,287.0,298.0,,,False,,False
8542.598,BEA,87,68.0,72.895,17.428,32.805,22.662,3.0,MEDIUM,23.0,True,Haas F1 Team,1,14.0,True,308.0,209.0,285.0,296.0,,,False,,False
8615.948,BEA,87,69.0,73.35,17.54,32.951,22.859,3.0,MEDIUM,24.0,True,Haas F1 Team,1,14.0,True,307.0,207.0,285.0,294.0,,,False,,False
8688.602,BEA,87,70.0,72.654,17.47,32.636,22.548,3.0,MEDIUM,25.0,True,Haas F1 Team,1,14.0,True,309.0,206.0,287.0,315.0,,,False,,False
