Time,Driver,DriverNumber,LapNumber,LapTime,Sector1Time,Sector2Time,Sector3Time,Stint,Compound,TyreLife,FreshTyre,Team,TrackStatus,Position,IsAccurate,SpeedI1,SpeedI2,SpeedFL,SpeedST,PitOutTime,PitInTime,Deleted,DeletedReason,FastF1Generated
3440.252,NOR,1,1.0,100.454,,39.496,26.468,1.0,MEDIUM,1.0,True,McLaren,12,7.0,False,325.0,254.0,244.0,307.0,,,False,,False
3535.088,NOR,1,2.0,94.836,30.17,38.718,25.948,1.0,MEDIUM,2.0,True,McLaren,12,7.0,True,301.0,255.0,248.0,304.0,,,False,,False
3630.329,NOR,1,3.0,95.241,30.061,38.936,26.244,1.0,MEDIUM,3.0,True,McLaren,1,7.0,True,299.0,255.0,243.0,308.0,,,False,,False
3725.445,NOR,1,4.0,95.116,29.899,39.002,26.215,1.0,MEDIUM,4.0,True,McLaren,1,7.0,True,311.0,256.0,246.0,310.0,,,False,,False
3820.599,NOR,1,5.0,95.154,29.884,38.996,26.274,1.0,MEDIUM,5.0,True,McLaren,1,7.0,True,305.0,257.0,245.0,304.0,,,False,,False
3915.474,NOR,1,6.0,94.875,29.883,38.807,26.185,1.0,MEDIUM,6.0,True,McLaren,1,7.0,True,306.0,256.0,246.0,303.0,,,False,,False
4010.56,NOR,1,7.0,95.086,30.129,38.659,26.298,1.0,MEDIUM,7.0,True,McLaren,1,7.0,True,300.0,255.0,246.0,299.0,,,False,,False
4105.841,NOR,1,8.0,95.281,30.385,38.638,26.258,1.0,MEDIUM,8.0,True,McLaren,1,7.0,True,296.0,254.0,247.0,298.0,,,False,,False
4201.461,NOR,1,9.0,95.62,30.516,38.839,26.265,1.0,MEDIUM,9.0,True,McLaren,1,7.0,True,296.0,254.0,246.0,300.0,,,False,,False
4296.747,NOR,1,10.0,95.286,30.408,38.711,26.167,1.0,MEDIUM,10.0,True,McLaren,1,7.0,True,295.0,253.0,246.0,299.0,,,False,,False
4392.065,NOR,1,11.0,95.318,30.259,38.809,26.25,1.0,MEDIUM,11.0,True,McLaren,1,7.0,True,297.0,254.0,245.0,302.0,,,False,,False
4487.507,NOR,1,12.0,95.442,30.276,38.887,26.279,1.0,MEDIUM,12.0,True,McLaren,1,7.0,True,296.0,250.0,245.0,302.0,,,False,,False
4582.654,NOR,1,13.0,95.147,30.217,38.838,26.092,1.0,MEDIUM,13.0,True,McLaren,1,7.0,True,298.0,254.0,244.0,309.0,,,False,,False
4677.744,NOR,1,14.0,95.09,29.919,38.986,26.185,1.0,MEDIUM,14.0,True,McLaren,1,7.0,True,303.0,254.0,249.0,303.0,,,False,,False
4772.884,NOR,1,15.0,95.14,29.88,39.092,26.168,1.0,MEDIUM,15.0,True,McLaren,1,7.0,True,300.0,253.0,247.0,305.0,,,False,,False
4868.162,NOR,1,16.0,95.278,30.093,38.939,26.246,1.0,MEDIUM,16.0,True,McLaren,1,7.0,True,305.0,254.0,247.0,302.0,,,True,TRACK LIMITS AT TURN 18 LAP 16 ,False
4963.878,NOR,1,17.0,95.716,29.987,39.504,26.225,1.0,MEDIUM,17.0,True,McLaren,1,7.0,True,305.0,256.0,247.0,298.0,,,False,,False
5058.619,NOR,1,18.0,94.741,29.963,38.567,26.211,1.0,MEDIUM,18.0,True,McLaren,1,6.0,True,299.0,253.0,243.0,299.0,,,False,,False
5153.2,NOR,1,19.0,94.581,30.031,38.653,25.897,1.0,MEDIUM,19.0,True,McLaren,1,6.0,True,304.0,256.0,249.0,301.0,,,False,,False
5247.922,NOR,1,20.0,94.722,30.138,38.431,26.153,1.0,MEDIUM,20.0,True,McLaren,1,5.0,True,290.0,255.0,248.0,293.0,,,False,,False
5342.502,NOR,1,21.0,94.58,30.127,38.358,26.095,1.0,MEDIUM,21.0,True,McLaren,1,5.0,True,294.0,255.0,249.0,295.0,,,False,,False
5448.168,NOR,1,22.0,105.666,36.756,43.012,25.898,1.0,MEDIUM,22.0,True,McLaren,167,5.0,False,255.0,259.0,250.0,301.0,,,False,,False
5542.898,NOR,1,23.0,94.73,29.988,38.627,26.115,1.0,MEDIUM,23.0,True,McLaren,1,5.0,True,295.0,255.0,249.0,294.0,,,False,,False
5637.78,NOR,1,24.0,94.882,30.112,38.62,26.15,1.0,MEDIUM,24.0,True,McLaren,1,3.0,True,293.0,255.0,250.0,293.0,,,False,,False
5732.299,NOR,1,25.0,94.519,29.96,38.427,26.132,1.0,MEDIUM,25.0,True,McLaren,1,3.0,True,293.0,255.0,249.0,294.0,,,False,,False
5827.023,NOR,1,26.0,94.724,29.94,38.729,26.055,1.0,MEDIUM,26.0,True,McLaren,1,3.0,True,296.0,257.0,249.0,298.0,,,False,,False
5921.548,NOR,1,27.0,94.525,29.967,38.518,26.04,1.0,MEDIUM,27.0,True,McLaren,1,3.0,True,295.0,258.0,249.0,298.0,,,False,,False
6015.839,NOR,1,28.0,94.291,29.935,38.81,25.546,1.0,MEDIUM,28.0,True,McLaren,1,3.0,False,295.0,258.0,,306.0,,6009.952,False,,False
6130.349,NOR,1,29.0,114.51,50.486,38.297,25.727,2.0,HARD,1.0,True,McLaren,1,7.0,False,305.0,258.0,253.0,304.0,6038.805,,False,,False
6223.25,NOR,1,30.0,92.901,29.542,37.804,25.555,2.0,HARD,2.0,True,McLaren,1,6.0,True,308.0,264.0,253.0,307.0,,,False,,False
6316.704,NOR,1,31.0,93.454,29.679,38.043,25.732,2.0,HARD,3.0,True,McLaren,1,6.0,True,294.0,257.0,251.0,299.0,,,False,,False
6409.9,NOR,1,32.0,93.196,29.74,37.777,25.679,2.0,HARD,4.0,True,McLaren,1,6.0,True,298.0,258.0,253.0,296.0,,,False,,False
6503.23,NOR,1,33.0,93.33,29.834,37.713,25.783,2.0,HARD,5.0,True,McLaren,1,6.0,True,295.0,257.0,252.0,296.0,,,False,,False
6596.698,NOR,1,34.0,93.468,29.718,37.892,25.858,2.0,HARD,6.0,True,McLaren,1,6.0,True,294.0,258.0,251.0,297.0,,,False,,False
6690.23,NOR,1,35.0,93.532,29.893,37.847,25.792,2.0,HARD,7.0,True,McLaren,1,5.0,True,293.0,258.0,251.0,298.0,,,False,,False
6783.744,NOR,1,36.0,93.514,29.912,37.887,25.715,2.0,HARD,8.0,True,McLaren,1,5.0,True,293.0,259.0,252.0,298.0,,,False,,False
6877.657,NOR,1,37.0,93.913,29.821,38.265,25.827,2.0,HARD,9.0,True,McLaren,1,5.0,True,295.0,259.0,251.0,298.0,,,False,,False
6977.007,NOR,1,38.0,99.35,29.864,38.986,30.5,2.0,HARD,10.0,True,McLaren,126,5.0,False,295.0,259.0,,133.0,,6971.189,False,,False
7099.909,NOR,1,39.0,122.902,58.54,38.687,25.675,3.0,MEDIUM,7.0,False,McLaren,671,6.0,False,226.0,258.0,255.0,293.0,7000.908,,False,,False
7192.668,NOR,1,40.0,92.759,29.644,37.519,25.596,3.0,MEDIUM,8.0,False,McLaren,1,6.0,True,292.0,261.0,254.0,295.0,,,False,,False
7285.69,NOR,1,41.0,93.022,29.693,37.646,25.683,3.0,MEDIUM,9.0,False,McLaren,1,6.0,True,296.0,259.0,254.0,296.0,,,False,,False
7378.992,NOR,1,42.0,93.302,29.649,38.01,25.643,3.0,MEDIUM,10.0,False,McLaren,1,5.0,True,305.0,261.0,254.0,299.0,,,False,,False
7472.159,NOR,1,43.0,93.167,29.61,37.964,25.593,3.0,MEDIUM,11.0,False,McLaren,1,5.0,True,303.0,261.0,253.0,297.0,,,False,,False
7564.934,NOR,1,44.0,92.775,29.707,37.526,25.542,3.0,MEDIUM,12.0,False,McLaren,1,5.0,True,296.0,260.0,255.0,297.0,,,False,,False
7657.559,NOR,1,45.0,92.625,29.603,37.49,25.532,3.0,MEDIUM,13.0,False,McLaren,1,5.0,True,295.0,262.0,254.0,299.0,,,False,,False
7750.587,NOR,1,46.0,93.028,29.66,37.619,25.749,3.0,MEDIUM,14.0,False,McLaren,1,5.0,True,296.0,262.0,252.0,299.0,,,False,,False
7849.421,NOR,1,47.0,98.834,29.827,37.7,31.307,3.0,MEDIUM,15.0,False,McLaren,124,4.0,False,299.0,262.0,143.0,292.0,,,False,,False
7974.026,NOR,1,48.0,124.605,38.636,51.976,33.993,3.0,MEDIUM,16.0,False,McLaren,4,4.0,False,231.0,201.0,,232.0,,7968.076,False,,False
8116.748,NOR,1,49.0,142.722,57.181,50.427,35.114,4.0,SOFT,4.0,False,McLaren,4,4.0,False,257.0,202.0,253.0,255.0,7996.68,,False,,False
8261.395,NOR,1,50.0,144.647,31.067,65.347,48.233,4.0,SOFT,5.0,False,McLaren,4,4.0,False,255.0,118.0,85.0,140.0,,,False,,False
8429.652,NOR,1,51.0,,57.647,66.615,43.876,4.0,SOFT,6.0,False,McLaren,4,4.0,False,75.0,140.0,143.0,142.0,,,False,,False
8572.401,NOR,1,52.0,142.749,46.901,59.162,36.686,4.0,SOFT,7.0,False,McLaren,4,4.0,False,154.0,129.0,205.0,208.0,,,False,,False
3444.845,GAS,10,1.0,105.047,,41.201,27.363,1.0,MEDIUM,1.0,True,Alpine,12,12.0,False,308.0,260.0,226.0,336.0,,,False,,False
3542.227,GAS,10,2.0,97.382,31.118,39.719,26.545,1.0,MEDIUM,2.0,True,Alpine,12,13.0,True,308.0,259.0,232.0,336.0,,,False,,False
3638.249,GAS,10,3.0,96.022,30.552,39.314,26.156,1.0,MEDIUM,3.0,True,Alpine,1,12.0,True,294.0,258.0,235.0,344.0,,,False,,False
3734.543,GAS,10,4.0,96.294,30.874,39.105,26.315,1.0,MEDIUM,4.0,True,Alpine,1,12.0,True,297.0,258.0,236.0,326.0,,,False,,False
3831.712,GAS,10,5.0,97.169,30.573,39.654,26.942,1.0,MEDIUM,5.0,True,Alpine,1,12.0,True,297.0,259.0,237.0,325.0,,,False,,False
3928.048,GAS,10,6.0,96.336,30.456,39.57,26.31,1.0,MEDIUM,6.0,True,Alpine,1,11.0,True,307.0,259.0,238.0,342.0,,,False,,False
4025.104,GAS,10,7.0,97.056,31.197,39.707,26.152,1.0,MEDIUM,7.0,True,Alpine,1,11.0,True,288.0,257.0,237.0,334.0,,,False,,False
4122.36,GAS,10,8.0,97.256,31.005,40.012,26.239,1.0,MEDIUM,8.0,True,Alpine,1,11.0,True,291.0,258.0,239.0,322.0,,,False,,False
4219.247,GAS,10,9.0,96.887,30.905,39.277,26.705,1.0,MEDIUM,9.0,True,Alpine,1,11.0,True,293.0,250.0,244.0,297.0,,,False,,False
4315.409,GAS,10,10.0,96.162,30.447,39.175,26.54,1.0,MEDIUM,10.0,True,Alpine,1,11.0,True,294.0,251.0,242.0,298.0,,,False,,False
4411.634,GAS,10,11.0,96.225,30.573,39.203,26.449,1.0,MEDIUM,11.0,True,Alpine,1,11.0,True,293.0,251.0,242.0,297.0,,,False,,False
4507.799,GAS,10,12.0,96.165,30.44,39.183,26.542,1.0,MEDIUM,12.0,True,Alpine,1,11.0,True,292.0,251.0,244.0,297.0,,,False,,False
4604.249,GAS,10,13.0,96.45,30.571,39.329,26.55,1.0,MEDIUM,13.0,True,Alpine,1,11.0,True,291.0,251.0,244.0,295.0,,,False,,False
4700.395,GAS,10,14.0,96.146,30.236,39.287,26.623,1.0,MEDIUM,14.0,True,Alpine,1,11.0,True,295.0,249.0,244.0,296.0,,,False,,False
4796.384,GAS,10,15.0,95.989,30.292,39.258,26.439,1.0,MEDIUM,15.0,True,Alpine,1,11.0,True,300.0,250.0,245.0,298.0,,,False,,False
4892.68,GAS,10,16.0,96.296,30.327,39.316,26.653,1.0,MEDIUM,16.0,True,Alpine,1,11.0,True,298.0,250.0,243.0,295.0,,,False,,False
4988.855,GAS,10,17.0,96.175,30.381,39.229,26.565,1.0,MEDIUM,17.0,True,Alpine,1,11.0,True,294.0,251.0,244.0,295.0,,,False,,False
5085.178,GAS,10,18.0,96.323,30.459,39.154,26.71,1.0,MEDIUM,18.0,True,Alpine,1,11.0,True,293.0,250.0,243.0,294.0,,,True,TRACK LIMITS AT TURN 9 LAP 18 ,False
5181.131,GAS,10,19.0,95.953,30.322,39.114,26.517,1.0,MEDIUM,19.0,True,Alpine,1,11.0,True,292.0,251.0,245.0,294.0,,,False,,False
5276.806,GAS,10,20.0,95.675,30.412,38.921,26.342,1.0,MEDIUM,20.0,True,Alpine,1,11.0,True,293.0,252.0,243.0,298.0,,,False,,False
5376.784,GAS,10,21.0,99.978,30.442,38.9,30.636,1.0,MEDIUM,21.0,True,Alpine,16,11.0,False,293.0,252.0,185.0,297.0,,,False,,False
5478.405,GAS,10,22.0,101.621,35.663,39.334,26.624,1.0,MEDIUM,22.0,True,Alpine,671,11.0,False,285.0,249.0,242.0,292.0,,,False,,False
5573.793,GAS,10,23.0,95.388,30.518,39.001,25.869,1.0,MEDIUM,23.0,True,Alpine,1,11.0,False,298.0,252.0,,294.0,,5567.855,False,,False
5696.2,GAS,10,24.0,122.407,55.598,40.176,26.633,2.0,HARD,1.0,True,Alpine,1,14.0,False,318.0,252.0,247.0,309.0,5601.573,,False,,False
5790.776,GAS,10,25.0,94.576,29.865,38.529,26.182,2.0,HARD,2.0,True,Alpine,1,13.0,True,311.0,253.0,248.0,301.0,,,False,,False
5886.39,GAS,10,26.0,95.614,29.824,39.451,26.339,2.0,HARD,3.0,True,Alpine,1,13.0,True,302.0,253.0,244.0,308.0,,,False,,False
5981.121,GAS,10,27.0,94.731,30.025,38.438,26.268,2.0,HARD,4.0,True,Alpine,1,12.0,True,309.0,257.0,246.0,300.0,,,False,,False
6075.739,GAS,10,28.0,94.618,29.952,38.441,26.225,2.0,HARD,5.0,True,Alpine,1,12.0,True,296.0,255.0,246.0,297.0,,,False,,False
6170.176,GAS,10,29.0,94.437,29.927,38.271,26.239,2.0,HARD,6.0,True,Alpine,1,12.0,True,297.0,255.0,248.0,297.0,,,False,,False
6264.795,GAS,10,30.0,94.619,30.057,38.444,26.118,2.0,HARD,7.0,True,Alpine,1,12.0,True,296.0,254.0,247.0,298.0,,,False,,False
6359.516,GAS,10,31.0,94.721,30.01,38.492,26.219,2.0,HARD,8.0,True,Alpine,1,12.0,True,294.0,254.0,247.0,298.0,,,False,,False
6454.579,GAS,10,32.0,95.063,30.287,38.568,26.208,2.0,HARD,9.0,True,Alpine,1,12.0,True,293.0,252.0,246.0,297.0,,,False,,False
6549.542,GAS,10,33.0,94.963,30.137,38.632,26.194,2.0,HARD,10.0,True,Alpine,1,12.0,True,296.0,252.0,244.0,299.0,,,False,,False
6644.538,GAS,10,34.0,94.996,30.067,38.548,26.381,2.0,HARD,11.0,True,Alpine,1,12.0,True,296.0,254.0,246.0,300.0,,,False,,False
6740.096,GAS,10,35.0,95.558,30.377,38.863,26.318,2.0,HARD,12.0,True,Alpine,1,12.0,True,296.0,250.0,245.0,308.0,,,False,,False
6835.033,GAS,10,36.0,94.937,30.191,38.489,26.257,2.0,HARD,13.0,True,Alpine,1,12.0,True,294.0,254.0,248.0,300.0,,,False,,False
6929.894,GAS,10,37.0,94.861,30.021,38.569,26.271,2.0,HARD,14.0,True,Alpine,12,12.0,True,301.0,254.0,243.0,298.0,,,False,,False
7047.781,GAS,10,38.0,117.887,35.476,50.755,31.656,2.0,HARD,15.0,True,Alpine,2671,12.0,False,196.0,173.0,243.0,233.0,,,False,,False
7142.303,GAS,10,39.0,94.522,30.15,38.255,26.117,2.0,HARD,16.0,True,Alpine,1,12.0,True,295.0,255.0,250.0,297.0,,,False,,False
7236.758,GAS,10,40.0,94.455,29.906,38.476,26.073,2.0,HARD,17.0,True,Alpine,1,12.0,True,300.0,255.0,251.0,297.0,,,False,,False
7331.07,GAS,10,41.0,94.312,29.838,38.395,26.079,2.0,HARD,18.0,True,Alpine,1,12.0,True,299.0,255.0,248.0,300.0,,,False,,False
7425.373,GAS,10,42.0,94.303,29.93,38.316,26.057,2.0,HARD,19.0,True,Alpine,1,12.0,True,299.0,256.0,250.0,302.0,,,False,,False
7519.76,GAS,10,43.0,94.387,29.799,38.522,26.066,2.0,HARD,20.0,True,Alpine,1,12.0,True,298.0,256.0,247.0,302.0,,,False,,False
7613.939,GAS,10,44.0,94.179,29.956,38.2,26.023,2.0,HARD,21.0,True,Alpine,1,12.0,True,298.0,256.0,248.0,303.0,,,False,,False
7708.449,GAS,10,45.0,94.51,29.984,38.309,26.217,2.0,HARD,22.0,True,Alpine,1,12.0,True,300.0,258.0,243.0,302.0,,,False,,False
7804.427,GAS,10,46.0,95.978,31.417,38.712,25.849,2.0,HARD,23.0,True,Alpine,1,12.0,True,304.0,263.0,238.0,323.0,,,False,,False
7921.332,GAS,10,47.0,116.905,30.515,51.809,34.581,2.0,HARD,24.0,True,Alpine,124,11.0,False,295.0,208.0,133.0,196.0,,,False,,False
8043.684,GAS,10,48.0,122.352,40.418,52.377,29.557,2.0,HARD,25.0,True,Alpine,4,10.0,False,255.0,200.0,,221.0,,8037.856,False,,False
8170.664,GAS,10,49.0,126.98,53.294,41.82,31.866,3.0,SOFT,1.0,True,Alpine,4,11.0,False,267.0,236.0,233.0,246.0,8066.561,,False,,False
8274.003,GAS,10,50.0,103.339,32.755,40.122,30.462,3.0,SOFT,2.0,True,Alpine,4,11.0,False,268.0,242.0,114.0,286.0,,,False,,False
8435.098,GAS,10,51.0,,50.661,67.046,43.288,3.0,SOFT,3.0,True,Alpine,4,11.0,False,189.0,102.0,137.0,169.0,,,False,,False
8574.678,GAS,10,52.0,139.58,47.674,57.877,34.029,3.0,SOFT,4.0,True,Alpine,4,11.0,False,171.0,144.0,243.0,251.0,,,False,,False
3446.385,PER,11,1.0,106.587,,42.152,27.509,1.0,MEDIUM,1.0,True,Cadillac,12,17.0,False,317.0,253.0,227.0,311.0,,,False,,False
3544.166,PER,11,2.0,97.781,31.392,40.0,26.389,1.0,MEDIUM,2.0,True,Cadillac,12,15.0,True,302.0,258.0,244.0,315.0,,,False,,False
3641.1,PER,11,3.0,96.934,30.41,39.585,26.939,1.0,MEDIUM,3.0,True,Cadillac,1,15.0,True,298.0,253.0,241.0,307.0,,,False,,False
3738.332,PER,11,4.0,97.232,30.533,39.855,26.844,1.0,MEDIUM,4.0,True,Cadillac,1,15.0,True,292.0,250.0,239.0,299.0,,,False,,False
3835.561,PER,11,5.0,97.229,30.527,39.981,26.721,1.0,MEDIUM,5.0,True,Cadillac,1,15.0,True,291.0,251.0,242.0,298.0,,,False,,False
3932.501,PER,11,6.0,96.94,30.598,39.641,26.701,1.0,MEDIUM,6.0,True,Cadillac,1,15.0,True,293.0,251.0,242.0,300.0,,,False,,False
4029.812,PER,11,7.0,97.311,30.723,39.97,26.618,1.0,MEDIUM,7.0,True,Cadillac,1,15.0,True,292.0,254.0,241.0,299.0,,,False,,False
4127.352,PER,11,8.0,97.54,30.948,39.764,26.828,1.0,MEDIUM,8.0,True,Cadillac,1,15.0,True,286.0,249.0,241.0,293.0,,,False,,False
4225.014,PER,11,9.0,97.662,30.901,40.02,26.741,1.0,MEDIUM,9.0,True,Cadillac,1,15.0,True,287.0,250.0,240.0,297.0,,,False,,False
4322.787,PER,11,10.0,97.773,30.951,40.092,26.73,1.0,MEDIUM,10.0,True,Cadillac,1,15.0,True,287.0,251.0,238.0,294.0,,,False,,False
4420.332,PER,11,11.0,97.545,30.966,39.785,26.794,1.0,MEDIUM,11.0,True,Cadillac,1,15.0,True,285.0,250.0,238.0,293.0,,,False,,False
4518.157,PER,11,12.0,97.825,30.844,40.206,26.775,1.0,MEDIUM,12.0,True,Cadillac,1,16.0,True,285.0,250.0,238.0,302.0,,,False,,False
4615.451,PER,11,13.0,97.294,30.693,39.892,26.709,1.0,MEDIUM,13.0,True,Cadillac,1,16.0,True,291.0,251.0,240.0,301.0,,,False,,False
4712.607,PER,11,14.0,97.156,30.579,39.77,26.807,1.0,MEDIUM,14.0,True,Cadillac,1,16.0,True,290.0,255.0,239.0,304.0,,,False,,False
4809.582,PER,11,15.0,96.975,30.727,39.731,26.517,1.0,MEDIUM,15.0,True,Cadillac,1,16.0,True,288.0,255.0,239.0,303.0,,,False,,False
4906.847,PER,11,16.0,97.265,30.784,39.769,26.712,1.0,MEDIUM,16.0,True,Cadillac,1,16.0,True,287.0,253.0,241.0,297.0,,,False,,False
5003.794,PER,11,17.0,96.947,30.646,39.721,26.58,1.0,MEDIUM,17.0,True,Cadillac,1,16.0,True,287.0,252.0,242.0,296.0,,,False,,False
5101.371,PER,11,18.0,97.577,30.828,39.977,26.772,1.0,MEDIUM,18.0,True,Cadillac,1,15.0,True,284.0,254.0,240.0,297.0,,,False,,False
5198.465,PER,11,19.0,97.094,30.779,39.607,26.708,1.0,MEDIUM,19.0,True,Cadillac,1,15.0,True,284.0,254.0,242.0,298.0,,,False,,False
5295.186,PER,11,20.0,96.721,30.636,39.561,26.524,1.0,MEDIUM,20.0,True,Cadillac,1,15.0,True,285.0,253.0,240.0,297.0,,,False,,False
5401.549,PER,11,21.0,106.363,30.753,42.344,33.266,1.0,MEDIUM,21.0,True,Cadillac,167,14.0,False,286.0,122.0,,249.0,,5395.685,False,,False
5519.004,PER,11,22.0,117.455,51.777,39.128,26.55,2.0,HARD,1.0,True,Cadillac,1,18.0,False,285.0,254.0,247.0,293.0,5425.008,,False,,False
5616.5,PER,11,23.0,97.496,32.015,39.167,26.314,2.0,HARD,2.0,True,Cadillac,1,18.0,True,295.0,255.0,243.0,305.0,,,False,,False
5713.686,PER,11,24.0,97.186,31.45,39.041,26.695,2.0,HARD,3.0,True,Cadillac,1,18.0,True,302.0,254.0,244.0,303.0,,,False,,False
5809.512,PER,11,25.0,95.826,30.367,39.232,26.227,2.0,HARD,4.0,True,Cadillac,1,17.0,True,291.0,256.0,245.0,306.0,,,False,,False
5905.173,PER,11,26.0,95.661,30.229,39.135,26.297,2.0,HARD,5.0,True,Cadillac,1,17.0,True,288.0,258.0,246.0,298.0,,,False,,False
6001.997,PER,11,27.0,96.824,30.369,38.921,27.534,2.0,HARD,6.0,True,Cadillac,1,18.0,True,287.0,254.0,237.0,290.0,,,False,,False
6098.531,PER,11,28.0,96.534,30.666,39.387,26.481,2.0,HARD,7.0,True,Cadillac,1,18.0,True,295.0,261.0,243.0,324.0,,,False,,False
6195.534,PER,11,29.0,97.003,30.431,39.341,27.231,2.0,HARD,8.0,True,Cadillac,1,18.0,True,291.0,259.0,242.0,274.0,,,False,,False
6291.923,PER,11,30.0,96.389,30.485,39.59,26.314,2.0,HARD,9.0,True,Cadillac,1,17.0,True,292.0,259.0,245.0,325.0,,,False,,False
6388.589,PER,11,31.0,96.666,30.334,39.176,27.156,2.0,HARD,10.0,True,Cadillac,1,18.0,True,290.0,255.0,241.0,304.0,,,False,,False
6484.881,PER,11,32.0,96.292,30.489,39.482,26.321,2.0,HARD,11.0,True,Cadillac,1,18.0,True,294.0,254.0,244.0,311.0,,,False,,False
6581.284,PER,11,33.0,96.403,30.357,39.408,26.638,2.0,HARD,12.0,True,Cadillac,1,18.0,True,293.0,255.0,244.0,301.0,,,False,,False
6679.86,PER,11,34.0,98.576,30.481,39.392,28.703,2.0,HARD,13.0,True,Cadillac,1,18.0,True,287.0,255.0,240.0,299.0,,,False,,False
6776.357,PER,11,35.0,96.497,30.5,39.441,26.556,2.0,HARD,14.0,True,Cadillac,1,18.0,True,292.0,253.0,246.0,307.0,,,False,,False
6872.814,PER,11,36.0,96.457,30.52,39.389,26.548,2.0,HARD,15.0,True,Cadillac,1,18.0,True,288.0,257.0,243.0,303.0,,,False,,False
6976.304,PER,11,37.0,103.49,30.553,39.488,33.449,2.0,HARD,16.0,True,Cadillac,126,17.0,False,288.0,258.0,117.0,292.0,,,False,,False
7086.918,PER,11,38.0,110.614,42.38,42.047,26.187,2.0,HARD,17.0,True,Cadillac,671,17.0,False,175.0,257.0,246.0,310.0,,,False,,False
7183.716,PER,11,39.0,96.798,30.987,39.421,26.39,2.0,HARD,18.0,True,Cadillac,1,17.0,True,296.0,256.0,245.0,301.0,,,False,,False
7281.012,PER,11,40.0,97.296,30.979,39.934,26.383,2.0,HARD,19.0,True,Cadillac,1,17.0,True,222.0,259.0,246.0,304.0,,,False,,False
7376.725,PER,11,41.0,95.713,30.378,38.942,26.393,2.0,HARD,20.0,True,Cadillac,1,17.0,True,291.0,257.0,247.0,302.0,,,False,,False
7475.006,PER,11,42.0,98.281,30.431,41.159,26.691,2.0,HARD,21.0,True,Cadillac,1,17.0,True,289.0,257.0,244.0,305.0,,,False,,False
7570.563,PER,11,43.0,95.557,30.352,38.896,26.309,2.0,HARD,22.0,True,Cadillac,1,17.0,True,290.0,257.0,247.0,301.0,,,False,,False
7666.083,PER,11,44.0,95.52,30.315,38.873,26.332,2.0,HARD,23.0,True,Cadillac,1,17.0,True,287.0,258.0,246.0,298.0,,,False,,False
7762.955,PER,11,45.0,96.872,30.277,38.847,27.748,2.0,HARD,24.0,True,Cadillac,1,17.0,True,288.0,257.0,243.0,258.0,,,False,,False
7864.101,PER,11,46.0,101.146,30.306,39.011,31.829,2.0,HARD,25.0,True,Cadillac,124,17.0,False,293.0,258.0,,207.0,,7858.215,False,,False
8008.995,PER,11,47.0,144.894,58.546,52.962,33.386,3.0,SOFT,1.0,True,Cadillac,4,16.0,False,183.0,186.0,225.0,273.0,7888.023,,False,,False
8129.242,PER,11,48.0,120.247,34.68,51.131,34.436,3.0,SOFT,2.0,True,Cadillac,4,16.0,False,271.0,227.0,236.0,155.0,,,False,,False
8265.744,PER,11,49.0,136.502,32.148,56.421,47.933,3.0,SOFT,3.0,True,Cadillac,4,16.0,False,252.0,107.0,97.0,201.0,,,False,,False
8374.551,PER,11,50.0,108.807,42.391,40.172,26.244,3.0,SOFT,4.0,True,Cadillac,4,16.0,False,233.0,264.0,249.0,312.0,,,False,,False
8473.307,PER,11,51.0,98.756,32.152,39.765,26.839,3.0,SOFT,5.0,True,Cadillac,4,16.0,False,264.0,261.0,245.0,292.0,,,False,,False
8578.536,PER,11,52.0,105.229,29.954,43.883,31.392,3.0,SOFT,6.0,True,Cadillac,4,16.0,False,292.0,207.0,246.0,264.0,,,False,,False
3437.245,ANT,12,1.0,97.447,,38.438,25.774,1.0,MEDIUM,1.0,True,Mercedes,12,3.0,False,301.0,262.0,249.0,316.0,,,False,,False
3531.659,ANT,12,2.0,94.414,29.781,38.76,25.873,1.0,MEDIUM,2.0,True,Mercedes,12,3.0,True,311.0,255.0,250.0,310.0,,,False,,False
3625.709,ANT,12,3.0,94.05,29.661,38.357,26.032,1.0,MEDIUM,3.0,True,Mercedes,1,3.0,True,312.0,254.0,247.0,312.0,,,False,,False
3720.082,ANT,12,4.0,94.373,29.815,38.584,25.974,1.0,MEDIUM,4.0,True,Mercedes,1,3.0,True,310.0,256.0,248.0,311.0,,,False,,False
3814.833,ANT,12,5.0,94.751,29.993,38.591,26.167,1.0,MEDIUM,5.0,True,Mercedes,1,3.0,True,300.0,254.0,246.0,303.0,,,False,,False
3909.297,ANT,12,6.0,94.464,29.966,38.486,26.012,1.0,MEDIUM,6.0,True,Mercedes,1,3.0,True,304.0,255.0,247.0,304.0,,,False,,False
4003.774,ANT,12,7.0,94.477,29.818,38.543,26.116,1.0,MEDIUM,7.0,True,Mercedes,1,3.0,True,317.0,257.0,243.0,316.0,,,False,,False
4098.514,ANT,12,8.0,94.74,30.071,38.59,26.079,1.0,MEDIUM,8.0,True,Mercedes,1,3.0,True,312.0,254.0,245.0,307.0,,,False,,False
4193.479,ANT,12,9.0,94.965,30.023,38.809,26.133,1.0,MEDIUM,9.0,True,Mercedes,1,3.0,True,309.0,257.0,244.0,322.0,,,False,,False
4288.496,ANT,12,10.0,95.017,30.101,38.786,26.13,1.0,MEDIUM,10.0,True,Mercedes,1,3.0,True,304.0,255.0,248.0,308.0,,,False,,False
4382.772,ANT,12,11.0,94.276,29.798,38.5,25.978,1.0,MEDIUM,11.0,True,Mercedes,1,2.0,True,308.0,254.0,249.0,305.0,,,False,,False
4477.26,ANT,12,12.0,94.488,29.964,38.383,26.141,1.0,MEDIUM,12.0,True,Mercedes,1,2.0,True,291.0,251.0,246.0,296.0,,,False,,False
4571.852,ANT,12,13.0,94.592,30.299,38.296,25.997,1.0,MEDIUM,13.0,True,Mercedes,1,2.0,True,295.0,254.0,246.0,298.0,,,False,,False
4665.969,ANT,12,14.0,94.117,29.946,38.266,25.905,1.0,MEDIUM,14.0,True,Mercedes,1,2.0,True,299.0,256.0,250.0,299.0,,,False,,False
4759.879,ANT,12,15.0,93.91,29.856,38.187,25.867,1.0,MEDIUM,15.0,True,Mercedes,1,2.0,True,296.0,256.0,248.0,300.0,,,False,,False
4854.169,ANT,12,16.0,94.29,30.088,38.252,25.95,1.0,MEDIUM,16.0,True,Mercedes,1,2.0,True,296.0,254.0,250.0,297.0,,,False,,False
4948.713,ANT,12,17.0,94.544,30.074,38.421,26.049,1.0,MEDIUM,17.0,True,Mercedes,1,2.0,True,296.0,254.0,247.0,296.0,,,False,,False
5042.972,ANT,12,18.0,94.259,29.921,38.277,26.061,1.0,MEDIUM,18.0,True,Mercedes,1,2.0,True,303.0,254.0,248.0,298.0,,,False,,False
5137.24,ANT,12,19.0,94.268,29.978,38.255,26.035,1.0,MEDIUM,19.0,True,Mercedes,1,2.0,True,300.0,255.0,249.0,299.0,,,False,,False
5231.306,ANT,12,20.0,94.066,29.913,38.291,25.862,1.0,MEDIUM,20.0,True,Mercedes,1,2.0,True,303.0,256.0,247.0,298.0,,,False,,False
5325.384,ANT,12,21.0,94.078,30.005,38.157,25.916,1.0,MEDIUM,21.0,True,Mercedes,1,2.0,True,302.0,255.0,248.0,298.0,,,False,,False
5429.752,ANT,12,22.0,104.368,29.903,48.585,25.88,1.0,MEDIUM,22.0,True,Mercedes,167,2.0,False,301.0,252.0,251.0,295.0,,,False,,False
5523.666,ANT,12,23.0,93.914,29.847,38.095,25.972,1.0,MEDIUM,23.0,True,Mercedes,1,2.0,True,304.0,254.0,249.0,298.0,,,False,,False
5617.621,ANT,12,24.0,93.955,29.888,38.179,25.888,1.0,MEDIUM,24.0,True,Mercedes,1,2.0,True,310.0,255.0,249.0,300.0,,,False,,False
5711.622,ANT,12,25.0,94.001,29.822,38.16,26.019,1.0,MEDIUM,25.0,True,Mercedes,1,2.0,True,307.0,254.0,246.0,299.0,,,False,,False
5805.573,ANT,12,26.0,93.951,29.89,38.241,25.82,1.0,MEDIUM,26.0,True,Mercedes,1,1.0,True,301.0,255.0,250.0,296.0,,,False,,False
5899.259,ANT,12,27.0,93.686,29.728,38.14,25.818,1.0,MEDIUM,27.0,True,Mercedes,1,1.0,True,308.0,257.0,249.0,297.0,,,False,,False
5992.779,ANT,12,28.0,93.52,29.63,37.902,25.988,1.0,MEDIUM,28.0,True,Mercedes,1,1.0,True,306.0,259.0,251.0,297.0,,,False,,False
6086.246,ANT,12,29.0,93.467,29.568,37.98,25.919,1.0,MEDIUM,29.0,True,Mercedes,1,1.0,True,305.0,258.0,249.0,299.0,,,False,,False
6179.966,ANT,12,30.0,93.72,29.828,38.064,25.828,1.0,MEDIUM,30.0,True,Mercedes,1,1.0,True,305.0,257.0,251.0,300.0,,,False,,False
6273.738,ANT,12,31.0,93.772,29.832,38.043,25.897,1.0,MEDIUM,31.0,True,Mercedes,1,1.0,True,303.0,254.0,249.0,300.0,,,False,,False
6367.189,ANT,12,32.0,93.451,29.808,38.007,25.636,1.0,MEDIUM,32.0,True,Mercedes,1,1.0,True,303.0,257.0,249.0,306.0,,,False,,False
6460.79,ANT,12,33.0,93.601,29.75,38.052,25.799,1.0,MEDIUM,33.0,True,Mercedes,1,1.0,True,302.0,255.0,251.0,297.0,,,False,,False
6554.515,ANT,12,34.0,93.725,29.752,38.081,25.892,1.0,MEDIUM,34.0,True,Mercedes,1,1.0,True,302.0,250.0,250.0,298.0,,,False,,False
6647.491,ANT,12,35.0,92.976,29.773,38.062,25.141,1.0,MEDIUM,35.0,True,Mercedes,1,1.0,False,301.0,256.0,,300.0,,6641.665,False,,False
6761.301,ANT,12,36.0,113.81,50.934,37.576,25.3,2.0,HARD,1.0,True,Mercedes,1,2.0,False,297.0,259.0,254.0,298.0,6670.427,,False,,False
6853.078,ANT,12,37.0,91.777,29.501,37.119,25.157,2.0,HARD,2.0,True,Mercedes,1,2.0,True,298.0,261.0,255.0,301.0,,,False,,False
6945.227,ANT,12,38.0,92.149,29.408,37.221,25.52,2.0,HARD,3.0,True,Mercedes,12,2.0,True,302.0,260.0,254.0,308.0,,,False,,False
7062.598,ANT,12,39.0,117.371,39.557,51.067,26.747,2.0,HARD,4.0,True,Mercedes,2671,2.0,False,220.0,181.0,253.0,280.0,,,False,,False
7154.502,ANT,12,40.0,91.904,29.538,37.17,25.196,2.0,HARD,5.0,True,Mercedes,1,2.0,True,298.0,260.0,255.0,301.0,,,False,,False
7251.618,ANT,12,41.0,97.116,29.496,39.535,28.085,2.0,HARD,6.0,True,Mercedes,1,2.0,False,304.0,210.0,,248.0,,7245.678,False,,False
7389.4,ANT,12,42.0,137.782,63.729,45.55,28.503,3.0,MEDIUM,7.0,False,Mercedes,1,6.0,False,293.0,240.0,223.0,283.0,7287.046,,True,TRACK LIMITS AT TURN 15 LAP 42 ,False
7489.272,ANT,12,43.0,99.872,31.421,41.314,27.137,3.0,MEDIUM,8.0,False,Mercedes,1,7.0,False,309.0,240.0,,290.0,,7483.382,False,,False
7610.588,ANT,12,44.0,121.316,55.712,39.71,25.894,4.0,MEDIUM,9.0,False,Mercedes,1,10.0,False,295.0,255.0,253.0,296.0,7517.152,,True,TRACK LIMITS AT TURN 6 LAP 44 ,False
7704.4,ANT,12,45.0,93.812,29.709,38.21,25.893,4.0,MEDIUM,10.0,False,Mercedes,1,10.0,True,297.0,256.0,253.0,296.0,,,False,,False
7797.903,ANT,12,46.0,93.503,29.585,38.161,25.757,4.0,MEDIUM,11.0,False,Mercedes,1,10.0,True,302.0,257.0,251.0,299.0,,,False,,False
7910.725,ANT,12,47.0,112.822,29.654,51.394,31.774,4.0,MEDIUM,12.0,False,Mercedes,124,9.0,False,304.0,238.0,176.0,231.0,,,False,,False
8035.799,ANT,12,48.0,125.074,40.652,51.683,32.739,4.0,MEDIUM,13.0,False,Mercedes,4,9.0,False,215.0,207.0,248.0,223.0,,,False,,False
8138.238,ANT,12,49.0,102.439,30.581,41.107,30.751,4.0,MEDIUM,14.0,False,Mercedes,4,9.0,False,252.0,247.0,225.0,234.0,,,False,,False
8270.501,ANT,12,50.0,132.263,31.569,51.705,48.989,4.0,MEDIUM,15.0,False,Mercedes,4,9.0,False,260.0,109.0,78.0,203.0,,,False,,False
8433.989,ANT,12,51.0,,51.755,68.167,43.447,4.0,MEDIUM,16.0,False,Mercedes,4,9.0,False,164.0,106.0,136.0,157.0,,,False,,False
8574.257,ANT,12,52.0,140.268,46.651,59.382,34.235,4.0,MEDIUM,17.0,False,Mercedes,4,9.0,False,206.0,140.0,235.0,255.0,,,False,,False
3450.893,ALO,14,1.0,111.095,,40.971,27.126,1.0,MEDIUM,1.0,True,Aston Martin,12,21.0,False,286.0,251.0,235.0,302.0,3353.184,,False,,False
3550.924,ALO,14,2.0,100.031,31.526,40.994,27.511,1.0,MEDIUM,2.0,True,Aston Martin,12,20.0,True,281.0,250.0,234.0,297.0,,,False,,False
3649.556,ALO,14,3.0,98.632,31.286,40.494,26.852,1.0,MEDIUM,3.0,True,Aston Martin,1,20.0,True,286.0,248.0,235.0,302.0,,,False,,False
3748.331,ALO,14,4.0,98.775,31.361,40.589,26.825,1.0,MEDIUM,4.0,True,Aston Martin,1,20.0,True,277.0,249.0,235.0,294.0,,,False,,False
3847.264,ALO,14,5.0,98.933,31.436,40.543,26.954,1.0,MEDIUM,5.0,True,Aston Martin,1,20.0,True,276.0,250.0,235.0,295.0,,,False,,False
3946.054,ALO,14,6.0,98.79,31.597,40.295,26.898,1.0,MEDIUM,6.0,True,Aston Martin,1,20.0,True,277.0,251.0,236.0,295.0,,,False,,False
4044.438,ALO,14,7.0,98.384,31.403,40.13,26.851,1.0,MEDIUM,7.0,True,Aston Martin,1,20.0,True,279.0,250.0,236.0,293.0,,,False,,False
4143.23,ALO,14,8.0,98.792,31.502,40.359,26.931,1.0,MEDIUM,8.0,True,Aston Martin,1,20.0,True,276.0,249.0,236.0,297.0,,,False,,False
4242.702,ALO,14,9.0,99.472,31.521,40.849,27.102,1.0,MEDIUM,9.0,True,Aston Martin,1,20.0,True,278.0,237.0,235.0,301.0,,,False,,False
4341.795,ALO,14,10.0,99.093,31.415,40.618,27.06,1.0,MEDIUM,10.0,True,Aston Martin,1,20.0,True,281.0,249.0,236.0,301.0,,,False,,False
4440.798,ALO,14,11.0,99.003,31.209,40.742,27.052,1.0,MEDIUM,11.0,True,Aston Martin,1,20.0,True,285.0,245.0,234.0,306.0,,,False,,False
4539.934,ALO,14,12.0,99.136,31.424,40.66,27.052,1.0,MEDIUM,12.0,True,Aston Martin,1,20.0,True,285.0,249.0,235.0,305.0,,,False,,False
4638.811,ALO,14,13.0,98.877,31.147,40.834,26.896,1.0,MEDIUM,13.0,True,Aston Martin,1,20.0,True,289.0,250.0,237.0,307.0,,,False,,False
4737.897,ALO,14,14.0,99.086,31.155,40.96,26.971,1.0,MEDIUM,14.0,True,Aston Martin,1,20.0,True,291.0,246.0,237.0,309.0,,,False,,False
4837.348,ALO,14,15.0,99.451,31.282,41.178,26.991,1.0,MEDIUM,15.0,True,Aston Martin,1,21.0,True,288.0,249.0,236.0,334.0,,,False,,False
4936.558,ALO,14,16.0,99.21,31.11,41.152,26.948,1.0,MEDIUM,16.0,True,Aston Martin,1,21.0,True,295.0,248.0,237.0,307.0,,,False,,False
5035.9,ALO,14,17.0,99.342,31.49,40.699,27.153,1.0,MEDIUM,17.0,True,Aston Martin,1,21.0,True,292.0,249.0,235.0,310.0,,,True,TRACK LIMITS AT TURN 3 LAP 17 ,False
5135.21,ALO,14,18.0,99.31,31.238,41.056,27.016,1.0,MEDIUM,18.0,True,Aston Martin,1,21.0,True,287.0,250.0,235.0,309.0,,,False,,False
5234.625,ALO,14,19.0,99.415,31.799,40.757,26.859,1.0,MEDIUM,19.0,True,Aston Martin,1,20.0,True,255.0,251.0,233.0,296.0,,,False,,False
5333.174,ALO,14,20.0,98.549,31.376,40.885,26.288,1.0,MEDIUM,20.0,True,Aston Martin,1,20.0,False,277.0,249.0,,297.0,,5327.379,False,,False
5458.883,ALO,14,21.0,125.709,58.662,40.665,26.382,2.0,HARD,1.0,True,Aston Martin,167,21.0,False,279.0,257.0,240.0,305.0,5355.986,,False,,False
5556.297,ALO,14,22.0,97.414,31.303,39.379,26.732,2.0,HARD,2.0,True,Aston Martin,1,20.0,True,283.0,253.0,240.0,287.0,,,False,,False
5653.701,ALO,14,23.0,97.404,31.108,39.66,26.636,2.0,HARD,3.0,True,Aston Martin,1,20.0,True,289.0,251.0,236.0,297.0,,,False,,False
5753.623,ALO,14,24.0,99.922,31.384,39.963,28.575,2.0,HARD,4.0,True,Aston Martin,1,20.0,True,272.0,252.0,237.0,291.0,,,False,,False
5852.318,ALO,14,25.0,98.695,30.81,40.071,27.814,2.0,HARD,5.0,True,Aston Martin,1,20.0,True,289.0,253.0,236.0,305.0,,,False,,False
5949.693,ALO,14,26.0,97.375,30.936,39.868,26.571,2.0,HARD,6.0,True,Aston Martin,1,20.0,True,286.0,254.0,237.0,302.0,,,False,,False
6047.429,ALO,14,27.0,97.736,31.168,39.989,26.579,2.0,HARD,7.0,True,Aston Martin,1,20.0,True,276.0,254.0,236.0,295.0,,,False,,False
6145.472,ALO,14,28.0,98.043,31.402,39.949,26.692,2.0,HARD,8.0,True,Aston Martin,1,20.0,True,274.0,253.0,239.0,294.0,,,False,,False
6243.006,ALO,14,29.0,97.534,31.244,39.701,26.589,2.0,HARD,9.0,True,Aston Martin,1,20.0,True,276.0,254.0,239.0,295.0,,,False,,False
6340.55,ALO,14,30.0,97.544,31.135,39.708,26.701,2.0,HARD,10.0,True,Aston Martin,1,20.0,True,276.0,250.0,239.0,295.0,,,False,,False
6440.696,ALO,14,31.0,100.146,31.672,41.824,26.65,2.0,HARD,11.0,True,Aston Martin,1,20.0,True,263.0,250.0,238.0,298.0,,,False,,False
6538.541,ALO,14,32.0,97.845,31.277,39.928,26.64,2.0,HARD,12.0,True,Aston Martin,1,20.0,True,281.0,251.0,239.0,296.0,,,False,,False
6636.061,ALO,14,33.0,97.52,31.14,39.804,26.576,2.0,HARD,13.0,True,Aston Martin,1,20.0,True,279.0,250.0,239.0,296.0,,,False,,False
6733.952,ALO,14,34.0,97.891,31.433,39.862,26.596,2.0,HARD,14.0,True,Aston Martin,1,20.0,True,277.0,251.0,239.0,297.0,,,False,,False
6832.712,ALO,14,35.0,98.76,31.353,40.844,26.563,2.0,HARD,15.0,True,Aston Martin,1,20.0,True,275.0,252.0,239.0,303.0,,,False,,False
6931.876,ALO,14,36.0,99.164,31.118,41.419,26.627,2.0,HARD,16.0,True,Aston Martin,12,20.0,True,287.0,252.0,230.0,304.0,,,False,,False
7050.881,ALO,14,37.0,119.005,38.117,52.291,28.597,2.0,HARD,17.0,True,Aston Martin,2671,19.0,False,232.0,231.0,239.0,273.0,,,False,,False
7148.211,ALO,14,38.0,97.33,31.05,39.709,26.571,2.0,HARD,18.0,True,Aston Martin,1,19.0,True,289.0,252.0,239.0,294.0,,,False,,False
7246.91,ALO,14,39.0,98.699,31.15,41.068,26.481,2.0,HARD,19.0,True,Aston Martin,1,19.0,True,277.0,250.0,239.0,314.0,,,False,,False
7344.453,ALO,14,40.0,97.543,31.184,39.886,26.473,2.0,HARD,20.0,True,Aston Martin,1,19.0,True,280.0,254.0,241.0,297.0,,,False,,False
7441.148,ALO,14,41.0,96.695,30.714,39.511,26.47,2.0,HARD,21.0,True,Aston Martin,1,19.0,True,293.0,253.0,241.0,296.0,,,False,,False
7538.25,ALO,14,42.0,97.102,30.961,39.578,26.563,2.0,HARD,22.0,True,Aston Martin,1,19.0,True,284.0,256.0,241.0,299.0,,,False,,False
7635.51,ALO,14,43.0,97.26,30.955,39.827,26.478,2.0,HARD,23.0,True,Aston Martin,1,19.0,True,279.0,251.0,241.0,297.0,,,False,,False
7734.901,ALO,14,44.0,99.391,31.359,41.234,26.798,2.0,HARD,24.0,True,Aston Martin,1,19.0,True,275.0,255.0,232.0,303.0,,,False,,False
7834.278,ALO,14,45.0,99.377,32.587,39.811,26.979,2.0,HARD,25.0,True,Aston Martin,12,19.0,True,285.0,256.0,236.0,305.0,,,False,,False
7959.054,ALO,14,46.0,124.776,41.194,51.414,32.168,2.0,HARD,26.0,True,Aston Martin,24,19.0,False,196.0,226.0,,234.0,,7953.194,False,,False
8102.086,ALO,14,47.0,143.032,58.759,50.079,34.194,3.0,SOFT,1.0,True,Aston Martin,4,18.0,False,187.0,206.0,218.0,178.0,7983.089,,False,,False
8259.933,ALO,14,48.0,,39.031,70.404,48.418,3.0,SOFT,2.0,True,Aston Martin,4,18.0,False,150.0,111.0,77.0,134.0,,,False,,False
8362.601,ALO,14,49.0,102.668,37.177,39.349,26.142,3.0,SOFT,3.0,True,Aston Martin,4,18.0,False,274.0,259.0,245.0,296.0,,,False,,False
8458.428,ALO,14,50.0,95.827,30.331,39.352,26.144,3.0,SOFT,4.0,True,Aston Martin,4,18.0,False,280.0,256.0,244.0,295.0,,,False,,False
8576.107,ALO,14,51.0,117.679,30.975,53.227,33.477,3.0,SOFT,5.0,True,Aston Martin,4,18.0,False,255.0,182.0,240.0,257.0,,,False,,False
3436.073,LEC,16,1.0,96.275,,38.001,25.919,1.0,MEDIUM,1.0,True,Ferrari,12,1.0,False,294.0,256.0,245.0,298.0,,,False,,False
3529.989,LEC,16,2.0,93.916,29.982,38.284,25.65,1.0,MEDIUM,2.0,True,Ferrari,12,1.0,True,304.0,255.0,246.0,300.0,,,False,,False
3623.984,LEC,16,3.0,93.995,29.923,38.167,25.905,1.0,MEDIUM,3.0,True,Ferrari,1,1.0,True,305.0,253.0,245.0,297.0,,,False,,False
3717.721,LEC,16,4.0,93.737,29.976,38.148,25.613,1.0,MEDIUM,4.0,True,Ferrari,1,1.0,True,305.0,257.0,246.0,303.0,,,False,,False
3812.041,LEC,16,5.0,94.32,30.039,38.356,25.925,1.0,MEDIUM,5.0,True,Ferrari,1,1.0,True,307.0,254.0,245.0,299.0,,,False,,False
3906.11,LEC,16,6.0,94.069,30.025,38.263,25.781,1.0,MEDIUM,6.0,True,Ferrari,1,1.0,True,309.0,259.0,244.0,306.0,,,False,,False
4000.77,LEC,16,7.0,94.66,30.072,38.547,26.041,1.0,MEDIUM,7.0,True,Ferrari,1,1.0,True,310.0,254.0,245.0,297.0,,,False,,False
4095.112,LEC,16,8.0,94.342,30.205,38.42,25.717,1.0,MEDIUM,8.0,True,Ferrari,1,1.0,True,303.0,256.0,246.0,303.0,,,False,,False
4189.564,LEC,16,9.0,94.452,30.06,38.435,25.957,1.0,MEDIUM,9.0,True,Ferrari,1,1.0,True,303.0,254.0,244.0,299.0,,,False,,False
4283.866,LEC,16,10.0,94.302,30.177,38.43,25.695,1.0,MEDIUM,10.0,True,Ferrari,1,1.0,True,305.0,255.0,245.0,303.0,,,False,,False
4378.48,LEC,16,11.0,94.614,30.13,38.578,25.906,1.0,MEDIUM,11.0,True,Ferrari,1,1.0,True,305.0,254.0,245.0,302.0,,,False,,False
4472.826,LEC,16,12.0,94.346,30.044,38.495,25.807,1.0,MEDIUM,12.0,True,Ferrari,1,1.0,True,305.0,253.0,244.0,304.0,,,False,,False
4567.286,LEC,16,13.0,94.46,30.108,38.423,25.929,1.0,MEDIUM,13.0,True,Ferrari,1,1.0,True,306.0,255.0,245.0,303.0,,,False,,False
4661.435,LEC,16,14.0,94.149,29.947,38.584,25.618,1.0,MEDIUM,14.0,True,Ferrari,1,1.0,True,308.0,257.0,246.0,303.0,,,False,,False
4755.399,LEC,16,15.0,93.964,29.844,38.312,25.808,1.0,MEDIUM,15.0,True,Ferrari,1,1.0,True,306.0,258.0,246.0,303.0,,,False,,False
4849.802,LEC,16,16.0,94.403,30.002,38.428,25.973,1.0,MEDIUM,16.0,True,Ferrari,1,1.0,True,306.0,254.0,244.0,300.0,,,False,,False
4944.04,LEC,16,17.0,94.238,29.9,38.45,25.888,1.0,MEDIUM,17.0,True,Ferrari,1,1.0,True,307.0,254.0,245.0,302.0,,,False,,False
5038.607,LEC,16,18.0,94.567,30.09,38.531,25.946,1.0,MEDIUM,18.0,True,Ferrari,1,1.0,True,306.0,254.0,245.0,303.0,,,False,,False
5133.267,LEC,16,19.0,94.66,30.024,38.884,25.752,1.0,MEDIUM,19.0,True,Ferrari,1,1.0,True,310.0,256.0,248.0,311.0,,,False,,False
5227.597,LEC,16,20.0,94.33,29.844,38.443,26.043,1.0,MEDIUM,20.0,True,Ferrari,1,1.0,True,305.0,254.0,245.0,294.0,,,False,,False
5321.888,LEC,16,21.0,94.291,30.073,38.34,25.878,1.0,MEDIUM,21.0,True,Ferrari,1,1.0,True,305.0,255.0,246.0,300.0,,,False,,False
5425.866,LEC,16,22.0,103.978,30.035,48.616,25.327,1.0,MEDIUM,22.0,True,Ferrari,167,1.0,False,305.0,258.0,248.0,315.0,,,False,,False
5520.323,LEC,16,23.0,94.457,29.879,38.471,26.107,1.0,MEDIUM,23.0,True,Ferrari,1,1.0,True,310.0,257.0,245.0,304.0,,,False,,False
5614.639,LEC,16,24.0,94.316,30.082,38.463,25.771,1.0,MEDIUM,24.0,True,Ferrari,1,1.0,True,307.0,257.0,246.0,306.0,,,False,,False
5708.682,LEC,16,25.0,94.043,29.977,38.641,25.425,1.0,MEDIUM,25.0,True,Ferrari,1,1.0,False,311.0,257.0,,310.0,,5702.791,False,,False
5821.769,LEC,16,26.0,113.087,50.075,37.395,25.617,2.0,HARD,1.0,True,Ferrari,1,2.0,False,292.0,260.0,255.0,300.0,5731.245,,False,,False
5914.72,LEC,16,27.0,92.951,28.981,37.864,26.106,2.0,HARD,2.0,True,Ferrari,1,2.0,True,306.0,251.0,250.0,289.0,,,False,,False
6008.147,LEC,16,28.0,93.427,29.534,37.783,26.11,2.0,HARD,3.0,True,Ferrari,1,2.0,True,304.0,257.0,247.0,296.0,,,False,,False
6101.154,LEC,16,29.0,93.007,29.642,37.753,25.612,2.0,HARD,4.0,True,Ferrari,1,2.0,True,307.0,262.0,248.0,305.0,,,False,,False
6194.414,LEC,16,30.0,93.26,29.649,37.811,25.8,2.0,HARD,5.0,True,Ferrari,1,2.0,True,300.0,263.0,248.0,309.0,,,False,,False
6287.761,LEC,16,31.0,93.347,29.842,37.89,25.615,2.0,HARD,6.0,True,Ferrari,1,2.0,True,294.0,258.0,248.0,303.0,,,False,,False
6380.833,LEC,16,32.0,93.072,29.694,37.749,25.629,2.0,HARD,7.0,True,Ferrari,1,2.0,True,293.0,259.0,249.0,301.0,,,False,,False
6474.225,LEC,16,33.0,93.392,29.816,37.856,25.72,2.0,HARD,8.0,True,Ferrari,1,2.0,True,293.0,258.0,248.0,299.0,,,False,,False
6567.472,LEC,16,34.0,93.247,29.674,37.767,25.806,2.0,HARD,9.0,True,Ferrari,1,2.0,True,297.0,259.0,248.0,303.0,,,False,,False
6660.807,LEC,16,35.0,93.335,29.78,37.873,25.682,2.0,HARD,10.0,True,Ferrari,1,2.0,True,305.0,259.0,248.0,306.0,,,False,,False
6754.255,LEC,16,36.0,93.448,29.919,37.905,25.624,2.0,HARD,11.0,True,Ferrari,1,1.0,True,309.0,259.0,248.0,307.0,,,False,,False
6847.704,LEC,16,37.0,93.449,29.784,38.02,25.645,2.0,HARD,12.0,True,Ferrari,1,1.0,True,315.0,257.0,248.0,305.0,,,False,,False
6941.013,LEC,16,38.0,93.309,29.805,37.812,25.692,2.0,HARD,13.0,True,Ferrari,12,1.0,True,308.0,257.0,248.0,301.0,,,False,,False
7057.746,LEC,16,39.0,116.733,38.158,53.025,25.55,2.0,HARD,14.0,True,Ferrari,2671,1.0,False,206.0,247.0,251.0,309.0,,,False,,False
7150.847,LEC,16,40.0,93.101,29.466,37.972,25.663,2.0,HARD,15.0,True,Ferrari,1,1.0,True,310.0,258.0,247.0,301.0,,,False,,False
7243.74,LEC,16,41.0,92.893,29.746,37.879,25.268,2.0,HARD,16.0,True,Ferrari,1,1.0,True,311.0,261.0,251.0,307.0,,,False,,False
7337.162,LEC,16,42.0,93.422,29.64,38.109,25.673,2.0,HARD,17.0,True,Ferrari,1,1.0,True,309.0,259.0,248.0,302.0,,,False,,False
7430.033,LEC,16,43.0,92.871,29.579,37.836,25.456,2.0,HARD,18.0,True,Ferrari,1,1.0,True,312.0,262.0,249.0,307.0,,,False,,False
7523.123,LEC,16,44.0,93.09,29.493,37.877,25.72,2.0,HARD,19.0,True,Ferrari,1,1.0,True,311.0,258.0,248.0,303.0,,,False,,False
7616.013,LEC,16,45.0,92.89,29.728,37.637,25.525,2.0,HARD,20.0,True,Ferrari,1,1.0,True,312.0,262.0,246.0,309.0,,,False,,False
7709.398,LEC,16,46.0,93.385,29.525,37.89,25.97,2.0,HARD,21.0,True,Ferrari,1,1.0,True,313.0,259.0,245.0,306.0,,,False,,False
7802.673,LEC,16,47.0,93.275,29.686,37.931,25.658,2.0,HARD,22.0,True,Ferrari,1,1.0,True,312.0,262.0,246.0,309.0,,,False,,False
7917.283,LEC,16,48.0,114.61,29.721,52.26,32.629,2.0,HARD,23.0,True,Ferrari,124,1.0,False,319.0,229.0,,173.0,,7911.403,False,,False
8085.802,LEC,16,49.0,,57.603,61.873,48.979,3.0,SOFT,4.0,False,Ferrari,4,1.0,False,281.0,92.0,114.0,134.0,7940.322,,False,,False
8254.403,LEC,16,50.0,,51.263,70.103,47.22,3.0,SOFT,5.0,False,Ferrari,4,1.0,False,119.0,90.0,103.0,142.0,,,False,,False
8427.418,LEC,16,51.0,,60.981,67.803,44.254,3.0,SOFT,6.0,False,Ferrari,4,1.0,False,137.0,95.0,155.0,150.0,,,False,,False
8571.189,LEC,16,52.0,143.771,46.273,60.351,37.147,3.0,SOFT,7.0,False,Ferrari,4,1.0,False,154.0,141.0,193.0,210.0,,,False,,False
3447.808,STR,18,1.0,108.01,,42.968,27.328,1.0,MEDIUM,1.0,True,Aston Martin,12,19.0,False,300.0,251.0,236.0,309.0,,,False,,False
3547.697,STR,18,2.0,99.889,31.497,40.854,27.538,1.0,MEDIUM,2.0,True,Aston Martin,12,18.0,True,290.0,253.0,237.0,307.0,,,False,,False
3646.461,STR,18,3.0,98.764,30.949,40.805,27.01,1.0,MEDIUM,3.0,True,Aston Martin,1,18.0,True,295.0,250.0,236.0,302.0,,,False,,False
3745.878,STR,18,4.0,99.417,31.212,41.226,26.979,1.0,MEDIUM,4.0,True,Aston Martin,1,19.0,True,270.0,249.0,238.0,297.0,,,False,,False
3844.787,STR,18,5.0,98.909,31.288,40.653,26.968,1.0,MEDIUM,5.0,True,Aston Martin,1,19.0,True,282.0,250.0,238.0,293.0,,,False,,False
3943.916,STR,18,6.0,99.129,31.362,40.654,27.113,1.0,MEDIUM,6.0,True,Aston Martin,1,19.0,True,283.0,249.0,238.0,291.0,,,False,,False
4042.823,STR,18,7.0,98.907,31.252,40.618,27.037,1.0,MEDIUM,7.0,True,Aston Martin,1,19.0,True,279.0,249.0,237.0,289.0,,,False,,False
4142.316,STR,18,8.0,99.493,31.601,40.648,27.244,1.0,MEDIUM,8.0,True,Aston Martin,1,19.0,True,275.0,248.0,234.0,291.0,,,False,,False
4241.647,STR,18,9.0,99.331,31.448,40.739,27.144,1.0,MEDIUM,9.0,True,Aston Martin,1,19.0,True,275.0,247.0,234.0,291.0,,,True,TRACK LIMITS AT TURN 9 LAP 9 ,False
4340.903,STR,18,10.0,99.256,31.385,40.727,27.144,1.0,MEDIUM,10.0,True,Aston Martin,1,19.0,True,278.0,249.0,236.0,292.0,,,True,TRACK LIMITS AT TURN 9 LAP 10 ,False
4440.098,STR,18,11.0,99.195,31.415,40.641,27.139,1.0,MEDIUM,11.0,True,Aston Martin,1,19.0,True,275.0,247.0,237.0,293.0,,,False,,False
4539.081,STR,18,12.0,98.983,31.248,40.697,27.038,1.0,MEDIUM,12.0,True,Aston Martin,1,19.0,True,285.0,248.0,238.0,303.0,,,False,,False
4638.086,STR,18,13.0,99.005,31.35,40.844,26.811,1.0,MEDIUM,13.0,True,Aston Martin,1,19.0,True,277.0,250.0,235.0,302.0,,,False,,False
4737.12,STR,18,14.0,99.034,31.54,40.706,26.788,1.0,MEDIUM,14.0,True,Aston Martin,1,19.0,True,273.0,250.0,235.0,301.0,,,False,,False
4836.737,STR,18,15.0,99.617,31.442,41.269,26.906,1.0,MEDIUM,15.0,True,Aston Martin,1,20.0,True,276.0,250.0,235.0,307.0,,,False,,False
4935.866,STR,18,16.0,99.129,31.412,40.827,26.89,1.0,MEDIUM,16.0,True,Aston Martin,1,20.0,True,279.0,248.0,236.0,296.0,,,False,,False
5035.201,STR,18,17.0,99.335,31.495,40.932,26.908,1.0,MEDIUM,17.0,True,Aston Martin,1,20.0,True,276.0,247.0,237.0,301.0,,,False,,False
5133.756,STR,18,18.0,98.555,31.403,40.671,26.481,1.0,MEDIUM,18.0,True,Aston Martin,1,20.0,False,276.0,249.0,,292.0,,5127.986,False,,False
5251.67,STR,18,19.0,117.914,50.974,40.206,26.734,2.0,HARD,1.0,True,Aston Martin,1,21.0,False,281.0,253.0,237.0,292.0,5156.583,,False,,False
5349.936,STR,18,20.0,98.266,31.314,40.179,26.773,2.0,HARD,2.0,True,Aston Martin,1,21.0,True,278.0,252.0,239.0,292.0,,,False,,False
5458.329,STR,18,21.0,108.393,38.43,43.447,26.516,2.0,HARD,3.0,True,Aston Martin,167,20.0,False,225.0,253.0,235.0,304.0,,,False,,False
5557.536,STR,18,22.0,99.207,32.238,40.256,26.713,2.0,HARD,4.0,True,Aston Martin,1,21.0,True,281.0,253.0,240.0,296.0,,,False,,False
5655.678,STR,18,23.0,98.142,31.137,40.21,26.795,2.0,HARD,5.0,True,Aston Martin,1,21.0,True,280.0,252.0,237.0,296.0,,,False,,False
5757.007,STR,18,24.0,101.329,32.934,40.401,27.994,2.0,HARD,6.0,True,Aston Martin,1,21.0,True,287.0,252.0,237.0,263.0,,,False,,False
5856.252,STR,18,25.0,99.245,31.009,41.607,26.629,2.0,HARD,7.0,True,Aston Martin,1,21.0,True,231.0,256.0,239.0,309.0,,,False,,False
5953.949,STR,18,26.0,97.697,30.892,40.028,26.777,2.0,HARD,8.0,True,Aston Martin,1,21.0,True,281.0,254.0,239.0,295.0,,,False,,False
6051.983,STR,18,27.0,98.034,30.991,40.168,26.875,2.0,HARD,9.0,True,Aston Martin,1,21.0,True,282.0,253.0,239.0,296.0,,,True,TRACK LIMITS AT TURN 18 LAP 27 ,False
6149.883,STR,18,28.0,97.9,31.139,40.085,26.676,2.0,HARD,10.0,True,Aston Martin,1,21.0,True,279.0,253.0,240.0,293.0,,,False,,False
6248.792,STR,18,29.0,98.909,31.148,39.859,27.902,2.0,HARD,11.0,True,Aston Martin,1,21.0,True,278.0,254.0,238.0,293.0,,,False,,False
6347.588,STR,18,30.0,98.796,31.758,40.247,26.791,2.0,HARD,12.0,True,Aston Martin,1,21.0,True,291.0,253.0,238.0,302.0,,,False,,False
6445.696,STR,18,31.0,98.108,31.146,40.148,26.814,2.0,HARD,13.0,True,Aston Martin,1,21.0,True,276.0,250.0,239.0,293.0,,,False,,False
6543.431,STR,18,32.0,97.735,31.041,39.984,26.71,2.0,HARD,14.0,True,Aston Martin,1,21.0,True,281.0,251.0,240.0,292.0,,,False,,False
6641.988,STR,18,33.0,98.557,30.962,40.085,27.51,2.0,HARD,15.0,True,Aston Martin,1,21.0,True,279.0,251.0,239.0,274.0,,,True,TRACK LIMITS AT TURN 9 LAP 33 ,False
6740.872,STR,18,34.0,98.884,30.968,40.136,27.78,2.0,HARD,16.0,True,Aston Martin,1,21.0,True,288.0,254.0,240.0,247.0,,,False,,False
6838.144,STR,18,35.0,97.272,30.909,39.84,26.523,2.0,HARD,17.0,True,Aston Martin,1,21.0,True,288.0,253.0,241.0,302.0,,,True,TRACK LIMITS AT TURN 9 LAP 35 ,False
6935.94,STR,18,36.0,97.796,31.002,40.019,26.775,2.0,HARD,18.0,True,Aston Martin,12,21.0,True,281.0,253.0,239.0,293.0,,,False,,False
7055.506,STR,18,37.0,119.566,38.929,53.86,26.777,2.0,HARD,19.0,True,Aston Martin,2671,20.0,False,187.0,247.0,242.0,290.0,,,False,,False
7152.792,STR,18,38.0,97.286,30.433,40.247,26.606,2.0,HARD,20.0,True,Aston Martin,1,20.0,True,290.0,248.0,242.0,301.0,,,False,,False
7251.056,STR,18,39.0,98.264,31.183,40.327,26.754,2.0,HARD,21.0,True,Aston Martin,1,20.0,True,229.0,253.0,239.0,295.0,,,False,,False
7348.416,STR,18,40.0,97.36,30.866,39.904,26.59,2.0,HARD,22.0,True,Aston Martin,1,20.0,True,283.0,253.0,241.0,296.0,,,False,,False
7445.648,STR,18,41.0,97.232,30.663,39.895,26.674,2.0,HARD,23.0,True,Aston Martin,1,20.0,True,285.0,254.0,240.0,294.0,,,False,,False
7545.86,STR,18,42.0,100.212,30.78,40.861,28.571,2.0,HARD,24.0,True,Aston Martin,1,20.0,True,283.0,252.0,234.0,309.0,,,True,TRACK LIMITS AT TURN 15 LAP 42 ,False
7643.37,STR,18,43.0,97.51,30.835,40.09,26.585,2.0,HARD,25.0,True,Aston Martin,1,20.0,True,288.0,254.0,243.0,302.0,,,False,,False
7741.073,STR,18,44.0,97.703,31.03,39.965,26.708,2.0,HARD,26.0,True,Aston Martin,1,20.0,True,289.0,251.0,240.0,297.0,,,False,,False
7843.005,STR,18,45.0,101.932,31.249,39.976,30.707,2.0,HARD,27.0,True,Aston Martin,124,20.0,False,290.0,257.0,104.0,284.0,,,False,,False
7966.019,STR,18,46.0,123.014,41.084,49.635,32.295,2.0,HARD,28.0,True,Aston Martin,4,20.0,False,244.0,231.0,,207.0,,7959.839,False,,False
8126.499,STR,18,47.0,,73.862,52.343,34.23,3.0,SOFT,1.0,True,Aston Martin,4,19.0,False,197.0,234.0,227.0,160.0,8006.223,,False,,False
8263.439,STR,18,48.0,136.94,32.283,56.39,48.267,3.0,SOFT,2.0,True,Aston Martin,4,19.0,False,262.0,117.0,102.0,153.0,,,False,,False
8373.852,STR,18,49.0,110.413,44.345,39.935,26.133,3.0,SOFT,3.0,True,Aston Martin,4,19.0,False,261.0,257.0,244.0,297.0,,,False,,False
8472.097,STR,18,50.0,98.245,32.393,39.749,26.103,3.0,SOFT,4.0,True,Aston Martin,4,19.0,False,247.0,258.0,245.0,293.0,,,False,,False
8577.928,STR,18,51.0,105.831,30.425,43.367,32.039,3.0,SOFT,5.0,True,Aston Martin,4,19.0,False,281.0,204.0,237.0,232.0,,,False,,False
3482.15,ALB,23,1.0,142.352,,65.963,39.205,1.0,MEDIUM,1.0,True,Williams,12,22.0,False,308.0,147.0,,166.0,,3475.688,False,,False
3615.532,ALB,23,2.0,133.382,66.877,39.698,26.807,2.0,HARD,1.0,True,Williams,12,22.0,False,289.0,250.0,242.0,294.0,3519.933,,False,,False
3711.348,ALB,23,3.0,95.816,30.272,39.016,26.528,2.0,HARD,2.0,True,Williams,1,22.0,True,292.0,251.0,243.0,293.0,,,False,,False
3807.808,ALB,23,4.0,96.46,30.481,39.356,26.623,2.0,HARD,3.0,True,Williams,1,22.0,True,288.0,252.0,245.0,294.0,,,False,,False
3904.107,ALB,23,5.0,96.299,30.311,39.303,26.685,2.0,HARD,4.0,True,Williams,1,22.0,True,290.0,253.0,240.0,294.0,,,False,,False
4002.177,ALB,23,6.0,98.07,30.375,39.389,28.306,2.0,HARD,5.0,True,Williams,1,22.0,True,293.0,250.0,238.0,232.0,,,False,,False
4107.305,ALB,23,7.0,105.128,32.977,42.426,29.725,2.0,HARD,6.0,True,Williams,1,22.0,True,293.0,243.0,235.0,210.0,,,False,,False
4205.187,ALB,23,8.0,97.882,31.137,39.853,26.892,2.0,HARD,7.0,True,Williams,1,22.0,True,285.0,250.0,241.0,297.0,,,False,,False
4302.372,ALB,23,9.0,97.185,30.711,39.686,26.788,2.0,HARD,8.0,True,Williams,1,22.0,True,286.0,250.0,239.0,296.0,,,False,,False
4399.496,ALB,23,10.0,97.124,30.512,39.659,26.953,2.0,HARD,9.0,True,Williams,1,22.0,True,291.0,248.0,240.0,294.0,,,False,,False
4496.644,ALB,23,11.0,97.148,30.595,39.691,26.862,2.0,HARD,10.0,True,Williams,1,22.0,True,294.0,250.0,241.0,294.0,,,False,,False
4597.183,ALB,23,12.0,100.539,32.756,40.798,26.985,2.0,HARD,11.0,True,Williams,1,22.0,True,222.0,250.0,239.0,297.0,,,False,,False
4696.511,ALB,23,13.0,99.328,31.528,40.765,27.035,2.0,HARD,12.0,True,Williams,1,22.0,True,192.0,249.0,238.0,301.0,,,False,,False
4792.812,ALB,23,14.0,96.301,30.712,39.667,25.922,2.0,HARD,13.0,True,Williams,1,22.0,False,289.0,252.0,,300.0,,4786.945,False,,False
4923.29,ALB,23,15.0,130.478,64.134,39.637,26.707,3.0,MEDIUM,8.0,False,Williams,1,22.0,False,289.0,251.0,244.0,294.0,4828.179,,False,,False
5019.743,ALB,23,16.0,96.453,30.324,39.451,26.678,3.0,MEDIUM,9.0,False,Williams,1,22.0,True,290.0,252.0,242.0,294.0,,,False,,False
5116.402,ALB,23,17.0,96.659,30.373,39.544,26.742,3.0,MEDIUM,10.0,False,Williams,1,22.0,True,292.0,250.0,244.0,294.0,,,False,,False
5212.775,ALB,23,18.0,96.373,30.304,39.403,26.666,3.0,MEDIUM,11.0,False,Williams,1,22.0,True,295.0,253.0,243.0,297.0,,,False,,False
5309.162,ALB,23,19.0,96.387,30.341,39.316,26.73,3.0,MEDIUM,12.0,False,Williams,1,22.0,True,293.0,254.0,241.0,297.0,,,False,,False
5418.326,ALB,23,20.0,109.164,31.037,51.257,26.87,3.0,MEDIUM,13.0,False,Williams,167,22.0,False,190.0,254.0,242.0,293.0,,,False,,False
5515.228,ALB,23,21.0,96.902,30.898,39.248,26.756,3.0,MEDIUM,14.0,False,Williams,1,22.0,True,288.0,251.0,241.0,296.0,,,False,,False
5612.078,ALB,23,22.0,96.85,30.613,39.526,26.711,3.0,MEDIUM,15.0,False,Williams,1,22.0,True,292.0,251.0,240.0,303.0,,,False,,False
5707.774,ALB,23,23.0,95.696,30.478,39.397,25.821,3.0,MEDIUM,16.0,False,Williams,1,22.0,False,305.0,252.0,,294.0,,5701.907,False,,False
5839.048,ALB,23,24.0,131.274,65.834,39.225,26.215,4.0,SOFT,3.0,False,Williams,1,22.0,False,297.0,257.0,247.0,300.0,5741.678,,False,,False
5933.945,ALB,23,25.0,94.897,29.82,38.803,26.274,4.0,SOFT,4.0,False,Williams,1,22.0,True,296.0,255.0,246.0,296.0,,,False,,False
6029.035,ALB,23,26.0,95.09,29.881,38.901,26.308,4.0,SOFT,5.0,False,Williams,1,22.0,True,294.0,257.0,245.0,300.0,,,False,,False
6124.609,ALB,23,27.0,95.574,30.121,38.92,26.533,4.0,SOFT,6.0,False,Williams,1,22.0,True,295.0,255.0,244.0,295.0,,,False,,False
6220.102,ALB,23,28.0,95.493,30.166,38.857,26.47,4.0,SOFT,7.0,False,Williams,1,22.0,True,295.0,255.0,246.0,295.0,,,False,,False
6315.355,ALB,23,29.0,95.253,30.09,38.845,26.318,4.0,SOFT,8.0,False,Williams,1,22.0,True,293.0,253.0,246.0,295.0,,,False,,False
6412.729,ALB,23,30.0,97.374,30.543,40.392,26.439,4.0,SOFT,9.0,False,Williams,1,22.0,True,195.0,252.0,246.0,297.0,,,False,,False
6510.579,ALB,23,31.0,97.85,30.09,41.02,26.74,4.0,SOFT,10.0,False,Williams,1,22.0,True,297.0,249.0,242.0,296.0,,,False,,False
6606.407,ALB,23,32.0,95.828,30.299,39.009,26.52,4.0,SOFT,11.0,False,Williams,1,22.0,True,293.0,254.0,243.0,298.0,,,False,,False
6702.144,ALB,23,33.0,95.737,30.334,39.025,26.378,4.0,SOFT,12.0,False,Williams,1,22.0,True,293.0,256.0,243.0,305.0,,,False,,False
6797.681,ALB,23,34.0,95.537,30.183,38.947,26.407,4.0,SOFT,13.0,False,Williams,1,22.0,True,294.0,254.0,244.0,299.0,,,False,,False
6892.654,ALB,23,35.0,94.973,30.176,38.945,25.852,4.0,SOFT,14.0,False,Williams,1,22.0,False,293.0,254.0,,299.0,,6886.894,False,,False
7033.891,ALB,23,36.0,141.237,54.512,56.136,30.589,5.0,SOFT,4.0,False,Williams,1267,22.0,False,302.0,209.0,244.0,235.0,6918.243,,False,,False
7132.02,ALB,23,37.0,98.129,30.316,39.418,28.395,5.0,SOFT,5.0,False,Williams,71,21.0,False,288.0,241.0,249.0,283.0,,,False,,False
7226.189,ALB,23,38.0,94.169,29.924,38.317,25.928,5.0,SOFT,6.0,False,Williams,1,21.0,True,287.0,258.0,250.0,297.0,,,False,,False
7320.751,ALB,23,39.0,94.562,29.798,38.585,26.179,5.0,SOFT,7.0,False,Williams,1,21.0,True,291.0,255.0,248.0,296.0,,,False,,False
7415.243,ALB,23,40.0,94.492,29.757,38.499,26.236,5.0,SOFT,8.0,False,Williams,1,21.0,False,295.0,257.0,,297.0,,7409.196,False,,False
7535.062,ALB,23,41.0,119.819,54.713,38.905,26.201,6.0,SOFT,4.0,False,Williams,1,21.0,False,300.0,256.0,251.0,295.0,7441.812,,False,,False
7628.929,ALB,23,42.0,93.867,29.658,38.296,25.913,6.0,SOFT,5.0,False,Williams,1,21.0,True,297.0,257.0,252.0,295.0,,,False,,False
7727.618,ALB,23,43.0,98.689,29.677,38.545,30.467,6.0,SOFT,6.0,False,Williams,1,21.0,False,294.0,255.0,,260.0,,7721.24,False,,False
3445.577,HUL,27,1.0,105.779,,41.393,27.77,1.0,MEDIUM,1.0,True,Audi,12,15.0,False,314.0,256.0,236.0,316.0,,,False,,False
3550.216,HUL,27,2.0,104.639,31.313,46.849,26.477,1.0,MEDIUM,2.0,True,Audi,12,19.0,True,295.0,254.0,238.0,320.0,,,False,,False
3647.019,HUL,27,3.0,96.803,30.737,39.602,26.464,1.0,MEDIUM,3.0,True,Audi,1,19.0,True,288.0,252.0,242.0,300.0,,,False,,False
3743.673,HUL,27,4.0,96.654,30.623,39.466,26.565,1.0,MEDIUM,4.0,True,Audi,1,18.0,True,294.0,254.0,242.0,299.0,,,False,,False
3840.349,HUL,27,5.0,96.676,30.575,39.602,26.499,1.0,MEDIUM,5.0,True,Audi,1,18.0,True,291.0,253.0,243.0,300.0,,,False,,False
3937.115,HUL,27,6.0,96.766,30.696,39.531,26.539,1.0,MEDIUM,6.0,True,Audi,1,18.0,True,297.0,255.0,240.0,302.0,,,False,,False
4033.409,HUL,27,7.0,96.294,30.593,39.49,26.211,1.0,MEDIUM,7.0,True,Audi,1,17.0,True,298.0,258.0,240.0,334.0,,,False,,False
4130.626,HUL,27,8.0,97.217,30.718,39.757,26.742,1.0,MEDIUM,8.0,True,Audi,1,17.0,True,290.0,251.0,241.0,300.0,,,False,,False
4227.51,HUL,27,9.0,96.884,30.641,39.637,26.606,1.0,MEDIUM,9.0,True,Audi,1,17.0,True,291.0,253.0,242.0,308.0,,,False,,False
4324.117,HUL,27,10.0,96.607,30.082,39.942,26.583,1.0,MEDIUM,10.0,True,Audi,1,16.0,True,316.0,253.0,243.0,299.0,,,True,TRACK LIMITS AT TURN 6 LAP 10 ,False
4420.891,HUL,27,11.0,96.774,30.637,39.533,26.604,1.0,MEDIUM,11.0,True,Audi,1,16.0,True,290.0,254.0,242.0,303.0,,,False,,False
4516.946,HUL,27,12.0,96.055,30.221,39.285,26.549,1.0,MEDIUM,12.0,True,Audi,1,15.0,True,302.0,252.0,244.0,295.0,,,False,,False
4613.704,HUL,27,13.0,96.758,30.71,39.698,26.35,1.0,MEDIUM,13.0,True,Audi,1,15.0,True,287.0,253.0,243.0,297.0,,,False,,False
4709.799,HUL,27,14.0,96.095,30.361,39.242,26.492,1.0,MEDIUM,14.0,True,Audi,1,15.0,True,290.0,253.0,244.0,298.0,,,False,,False
4805.652,HUL,27,15.0,95.853,30.263,39.29,26.3,1.0,MEDIUM,15.0,True,Audi,1,15.0,True,294.0,254.0,243.0,300.0,,,False,,False
4901.614,HUL,27,16.0,95.962,30.185,39.503,26.274,1.0,MEDIUM,16.0,True,Audi,1,15.0,True,296.0,255.0,242.0,302.0,,,False,,False
4996.934,HUL,27,17.0,95.32,30.073,39.841,25.406,1.0,MEDIUM,17.0,True,Audi,1,14.0,False,299.0,258.0,,325.0,,4990.902,False,,False
5113.986,HUL,27,18.0,117.052,51.017,39.42,26.615,2.0,HARD,1.0,True,Audi,1,18.0,False,282.0,252.0,241.0,289.0,5020.03,,False,,False
5209.965,HUL,27,19.0,95.979,30.427,39.27,26.282,2.0,HARD,2.0,True,Audi,1,18.0,True,288.0,257.0,246.0,297.0,,,False,,False
5305.351,HUL,27,20.0,95.386,30.234,39.195,25.957,2.0,HARD,3.0,True,Audi,1,17.0,True,292.0,258.0,245.0,310.0,,,False,,False
5410.495,HUL,27,21.0,105.144,30.239,45.646,29.259,2.0,HARD,4.0,True,Audi,167,17.0,False,293.0,216.0,247.0,270.0,,,False,,False
5505.61,HUL,27,22.0,95.115,30.256,38.782,26.077,2.0,HARD,5.0,True,Audi,1,15.0,True,291.0,257.0,245.0,300.0,,,False,,False
5600.687,HUL,27,23.0,95.077,30.176,38.672,26.229,2.0,HARD,6.0,True,Audi,1,15.0,True,293.0,255.0,246.0,299.0,,,False,,False
5696.707,HUL,27,24.0,96.02,30.171,39.14,26.709,2.0,HARD,7.0,True,Audi,1,15.0,True,296.0,254.0,246.0,318.0,,,False,,False
5791.747,HUL,27,25.0,95.04,30.251,38.92,25.869,2.0,HARD,8.0,True,Audi,1,14.0,True,296.0,261.0,246.0,339.0,,,False,,False
5886.82,HUL,27,26.0,95.073,30.138,38.749,26.186,2.0,HARD,9.0,True,Audi,1,14.0,True,289.0,259.0,244.0,311.0,,,False,,False
5981.839,HUL,27,27.0,95.019,30.229,38.684,26.106,2.0,HARD,10.0,True,Audi,1,13.0,True,296.0,259.0,245.0,306.0,,,False,,False
6076.423,HUL,27,28.0,94.584,29.991,38.496,26.097,2.0,HARD,11.0,True,Audi,1,13.0,True,293.0,260.0,247.0,306.0,,,False,,False
6170.977,HUL,27,29.0,94.554,29.953,38.227,26.374,2.0,HARD,12.0,True,Audi,1,13.0,True,295.0,261.0,245.0,330.0,,,False,,False
6265.735,HUL,27,30.0,94.758,30.259,38.439,26.06,2.0,HARD,13.0,True,Audi,1,13.0,True,286.0,258.0,245.0,304.0,,,False,,False
6360.518,HUL,27,31.0,94.783,30.142,38.52,26.121,2.0,HARD,14.0,True,Audi,1,13.0,True,287.0,257.0,248.0,303.0,,,False,,False
6455.598,HUL,27,32.0,95.08,30.181,38.801,26.098,2.0,HARD,15.0,True,Audi,1,13.0,True,291.0,256.0,247.0,304.0,,,False,,False
6550.545,HUL,27,33.0,94.947,30.059,38.735,26.153,2.0,HARD,16.0,True,Audi,1,13.0,True,297.0,255.0,246.0,302.0,,,False,,False
6646.245,HUL,27,34.0,95.7,29.975,38.606,27.119,2.0,HARD,17.0,True,Audi,1,13.0,False,296.0,257.0,,305.0,,6638.31,False,,False
6765.797,HUL,27,35.0,119.552,55.529,38.26,25.763,3.0,SOFT,1.0,True,Audi,1,15.0,False,286.0,257.0,248.0,296.0,6674.237,,False,,False
6859.23,HUL,27,36.0,93.433,29.75,38.09,25.593,3.0,SOFT,2.0,True,Audi,1,15.0,True,290.0,261.0,253.0,300.0,,,False,,False
7009.23,HUL,27,37.0,,,,,3.0,SOFT,3.0,True,Audi,126,,False,,,,,,,False,,True
3439.098,VER,3,1.0,99.3,,38.936,25.905,1.0,MEDIUM,1.0,True,Red Bull Racing,12,6.0,False,302.0,256.0,247.0,313.0,,,False,,False
3534.017,VER,3,2.0,94.919,30.134,38.98,25.805,1.0,MEDIUM,2.0,True,Red Bull Racing,12,6.0,True,310.0,261.0,249.0,330.0,,,False,,False
3629.144,VER,3,3.0,95.127,30.125,38.998,26.004,1.0,MEDIUM,3.0,True,Red Bull Racing,1,5.0,True,296.0,256.0,247.0,305.0,,,False,,False
3723.87,VER,3,4.0,94.726,30.031,38.74,25.955,1.0,MEDIUM,4.0,True,Red Bull Racing,1,5.0,True,305.0,257.0,245.0,304.0,,,False,,False
3818.671,VER,3,5.0,94.801,30.236,38.494,26.071,1.0,MEDIUM,5.0,True,Red Bull Racing,1,5.0,True,305.0,256.0,247.0,304.0,,,False,,False
3913.259,VER,3,6.0,94.588,30.106,38.55,25.932,1.0,MEDIUM,6.0,True,Red Bull Racing,1,5.0,True,306.0,258.0,246.0,305.0,,,False,,False
4007.773,VER,3,7.0,94.514,30.198,38.327,25.989,1.0,MEDIUM,7.0,True,Red Bull Racing,1,5.0,True,305.0,256.0,247.0,304.0,,,False,,False
4102.448,VER,3,8.0,94.675,30.308,38.518,25.849,1.0,MEDIUM,8.0,True,Red Bull Racing,1,5.0,True,302.0,257.0,248.0,303.0,,,False,,False
4197.396,VER,3,9.0,94.948,30.369,38.613,25.966,1.0,MEDIUM,9.0,True,Red Bull Racing,1,5.0,True,303.0,256.0,246.0,306.0,,,False,,False
4292.499,VER,3,10.0,95.103,30.352,38.816,25.935,1.0,MEDIUM,10.0,True,Red Bull Racing,1,5.0,True,300.0,254.0,246.0,306.0,,,False,,False
4387.334,VER,3,11.0,94.835,30.034,38.659,26.142,1.0,MEDIUM,11.0,True,Red Bull Racing,1,5.0,True,305.0,257.0,244.0,309.0,,,False,,False
4482.243,VER,3,12.0,94.909,30.148,38.687,26.074,1.0,MEDIUM,12.0,True,Red Bull Racing,1,5.0,True,302.0,256.0,246.0,308.0,,,False,,False
4577.222,VER,3,13.0,94.979,30.235,38.877,25.867,1.0,MEDIUM,13.0,True,Red Bull Racing,1,5.0,True,305.0,256.0,246.0,307.0,,,False,,False
4671.772,VER,3,14.0,94.55,29.915,38.689,25.946,1.0,MEDIUM,14.0,True,Red Bull Racing,1,5.0,True,313.0,258.0,247.0,312.0,,,False,,False
4766.342,VER,3,15.0,94.57,29.765,38.956,25.849,1.0,MEDIUM,15.0,True,Red Bull Racing,1,5.0,True,316.0,258.0,249.0,313.0,,,False,,False
4861.1,VER,3,16.0,94.758,29.885,38.922,25.951,1.0,MEDIUM,16.0,True,Red Bull Racing,1,5.0,True,315.0,257.0,247.0,314.0,,,False,,False
4955.17,VER,3,17.0,94.07,29.751,38.766,25.553,1.0,MEDIUM,17.0,True,Red Bull Racing,1,4.0,False,319.0,255.0,,300.0,,4949.384,False,,False
5068.975,VER,3,18.0,113.805,50.24,38.071,25.494,2.0,HARD,1.0,True,Red Bull Racing,1,7.0,False,301.0,259.0,251.0,300.0,4978.096,,False,,False
5162.537,VER,3,19.0,93.562,29.887,38.042,25.633,2.0,HARD,2.0,True,Red Bull Racing,1,7.0,True,295.0,259.0,249.0,297.0,,,False,,False
5256.156,VER,3,20.0,93.619,29.967,38.074,25.578,2.0,HARD,3.0,True,Red Bull Racing,1,6.0,True,299.0,259.0,248.0,302.0,,,False,,False
5350.291,VER,3,21.0,94.135,30.027,38.198,25.91,2.0,HARD,4.0,True,Red Bull Racing,1,6.0,True,301.0,257.0,248.0,306.0,,,False,,False
5455.156,VER,3,22.0,104.865,37.344,41.587,25.934,2.0,HARD,5.0,True,Red Bull Racing,167,6.0,False,218.0,252.0,248.0,290.0,,,False,,False
5549.414,VER,3,23.0,94.258,30.15,38.229,25.879,2.0,HARD,6.0,True,Red Bull Racing,1,6.0,True,296.0,257.0,249.0,298.0,,,False,,False
5643.549,VER,3,24.0,94.135,30.08,38.354,25.701,2.0,HARD,7.0,True,Red Bull Racing,1,4.0,True,297.0,257.0,249.0,299.0,,,False,,False
5737.513,VER,3,25.0,93.964,29.945,38.202,25.817,2.0,HARD,8.0,True,Red Bull Racing,1,4.0,True,300.0,258.0,247.0,302.0,,,False,,False
5831.541,VER,3,26.0,94.028,29.964,38.304,25.76,2.0,HARD,9.0,True,Red Bull Racing,1,4.0,True,302.0,259.0,248.0,303.0,,,False,,False
5925.684,VER,3,27.0,94.143,29.961,38.384,25.798,2.0,HARD,10.0,True,Red Bull Racing,1,4.0,True,301.0,260.0,249.0,303.0,,,False,,False
6019.507,VER,3,28.0,93.823,29.88,38.188,25.755,2.0,HARD,11.0,True,Red Bull Racing,1,4.0,True,303.0,260.0,249.0,304.0,,,False,,False
6113.557,VER,3,29.0,94.05,30.028,38.288,25.734,2.0,HARD,12.0,True,Red Bull Racing,1,3.0,True,300.0,259.0,250.0,301.0,,,False,,False
6207.53,VER,3,30.0,93.973,29.947,38.243,25.783,2.0,HARD,13.0,True,Red Bull Racing,1,3.0,True,300.0,258.0,248.0,302.0,,,False,,False
6301.488,VER,3,31.0,93.958,30.012,38.234,25.712,2.0,HARD,14.0,True,Red Bull Racing,1,3.0,True,302.0,256.0,248.0,304.0,,,False,,False
6395.697,VER,3,32.0,94.209,30.069,38.292,25.848,2.0,HARD,15.0,True,Red Bull Racing,1,3.0,True,297.0,257.0,249.0,301.0,,,False,,False
6490.01,VER,3,33.0,94.313,30.129,38.235,25.949,2.0,HARD,16.0,True,Red Bull Racing,1,3.0,True,300.0,257.0,248.0,318.0,,,False,,False
6584.454,VER,3,34.0,94.444,29.949,38.361,26.134,2.0,HARD,17.0,True,Red Bull Racing,1,4.0,True,300.0,258.0,248.0,302.0,,,True,TRACK LIMITS AT TURN 15 LAP 34 ,False
6678.193,VER,3,35.0,93.739,29.95,38.133,25.656,2.0,HARD,18.0,True,Red Bull Racing,1,3.0,True,302.0,260.0,250.0,308.0,,,False,,False
6772.144,VER,3,36.0,93.951,30.024,38.193,25.734,2.0,HARD,19.0,True,Red Bull Racing,1,3.0,True,300.0,257.0,250.0,304.0,,,False,,False
6866.416,VER,3,37.0,94.272,29.89,37.978,26.404,2.0,HARD,20.0,True,Red Bull Racing,1,3.0,True,304.0,257.0,244.0,305.0,,,False,,False
6961.132,VER,3,38.0,94.716,30.204,38.973,25.539,2.0,HARD,21.0,True,Red Bull Racing,126,3.0,False,301.0,259.0,,311.0,,6955.287,False,,False
7088.13,VER,3,39.0,126.998,60.24,41.794,24.964,3.0,MEDIUM,1.0,True,Red Bull Racing,671,4.0,False,191.0,266.0,257.0,311.0,6984.158,,False,,False
7180.231,VER,3,40.0,92.101,29.326,37.412,25.363,3.0,MEDIUM,2.0,True,Red Bull Racing,1,4.0,True,293.0,262.0,251.0,300.0,,,False,,False
7273.166,VER,3,41.0,92.935,29.884,37.761,25.29,3.0,MEDIUM,3.0,True,Red Bull Racing,1,4.0,True,299.0,263.0,253.0,303.0,,,False,,False
7365.71,VER,3,42.0,92.544,29.555,37.651,25.338,3.0,MEDIUM,4.0,True,Red Bull Racing,1,3.0,True,306.0,263.0,251.0,311.0,,,False,,False
7458.331,VER,3,43.0,92.621,29.426,37.844,25.351,3.0,MEDIUM,5.0,True,Red Bull Racing,1,3.0,True,313.0,263.0,250.0,312.0,,,False,,False
7550.721,VER,3,44.0,92.39,29.651,37.447,25.292,3.0,MEDIUM,6.0,True,Red Bull Racing,1,3.0,True,306.0,264.0,254.0,306.0,,,False,,False
7643.594,VER,3,45.0,92.873,29.641,37.651,25.581,3.0,MEDIUM,7.0,True,Red Bull Racing,1,3.0,True,303.0,264.0,249.0,313.0,,,False,,False
7736.501,VER,3,46.0,92.907,29.624,37.896,25.387,3.0,MEDIUM,8.0,True,Red Bull Racing,1,3.0,True,296.0,262.0,252.0,307.0,,,False,,False
7886.501,VER,3,47.0,,,,,3.0,MEDIUM,9.0,True,Red Bull Racing,124,,False,,,,,,,False,,True
3441.078,LAW,30,1.0,101.28,,39.931,26.268,1.0,MEDIUM,1.0,True,Racing Bulls,12,8.0,False,309.0,256.0,241.0,317.0,,,False,,False
3537.161,LAW,30,2.0,96.083,30.707,39.2,26.176,1.0,MEDIUM,2.0,True,Racing Bulls,12,8.0,True,296.0,255.0,249.0,303.0,,,False,,False
3633.416,LAW,30,3.0,96.255,30.311,39.518,26.426,1.0,MEDIUM,3.0,True,Racing Bulls,1,8.0,True,292.0,254.0,248.0,299.0,,,False,,False
3729.123,LAW,30,4.0,95.707,30.252,39.206,26.249,1.0,MEDIUM,4.0,True,Racing Bulls,1,8.0,True,294.0,255.0,251.0,297.0,,,False,,False
3824.762,LAW,30,5.0,95.639,30.103,39.218,26.318,1.0,MEDIUM,5.0,True,Racing Bulls,1,8.0,True,293.0,255.0,249.0,297.0,,,False,,False
3920.499,LAW,30,6.0,95.737,30.205,39.252,26.28,1.0,MEDIUM,6.0,True,Racing Bulls,1,8.0,True,295.0,257.0,250.0,298.0,,,False,,False
4016.596,LAW,30,7.0,96.097,30.426,39.311,26.36,1.0,MEDIUM,7.0,True,Racing Bulls,1,8.0,True,291.0,254.0,249.0,294.0,,,False,,False
4112.567,LAW,30,8.0,95.971,30.422,39.272,26.277,1.0,MEDIUM,8.0,True,Racing Bulls,1,8.0,True,288.0,255.0,249.0,297.0,,,False,,False
4208.893,LAW,30,9.0,96.326,30.537,39.414,26.375,1.0,MEDIUM,9.0,True,Racing Bulls,1,8.0,True,293.0,255.0,247.0,298.0,,,False,,False
4305.148,LAW,30,10.0,96.255,30.479,39.461,26.315,1.0,MEDIUM,10.0,True,Racing Bulls,1,8.0,True,291.0,255.0,246.0,298.0,,,False,,False
4401.306,LAW,30,11.0,96.158,30.332,39.498,26.328,1.0,MEDIUM,11.0,True,Racing Bulls,1,8.0,True,290.0,255.0,248.0,299.0,,,False,,False
4497.707,LAW,30,12.0,96.401,30.359,39.615,26.427,1.0,MEDIUM,12.0,True,Racing Bulls,1,8.0,True,292.0,255.0,248.0,303.0,,,False,,False
4593.538,LAW,30,13.0,95.831,30.344,39.29,26.197,1.0,MEDIUM,13.0,True,Racing Bulls,1,8.0,True,290.0,256.0,250.0,297.0,,,False,,False
4689.441,LAW,30,14.0,95.903,30.15,39.416,26.337,1.0,MEDIUM,14.0,True,Racing Bulls,1,8.0,True,291.0,254.0,247.0,296.0,,,False,,False
4785.101,LAW,30,15.0,95.66,30.184,39.276,26.2,1.0,MEDIUM,15.0,True,Racing Bulls,1,8.0,True,291.0,255.0,250.0,297.0,,,False,,False
4880.822,LAW,30,16.0,95.721,30.187,39.271,26.263,1.0,MEDIUM,16.0,True,Racing Bulls,1,8.0,True,291.0,255.0,250.0,295.0,,,False,,False
4976.425,LAW,30,17.0,95.603,30.11,39.318,26.175,1.0,MEDIUM,17.0,True,Racing Bulls,1,8.0,True,291.0,255.0,249.0,293.0,,,False,,False
5072.235,LAW,30,18.0,95.81,30.228,39.273,26.309,1.0,MEDIUM,18.0,True,Racing Bulls,1,8.0,True,294.0,255.0,248.0,297.0,,,False,,False
5167.923,LAW,30,19.0,95.688,30.174,39.239,26.275,1.0,MEDIUM,19.0,True,Racing Bulls,1,8.0,True,291.0,256.0,249.0,296.0,,,False,,False
5263.558,LAW,30,20.0,95.635,30.085,39.257,26.293,1.0,MEDIUM,20.0,True,Racing Bulls,1,7.0,True,293.0,256.0,249.0,298.0,,,False,,False
5359.165,LAW,30,21.0,95.607,30.167,39.223,26.217,1.0,MEDIUM,21.0,True,Racing Bulls,1,7.0,True,292.0,256.0,247.0,298.0,,,False,,False
5464.823,LAW,30,22.0,105.658,39.755,39.753,26.15,1.0,MEDIUM,22.0,True,Racing Bulls,167,7.0,False,205.0,258.0,247.0,299.0,,,False,,False
5560.874,LAW,30,23.0,96.051,30.289,39.322,26.44,1.0,MEDIUM,23.0,True,Racing Bulls,1,7.0,True,292.0,257.0,246.0,296.0,,,False,,False
5656.662,LAW,30,24.0,95.788,30.278,39.283,26.227,1.0,MEDIUM,24.0,True,Racing Bulls,1,7.0,True,294.0,257.0,245.0,300.0,,,False,,False
5753.1,LAW,30,25.0,96.438,30.311,39.217,26.91,1.0,MEDIUM,25.0,True,Racing Bulls,1,8.0,True,297.0,258.0,243.0,306.0,,,False,,False
5848.547,LAW,30,26.0,95.447,30.036,39.291,26.12,1.0,MEDIUM,26.0,True,Racing Bulls,1,8.0,True,305.0,260.0,249.0,307.0,,,False,,False
5943.73,LAW,30,27.0,95.183,29.923,39.14,26.12,1.0,MEDIUM,27.0,True,Racing Bulls,1,8.0,True,297.0,259.0,247.0,303.0,,,False,,False
6038.155,LAW,30,28.0,94.425,29.834,38.954,25.637,1.0,MEDIUM,28.0,True,Racing Bulls,1,8.0,False,302.0,259.0,,303.0,,6032.317,False,,False
6153.411,LAW,30,29.0,115.256,50.626,38.859,25.771,2.0,HARD,1.0,True,Racing Bulls,1,8.0,False,312.0,260.0,251.0,300.0,6061.369,,False,,False
6247.856,LAW,30,30.0,94.445,29.921,38.611,25.913,2.0,HARD,2.0,True,Racing Bulls,1,8.0,True,292.0,261.0,253.0,306.0,,,False,,False
6341.955,LAW,30,31.0,94.099,29.815,38.523,25.761,2.0,HARD,3.0,True,Racing Bulls,1,8.0,True,291.0,259.0,253.0,303.0,,,False,,False
6435.893,LAW,30,32.0,93.938,29.856,38.43,25.652,2.0,HARD,4.0,True,Racing Bulls,1,8.0,True,292.0,260.0,254.0,305.0,,,False,,False
6529.75,LAW,30,33.0,93.857,29.851,38.295,25.711,2.0,HARD,5.0,True,Racing Bulls,1,8.0,True,291.0,259.0,254.0,300.0,,,False,,False
6623.617,LAW,30,34.0,93.867,29.793,38.346,25.728,2.0,HARD,6.0,True,Racing Bulls,1,8.0,True,291.0,262.0,252.0,301.0,,,False,,False
6717.795,LAW,30,35.0,94.178,29.81,38.486,25.882,2.0,HARD,7.0,True,Racing Bulls,1,8.0,True,292.0,259.0,251.0,300.0,,,False,,False
6812.033,LAW,30,36.0,94.238,29.914,38.557,25.767,2.0,HARD,8.0,True,Racing Bulls,1,8.0,True,292.0,260.0,252.0,301.0,,,False,,False
6905.976,LAW,30,37.0,93.943,29.769,38.479,25.695,2.0,HARD,9.0,True,Racing Bulls,1,8.0,True,293.0,260.0,251.0,300.0,,,False,,False
7017.866,LAW,30,38.0,111.89,29.834,52.422,29.634,2.0,HARD,10.0,True,Racing Bulls,126,8.0,False,293.0,221.0,220.0,253.0,,,False,,False
7116.18,LAW,30,39.0,98.314,34.328,38.389,25.597,2.0,HARD,11.0,True,Racing Bulls,671,8.0,False,304.0,263.0,252.0,308.0,,,False,,False
7210.092,LAW,30,40.0,93.912,29.748,38.381,25.783,2.0,HARD,12.0,True,Racing Bulls,1,8.0,True,292.0,261.0,252.0,298.0,,,False,,False
7304.338,LAW,30,41.0,94.246,29.984,38.512,25.75,2.0,HARD,13.0,True,Racing Bulls,1,8.0,True,294.0,261.0,253.0,300.0,,,False,,False
7398.142,LAW,30,42.0,93.804,29.646,38.438,25.72,2.0,HARD,14.0,True,Racing Bulls,1,8.0,True,298.0,261.0,253.0,302.0,,,False,,False
7492.168,LAW,30,43.0,94.026,29.726,38.563,25.737,2.0,HARD,15.0,True,Racing Bulls,1,8.0,True,295.0,262.0,254.0,303.0,,,False,,False
7585.873,LAW,30,44.0,93.705,29.629,38.387,25.689,2.0,HARD,16.0,True,Racing Bulls,1,7.0,True,296.0,261.0,254.0,301.0,,,False,,False
7679.521,LAW,30,45.0,93.648,29.728,38.239,25.681,2.0,HARD,17.0,True,Racing Bulls,1,7.0,True,296.0,261.0,252.0,300.0,,,False,,False
7773.439,LAW,30,46.0,93.918,29.738,38.454,25.726,2.0,HARD,18.0,True,Racing Bulls,1,7.0,True,296.0,261.0,252.0,300.0,,,False,,False
7879.877,LAW,30,47.0,106.438,29.708,42.869,33.861,2.0,HARD,19.0,True,Racing Bulls,124,6.0,False,296.0,128.0,,173.0,,7873.976,False,,False
8019.196,LAW,30,48.0,139.319,52.859,51.847,34.613,3.0,SOFT,4.0,False,Racing Bulls,4,6.0,False,250.0,240.0,239.0,203.0,7902.659,,False,,False
8131.737,LAW,30,49.0,112.541,31.843,46.514,34.184,3.0,SOFT,5.0,False,Racing Bulls,4,6.0,False,257.0,197.0,237.0,155.0,,,False,,False
8267.721,LAW,30,50.0,135.984,32.495,54.552,48.937,3.0,SOFT,6.0,False,Racing Bulls,4,6.0,False,262.0,102.0,81.0,221.0,,,False,,False
8431.351,LAW,30,51.0,,52.593,67.51,43.462,3.0,SOFT,7.0,False,Racing Bulls,4,6.0,False,96.0,117.0,141.0,156.0,,,False,,False
8573.221,LAW,30,52.0,141.87,46.488,60.233,35.149,3.0,SOFT,8.0,False,Racing Bulls,4,6.0,False,189.0,124.0,230.0,241.0,,,False,,False
3444.479,OCO,31,1.0,104.681,,40.985,27.327,1.0,MEDIUM,1.0,True,Haas F1 Team,12,11.0,False,312.0,259.0,241.0,318.0,,,False,,False
3541.682,OCO,31,2.0,97.203,30.759,39.56,26.884,1.0,MEDIUM,2.0,True,Haas F1 Team,12,12.0,True,297.0,259.0,242.0,308.0,,,False,,False
3638.804,OCO,31,3.0,97.122,30.471,39.449,27.202,1.0,MEDIUM,3.0,True,Haas F1 Team,1,13.0,True,298.0,254.0,241.0,306.0,,,False,,False
3735.601,OCO,31,4.0,96.797,30.767,39.557,26.473,1.0,MEDIUM,4.0,True,Haas F1 Team,1,13.0,True,304.0,257.0,242.0,308.0,,,False,,False
3833.274,OCO,31,5.0,97.673,30.528,39.923,27.222,1.0,MEDIUM,5.0,True,Haas F1 Team,1,14.0,True,294.0,256.0,239.0,304.0,,,False,,False
3930.571,OCO,31,6.0,97.297,31.119,39.705,26.473,1.0,MEDIUM,6.0,True,Haas F1 Team,1,14.0,True,300.0,258.0,241.0,316.0,,,False,,False
4027.268,OCO,31,7.0,96.697,30.669,39.655,26.373,1.0,MEDIUM,7.0,True,Haas F1 Team,1,14.0,True,297.0,257.0,242.0,309.0,,,False,,False
4124.273,OCO,31,8.0,97.005,30.885,39.657,26.463,1.0,MEDIUM,8.0,True,Haas F1 Team,1,14.0,True,291.0,256.0,240.0,307.0,,,False,,False
4221.648,OCO,31,9.0,97.375,31.047,39.863,26.465,1.0,MEDIUM,9.0,True,Haas F1 Team,1,14.0,True,295.0,255.0,239.0,309.0,,,False,,False
4319.332,OCO,31,10.0,97.684,30.895,40.037,26.752,1.0,MEDIUM,10.0,True,Haas F1 Team,1,14.0,True,294.0,256.0,237.0,313.0,,,False,,False
4416.42,OCO,31,11.0,97.088,30.715,39.945,26.428,1.0,MEDIUM,11.0,True,Haas F1 Team,1,14.0,True,294.0,256.0,238.0,310.0,,,False,,False
4513.441,OCO,31,12.0,97.021,30.875,39.651,26.495,1.0,MEDIUM,12.0,True,Haas F1 Team,1,14.0,True,290.0,255.0,239.0,307.0,,,False,,False
4610.13,OCO,31,13.0,96.689,30.609,39.721,26.359,1.0,MEDIUM,13.0,True,Haas F1 Team,1,14.0,True,293.0,256.0,241.0,307.0,,,False,,False
4706.996,OCO,31,14.0,96.866,30.491,39.683,26.692,1.0,MEDIUM,14.0,True,Haas F1 Team,1,14.0,True,292.0,255.0,239.0,302.0,,,False,,False
4803.666,OCO,31,15.0,96.67,30.621,39.595,26.454,1.0,MEDIUM,15.0,True,Haas F1 Team,1,14.0,True,290.0,255.0,240.0,302.0,,,False,,False
4900.739,OCO,31,16.0,97.073,30.738,39.677,26.658,1.0,MEDIUM,16.0,True,Haas F1 Team,1,14.0,True,291.0,255.0,237.0,296.0,,,False,,False
4998.002,OCO,31,17.0,97.263,30.672,39.674,26.917,1.0,MEDIUM,17.0,True,Haas F1 Team,1,15.0,True,291.0,255.0,240.0,298.0,,,False,,False
5094.955,OCO,31,18.0,96.953,30.793,39.557,26.603,1.0,MEDIUM,18.0,True,Haas F1 Team,1,14.0,True,288.0,256.0,241.0,301.0,,,False,,False
5191.72,OCO,31,19.0,96.765,30.749,39.379,26.637,1.0,MEDIUM,19.0,True,Haas F1 Team,1,14.0,True,286.0,257.0,242.0,298.0,,,False,,False
5288.234,OCO,31,20.0,96.514,30.732,39.328,26.454,1.0,MEDIUM,20.0,True,Haas F1 Team,1,14.0,True,287.0,255.0,243.0,296.0,,,False,,False
5388.542,OCO,31,21.0,100.308,30.652,39.243,30.413,1.0,MEDIUM,21.0,True,Haas F1 Team,167,13.0,False,286.0,254.0,,127.0,,5382.617,False,,False
5522.236,OCO,31,22.0,133.694,65.995,40.619,27.08,2.0,HARD,1.0,True,Haas F1 Team,71,19.0,False,288.0,238.0,247.0,284.0,5425.892,,False,,False
5618.743,OCO,31,23.0,96.507,30.285,40.055,26.167,2.0,HARD,2.0,True,Haas F1 Team,1,19.0,True,292.0,259.0,245.0,311.0,,,False,,False
5714.276,OCO,31,24.0,95.533,30.131,38.928,26.474,2.0,HARD,3.0,True,Haas F1 Team,1,19.0,True,295.0,255.0,242.0,304.0,,,False,,False
5810.014,OCO,31,25.0,95.738,30.277,39.189,26.272,2.0,HARD,4.0,True,Haas F1 Team,1,18.0,True,297.0,260.0,243.0,332.0,,,False,,False
5905.725,OCO,31,26.0,95.711,30.27,39.078,26.363,2.0,HARD,5.0,True,Haas F1 Team,1,18.0,True,297.0,259.0,244.0,313.0,,,False,,False
6001.569,OCO,31,27.0,95.844,30.25,39.085,26.509,2.0,HARD,6.0,True,Haas F1 Team,1,17.0,True,293.0,258.0,242.0,324.0,,,False,,False
6097.515,OCO,31,28.0,95.946,30.669,38.925,26.352,2.0,HARD,7.0,True,Haas F1 Team,1,17.0,True,286.0,260.0,245.0,295.0,,,False,,False
6193.408,OCO,31,29.0,95.893,30.458,39.056,26.379,2.0,HARD,8.0,True,Haas F1 Team,1,17.0,True,285.0,256.0,246.0,292.0,,,False,,False
6290.586,OCO,31,30.0,97.178,31.805,39.078,26.295,2.0,HARD,9.0,True,Haas F1 Team,1,16.0,True,290.0,255.0,246.0,299.0,,,False,,False
6385.946,OCO,31,31.0,95.36,30.334,38.807,26.219,2.0,HARD,10.0,True,Haas F1 Team,1,16.0,True,284.0,255.0,246.0,295.0,,,False,,False
6481.56,OCO,31,32.0,95.614,30.447,38.924,26.243,2.0,HARD,11.0,True,Haas F1 Team,1,16.0,True,284.0,254.0,247.0,292.0,,,False,,False
6576.97,OCO,31,33.0,95.41,30.307,38.811,26.292,2.0,HARD,12.0,True,Haas F1 Team,1,16.0,True,286.0,255.0,243.0,293.0,,,False,,False
6673.222,OCO,31,34.0,96.252,30.445,38.844,26.963,2.0,HARD,13.0,True,Haas F1 Team,1,17.0,True,285.0,256.0,241.0,295.0,,,False,,False
6768.677,OCO,31,35.0,95.455,30.46,38.991,26.004,2.0,HARD,14.0,True,Haas F1 Team,1,17.0,True,295.0,258.0,244.0,312.0,,,False,,False
6863.819,OCO,31,36.0,95.142,30.237,38.837,26.068,2.0,HARD,15.0,True,Haas F1 Team,1,17.0,True,296.0,258.0,244.0,314.0,,,False,,False
6964.529,OCO,31,37.0,100.71,30.36,38.963,31.387,2.0,HARD,16.0,True,Haas F1 Team,126,15.0,False,293.0,251.0,170.0,295.0,,,False,,False
7078.289,OCO,31,38.0,113.76,41.113,45.576,27.071,2.0,HARD,17.0,True,Haas F1 Team,671,15.0,False,207.0,259.0,240.0,322.0,,,False,,False
7173.682,OCO,31,39.0,95.393,30.07,39.438,25.885,2.0,HARD,18.0,True,Haas F1 Team,1,16.0,True,303.0,260.0,245.0,322.0,,,False,,False
7269.168,OCO,31,40.0,95.486,30.304,39.037,26.145,2.0,HARD,19.0,True,Haas F1 Team,1,16.0,True,293.0,258.0,245.0,307.0,,,False,,False
7364.295,OCO,31,41.0,95.127,30.237,38.738,26.152,2.0,HARD,20.0,True,Haas F1 Team,1,16.0,True,295.0,257.0,245.0,305.0,,,False,,False
7460.188,OCO,31,42.0,95.893,30.077,39.694,26.122,2.0,HARD,21.0,True,Haas F1 Team,1,16.0,True,295.0,258.0,245.0,308.0,,,False,,False
7554.98,OCO,31,43.0,94.792,30.217,38.568,26.007,2.0,HARD,22.0,True,Haas F1 Team,1,16.0,True,295.0,260.0,245.0,310.0,,,False,,False
7650.905,OCO,31,44.0,95.925,31.043,38.848,26.034,2.0,HARD,23.0,True,Haas F1 Team,1,16.0,True,302.0,259.0,244.0,309.0,,,False,,False
7745.801,OCO,31,45.0,94.896,30.125,38.702,26.069,2.0,HARD,24.0,True,Haas F1 Team,1,16.0,True,295.0,261.0,243.0,309.0,,,False,,False
7847.622,OCO,31,46.0,101.821,30.274,38.698,32.849,2.0,HARD,25.0,True,Haas F1 Team,124,16.0,False,296.0,261.0,150.0,300.0,,,False,,False
7973.625,OCO,31,47.0,126.003,39.859,49.457,36.687,2.0,HARD,26.0,True,Haas F1 Team,4,15.0,False,248.0,216.0,,200.0,,7967.794,False,,False
8119.221,OCO,31,48.0,145.596,58.443,50.356,36.797,3.0,SOFT,1.0,True,Haas F1 Team,4,15.0,False,262.0,233.0,250.0,226.0,7999.072,,False,,False
8262.068,OCO,31,49.0,142.847,29.444,65.17,48.233,3.0,SOFT,2.0,True,Haas F1 Team,4,15.0,False,281.0,120.0,120.0,126.0,,,False,,False
8364.157,OCO,31,50.0,102.089,36.199,39.366,26.524,3.0,SOFT,3.0,True,Haas F1 Team,4,15.0,False,223.0,252.0,237.0,296.0,,,False,,False
8460.016,OCO,31,51.0,95.859,30.223,38.958,26.678,3.0,SOFT,4.0,True,Haas F1 Team,4,15.0,False,286.0,250.0,245.0,293.0,,,False,,False
8576.645,OCO,31,52.0,116.629,30.551,54.064,32.014,3.0,SOFT,5.0,True,Haas F1 Team,4,15.0,False,274.0,168.0,247.0,243.0,,,False,,False
3442.804,LIN,41,1.0,103.006,,41.421,26.48,1.0,MEDIUM,1.0,True,Racing Bulls,12,9.0,False,315.0,252.0,242.0,311.0,,,False,,False
3539.007,LIN,41,2.0,96.203,30.578,39.289,26.336,1.0,MEDIUM,2.0,True,Racing Bulls,12,9.0,True,297.0,255.0,249.0,302.0,,,False,,False
3634.966,LIN,41,3.0,95.959,30.256,39.387,26.316,1.0,MEDIUM,3.0,True,Racing Bulls,1,9.0,True,296.0,254.0,247.0,301.0,,,False,,False
3730.608,LIN,41,4.0,95.642,30.122,39.283,26.237,1.0,MEDIUM,4.0,True,Racing Bulls,1,9.0,True,295.0,256.0,249.0,302.0,,,False,,False
3826.338,LIN,41,5.0,95.73,30.149,39.285,26.296,1.0,MEDIUM,5.0,True,Racing Bulls,1,9.0,True,296.0,256.0,248.0,302.0,,,False,,False
3922.162,LIN,41,6.0,95.824,30.218,39.256,26.35,1.0,MEDIUM,6.0,True,Racing Bulls,1,9.0,True,295.0,256.0,249.0,301.0,,,False,,False
4018.134,LIN,41,7.0,95.972,30.306,39.199,26.467,1.0,MEDIUM,7.0,True,Racing Bulls,1,9.0,True,294.0,255.0,247.0,300.0,,,False,,False
4114.278,LIN,41,8.0,96.144,30.408,39.338,26.398,1.0,MEDIUM,8.0,True,Racing Bulls,1,9.0,True,294.0,255.0,248.0,300.0,,,False,,False
4210.678,LIN,41,9.0,96.4,30.426,39.516,26.458,1.0,MEDIUM,9.0,True,Racing Bulls,1,9.0,True,289.0,253.0,245.0,301.0,,,False,,False
4306.927,LIN,41,10.0,96.249,30.418,39.527,26.304,1.0,MEDIUM,10.0,True,Racing Bulls,1,9.0,True,294.0,254.0,246.0,301.0,,,False,,False
4403.02,LIN,41,11.0,96.093,30.293,39.41,26.39,1.0,MEDIUM,11.0,True,Racing Bulls,1,9.0,True,293.0,254.0,247.0,299.0,,,False,,False
4498.925,LIN,41,12.0,95.905,30.329,39.378,26.198,1.0,MEDIUM,12.0,True,Racing Bulls,1,9.0,True,294.0,256.0,247.0,305.0,,,False,,False
4595.092,LIN,41,13.0,96.167,30.431,39.429,26.307,1.0,MEDIUM,13.0,True,Racing Bulls,1,9.0,True,296.0,255.0,248.0,301.0,,,False,,False
4690.812,LIN,41,14.0,95.72,30.036,39.409,26.275,1.0,MEDIUM,14.0,True,Racing Bulls,1,9.0,True,296.0,255.0,248.0,302.0,,,False,,False
4786.26,LIN,41,15.0,95.448,30.129,39.203,26.116,1.0,MEDIUM,15.0,True,Racing Bulls,1,9.0,True,295.0,256.0,249.0,304.0,,,False,,False
4882.25,LIN,41,16.0,95.99,30.323,39.437,26.23,1.0,MEDIUM,16.0,True,Racing Bulls,1,9.0,True,294.0,254.0,248.0,299.0,,,False,,False
4978.001,LIN,41,17.0,95.751,30.188,39.332,26.231,1.0,MEDIUM,17.0,True,Racing Bulls,1,9.0,True,296.0,255.0,248.0,299.0,,,False,,False
5073.858,LIN,41,18.0,95.857,30.261,39.286,26.31,1.0,MEDIUM,18.0,True,Racing Bulls,1,9.0,True,295.0,255.0,247.0,299.0,,,False,,False
5169.781,LIN,41,19.0,95.923,30.322,39.331,26.27,1.0,MEDIUM,19.0,True,Racing Bulls,1,9.0,True,293.0,256.0,248.0,300.0,,,False,,False
5265.622,LIN,41,20.0,95.841,30.356,39.209,26.276,1.0,MEDIUM,20.0,True,Racing Bulls,1,8.0,True,293.0,255.0,249.0,299.0,,,False,,False
5361.401,LIN,41,21.0,95.779,30.339,39.187,26.253,1.0,MEDIUM,21.0,True,Racing Bulls,16,8.0,False,293.0,257.0,247.0,300.0,,,False,,False
5468.192,LIN,41,22.0,106.791,40.762,39.517,26.512,1.0,MEDIUM,22.0,True,Racing Bulls,671,8.0,False,239.0,257.0,247.0,299.0,,,False,,False
5564.8,LIN,41,23.0,96.608,30.374,39.904,26.33,1.0,MEDIUM,23.0,True,Racing Bulls,1,9.0,True,294.0,257.0,248.0,305.0,,,False,,False
5660.323,LIN,41,24.0,95.523,30.24,39.132,26.151,1.0,MEDIUM,24.0,True,Racing Bulls,1,9.0,True,297.0,256.0,248.0,301.0,,,False,,False
5756.143,LIN,41,25.0,95.82,30.156,39.293,26.371,1.0,MEDIUM,25.0,True,Racing Bulls,1,9.0,True,296.0,258.0,247.0,310.0,,,False,,False
5851.666,LIN,41,26.0,95.523,30.103,39.241,26.179,1.0,MEDIUM,26.0,True,Racing Bulls,1,9.0,True,298.0,260.0,249.0,312.0,,,False,,False
5946.248,LIN,41,27.0,94.582,30.168,39.137,25.277,1.0,MEDIUM,27.0,True,Racing Bulls,1,9.0,False,295.0,259.0,,303.0,,5940.334,False,,False
6061.562,LIN,41,28.0,115.314,51.402,38.415,25.497,2.0,HARD,1.0,True,Racing Bulls,1,9.0,False,291.0,264.0,255.0,302.0,5969.334,,False,,False
6155.194,LIN,41,29.0,93.632,29.688,38.382,25.562,2.0,HARD,2.0,True,Racing Bulls,1,9.0,True,294.0,262.0,254.0,304.0,,,False,,False
6249.122,LIN,41,30.0,93.928,29.809,38.237,25.882,2.0,HARD,3.0,True,Racing Bulls,1,9.0,True,295.0,262.0,251.0,307.0,,,False,,False
6342.87,LIN,41,31.0,93.748,29.775,38.453,25.52,2.0,HARD,4.0,True,Racing Bulls,1,9.0,True,298.0,261.0,254.0,311.0,,,False,,False
6436.789,LIN,41,32.0,93.919,29.611,38.599,25.709,2.0,HARD,5.0,True,Racing Bulls,1,9.0,True,304.0,260.0,252.0,307.0,,,False,,False
6530.642,LIN,41,33.0,93.853,29.71,38.46,25.683,2.0,HARD,6.0,True,Racing Bulls,1,9.0,True,303.0,260.0,249.0,331.0,,,False,,False
6624.716,LIN,41,34.0,94.074,29.932,38.412,25.73,2.0,HARD,7.0,True,Racing Bulls,1,9.0,True,299.0,261.0,251.0,308.0,,,False,,False
6718.874,LIN,41,35.0,94.158,29.88,38.494,25.784,2.0,HARD,8.0,True,Racing Bulls,1,9.0,True,298.0,260.0,252.0,308.0,,,False,,False
6813.254,LIN,41,36.0,94.38,29.914,38.813,25.653,2.0,HARD,9.0,True,Racing Bulls,1,9.0,True,297.0,260.0,253.0,306.0,,,False,,False
6907.501,LIN,41,37.0,94.247,29.805,38.626,25.816,2.0,HARD,10.0,True,Racing Bulls,1,9.0,True,297.0,261.0,250.0,306.0,,,False,,False
7021.028,LIN,41,38.0,113.527,29.859,52.78,30.888,2.0,HARD,11.0,True,Racing Bulls,1267,9.0,False,299.0,233.0,124.0,253.0,,,False,,False
7118.243,LIN,41,39.0,97.215,33.307,38.294,25.614,2.0,HARD,12.0,True,Racing Bulls,71,9.0,False,298.0,264.0,251.0,309.0,,,False,,False
7212.379,LIN,41,40.0,94.136,29.795,38.487,25.854,2.0,HARD,13.0,True,Racing Bulls,1,9.0,True,293.0,261.0,253.0,301.0,,,False,,False
7306.748,LIN,41,41.0,94.369,30.105,38.45,25.814,2.0,HARD,14.0,True,Racing Bulls,1,9.0,True,295.0,263.0,252.0,303.0,,,False,,False
7400.858,LIN,41,42.0,94.11,29.775,38.617,25.718,2.0,HARD,15.0,True,Racing Bulls,1,9.0,True,298.0,262.0,252.0,304.0,,,False,,False
7495.434,LIN,41,43.0,94.576,29.834,38.772,25.97,2.0,HARD,16.0,True,Racing Bulls,1,9.0,True,296.0,261.0,252.0,304.0,,,False,,False
7589.761,LIN,41,44.0,94.327,29.943,38.617,25.767,2.0,HARD,17.0,True,Racing Bulls,1,8.0,True,295.0,262.0,254.0,302.0,,,False,,False
7683.8,LIN,41,45.0,94.039,29.801,38.441,25.797,2.0,HARD,18.0,True,Racing Bulls,1,8.0,True,295.0,262.0,253.0,302.0,,,False,,False
7778.057,LIN,41,46.0,94.257,29.864,38.52,25.873,2.0,HARD,19.0,True,Racing Bulls,1,8.0,True,294.0,261.0,253.0,300.0,,,False,,False
7882.822,LIN,41,47.0,104.765,29.848,42.858,32.059,2.0,HARD,20.0,True,Racing Bulls,124,7.0,False,295.0,230.0,,184.0,,7876.921,False,,False
8028.473,LIN,41,48.0,145.651,59.817,51.559,34.275,3.0,SOFT,4.0,False,Racing Bulls,4,7.0,False,185.0,172.0,197.0,192.0,7909.002,,False,,False
8134.742,LIN,41,49.0,106.269,33.015,41.596,31.658,3.0,SOFT,5.0,False,Racing Bulls,4,7.0,False,251.0,246.0,238.0,266.0,,,False,,False
8268.649,LIN,41,50.0,133.907,31.788,52.922,49.197,3.0,SOFT,6.0,False,Racing Bulls,4,7.0,False,253.0,96.0,79.0,225.0,,,False,,False
8431.976,LIN,41,51.0,,52.44,67.38,43.407,3.0,SOFT,7.0,False,Racing Bulls,4,7.0,False,99.0,112.0,144.0,152.0,,,False,,False
8573.447,LIN,41,52.0,141.471,46.462,59.957,35.052,3.0,SOFT,8.0,False,Racing Bulls,4,7.0,False,197.0,124.0,229.0,234.0,,,False,,False
3445.972,COL,43,1.0,106.174,,42.015,27.603,1.0,MEDIUM,1.0,True,Alpine,12,16.0,False,318.0,262.0,224.0,334.0,,,False,,False
3543.177,COL,43,2.0,97.205,31.003,40.014,26.188,1.0,MEDIUM,2.0,True,Alpine,12,14.0,True,320.0,258.0,234.0,328.0,,,False,,False
3639.854,COL,43,3.0,96.677,30.948,39.167,26.562,1.0,MEDIUM,3.0,True,Alpine,1,14.0,True,293.0,253.0,244.0,307.0,,,False,,False
3736.165,COL,43,4.0,96.311,30.338,39.441,26.532,1.0,MEDIUM,4.0,True,Alpine,1,14.0,True,305.0,251.0,237.0,337.0,,,False,,False
3832.859,COL,43,5.0,96.694,30.458,39.883,26.353,1.0,MEDIUM,5.0,True,Alpine,1,13.0,True,305.0,254.0,231.0,343.0,,,False,,False
3929.978,COL,43,6.0,97.119,30.891,39.401,26.827,1.0,MEDIUM,6.0,True,Alpine,1,13.0,True,300.0,251.0,239.0,302.0,,,False,,False
4026.437,COL,43,7.0,96.459,30.477,39.405,26.577,1.0,MEDIUM,7.0,True,Alpine,1,13.0,True,301.0,257.0,235.0,323.0,,,False,,False
4123.645,COL,43,8.0,97.208,30.754,39.67,26.784,1.0,MEDIUM,8.0,True,Alpine,1,13.0,True,304.0,256.0,233.0,327.0,,,False,,False
4220.193,COL,43,9.0,96.548,30.853,39.535,26.16,1.0,MEDIUM,9.0,True,Alpine,1,12.0,True,310.0,256.0,233.0,340.0,,,False,,False
4317.661,COL,43,10.0,97.468,31.278,39.471,26.719,1.0,MEDIUM,10.0,True,Alpine,1,12.0,True,315.0,254.0,238.0,308.0,,,False,,False
4414.138,COL,43,11.0,96.477,30.956,39.259,26.262,1.0,MEDIUM,11.0,True,Alpine,1,12.0,True,286.0,255.0,234.0,319.0,,,False,,False
4510.981,COL,43,12.0,96.843,30.985,39.144,26.714,1.0,MEDIUM,12.0,True,Alpine,1,12.0,True,295.0,251.0,242.0,298.0,,,False,,False
4607.054,COL,43,13.0,96.073,30.349,39.108,26.616,1.0,MEDIUM,13.0,True,Alpine,1,12.0,True,296.0,251.0,243.0,300.0,,,False,,False
4702.971,COL,43,14.0,95.917,30.205,39.127,26.585,1.0,MEDIUM,14.0,True,Alpine,1,12.0,True,298.0,252.0,242.0,302.0,,,False,,False
4798.828,COL,43,15.0,95.857,30.326,39.06,26.471,1.0,MEDIUM,15.0,True,Alpine,1,12.0,True,297.0,252.0,241.0,300.0,,,False,,False
4895.407,COL,43,16.0,96.579,30.454,39.387,26.738,1.0,MEDIUM,16.0,True,Alpine,1,12.0,True,302.0,249.0,241.0,294.0,,,False,,False
4991.646,COL,43,17.0,96.239,30.153,39.376,26.71,1.0,MEDIUM,17.0,True,Alpine,1,12.0,True,302.0,251.0,241.0,295.0,,,False,,False
5087.894,COL,43,18.0,96.248,30.324,39.11,26.814,1.0,MEDIUM,18.0,True,Alpine,1,12.0,True,299.0,252.0,244.0,296.0,,,False,,False
5183.966,COL,43,19.0,96.072,30.352,39.187,26.533,1.0,MEDIUM,19.0,True,Alpine,1,12.0,True,298.0,252.0,243.0,297.0,,,False,,False
5279.746,COL,43,20.0,95.78,30.292,39.044,26.444,1.0,MEDIUM,20.0,True,Alpine,1,12.0,True,300.0,251.0,244.0,297.0,,,False,,False
5380.214,COL,43,21.0,100.468,30.094,38.959,31.415,1.0,MEDIUM,21.0,True,Alpine,16,12.0,False,305.0,253.0,187.0,298.0,,,False,,False
5479.517,COL,43,22.0,99.303,34.376,39.202,25.725,1.0,MEDIUM,22.0,True,Alpine,671,12.0,False,302.0,252.0,,309.0,,5473.599,False,,False
5596.261,COL,43,23.0,116.744,51.716,38.626,26.402,2.0,HARD,1.0,True,Alpine,1,13.0,False,302.0,250.0,237.0,325.0,5503.006,,False,,False
5690.973,COL,43,24.0,94.712,30.133,38.456,26.123,2.0,HARD,2.0,True,Alpine,1,11.0,True,306.0,255.0,251.0,295.0,,,False,,False
5785.254,COL,43,25.0,94.281,29.79,38.442,26.049,2.0,HARD,3.0,True,Alpine,1,11.0,True,295.0,254.0,249.0,298.0,,,False,,False
5879.966,COL,43,26.0,94.712,29.828,38.509,26.375,2.0,HARD,4.0,True,Alpine,1,11.0,True,302.0,254.0,246.0,296.0,,,False,,False
5974.576,COL,43,27.0,94.61,29.909,38.519,26.182,2.0,HARD,5.0,True,Alpine,1,11.0,True,303.0,256.0,246.0,299.0,,,False,,False
6069.228,COL,43,28.0,94.652,29.848,38.628,26.176,2.0,HARD,6.0,True,Alpine,1,11.0,True,303.0,257.0,248.0,299.0,,,False,,False
6164.096,COL,43,29.0,94.868,29.94,38.619,26.309,2.0,HARD,7.0,True,Alpine,1,11.0,True,305.0,253.0,247.0,296.0,,,False,,False
6258.84,COL,43,30.0,94.744,30.023,38.543,26.178,2.0,HARD,8.0,True,Alpine,1,11.0,True,303.0,253.0,248.0,297.0,,,False,,False
6353.857,COL,43,31.0,95.017,30.046,38.636,26.335,2.0,HARD,9.0,True,Alpine,1,11.0,True,303.0,252.0,246.0,298.0,,,False,,False
6450.124,COL,43,32.0,96.267,30.715,39.063,26.489,2.0,HARD,10.0,True,Alpine,1,11.0,True,300.0,251.0,245.0,297.0,,,True,TRACK LIMITS AT TURN 1 LAP 32 ,False
6545.443,COL,43,33.0,95.319,30.138,38.855,26.326,2.0,HARD,11.0,True,Alpine,1,11.0,True,299.0,252.0,242.0,300.0,,,False,,False
6641.15,COL,43,34.0,95.707,30.13,39.29,26.287,2.0,HARD,12.0,True,Alpine,1,11.0,True,301.0,251.0,247.0,310.0,,,False,,False
6736.608,COL,43,35.0,95.458,30.347,38.595,26.516,2.0,HARD,13.0,True,Alpine,1,11.0,True,295.0,252.0,245.0,299.0,,,False,,False
6831.745,COL,43,36.0,95.137,29.984,38.842,26.311,2.0,HARD,14.0,True,Alpine,1,11.0,True,307.0,251.0,247.0,296.0,,,False,,False
6926.504,COL,43,37.0,94.759,30.013,38.559,26.187,2.0,HARD,15.0,True,Alpine,12,11.0,True,302.0,254.0,247.0,298.0,,,False,,False
7043.853,COL,43,38.0,117.349,36.498,49.303,31.548,2.0,HARD,16.0,True,Alpine,2671,11.0,False,231.0,202.0,249.0,196.0,,,False,,False
7138.462,COL,43,39.0,94.609,29.991,38.449,26.169,2.0,HARD,17.0,True,Alpine,1,11.0,True,302.0,254.0,249.0,295.0,,,False,,False
7233.227,COL,43,40.0,94.765,30.041,38.584,26.14,2.0,HARD,18.0,True,Alpine,1,11.0,True,303.0,254.0,246.0,296.0,,,False,,False
7327.945,COL,43,41.0,94.718,29.866,38.544,26.308,2.0,HARD,19.0,True,Alpine,1,11.0,True,304.0,254.0,243.0,297.0,,,False,,False
7422.569,COL,43,42.0,94.624,29.891,38.505,26.228,2.0,HARD,20.0,True,Alpine,1,11.0,True,303.0,255.0,249.0,297.0,,,False,,False
7517.354,COL,43,43.0,94.785,29.957,38.566,26.262,2.0,HARD,21.0,True,Alpine,1,11.0,True,305.0,254.0,249.0,297.0,,,False,,False
7611.786,COL,43,44.0,94.432,29.901,38.509,26.022,2.0,HARD,22.0,True,Alpine,1,11.0,True,310.0,255.0,241.0,314.0,,,False,,False
7706.351,COL,43,45.0,94.565,29.924,38.478,26.163,2.0,HARD,23.0,True,Alpine,1,11.0,True,308.0,256.0,245.0,312.0,,,False,,False
7801.221,COL,43,46.0,94.87,30.119,38.559,26.192,2.0,HARD,24.0,True,Alpine,1,11.0,True,299.0,256.0,247.0,299.0,,,False,,False
7913.331,COL,43,47.0,112.11,29.78,51.34,30.99,2.0,HARD,25.0,True,Alpine,124,10.0,False,318.0,226.0,,206.0,,7907.432,False,,False
8055.822,COL,43,48.0,142.491,58.083,51.961,32.447,3.0,SOFT,1.0,True,Alpine,4,11.0,False,260.0,190.0,249.0,182.0,7936.939,,False,,False
8162.02,COL,43,49.0,106.198,33.85,43.147,29.201,3.0,SOFT,2.0,True,Alpine,4,10.0,False,276.0,242.0,245.0,237.0,,,False,,False
8271.776,COL,43,50.0,109.756,31.164,41.839,36.753,3.0,SOFT,3.0,True,Alpine,4,10.0,False,275.0,243.0,97.0,239.0,,,False,,False
8434.462,COL,43,51.0,,51.668,67.489,43.47,3.0,SOFT,4.0,True,Alpine,4,10.0,False,165.0,100.0,144.0,153.0,,,False,,False
8574.421,COL,43,52.0,139.959,47.032,58.794,34.133,3.0,SOFT,5.0,True,Alpine,4,10.0,False,195.0,139.0,243.0,243.0,,,False,,False
3436.71,HAM,44,1.0,96.912,,38.368,25.814,1.0,MEDIUM,1.0,True,Ferrari,12,2.0,False,307.0,258.0,244.0,311.0,,,False,,False
3530.936,HAM,44,2.0,94.226,29.917,38.564,25.745,1.0,MEDIUM,2.0,True,Ferrari,12,2.0,True,314.0,259.0,246.0,316.0,,,False,,False
3624.986,HAM,44,3.0,94.05,29.71,38.461,25.879,1.0,MEDIUM,3.0,True,Ferrari,1,2.0,True,315.0,256.0,245.0,312.0,,,False,,False
3718.929,HAM,44,4.0,93.943,29.722,38.638,25.583,1.0,MEDIUM,4.0,True,Ferrari,1,2.0,True,316.0,257.0,245.0,309.0,,,False,,False
3813.684,HAM,44,5.0,94.755,29.928,38.708,26.119,1.0,MEDIUM,5.0,True,Ferrari,1,2.0,True,313.0,254.0,245.0,302.0,,,False,,False
3908.356,HAM,44,6.0,94.672,29.986,38.613,26.073,1.0,MEDIUM,6.0,True,Ferrari,1,2.0,True,313.0,255.0,244.0,301.0,,,False,,False
4003.091,HAM,44,7.0,94.735,30.09,38.667,25.978,1.0,MEDIUM,7.0,True,Ferrari,1,2.0,True,310.0,256.0,244.0,303.0,,,False,,False
4097.742,HAM,44,8.0,94.651,30.132,38.561,25.958,1.0,MEDIUM,8.0,True,Ferrari,1,2.0,True,307.0,253.0,244.0,298.0,,,False,,False
4192.751,HAM,44,9.0,95.009,30.285,38.762,25.962,1.0,MEDIUM,9.0,True,Ferrari,1,2.0,True,305.0,255.0,243.0,303.0,,,False,,False
4287.737,HAM,44,10.0,94.986,30.285,38.789,25.912,1.0,MEDIUM,10.0,True,Ferrari,1,2.0,True,305.0,253.0,244.0,304.0,,,False,,False
4383.478,HAM,44,11.0,95.741,30.22,39.436,26.085,1.0,MEDIUM,11.0,True,Ferrari,1,3.0,True,305.0,256.0,242.0,315.0,,,False,,False
4478.119,HAM,44,12.0,94.641,29.981,38.926,25.734,1.0,MEDIUM,12.0,True,Ferrari,1,3.0,True,312.0,256.0,241.0,319.0,,,False,,False
4572.897,HAM,44,13.0,94.778,30.167,38.887,25.724,1.0,MEDIUM,13.0,True,Ferrari,1,3.0,True,313.0,256.0,243.0,316.0,,,False,,False
4667.328,HAM,44,14.0,94.431,29.924,38.761,25.746,1.0,MEDIUM,14.0,True,Ferrari,1,3.0,True,316.0,256.0,243.0,311.0,,,False,,False
4762.089,HAM,44,15.0,94.761,29.826,38.697,26.238,1.0,MEDIUM,15.0,True,Ferrari,1,3.0,True,311.0,251.0,245.0,294.0,,,False,,False
4857.461,HAM,44,16.0,95.372,30.081,38.762,26.529,1.0,MEDIUM,16.0,True,Ferrari,1,3.0,True,307.0,251.0,243.0,296.0,,,False,,False
4952.568,HAM,44,17.0,95.107,30.268,38.763,26.076,1.0,MEDIUM,17.0,True,Ferrari,1,3.0,True,305.0,254.0,245.0,300.0,,,False,,False
5047.455,HAM,44,18.0,94.887,30.034,38.79,26.063,1.0,MEDIUM,18.0,True,Ferrari,1,3.0,True,306.0,255.0,245.0,304.0,,,False,,False
5142.061,HAM,44,19.0,94.606,30.08,38.473,26.053,1.0,MEDIUM,19.0,True,Ferrari,1,3.0,True,305.0,257.0,244.0,303.0,,,False,,False
5236.456,HAM,44,20.0,94.395,30.099,38.447,25.849,1.0,MEDIUM,20.0,True,Ferrari,1,3.0,True,304.0,259.0,245.0,307.0,,,False,,False
5331.257,HAM,44,21.0,94.801,29.975,38.727,26.099,1.0,MEDIUM,21.0,True,Ferrari,1,3.0,True,314.0,256.0,243.0,304.0,,,False,,False
5435.904,HAM,44,22.0,104.647,30.085,48.792,25.77,1.0,MEDIUM,22.0,True,Ferrari,167,3.0,False,302.0,259.0,245.0,307.0,,,False,,False
5530.149,HAM,44,23.0,94.245,30.077,38.305,25.863,1.0,MEDIUM,23.0,True,Ferrari,1,3.0,False,303.0,255.0,,300.0,,5524.292,False,,False
5649.845,HAM,44,24.0,119.696,56.458,37.899,25.339,2.0,HARD,1.0,True,Ferrari,1,6.0,False,296.0,259.0,252.0,307.0,5559.19,,False,,False
5742.154,HAM,44,25.0,92.309,28.967,37.735,25.607,2.0,HARD,2.0,True,Ferrari,1,6.0,True,316.0,253.0,247.0,307.0,,,False,,False
5834.821,HAM,44,26.0,92.667,29.465,37.806,25.396,2.0,HARD,3.0,True,Ferrari,1,6.0,True,318.0,264.0,247.0,322.0,,,False,,False
5927.737,HAM,44,27.0,92.916,29.511,38.123,25.282,2.0,HARD,4.0,True,Ferrari,1,6.0,True,322.0,263.0,245.0,326.0,,,False,,False
6020.659,HAM,44,28.0,92.922,29.538,37.801,25.583,2.0,HARD,5.0,True,Ferrari,1,6.0,True,323.0,263.0,245.0,327.0,,,False,,False
6115.406,HAM,44,29.0,94.747,29.684,38.638,26.425,2.0,HARD,6.0,True,Ferrari,1,5.0,True,322.0,242.0,245.0,300.0,,,False,,False
6208.613,HAM,44,30.0,93.207,29.647,37.983,25.577,2.0,HARD,7.0,True,Ferrari,1,5.0,True,322.0,262.0,244.0,339.0,,,False,,False
6303.351,HAM,44,31.0,94.738,29.786,38.735,26.217,2.0,HARD,8.0,True,Ferrari,1,5.0,True,331.0,248.0,246.0,301.0,,,False,,False
6397.097,HAM,44,32.0,93.746,29.808,38.157,25.781,2.0,HARD,9.0,True,Ferrari,1,5.0,True,314.0,258.0,245.0,313.0,,,False,,False
6490.979,HAM,44,33.0,93.882,29.969,38.265,25.648,2.0,HARD,10.0,True,Ferrari,1,5.0,True,317.0,258.0,243.0,317.0,,,False,,False
6584.875,HAM,44,34.0,93.896,29.79,38.469,25.637,2.0,HARD,11.0,True,Ferrari,1,5.0,True,326.0,261.0,241.0,351.0,,,False,,False
6678.909,HAM,44,35.0,94.034,29.803,38.349,25.882,2.0,HARD,12.0,True,Ferrari,1,4.0,True,315.0,260.0,245.0,328.0,,,False,,False
6772.902,HAM,44,36.0,93.993,29.841,38.473,25.679,2.0,HARD,13.0,True,Ferrari,1,4.0,True,317.0,257.0,246.0,321.0,,,False,,False
6866.64,HAM,44,37.0,93.738,29.59,38.11,26.038,2.0,HARD,14.0,True,Ferrari,1,4.0,True,321.0,258.0,237.0,333.0,,,False,,False
6965.934,HAM,44,38.0,99.294,29.884,38.13,31.28,2.0,HARD,15.0,True,Ferrari,126,4.0,False,319.0,261.0,160.0,316.0,,,False,,False
7077.528,HAM,44,39.0,111.594,40.239,46.045,25.31,2.0,HARD,16.0,True,Ferrari,671,3.0,False,215.0,260.0,249.0,331.0,,,False,,False
7171.27,HAM,44,40.0,93.742,29.533,38.363,25.846,2.0,HARD,17.0,True,Ferrari,1,3.0,True,313.0,259.0,247.0,299.0,,,False,,False
7264.691,HAM,44,41.0,93.421,30.021,38.018,25.382,2.0,HARD,18.0,True,Ferrari,1,3.0,True,306.0,259.0,250.0,308.0,,,False,,False
7358.028,HAM,44,42.0,93.337,29.462,37.99,25.885,2.0,HARD,19.0,True,Ferrari,1,2.0,True,310.0,255.0,247.0,298.0,,,False,,False
7451.057,HAM,44,43.0,93.029,29.611,37.907,25.511,2.0,HARD,20.0,True,Ferrari,1,2.0,True,312.0,260.0,247.0,309.0,,,False,,False
7544.099,HAM,44,44.0,93.042,29.57,37.819,25.653,2.0,HARD,21.0,True,Ferrari,1,2.0,True,313.0,260.0,245.0,318.0,,,False,,False
7636.882,HAM,44,45.0,92.783,29.587,37.899,25.297,2.0,HARD,22.0,True,Ferrari,1,2.0,True,311.0,261.0,248.0,312.0,,,False,,False
7729.855,HAM,44,46.0,92.973,29.566,37.842,25.565,2.0,HARD,23.0,True,Ferrari,1,2.0,True,313.0,260.0,246.0,301.0,,,False,,False
7822.915,HAM,44,47.0,93.06,29.764,37.896,25.4,2.0,HARD,24.0,True,Ferrari,12,2.0,True,309.0,261.0,248.0,307.0,,,False,,False
7944.67,HAM,44,48.0,121.755,39.405,48.611,33.739,2.0,HARD,25.0,True,Ferrari,24,2.0,False,231.0,179.0,,221.0,,7938.858,False,,False
8093.836,HAM,44,49.0,149.166,59.472,50.406,39.288,3.0,SOFT,4.0,False,Ferrari,4,3.0,False,216.0,179.0,252.0,252.0,7967.572,,False,,False
8257.546,HAM,44,50.0,,45.015,70.398,48.231,3.0,SOFT,5.0,False,Ferrari,4,3.0,False,141.0,87.0,97.0,80.0,,,False,,False
8428.855,HAM,44,51.0,,60.5,66.61,44.175,3.0,SOFT,6.0,False,Ferrari,4,3.0,False,80.0,98.0,138.0,141.0,,,False,,False
8571.995,HAM,44,52.0,143.14,46.926,59.382,36.832,3.0,SOFT,7.0,False,Ferrari,4,3.0,False,162.0,132.0,196.0,186.0,,,False,,False
3445.006,BOR,5,1.0,105.208,,41.287,28.007,1.0,MEDIUM,1.0,True,Audi,12,13.0,False,315.0,250.0,230.0,308.0,,,False,,False
3541.14,BOR,5,2.0,96.134,30.728,39.366,26.04,1.0,MEDIUM,2.0,True,Audi,12,11.0,True,295.0,256.0,241.0,332.0,,,False,,False
3637.309,BOR,5,3.0,96.169,30.357,39.114,26.698,1.0,MEDIUM,3.0,True,Audi,1,11.0,True,292.0,253.0,242.0,308.0,,,False,,False
3733.571,BOR,5,4.0,96.262,30.499,39.156,26.607,1.0,MEDIUM,4.0,True,Audi,1,11.0,True,294.0,255.0,242.0,310.0,,,False,,False
3830.14,BOR,5,5.0,96.569,30.235,40.014,26.32,1.0,MEDIUM,5.0,True,Audi,1,10.0,True,326.0,253.0,243.0,296.0,,,False,,False
3926.643,BOR,5,6.0,96.503,30.695,39.376,26.432,1.0,MEDIUM,6.0,True,Audi,1,10.0,True,287.0,254.0,245.0,294.0,,,False,,False
4022.435,BOR,5,7.0,95.792,30.486,39.048,26.258,1.0,MEDIUM,7.0,True,Audi,1,10.0,True,288.0,254.0,245.0,295.0,,,False,,False
4118.407,BOR,5,8.0,95.972,30.533,39.181,26.258,1.0,MEDIUM,8.0,True,Audi,1,10.0,True,288.0,253.0,246.0,295.0,,,False,,False
4214.548,BOR,5,9.0,96.141,30.466,39.32,26.355,1.0,MEDIUM,9.0,True,Audi,1,10.0,True,289.0,252.0,242.0,299.0,,,False,,False
4310.664,BOR,5,10.0,96.116,30.555,39.279,26.282,1.0,MEDIUM,10.0,True,Audi,1,10.0,True,290.0,253.0,242.0,298.0,,,False,,False
4406.335,BOR,5,11.0,95.671,30.398,39.007,26.266,1.0,MEDIUM,11.0,True,Audi,1,10.0,True,289.0,254.0,245.0,298.0,,,False,,False
4502.215,BOR,5,12.0,95.88,30.431,39.034,26.415,1.0,MEDIUM,12.0,True,Audi,1,10.0,True,292.0,255.0,244.0,298.0,,,False,,False
4598.508,BOR,5,13.0,96.293,30.461,39.335,26.497,1.0,MEDIUM,13.0,True,Audi,1,10.0,True,292.0,254.0,243.0,300.0,,,False,,False
4694.37,BOR,5,14.0,95.862,30.279,39.33,26.253,1.0,MEDIUM,14.0,True,Audi,1,10.0,True,295.0,253.0,245.0,298.0,,,False,,False
4790.136,BOR,5,15.0,95.766,30.283,39.237,26.246,1.0,MEDIUM,15.0,True,Audi,1,10.0,True,291.0,254.0,245.0,298.0,,,False,,False
4886.198,BOR,5,16.0,96.062,30.476,39.345,26.241,1.0,MEDIUM,16.0,True,Audi,1,10.0,True,292.0,253.0,246.0,295.0,,,False,,False
4981.86,BOR,5,17.0,95.662,30.21,39.201,26.251,1.0,MEDIUM,17.0,True,Audi,1,10.0,True,292.0,254.0,246.0,295.0,,,False,,False
5077.745,BOR,5,18.0,95.885,30.232,39.227,26.426,1.0,MEDIUM,18.0,True,Audi,1,10.0,True,290.0,255.0,245.0,295.0,,,False,,False
5173.621,BOR,5,19.0,95.876,30.321,39.336,26.219,1.0,MEDIUM,19.0,True,Audi,1,10.0,True,291.0,256.0,245.0,297.0,,,False,,False
5270.337,BOR,5,20.0,96.716,30.375,39.92,26.421,1.0,MEDIUM,20.0,True,Audi,1,10.0,True,291.0,254.0,244.0,306.0,,,False,,False
5366.897,BOR,5,21.0,96.56,30.351,38.96,27.249,1.0,MEDIUM,21.0,True,Audi,16,10.0,False,294.0,256.0,136.0,297.0,,,False,,False
5471.781,BOR,5,22.0,104.884,39.414,39.179,26.291,1.0,MEDIUM,22.0,True,Audi,671,10.0,False,292.0,257.0,240.0,297.0,,,False,,False
5567.499,BOR,5,23.0,95.718,30.3,39.145,26.273,1.0,MEDIUM,23.0,True,Audi,1,10.0,True,295.0,256.0,245.0,300.0,,,False,,False
5663.162,BOR,5,24.0,95.663,30.251,39.126,26.286,1.0,MEDIUM,24.0,True,Audi,1,10.0,True,294.0,256.0,244.0,299.0,,,False,,False
5758.687,BOR,5,25.0,95.525,30.074,39.022,26.429,1.0,MEDIUM,25.0,True,Audi,1,10.0,True,293.0,256.0,244.0,300.0,,,False,,False
5853.837,BOR,5,26.0,95.15,30.065,39.531,25.554,1.0,MEDIUM,26.0,True,Audi,1,10.0,False,299.0,257.0,,301.0,,5847.812,False,,False
5968.47,BOR,5,27.0,114.633,50.38,38.306,25.947,2.0,HARD,1.0,True,Audi,1,10.0,False,288.0,258.0,246.0,295.0,5876.557,,False,,False
6062.54,BOR,5,28.0,94.07,29.733,38.502,25.835,2.0,HARD,2.0,True,Audi,1,10.0,True,302.0,260.0,248.0,310.0,,,False,,False
6156.316,BOR,5,29.0,93.776,29.731,38.138,25.907,2.0,HARD,3.0,True,Audi,1,10.0,True,295.0,260.0,248.0,310.0,,,False,,False
6249.966,BOR,5,30.0,93.65,29.78,38.063,25.807,2.0,HARD,4.0,True,Audi,1,10.0,True,292.0,260.0,248.0,309.0,,,False,,False
6344.124,BOR,5,31.0,94.158,29.958,38.371,25.829,2.0,HARD,5.0,True,Audi,1,10.0,True,292.0,258.0,248.0,308.0,,,False,,False
6438.546,BOR,5,32.0,94.422,29.895,38.555,25.972,2.0,HARD,6.0,True,Audi,1,10.0,True,294.0,256.0,246.0,300.0,,,False,,False
6533.198,BOR,5,33.0,94.652,30.037,38.539,26.076,2.0,HARD,7.0,True,Audi,1,10.0,True,292.0,256.0,247.0,299.0,,,False,,False
6627.683,BOR,5,34.0,94.485,30.004,38.53,25.951,2.0,HARD,8.0,True,Audi,1,10.0,True,292.0,258.0,247.0,302.0,,,False,,False
6722.199,BOR,5,35.0,94.516,30.099,38.408,26.009,2.0,HARD,9.0,True,Audi,1,10.0,True,290.0,258.0,247.0,301.0,,,False,,False
6816.787,BOR,5,36.0,94.588,30.041,38.59,25.957,2.0,HARD,10.0,True,Audi,1,10.0,True,292.0,258.0,249.0,300.0,,,False,,False
6911.294,BOR,5,37.0,94.507,29.938,38.596,25.973,2.0,HARD,11.0,True,Audi,1,10.0,True,293.0,259.0,246.0,299.0,,,False,,False
7025.304,BOR,5,38.0,114.01,30.062,52.073,31.875,2.0,HARD,12.0,True,Audi,1267,10.0,False,291.0,239.0,170.0,274.0,,,False,,False
7123.134,BOR,5,39.0,97.83,33.467,38.436,25.927,2.0,HARD,13.0,True,Audi,71,10.0,False,293.0,259.0,249.0,300.0,,,False,,False
7217.546,BOR,5,40.0,94.412,29.93,38.369,26.113,2.0,HARD,14.0,True,Audi,1,10.0,True,295.0,260.0,249.0,297.0,,,False,,False
7312.194,BOR,5,41.0,94.648,29.953,38.777,25.918,2.0,HARD,15.0,True,Audi,1,10.0,True,296.0,258.0,248.0,304.0,,,False,,False
7406.646,BOR,5,42.0,94.452,29.801,38.677,25.974,2.0,HARD,16.0,True,Audi,1,10.0,True,294.0,258.0,248.0,301.0,,,False,,False
7501.304,BOR,5,43.0,94.658,29.965,38.697,25.996,2.0,HARD,17.0,True,Audi,1,10.0,True,291.0,258.0,249.0,299.0,,,False,,False
7595.706,BOR,5,44.0,94.402,29.968,38.495,25.939,2.0,HARD,18.0,True,Audi,1,9.0,True,293.0,259.0,249.0,297.0,,,False,,False
7689.945,BOR,5,45.0,94.239,29.843,38.525,25.871,2.0,HARD,19.0,True,Audi,1,9.0,True,292.0,260.0,249.0,299.0,,,False,,False
7784.483,BOR,5,46.0,94.538,29.915,38.558,26.065,2.0,HARD,20.0,True,Audi,1,9.0,True,293.0,258.0,250.0,296.0,,,False,,False
7890.529,BOR,5,47.0,106.046,29.929,45.853,30.264,2.0,HARD,21.0,True,Audi,124,8.0,False,294.0,232.0,,229.0,,7884.488,False,,False
8033.493,BOR,5,48.0,142.964,57.885,51.694,33.385,3.0,SOFT,1.0,True,Audi,4,8.0,False,184.0,144.0,224.0,264.0,7914.429,,False,,False
8137.177,BOR,5,49.0,103.684,32.507,40.523,30.654,3.0,SOFT,2.0,True,Audi,4,8.0,False,268.0,264.0,223.0,295.0,,,False,,False
8269.715,BOR,5,50.0,132.538,32.051,51.834,48.653,3.0,SOFT,3.0,True,Audi,4,8.0,False,277.0,108.0,81.0,196.0,,,False,,False
8432.877,BOR,5,51.0,,51.856,68.162,43.09,3.0,SOFT,4.0,True,Audi,4,8.0,False,162.0,117.0,148.0,155.0,,,False,,False
8573.6,BOR,5,52.0,140.723,46.097,60.106,34.52,3.0,SOFT,5.0,True,Audi,4,8.0,False,212.0,125.0,242.0,222.0,,,False,,False
3443.787,SAI,55,1.0,103.989,,40.704,27.146,1.0,MEDIUM,1.0,True,Williams,12,10.0,False,316.0,251.0,230.0,302.0,,,False,,False
3540.314,SAI,55,2.0,96.527,31.004,39.164,26.359,1.0,MEDIUM,2.0,True,Williams,12,10.0,True,287.0,256.0,245.0,308.0,,,False,,False
3636.784,SAI,55,3.0,96.47,30.254,39.468,26.748,1.0,MEDIUM,3.0,True,Williams,1,10.0,True,293.0,253.0,242.0,304.0,,,False,,False
3733.076,SAI,55,4.0,96.292,30.356,39.349,26.587,1.0,MEDIUM,4.0,True,Williams,1,10.0,True,296.0,255.0,238.0,308.0,,,False,,False
3831.151,SAI,55,5.0,98.075,30.71,39.812,27.553,1.0,MEDIUM,5.0,True,Williams,1,11.0,True,305.0,243.0,238.0,295.0,,,False,,False
3928.575,SAI,55,6.0,97.424,30.479,39.556,27.389,1.0,MEDIUM,6.0,True,Williams,1,12.0,True,300.0,255.0,241.0,309.0,,,False,,False
4025.73,SAI,55,7.0,97.155,30.451,39.366,27.338,1.0,MEDIUM,7.0,True,Williams,1,12.0,True,312.0,253.0,245.0,295.0,,,False,,False
4122.907,SAI,55,8.0,97.177,30.258,39.657,27.262,1.0,MEDIUM,8.0,True,Williams,1,12.0,True,330.0,250.0,243.0,294.0,,,True,TRACK LIMITS AT TURN 15 LAP 8 ,False
4220.656,SAI,55,9.0,97.749,30.977,39.7,27.072,1.0,MEDIUM,9.0,True,Williams,1,13.0,True,298.0,253.0,241.0,316.0,,,False,,False
4318.537,SAI,55,10.0,97.881,30.959,40.115,26.807,1.0,MEDIUM,10.0,True,Williams,1,13.0,True,315.0,252.0,240.0,305.0,,,False,,False
4415.491,SAI,55,11.0,96.954,30.584,39.638,26.732,1.0,MEDIUM,11.0,True,Williams,1,13.0,True,298.0,253.0,243.0,304.0,,,False,,False
4512.467,SAI,55,12.0,96.976,30.56,39.697,26.719,1.0,MEDIUM,12.0,True,Williams,1,13.0,True,296.0,253.0,242.0,302.0,,,False,,False
4609.102,SAI,55,13.0,96.635,30.455,39.517,26.663,1.0,MEDIUM,13.0,True,Williams,1,13.0,True,295.0,253.0,243.0,300.0,,,False,,False
4705.153,SAI,55,14.0,96.051,30.146,39.37,26.535,1.0,MEDIUM,14.0,True,Williams,1,13.0,True,296.0,254.0,243.0,303.0,,,False,,False
4801.536,SAI,55,15.0,96.383,30.243,39.584,26.556,1.0,MEDIUM,15.0,True,Williams,1,13.0,True,297.0,255.0,245.0,302.0,,,False,,False
4898.09,SAI,55,16.0,96.554,30.453,39.615,26.486,1.0,MEDIUM,16.0,True,Williams,1,13.0,True,295.0,253.0,243.0,296.0,,,False,,False
4994.676,SAI,55,17.0,96.586,30.119,39.569,26.898,1.0,MEDIUM,17.0,True,Williams,1,13.0,True,297.0,254.0,241.0,298.0,,,True,TRACK LIMITS AT TURN 18 LAP 17 ,False
5091.333,SAI,55,18.0,96.657,30.422,39.39,26.845,1.0,MEDIUM,18.0,True,Williams,1,13.0,True,297.0,254.0,243.0,297.0,,,False,,False
5187.621,SAI,55,19.0,96.288,30.239,39.468,26.581,1.0,MEDIUM,19.0,True,Williams,1,13.0,True,294.0,257.0,244.0,300.0,,,False,,False
5283.137,SAI,55,20.0,95.516,30.268,39.323,25.925,1.0,MEDIUM,20.0,True,Williams,1,13.0,False,300.0,253.0,,297.0,,5277.301,False,,False
5408.786,SAI,55,21.0,125.649,51.054,45.031,29.564,2.0,HARD,1.0,True,Williams,167,16.0,False,303.0,166.0,238.0,263.0,5306.127,,False,,False
5504.235,SAI,55,22.0,95.449,30.598,38.711,26.14,2.0,HARD,2.0,True,Williams,1,14.0,True,288.0,256.0,249.0,296.0,,,False,,False
5599.158,SAI,55,23.0,94.923,30.087,38.562,26.274,2.0,HARD,3.0,True,Williams,1,14.0,True,297.0,257.0,249.0,299.0,,,False,,False
5695.695,SAI,55,24.0,96.537,30.238,39.828,26.471,2.0,HARD,4.0,True,Williams,1,13.0,True,303.0,253.0,246.0,298.0,,,True,TRACK LIMITS AT TURN 9 LAP 24 ,False
5792.437,SAI,55,25.0,96.742,30.437,39.231,27.074,2.0,HARD,5.0,True,Williams,1,15.0,True,292.0,257.0,241.0,309.0,,,False,,False
5887.986,SAI,55,26.0,95.549,30.032,39.111,26.406,2.0,HARD,6.0,True,Williams,1,15.0,True,313.0,259.0,245.0,314.0,,,False,,False
5983.693,SAI,55,27.0,95.707,29.917,39.167,26.623,2.0,HARD,7.0,True,Williams,1,15.0,True,304.0,258.0,237.0,338.0,,,False,,False
6079.462,SAI,55,28.0,95.769,30.16,38.974,26.635,2.0,HARD,8.0,True,Williams,1,14.0,True,332.0,255.0,245.0,296.0,,,False,,False
6174.915,SAI,55,29.0,95.453,30.263,38.827,26.363,2.0,HARD,9.0,True,Williams,1,14.0,True,292.0,256.0,246.0,301.0,,,False,,False
6270.437,SAI,55,30.0,95.522,30.236,38.931,26.355,2.0,HARD,10.0,True,Williams,1,14.0,True,292.0,256.0,246.0,299.0,,,False,,False
6366.057,SAI,55,31.0,95.62,30.123,39.146,26.351,2.0,HARD,11.0,True,Williams,1,14.0,True,293.0,255.0,248.0,298.0,,,False,,False
6463.241,SAI,55,32.0,97.184,30.568,40.01,26.606,2.0,HARD,12.0,True,Williams,1,14.0,True,229.0,255.0,243.0,303.0,,,False,,False
6559.807,SAI,55,33.0,96.566,30.181,39.159,27.226,2.0,HARD,13.0,True,Williams,1,15.0,True,301.0,256.0,239.0,308.0,,,False,,False
6657.165,SAI,55,34.0,97.358,30.134,40.251,26.973,2.0,HARD,14.0,True,Williams,1,15.0,True,332.0,249.0,241.0,301.0,,,False,,False
6752.94,SAI,55,35.0,95.775,30.185,39.248,26.342,2.0,HARD,15.0,True,Williams,1,14.0,True,298.0,258.0,245.0,310.0,,,False,,False
6849.637,SAI,55,36.0,96.697,30.158,40.293,26.246,2.0,HARD,16.0,True,Williams,1,14.0,True,301.0,257.0,246.0,313.0,,,False,,False
6946.538,SAI,55,37.0,96.901,30.222,39.128,27.551,2.0,HARD,17.0,True,Williams,12,13.0,True,294.0,258.0,238.0,272.0,,,False,,False
7065.931,SAI,55,38.0,119.393,41.473,51.487,26.433,2.0,HARD,18.0,True,Williams,2671,13.0,False,228.0,260.0,247.0,314.0,,,False,,False
7161.191,SAI,55,39.0,95.26,30.04,38.878,26.342,2.0,HARD,19.0,True,Williams,1,13.0,True,296.0,258.0,246.0,301.0,,,False,,False
7256.733,SAI,55,40.0,95.542,30.162,39.043,26.337,2.0,HARD,20.0,True,Williams,1,13.0,True,293.0,257.0,248.0,299.0,,,False,,False
7352.286,SAI,55,41.0,95.553,30.017,39.18,26.356,2.0,HARD,21.0,True,Williams,1,13.0,True,299.0,258.0,248.0,301.0,,,False,,False
7447.371,SAI,55,42.0,95.085,29.768,38.921,26.396,2.0,HARD,22.0,True,Williams,1,13.0,True,300.0,259.0,247.0,304.0,,,False,,False
7543.037,SAI,55,43.0,95.666,29.842,39.415,26.409,2.0,HARD,23.0,True,Williams,1,13.0,True,305.0,258.0,245.0,300.0,,,False,,False
7640.025,SAI,55,44.0,96.988,30.461,39.718,26.809,2.0,HARD,24.0,True,Williams,1,14.0,True,231.0,260.0,241.0,326.0,,,False,,False
7735.625,SAI,55,45.0,95.6,30.122,39.103,26.375,2.0,HARD,25.0,True,Williams,1,14.0,True,303.0,261.0,244.0,311.0,,,False,,False
7832.329,SAI,55,46.0,96.704,30.325,39.557,26.822,2.0,HARD,26.0,True,Williams,12,14.0,True,244.0,260.0,244.0,307.0,,,False,,False
7960.533,SAI,55,47.0,128.204,39.517,54.426,34.261,2.0,HARD,27.0,True,Williams,24,13.0,False,207.0,210.0,200.0,263.0,,,False,,False
8081.107,SAI,55,48.0,120.574,38.253,50.975,31.346,2.0,HARD,28.0,True,Williams,4,12.0,False,253.0,190.0,,220.0,,8075.184,False,,False
8259.042,SAI,55,49.0,,59.148,70.561,48.184,3.0,SOFT,1.0,True,Williams,4,13.0,False,141.0,110.0,85.0,115.0,8104.479,,False,,False
8357.394,SAI,55,50.0,98.352,34.767,37.981,25.604,3.0,SOFT,2.0,True,Williams,4,13.0,False,310.0,265.0,256.0,305.0,,,False,,False
8450.128,SAI,55,51.0,92.734,29.169,37.71,25.855,3.0,SOFT,3.0,True,Williams,4,13.0,False,300.0,265.0,250.0,300.0,,,False,,False
8575.566,SAI,55,52.0,125.438,35.887,55.811,33.74,3.0,SOFT,4.0,True,Williams,4,13.0,False,173.0,150.0,233.0,265.0,,,False,,False
3438.554,HAD,6,1.0,98.756,,39.212,25.966,1.0,MEDIUM,1.0,True,Red Bull Racing,12,5.0,False,314.0,256.0,249.0,311.0,,,False,,False
3533.499,HAD,6,2.0,94.945,30.149,39.107,25.689,1.0,MEDIUM,2.0,True,Red Bull Racing,12,5.0,True,313.0,258.0,244.0,328.0,,,False,,False
3629.871,HAD,6,3.0,96.372,30.737,39.556,26.079,1.0,MEDIUM,3.0,True,Red Bull Racing,1,6.0,True,308.0,256.0,244.0,331.0,,,False,,False
3724.717,HAD,6,4.0,94.846,29.919,38.927,26.0,1.0,MEDIUM,4.0,True,Red Bull Racing,1,6.0,True,311.0,258.0,247.0,313.0,,,False,,False
3819.719,HAD,6,5.0,95.002,30.016,38.833,26.153,1.0,MEDIUM,5.0,True,Red Bull Racing,1,6.0,True,310.0,258.0,247.0,310.0,,,False,,False
3914.25,HAD,6,6.0,94.531,29.878,38.67,25.983,1.0,MEDIUM,6.0,True,Red Bull Racing,1,6.0,True,313.0,259.0,246.0,313.0,,,False,,False
4009.132,HAD,6,7.0,94.882,29.959,38.81,26.113,1.0,MEDIUM,7.0,True,Red Bull Racing,1,6.0,True,311.0,257.0,246.0,306.0,,,False,,False
4104.302,HAD,6,8.0,95.17,30.257,38.892,26.021,1.0,MEDIUM,8.0,True,Red Bull Racing,1,6.0,True,301.0,256.0,247.0,304.0,,,False,,False
4199.642,HAD,6,9.0,95.34,30.295,39.008,26.037,1.0,MEDIUM,9.0,True,Red Bull Racing,1,6.0,True,304.0,256.0,246.0,305.0,,,False,,False
4295.179,HAD,6,10.0,95.537,30.313,39.133,26.091,1.0,MEDIUM,10.0,True,Red Bull Racing,1,6.0,True,301.0,256.0,243.0,304.0,,,False,,False
4390.832,HAD,6,11.0,95.653,30.168,39.198,26.287,1.0,MEDIUM,11.0,True,Red Bull Racing,1,6.0,True,301.0,254.0,245.0,300.0,,,False,,False
4486.397,HAD,6,12.0,95.565,30.294,39.059,26.212,1.0,MEDIUM,12.0,True,Red Bull Racing,1,6.0,True,300.0,253.0,244.0,302.0,,,False,,False
4581.733,HAD,6,13.0,95.336,30.227,39.052,26.057,1.0,MEDIUM,13.0,True,Red Bull Racing,1,6.0,True,300.0,257.0,246.0,302.0,,,False,,False
4676.762,HAD,6,14.0,95.029,30.044,39.071,25.914,1.0,MEDIUM,14.0,True,Red Bull Racing,1,6.0,True,302.0,260.0,247.0,313.0,,,False,,False
4772.067,HAD,6,15.0,95.305,30.041,39.163,26.101,1.0,MEDIUM,15.0,True,Red Bull Racing,1,6.0,True,301.0,256.0,246.0,298.0,,,False,,False
4867.251,HAD,6,16.0,95.184,30.213,38.964,26.007,1.0,MEDIUM,16.0,True,Red Bull Racing,1,6.0,True,300.0,257.0,245.0,300.0,,,False,,False
4962.633,HAD,6,17.0,95.382,30.104,38.943,26.335,1.0,MEDIUM,17.0,True,Red Bull Racing,1,6.0,True,299.0,256.0,246.0,298.0,,,False,,False
5057.657,HAD,6,18.0,95.024,30.015,38.847,26.162,1.0,MEDIUM,18.0,True,Red Bull Racing,1,5.0,True,299.0,256.0,247.0,299.0,,,False,,False
5151.809,HAD,6,19.0,94.152,30.143,38.785,25.224,1.0,MEDIUM,19.0,True,Red Bull Racing,1,5.0,False,295.0,260.0,,310.0,,5145.933,False,,False
5268.931,HAD,6,20.0,117.122,52.342,39.009,25.771,2.0,HARD,1.0,True,Red Bull Racing,1,9.0,False,312.0,257.0,250.0,301.0,5175.968,,False,,False
5362.974,HAD,6,21.0,94.043,29.941,38.198,25.904,2.0,HARD,2.0,True,Red Bull Racing,16,9.0,False,298.0,258.0,238.0,303.0,,,False,,False
5468.641,HAD,6,22.0,105.667,40.572,38.771,26.324,2.0,HARD,3.0,True,Red Bull Racing,671,9.0,False,266.0,261.0,246.0,327.0,,,False,,False
5563.371,HAD,6,23.0,94.73,30.119,38.696,25.915,2.0,HARD,4.0,True,Red Bull Racing,1,8.0,True,308.0,260.0,249.0,302.0,,,False,,False
5657.873,HAD,6,24.0,94.502,29.906,38.546,26.05,2.0,HARD,5.0,True,Red Bull Racing,1,8.0,True,301.0,257.0,246.0,304.0,,,False,,False
5752.203,HAD,6,25.0,94.33,29.934,38.79,25.606,2.0,HARD,6.0,True,Red Bull Racing,1,7.0,True,308.0,260.0,247.0,326.0,,,False,,False
5846.907,HAD,6,26.0,94.704,30.01,38.432,26.262,2.0,HARD,7.0,True,Red Bull Racing,1,7.0,True,300.0,259.0,247.0,301.0,,,False,,False
5941.543,HAD,6,27.0,94.636,29.955,38.735,25.946,2.0,HARD,8.0,True,Red Bull Racing,1,7.0,True,302.0,259.0,247.0,300.0,,,False,,False
6035.786,HAD,6,28.0,94.243,29.869,38.43,25.944,2.0,HARD,9.0,True,Red Bull Racing,1,7.0,True,304.0,261.0,248.0,302.0,,,False,,False
6129.727,HAD,6,29.0,93.941,29.957,38.322,25.662,2.0,HARD,10.0,True,Red Bull Racing,1,6.0,True,304.0,262.0,248.0,315.0,,,False,,False
6224.604,HAD,6,30.0,94.877,30.189,38.926,25.762,2.0,HARD,11.0,True,Red Bull Racing,1,7.0,True,298.0,262.0,248.0,316.0,,,False,,False
6319.329,HAD,6,31.0,94.725,30.048,38.681,25.996,2.0,HARD,12.0,True,Red Bull Racing,1,7.0,True,300.0,255.0,248.0,303.0,,,False,,False
6414.172,HAD,6,32.0,94.843,30.105,38.665,26.073,2.0,HARD,13.0,True,Red Bull Racing,1,7.0,True,300.0,258.0,249.0,303.0,,,False,,False
6508.932,HAD,6,33.0,94.76,29.892,38.705,26.163,2.0,HARD,14.0,True,Red Bull Racing,1,7.0,True,307.0,257.0,250.0,301.0,,,False,,False
6603.256,HAD,6,34.0,94.324,29.946,38.438,25.94,2.0,HARD,15.0,True,Red Bull Racing,1,7.0,True,300.0,258.0,248.0,301.0,,,False,,False
6697.516,HAD,6,35.0,94.26,30.006,38.35,25.904,2.0,HARD,16.0,True,Red Bull Racing,1,6.0,True,302.0,259.0,248.0,301.0,,,False,,False
6792.477,HAD,6,36.0,94.961,30.062,38.924,25.975,2.0,HARD,17.0,True,Red Bull Racing,1,7.0,True,311.0,259.0,250.0,306.0,,,False,,False
6886.801,HAD,6,37.0,94.324,30.012,38.39,25.922,2.0,HARD,18.0,True,Red Bull Racing,1,7.0,True,302.0,260.0,249.0,303.0,,,False,,False
6989.255,HAD,6,38.0,102.454,29.847,42.369,30.238,2.0,HARD,19.0,True,Red Bull Racing,126,7.0,False,304.0,185.0,,252.0,,6983.445,False,,False
7112.45,HAD,6,39.0,123.195,60.708,37.435,25.052,3.0,MEDIUM,1.0,True,Red Bull Racing,671,7.0,False,305.0,263.0,254.0,303.0,7019.794,,False,,False
7204.718,HAD,6,40.0,92.268,29.517,37.38,25.371,3.0,MEDIUM,2.0,True,Red Bull Racing,1,7.0,True,294.0,261.0,253.0,299.0,,,False,,False
7297.415,HAD,6,41.0,92.697,29.653,37.631,25.413,3.0,MEDIUM,3.0,True,Red Bull Racing,1,7.0,True,298.0,261.0,250.0,300.0,,,False,,False
7390.334,HAD,6,42.0,92.919,29.649,37.781,25.489,3.0,MEDIUM,4.0,True,Red Bull Racing,1,7.0,True,302.0,262.0,252.0,304.0,,,False,,False
7483.229,HAD,6,43.0,92.895,29.67,37.749,25.476,3.0,MEDIUM,5.0,True,Red Bull Racing,1,6.0,True,304.0,261.0,251.0,303.0,,,False,,False
7575.922,HAD,6,44.0,92.693,29.633,37.689,25.371,3.0,MEDIUM,6.0,True,Red Bull Racing,1,6.0,True,303.0,262.0,251.0,303.0,,,False,,False
7668.403,HAD,6,45.0,92.481,29.644,37.454,25.383,3.0,MEDIUM,7.0,True,Red Bull Racing,1,6.0,True,303.0,263.0,251.0,303.0,,,False,,False
7761.475,HAD,6,46.0,93.072,29.634,37.925,25.513,3.0,MEDIUM,8.0,True,Red Bull Racing,1,6.0,True,308.0,262.0,251.0,307.0,,,False,,False
7858.547,HAD,6,47.0,97.072,29.73,37.633,29.709,3.0,MEDIUM,9.0,True,Red Bull Racing,124,5.0,False,303.0,263.0,,303.0,,7852.586,False,,False
8003.322,HAD,6,48.0,144.775,59.335,50.946,34.494,4.0,SOFT,4.0,False,Red Bull Racing,4,5.0,False,162.0,176.0,223.0,269.0,7882.243,,False,,False
8128.164,HAD,6,49.0,124.842,37.898,52.574,34.37,4.0,SOFT,5.0,False,Red Bull Racing,4,5.0,False,229.0,208.0,231.0,166.0,,,False,,False
8264.652,HAD,6,50.0,136.488,32.264,55.663,48.561,4.0,SOFT,6.0,False,Red Bull Racing,4,5.0,False,284.0,111.0,98.0,182.0,,,False,,False
8430.529,HAD,6,51.0,,55.082,67.074,43.682,4.0,SOFT,7.0,False,Red Bull Racing,4,5.0,False,97.0,128.0,133.0,177.0,,,False,,False
8572.77,HAD,6,52.0,142.241,46.585,60.147,35.509,4.0,SOFT,8.0,False,Red Bull Racing,4,5.0,False,177.0,133.0,212.0,231.0,,,False,,False
3437.969,RUS,63,1.0,98.171,,38.912,25.976,1.0,MEDIUM,1.0,True,Mercedes,12,4.0,False,320.0,264.0,235.0,332.0,,,False,,False
3532.778,RUS,63,2.0,94.809,30.687,38.459,25.663,1.0,MEDIUM,2.0,True,Mercedes,12,4.0,True,309.0,260.0,244.0,312.0,,,False,,False
3627.503,RUS,63,3.0,94.725,30.147,38.492,26.086,1.0,MEDIUM,3.0,True,Mercedes,1,4.0,True,305.0,256.0,240.0,307.0,,,False,,False
3722.101,RUS,63,4.0,94.598,30.285,38.353,25.96,1.0,MEDIUM,4.0,True,Mercedes,1,4.0,True,304.0,256.0,246.0,301.0,,,False,,False
3816.87,RUS,63,5.0,94.769,30.342,38.463,25.964,1.0,MEDIUM,5.0,True,Mercedes,1,4.0,True,294.0,257.0,246.0,302.0,,,False,,False
3911.742,RUS,63,6.0,94.872,30.412,38.435,26.025,1.0,MEDIUM,6.0,True,Mercedes,1,4.0,True,293.0,257.0,246.0,301.0,,,False,,False
4006.211,RUS,63,7.0,94.469,30.133,38.329,26.007,1.0,MEDIUM,7.0,True,Mercedes,1,4.0,True,303.0,255.0,247.0,300.0,,,False,,False
4101.008,RUS,63,8.0,94.797,30.302,38.518,25.977,1.0,MEDIUM,8.0,True,Mercedes,1,4.0,True,304.0,255.0,247.0,298.0,,,False,,False
4196.051,RUS,63,9.0,95.043,30.523,38.432,26.088,1.0,MEDIUM,9.0,True,Mercedes,1,4.0,True,297.0,254.0,245.0,299.0,,,False,,False
4291.098,RUS,63,10.0,95.047,30.569,38.497,25.981,1.0,MEDIUM,10.0,True,Mercedes,1,4.0,True,294.0,254.0,245.0,300.0,,,False,,False
4386.205,RUS,63,11.0,95.107,30.377,38.603,26.127,1.0,MEDIUM,11.0,True,Mercedes,1,4.0,True,297.0,253.0,245.0,298.0,,,False,,False
4481.166,RUS,63,12.0,94.961,30.358,38.444,26.159,1.0,MEDIUM,12.0,True,Mercedes,1,4.0,True,294.0,254.0,245.0,301.0,,,False,,False
4576.243,RUS,63,13.0,95.077,30.443,38.633,26.001,1.0,MEDIUM,13.0,True,Mercedes,1,4.0,True,300.0,254.0,246.0,297.0,,,False,,False
4670.951,RUS,63,14.0,94.708,30.153,38.679,25.876,1.0,MEDIUM,14.0,True,Mercedes,1,4.0,True,303.0,257.0,244.0,306.0,,,False,,False
4765.515,RUS,63,15.0,94.564,30.197,38.664,25.703,1.0,MEDIUM,15.0,True,Mercedes,1,4.0,True,306.0,260.0,245.0,306.0,,,False,,False
4860.382,RUS,63,16.0,94.867,30.339,38.684,25.844,1.0,MEDIUM,16.0,True,Mercedes,1,4.0,True,304.0,256.0,245.0,303.0,,,False,,False
4956.165,RUS,63,17.0,95.783,30.232,39.506,26.045,1.0,MEDIUM,17.0,True,Mercedes,1,5.0,True,304.0,259.0,235.0,321.0,,,False,,False
5051.361,RUS,63,18.0,95.196,30.832,38.395,25.969,1.0,MEDIUM,18.0,True,Mercedes,1,4.0,True,295.0,255.0,246.0,300.0,,,False,,False
5145.942,RUS,63,19.0,94.581,30.325,38.301,25.955,1.0,MEDIUM,19.0,True,Mercedes,1,4.0,True,291.0,255.0,247.0,299.0,,,False,,False
5240.495,RUS,63,20.0,94.553,30.336,38.335,25.882,1.0,MEDIUM,20.0,True,Mercedes,1,4.0,True,291.0,256.0,246.0,299.0,,,False,,False
5334.9,RUS,63,21.0,94.405,30.21,38.257,25.938,1.0,MEDIUM,21.0,True,Mercedes,1,4.0,True,299.0,256.0,247.0,302.0,,,False,,False
5440.834,RUS,63,22.0,105.934,32.048,48.073,25.813,1.0,MEDIUM,22.0,True,Mercedes,167,4.0,False,116.0,257.0,250.0,300.0,,,False,,False
5534.784,RUS,63,23.0,93.95,30.078,38.316,25.556,1.0,MEDIUM,23.0,True,Mercedes,1,4.0,False,299.0,256.0,,296.0,,5528.864,False,,False
5648.487,RUS,63,24.0,113.703,50.47,37.7,25.533,2.0,HARD,1.0,True,Mercedes,1,5.0,False,293.0,259.0,252.0,296.0,5557.473,,False,,False
5741.245,RUS,63,25.0,92.758,29.67,37.571,25.517,2.0,HARD,2.0,True,Mercedes,1,5.0,True,294.0,261.0,250.0,304.0,,,False,,False
5834.052,RUS,63,26.0,92.807,29.621,37.778,25.408,2.0,HARD,3.0,True,Mercedes,1,5.0,True,307.0,263.0,247.0,311.0,,,False,,False
5927.005,RUS,63,27.0,92.953,29.85,37.769,25.334,2.0,HARD,4.0,True,Mercedes,1,5.0,True,305.0,265.0,248.0,314.0,,,False,,False
6020.113,RUS,63,28.0,93.108,29.677,37.886,25.545,2.0,HARD,5.0,True,Mercedes,1,5.0,True,313.0,263.0,247.0,317.0,,,False,,False
6114.61,RUS,63,29.0,94.497,29.68,39.267,25.55,2.0,HARD,6.0,True,Mercedes,1,4.0,True,315.0,262.0,245.0,310.0,,,False,,False
6208.344,RUS,63,30.0,93.734,29.925,37.887,25.922,2.0,HARD,7.0,True,Mercedes,1,4.0,True,311.0,262.0,246.0,316.0,,,False,,False
6302.239,RUS,63,31.0,93.895,30.015,38.129,25.751,2.0,HARD,8.0,True,Mercedes,1,4.0,True,315.0,258.0,245.0,308.0,,,False,,False
6396.254,RUS,63,32.0,94.015,30.07,38.057,25.888,2.0,HARD,9.0,True,Mercedes,1,4.0,True,308.0,262.0,247.0,320.0,,,False,,False
6490.434,RUS,63,33.0,94.18,29.934,38.29,25.956,2.0,HARD,10.0,True,Mercedes,1,4.0,True,313.0,263.0,239.0,330.0,,,False,,False
6583.864,RUS,63,34.0,93.43,30.001,38.335,25.094,2.0,HARD,11.0,True,Mercedes,1,3.0,False,319.0,262.0,,325.0,,6577.973,False,,False
6697.905,RUS,63,35.0,114.041,50.42,37.858,25.763,3.0,MEDIUM,7.0,False,Mercedes,1,7.0,False,294.0,260.0,248.0,310.0,6606.364,,False,,False
6790.394,RUS,63,36.0,92.489,29.639,37.384,25.466,3.0,MEDIUM,8.0,False,Mercedes,1,6.0,True,302.0,262.0,253.0,305.0,,,False,,False
6882.892,RUS,63,37.0,92.498,29.695,37.379,25.424,3.0,MEDIUM,9.0,False,Mercedes,1,6.0,True,295.0,261.0,253.0,302.0,,,False,,False
6987.056,RUS,63,38.0,104.164,29.621,39.256,35.287,3.0,MEDIUM,10.0,False,Mercedes,126,6.0,False,297.0,127.0,172.0,268.0,,,False,,False
7092.552,RUS,63,39.0,105.496,41.009,38.856,25.631,3.0,MEDIUM,11.0,False,Mercedes,671,5.0,False,168.0,263.0,254.0,293.0,,,False,,False
7185.135,RUS,63,40.0,92.583,29.607,37.46,25.516,3.0,MEDIUM,12.0,False,Mercedes,1,5.0,True,300.0,261.0,251.0,299.0,,,False,,False
7277.867,RUS,63,41.0,92.732,29.786,37.556,25.39,3.0,MEDIUM,13.0,False,Mercedes,1,5.0,True,308.0,262.0,252.0,299.0,,,False,,False
7370.553,RUS,63,42.0,92.686,29.755,37.46,25.471,3.0,MEDIUM,14.0,False,Mercedes,1,4.0,True,304.0,261.0,253.0,305.0,,,False,,False
7463.308,RUS,63,43.0,92.755,29.657,37.409,25.689,3.0,MEDIUM,15.0,False,Mercedes,1,4.0,True,303.0,260.0,251.0,303.0,,,False,,False
7555.799,RUS,63,44.0,92.491,29.681,37.277,25.533,3.0,MEDIUM,16.0,False,Mercedes,1,4.0,True,306.0,261.0,249.0,311.0,,,False,,False
7648.941,RUS,63,45.0,93.142,29.67,37.724,25.748,3.0,MEDIUM,17.0,False,Mercedes,1,4.0,True,314.0,261.0,251.0,310.0,,,False,,False
7741.927,RUS,63,46.0,92.986,29.703,37.579,25.704,3.0,MEDIUM,18.0,False,Mercedes,1,4.0,True,300.0,261.0,250.0,303.0,,,False,,False
7835.185,RUS,63,47.0,93.258,29.544,37.502,26.212,3.0,MEDIUM,19.0,False,Mercedes,12,3.0,True,308.0,262.0,253.0,310.0,,,False,,False
7962.024,RUS,63,48.0,126.839,41.8,50.732,34.307,3.0,MEDIUM,20.0,False,Mercedes,24,3.0,False,277.0,249.0,187.0,210.0,,,False,,False
8093.01,RUS,63,49.0,130.986,41.49,49.764,39.732,3.0,MEDIUM,21.0,False,Mercedes,4,2.0,False,236.0,195.0,252.0,241.0,,,False,,False
8256.179,RUS,63,50.0,,45.025,70.299,47.791,3.0,MEDIUM,22.0,False,Mercedes,4,2.0,False,119.0,83.0,97.0,97.0,,,False,,False
8428.303,RUS,63,51.0,,60.36,67.249,44.541,3.0,MEDIUM,23.0,False,Mercedes,4,2.0,False,123.0,95.0,140.0,143.0,,,False,,False
8571.588,RUS,63,52.0,143.285,46.335,59.951,36.999,3.0,MEDIUM,24.0,False,Mercedes,4,2.0,False,166.0,143.0,193.0,186.0,,,False,,False
3447.094,BOT,77,1.0,107.296,,41.95,27.355,1.0,MEDIUM,1.0,True,Cadillac,12,18.0,False,282.0,253.0,235.0,312.0,,,False,,False
3545.802,BOT,77,2.0,98.708,31.116,40.98,26.612,1.0,MEDIUM,2.0,True,Cadillac,12,16.0,True,288.0,256.0,239.0,313.0,,,False,,False
3643.329,BOT,77,3.0,97.527,30.84,39.779,26.908,1.0,MEDIUM,3.0,True,Cadillac,1,16.0,True,290.0,253.0,240.0,302.0,,,False,,False
3740.612,BOT,77,4.0,97.283,30.729,39.662,26.892,1.0,MEDIUM,4.0,True,Cadillac,1,16.0,True,288.0,252.0,241.0,298.0,,,False,,False
3837.769,BOT,77,5.0,97.157,30.567,39.846,26.744,1.0,MEDIUM,5.0,True,Cadillac,1,16.0,True,289.0,252.0,240.0,302.0,,,False,,False
3935.797,BOT,77,6.0,98.028,30.643,39.707,27.678,1.0,MEDIUM,6.0,True,Cadillac,1,17.0,True,293.0,256.0,238.0,304.0,,,False,,False
4034.211,BOT,77,7.0,98.414,30.995,39.947,27.472,1.0,MEDIUM,7.0,True,Cadillac,1,18.0,True,295.0,253.0,238.0,306.0,,,False,,False
4131.97,BOT,77,8.0,97.759,31.001,40.041,26.717,1.0,MEDIUM,8.0,True,Cadillac,1,18.0,True,292.0,253.0,239.0,309.0,,,False,,False
4230.134,BOT,77,9.0,98.164,30.826,40.158,27.18,1.0,MEDIUM,9.0,True,Cadillac,1,18.0,True,289.0,248.0,238.0,301.0,,,False,,False
4328.178,BOT,77,10.0,98.044,31.05,40.161,26.833,1.0,MEDIUM,10.0,True,Cadillac,1,18.0,True,288.0,252.0,238.0,301.0,,,False,,False
4426.26,BOT,77,11.0,98.082,30.966,40.126,26.99,1.0,MEDIUM,11.0,True,Cadillac,1,18.0,True,287.0,251.0,238.0,299.0,,,False,,False
4524.114,BOT,77,12.0,97.854,30.821,39.99,27.043,1.0,MEDIUM,12.0,True,Cadillac,1,18.0,True,287.0,253.0,237.0,300.0,,,False,,False
4621.758,BOT,77,13.0,97.644,30.877,39.961,26.806,1.0,MEDIUM,13.0,True,Cadillac,1,18.0,True,288.0,253.0,239.0,299.0,,,False,,False
4719.458,BOT,77,14.0,97.7,30.689,40.01,27.001,1.0,MEDIUM,14.0,True,Cadillac,1,18.0,True,287.0,252.0,238.0,296.0,,,False,,False
4817.035,BOT,77,15.0,97.577,30.861,39.892,26.824,1.0,MEDIUM,15.0,True,Cadillac,1,18.0,True,286.0,251.0,239.0,294.0,,,False,,False
4914.702,BOT,77,16.0,97.667,30.922,39.859,26.886,1.0,MEDIUM,16.0,True,Cadillac,1,18.0,True,287.0,252.0,240.0,293.0,,,False,,False
5012.377,BOT,77,17.0,97.675,30.668,39.885,27.122,1.0,MEDIUM,17.0,True,Cadillac,1,18.0,True,288.0,250.0,240.0,290.0,,,False,,False
5110.444,BOT,77,18.0,98.067,30.914,40.043,27.11,1.0,MEDIUM,18.0,True,Cadillac,1,17.0,True,284.0,252.0,239.0,292.0,,,False,,False
5208.273,BOT,77,19.0,97.829,30.919,40.057,26.853,1.0,MEDIUM,19.0,True,Cadillac,1,17.0,True,285.0,253.0,241.0,294.0,,,False,,False
5307.061,BOT,77,20.0,98.788,30.845,40.066,27.877,1.0,MEDIUM,20.0,True,Cadillac,1,18.0,True,286.0,250.0,236.0,307.0,,,False,,False
5414.101,BOT,77,21.0,107.04,31.028,46.491,29.521,1.0,MEDIUM,21.0,True,Cadillac,167,18.0,False,287.0,209.0,236.0,263.0,,,False,,False
5513.373,BOT,77,22.0,99.272,31.891,40.531,26.85,1.0,MEDIUM,22.0,True,Cadillac,1,17.0,True,217.0,252.0,235.0,307.0,,,False,,False
5611.365,BOT,77,23.0,97.992,31.057,39.977,26.958,1.0,MEDIUM,23.0,True,Cadillac,1,17.0,True,289.0,252.0,237.0,297.0,,,False,,False
5710.541,BOT,77,24.0,99.176,31.323,40.311,27.542,1.0,MEDIUM,24.0,True,Cadillac,1,17.0,True,282.0,251.0,236.0,278.0,,,False,,False
5810.742,BOT,77,25.0,100.201,32.198,40.206,27.797,1.0,MEDIUM,25.0,True,Cadillac,1,19.0,True,290.0,253.0,236.0,275.0,,,False,,False
5908.242,BOT,77,26.0,97.5,30.781,40.014,26.705,1.0,MEDIUM,26.0,True,Cadillac,1,19.0,True,295.0,257.0,235.0,309.0,,,False,,False
6006.168,BOT,77,27.0,97.926,30.926,39.974,27.026,1.0,MEDIUM,27.0,True,Cadillac,1,19.0,True,293.0,256.0,237.0,304.0,,,False,,False
6104.766,BOT,77,28.0,98.598,30.839,40.851,26.908,1.0,MEDIUM,28.0,True,Cadillac,1,19.0,True,290.0,255.0,237.0,308.0,,,False,,False
6201.799,BOT,77,29.0,97.033,30.937,40.026,26.07,1.0,MEDIUM,29.0,True,Cadillac,1,19.0,False,288.0,255.0,,303.0,,6195.799,False,,False
6322.278,BOT,77,30.0,120.479,54.284,39.718,26.477,2.0,HARD,1.0,True,Cadillac,1,19.0,False,294.0,255.0,245.0,301.0,6227.42,,False,,False
6418.171,BOT,77,31.0,95.893,30.324,39.246,26.323,2.0,HARD,2.0,True,Cadillac,1,19.0,True,288.0,258.0,245.0,301.0,,,False,,False
6514.363,BOT,77,32.0,96.192,30.402,39.139,26.651,2.0,HARD,3.0,True,Cadillac,1,19.0,True,289.0,256.0,243.0,297.0,,,False,,False
6610.567,BOT,77,33.0,96.204,30.408,39.152,26.644,2.0,HARD,4.0,True,Cadillac,1,19.0,True,289.0,254.0,241.0,298.0,,,False,,False
6707.107,BOT,77,34.0,96.54,30.59,39.35,26.6,2.0,HARD,5.0,True,Cadillac,1,19.0,True,288.0,254.0,242.0,298.0,,,False,,False
6803.238,BOT,77,35.0,96.131,30.527,39.157,26.447,2.0,HARD,6.0,True,Cadillac,1,19.0,True,288.0,255.0,241.0,302.0,,,False,,False
6899.419,BOT,77,36.0,96.181,30.53,39.048,26.603,2.0,HARD,7.0,True,Cadillac,1,19.0,True,288.0,256.0,239.0,301.0,,,False,,False
7010.938,BOT,77,37.0,111.519,30.651,47.643,33.225,2.0,HARD,8.0,True,Cadillac,126,18.0,False,286.0,233.0,173.0,212.0,,,False,,False
7117.209,BOT,77,38.0,106.271,36.736,41.882,27.653,2.0,HARD,9.0,True,Cadillac,671,18.0,False,286.0,254.0,240.0,306.0,,,False,,False
7214.86,BOT,77,39.0,97.651,31.684,39.546,26.421,2.0,HARD,10.0,True,Cadillac,1,18.0,True,302.0,259.0,238.0,309.0,,,False,,False
7313.31,BOT,77,40.0,98.45,31.078,39.651,27.721,2.0,HARD,11.0,True,Cadillac,1,18.0,True,285.0,254.0,240.0,243.0,,,False,,False
7409.451,BOT,77,41.0,96.141,30.278,39.361,26.502,2.0,HARD,12.0,True,Cadillac,1,18.0,True,295.0,257.0,241.0,307.0,,,False,,False
7505.738,BOT,77,42.0,96.287,30.47,39.249,26.568,2.0,HARD,13.0,True,Cadillac,1,18.0,True,292.0,255.0,244.0,297.0,,,False,,False
7601.899,BOT,77,43.0,96.161,30.457,39.159,26.545,2.0,HARD,14.0,True,Cadillac,1,18.0,True,289.0,258.0,245.0,301.0,,,False,,False
7698.911,BOT,77,44.0,97.012,30.498,39.661,26.853,2.0,HARD,15.0,True,Cadillac,1,18.0,True,292.0,256.0,240.0,295.0,,,False,,False
7795.472,BOT,77,45.0,96.561,30.544,39.381,26.636,2.0,HARD,16.0,True,Cadillac,1,18.0,True,290.0,256.0,240.0,300.0,,,False,,False
7908.55,BOT,77,46.0,113.078,30.985,51.633,30.46,2.0,HARD,17.0,True,Cadillac,124,18.0,False,284.0,238.0,,219.0,,7902.647,False,,False
8053.228,BOT,77,47.0,144.678,58.164,52.734,33.78,3.0,SOFT,1.0,True,Cadillac,4,17.0,False,239.0,207.0,219.0,213.0,7932.196,,False,,False
8155.117,BOT,77,48.0,101.889,31.263,40.088,30.538,3.0,SOFT,2.0,True,Cadillac,4,17.0,False,297.0,252.0,233.0,170.0,,,False,,False
8269.055,BOT,77,49.0,113.938,30.362,42.713,40.863,3.0,SOFT,3.0,True,Cadillac,4,17.0,False,299.0,161.0,168.0,207.0,,,False,,False
8375.537,BOT,77,50.0,106.482,39.834,40.253,26.395,3.0,SOFT,4.0,True,Cadillac,4,17.0,False,256.0,259.0,241.0,316.0,,,False,,False
8474.163,BOT,77,51.0,98.626,31.723,40.17,26.733,3.0,SOFT,5.0,True,Cadillac,4,17.0,False,277.0,260.0,235.0,311.0,,,False,,False
8579.295,BOT,77,52.0,105.132,30.176,43.612,31.344,3.0,SOFT,6.0,True,Cadillac,4,17.0,False,296.0,209.0,243.0,254.0,,,False,,False
3445.274,PIA,81,1.0,105.476,,41.312,29.039,1.0,MEDIUM,1.0,True,McLaren,12,14.0,False,306.0,247.0,223.0,292.0,,,False,,False
3566.238,PIA,81,2.0,120.964,36.201,52.643,32.12,1.0,MEDIUM,2.0,True,McLaren,12,21.0,False,228.0,181.0,,222.0,,3560.265,False,,False
3693.453,PIA,81,3.0,127.215,62.771,38.61,25.834,2.0,HARD,1.0,True,McLaren,1,21.0,False,298.0,260.0,252.0,297.0,3600.945,,False,,False
3787.816,PIA,81,4.0,94.363,29.699,38.551,26.113,2.0,HARD,2.0,True,McLaren,1,21.0,True,295.0,256.0,251.0,297.0,,,False,,False
3882.537,PIA,81,5.0,94.721,30.083,38.612,26.026,2.0,HARD,3.0,True,McLaren,1,21.0,True,290.0,259.0,251.0,298.0,,,False,,False
3977.168,PIA,81,6.0,94.631,30.059,38.529,26.043,2.0,HARD,4.0,True,McLaren,1,21.0,True,290.0,257.0,249.0,299.0,,,False,,False
4072.046,PIA,81,7.0,94.878,30.238,38.645,25.995,2.0,HARD,5.0,True,McLaren,1,21.0,True,287.0,257.0,250.0,297.0,,,False,,False
4166.844,PIA,81,8.0,94.798,30.259,38.491,26.048,2.0,HARD,6.0,True,McLaren,1,21.0,True,289.0,256.0,249.0,299.0,,,False,,False
4262.24,PIA,81,9.0,95.396,30.393,38.902,26.101,2.0,HARD,7.0,True,McLaren,1,21.0,True,288.0,255.0,250.0,299.0,,,False,,False
4357.464,PIA,81,10.0,95.224,30.284,38.71,26.23,2.0,HARD,8.0,True,McLaren,1,21.0,True,290.0,256.0,247.0,299.0,,,False,,False
4452.766,PIA,81,11.0,95.302,30.249,38.832,26.221,2.0,HARD,9.0,True,McLaren,1,21.0,True,288.0,255.0,249.0,300.0,,,False,,False
4548.406,PIA,81,12.0,95.64,30.387,38.842,26.411,2.0,HARD,10.0,True,McLaren,1,21.0,True,288.0,257.0,249.0,298.0,,,False,,False
4643.588,PIA,81,13.0,95.182,30.132,38.891,26.159,2.0,HARD,11.0,True,McLaren,1,21.0,True,294.0,257.0,250.0,300.0,,,False,,False
4738.905,PIA,81,14.0,95.317,30.155,38.884,26.278,2.0,HARD,12.0,True,McLaren,1,21.0,True,293.0,256.0,248.0,306.0,,,False,,False
4835.229,PIA,81,15.0,96.324,30.305,39.735,26.284,2.0,HARD,13.0,True,McLaren,1,19.0,True,306.0,255.0,249.0,296.0,,,False,,False
4930.386,PIA,81,16.0,95.157,30.136,38.876,26.145,2.0,HARD,14.0,True,McLaren,1,19.0,True,289.0,255.0,249.0,297.0,,,False,,False
5025.627,PIA,81,17.0,95.241,30.129,38.955,26.157,2.0,HARD,15.0,True,McLaren,1,19.0,True,293.0,254.0,250.0,298.0,,,False,,False
5120.555,PIA,81,18.0,94.928,30.043,38.697,26.188,2.0,HARD,16.0,True,McLaren,1,19.0,True,291.0,257.0,250.0,298.0,,,False,,False
5215.418,PIA,81,19.0,94.863,30.088,38.677,26.098,2.0,HARD,17.0,True,McLaren,1,19.0,True,296.0,258.0,249.0,301.0,,,False,,False
5310.414,PIA,81,20.0,94.996,30.127,38.632,26.237,2.0,HARD,18.0,True,McLaren,1,19.0,True,295.0,258.0,247.0,305.0,,,False,,False
5415.792,PIA,81,21.0,105.378,30.093,48.547,26.738,2.0,HARD,19.0,True,McLaren,167,19.0,False,301.0,255.0,249.0,300.0,,,False,,False
5511.087,PIA,81,22.0,95.295,30.171,38.833,26.291,2.0,HARD,20.0,True,McLaren,1,16.0,True,301.0,253.0,249.0,296.0,,,False,,False
5606.051,PIA,81,23.0,94.964,30.07,38.75,26.144,2.0,HARD,21.0,True,McLaren,1,16.0,True,296.0,255.0,251.0,297.0,,,False,,False
5700.814,PIA,81,24.0,94.763,29.969,38.682,26.112,2.0,HARD,22.0,True,McLaren,1,16.0,True,300.0,256.0,248.0,297.0,,,False,,False
5795.499,PIA,81,25.0,94.685,29.986,38.66,26.039,2.0,HARD,23.0,True,McLaren,1,16.0,True,295.0,258.0,249.0,303.0,,,False,,False
5890.115,PIA,81,26.0,94.616,29.931,38.694,25.991,2.0,HARD,24.0,True,McLaren,1,16.0,True,300.0,259.0,249.0,305.0,,,False,,False
5985.105,PIA,81,27.0,94.99,29.847,38.678,26.465,2.0,HARD,25.0,True,McLaren,1,16.0,True,307.0,257.0,244.0,310.0,,,False,,False
6080.999,PIA,81,28.0,95.894,29.965,39.163,26.766,2.0,HARD,26.0,True,McLaren,1,16.0,True,308.0,252.0,245.0,313.0,,,True,TRACK LIMITS AT TURN 15 LAP 28 ,False
6176.401,PIA,81,29.0,95.402,29.997,38.995,26.41,2.0,HARD,27.0,True,McLaren,1,15.0,True,331.0,256.0,250.0,300.0,,,False,,False
6271.686,PIA,81,30.0,95.285,30.177,38.837,26.271,2.0,HARD,28.0,True,McLaren,1,15.0,True,293.0,255.0,250.0,303.0,,,False,,False
6368.371,PIA,81,31.0,96.685,30.001,38.922,27.762,2.0,HARD,29.0,True,McLaren,1,15.0,True,297.0,257.0,246.0,222.0,,,False,,False
6464.081,PIA,81,32.0,95.71,30.248,39.064,26.398,2.0,HARD,30.0,True,McLaren,1,15.0,True,292.0,252.0,250.0,303.0,,,False,,False
6559.384,PIA,81,33.0,95.303,29.698,39.365,26.24,2.0,HARD,31.0,True,McLaren,1,14.0,True,312.0,258.0,242.0,338.0,,,False,,False
6656.2,PIA,81,34.0,96.816,30.523,39.538,26.755,2.0,HARD,32.0,True,McLaren,1,14.0,True,289.0,248.0,248.0,290.0,,,False,,False
6752.129,PIA,81,35.0,95.929,30.297,39.011,26.621,2.0,HARD,33.0,True,McLaren,1,13.0,True,285.0,254.0,246.0,295.0,,,False,,False
6846.675,PIA,81,36.0,94.546,30.259,38.522,25.765,2.0,HARD,34.0,True,McLaren,1,13.0,False,290.0,255.0,,297.0,,6840.78,False,,False
6968.08,PIA,81,37.0,121.405,51.19,38.591,31.624,3.0,MEDIUM,4.0,False,McLaren,126,16.0,False,305.0,257.0,152.0,304.0,6870.249,,False,,False
7079.242,PIA,81,38.0,111.162,39.459,46.345,25.358,3.0,MEDIUM,5.0,False,McLaren,671,16.0,False,192.0,264.0,255.0,316.0,,,False,,False
7172.411,PIA,81,39.0,93.169,29.221,38.075,25.873,3.0,MEDIUM,6.0,False,McLaren,1,15.0,True,324.0,259.0,251.0,314.0,,,False,,False
7265.946,PIA,81,40.0,93.535,29.857,38.004,25.674,3.0,MEDIUM,7.0,False,McLaren,1,14.0,True,322.0,257.0,252.0,303.0,,,False,,False
7359.091,PIA,81,41.0,93.145,29.591,37.832,25.722,3.0,MEDIUM,8.0,False,McLaren,1,14.0,True,301.0,259.0,254.0,308.0,,,False,,False
7452.008,PIA,81,42.0,92.917,29.338,37.837,25.742,3.0,MEDIUM,9.0,False,McLaren,1,14.0,True,308.0,261.0,252.0,309.0,,,False,,False
7545.077,PIA,81,43.0,93.069,29.411,37.805,25.853,3.0,MEDIUM,10.0,False,McLaren,1,14.0,True,311.0,259.0,252.0,313.0,,,False,,False
7639.364,PIA,81,44.0,94.287,29.704,38.782,25.801,3.0,MEDIUM,11.0,False,McLaren,1,13.0,True,299.0,259.0,253.0,325.0,,,False,,False
7732.769,PIA,81,45.0,93.405,29.671,37.961,25.773,3.0,MEDIUM,12.0,False,McLaren,1,13.0,True,294.0,258.0,252.0,297.0,,,False,,False
7825.801,PIA,81,46.0,93.032,29.662,37.617,25.753,3.0,MEDIUM,13.0,False,McLaren,12,13.0,True,298.0,261.0,253.0,301.0,,,False,,False
7946.15,PIA,81,47.0,120.349,38.814,50.087,31.448,3.0,MEDIUM,14.0,False,McLaren,24,12.0,False,202.0,215.0,,207.0,,7940.318,False,,False
8095.043,PIA,81,48.0,148.893,59.509,50.367,39.017,4.0,SOFT,4.0,False,McLaren,4,13.0,False,253.0,244.0,252.0,252.0,7969.334,,False,,False
8258.325,PIA,81,49.0,,44.661,69.974,48.599,4.0,SOFT,5.0,False,McLaren,4,12.0,False,138.0,99.0,94.0,89.0,,,False,,False
8353.031,PIA,81,50.0,94.706,32.075,37.254,25.377,4.0,SOFT,6.0,False,McLaren,4,12.0,False,302.0,261.0,259.0,294.0,,,False,,False
8446.617,PIA,81,51.0,93.586,29.187,37.384,27.015,4.0,SOFT,7.0,False,McLaren,4,12.0,False,295.0,263.0,232.0,296.0,,,False,,False
8575.195,PIA,81,52.0,128.578,36.926,57.888,33.764,4.0,SOFT,8.0,False,McLaren,4,12.0,False,168.0,146.0,244.0,238.0,,,False,,False
3449.355,BEA,87,1.0,109.557,,45.662,26.726,1.0,MEDIUM,1.0,True,Haas F1 Team,12,20.0,False,300.0,257.0,240.0,308.0,,,False,,False
3547.188,BEA,87,2.0,97.833,31.131,40.153,26.549,1.0,MEDIUM,2.0,True,Haas F1 Team,12,17.0,True,293.0,256.0,241.0,319.0,,,False,,False
3644.561,BEA,87,3.0,97.373,30.648,39.82,26.905,1.0,MEDIUM,3.0,True,Haas F1 Team,1,17.0,True,294.0,248.0,240.0,298.0,,,False,,False
3741.691,BEA,87,4.0,97.13,30.764,39.786,26.58,1.0,MEDIUM,4.0,True,Haas F1 Team,1,17.0,True,293.0,255.0,240.0,309.0,,,False,,False
3838.558,BEA,87,5.0,96.867,30.224,39.922,26.721,1.0,MEDIUM,5.0,True,Haas F1 Team,1,17.0,True,306.0,253.0,239.0,304.0,,,False,,False
3935.037,BEA,87,6.0,96.479,30.422,39.678,26.379,1.0,MEDIUM,6.0,True,Haas F1 Team,1,16.0,True,311.0,257.0,240.0,339.0,,,False,,False
4032.368,BEA,87,7.0,97.331,30.795,39.64,26.896,1.0,MEDIUM,7.0,True,Haas F1 Team,1,16.0,True,288.0,252.0,240.0,292.0,,,False,,False
4129.573,BEA,87,8.0,97.205,30.83,39.579,26.796,1.0,MEDIUM,8.0,True,Haas F1 Team,1,16.0,True,284.0,252.0,242.0,294.0,,,False,,False
4226.862,BEA,87,9.0,97.289,30.719,39.748,26.822,1.0,MEDIUM,9.0,True,Haas F1 Team,1,16.0,True,289.0,251.0,240.0,299.0,,,False,,False
4325.231,BEA,87,10.0,98.369,30.849,40.706,26.814,1.0,MEDIUM,10.0,True,Haas F1 Team,1,17.0,True,289.0,255.0,236.0,311.0,,,False,,False
4422.272,BEA,87,11.0,97.041,30.688,39.695,26.658,1.0,MEDIUM,11.0,True,Haas F1 Team,1,17.0,True,295.0,254.0,235.0,308.0,,,False,,False
4519.452,BEA,87,12.0,97.18,30.782,39.642,26.756,1.0,MEDIUM,12.0,True,Haas F1 Team,1,17.0,True,290.0,252.0,238.0,305.0,,,False,,False
4616.571,BEA,87,13.0,97.119,30.628,39.897,26.594,1.0,MEDIUM,13.0,True,Haas F1 Team,1,17.0,True,293.0,254.0,237.0,312.0,,,False,,False
4713.465,BEA,87,14.0,96.894,30.442,39.76,26.692,1.0,MEDIUM,14.0,True,Haas F1 Team,1,17.0,True,295.0,256.0,234.0,311.0,,,False,,False
4810.6,BEA,87,15.0,97.135,30.415,39.887,26.833,1.0,MEDIUM,15.0,True,Haas F1 Team,1,17.0,True,306.0,252.0,237.0,299.0,,,False,,False
4907.596,BEA,87,16.0,96.996,30.596,39.756,26.644,1.0,MEDIUM,16.0,True,Haas F1 Team,1,17.0,True,296.0,256.0,236.0,317.0,,,False,,False
5004.604,BEA,87,17.0,97.008,30.655,39.733,26.62,1.0,MEDIUM,17.0,True,Haas F1 Team,1,17.0,True,295.0,255.0,237.0,317.0,,,False,,False
5102.057,BEA,87,18.0,97.453,30.741,39.895,26.817,1.0,MEDIUM,18.0,True,Haas F1 Team,1,16.0,True,293.0,254.0,237.0,320.0,,,False,,False
5199.214,BEA,87,19.0,97.157,30.873,39.683,26.601,1.0,MEDIUM,19.0,True,Haas F1 Team,1,16.0,True,284.0,252.0,239.0,314.0,,,False,,False
5295.943,BEA,87,20.0,96.729,30.705,39.576,26.448,1.0,MEDIUM,20.0,True,Haas F1 Team,1,16.0,True,289.0,256.0,239.0,317.0,,,False,,False
5402.799,BEA,87,21.0,106.856,30.102,43.217,33.537,1.0,MEDIUM,21.0,True,Haas F1 Team,167,15.0,False,327.0,150.0,239.0,244.0,,,False,,False
5499.218,BEA,87,22.0,96.419,30.689,39.352,26.378,1.0,MEDIUM,22.0,True,Haas F1 Team,1,13.0,True,283.0,255.0,240.0,300.0,,,False,,False
5595.875,BEA,87,23.0,96.657,30.718,39.418,26.521,1.0,MEDIUM,23.0,True,Haas F1 Team,1,12.0,True,284.0,255.0,241.0,299.0,,,False,,False
5692.831,BEA,87,24.0,96.956,30.665,39.775,26.516,1.0,MEDIUM,24.0,True,Haas F1 Team,1,12.0,True,285.0,256.0,241.0,306.0,,,False,,False
5789.326,BEA,87,25.0,96.495,30.546,39.465,26.484,1.0,MEDIUM,25.0,True,Haas F1 Team,1,12.0,True,288.0,254.0,241.0,302.0,,,False,,False
5885.943,BEA,87,26.0,96.617,30.623,39.54,26.454,1.0,MEDIUM,26.0,True,Haas F1 Team,1,12.0,True,287.0,258.0,239.0,303.0,,,False,,False
5983.263,BEA,87,27.0,97.32,30.514,40.151,26.655,1.0,MEDIUM,27.0,True,Haas F1 Team,1,14.0,True,287.0,259.0,237.0,315.0,,,False,,False
6080.448,BEA,87,28.0,97.185,30.457,40.003,26.725,1.0,MEDIUM,28.0,True,Haas F1 Team,1,15.0,True,294.0,258.0,239.0,309.0,,,False,,False
6176.808,BEA,87,29.0,96.36,30.372,40.339,25.649,1.0,MEDIUM,29.0,True,Haas F1 Team,1,16.0,False,301.0,258.0,,317.0,,6170.91,False,,False
6293.565,BEA,87,30.0,116.757,51.833,38.877,26.047,2.0,HARD,1.0,True,Haas F1 Team,1,18.0,False,292.0,258.0,247.0,302.0,6200.83,,False,,False
6388.02,BEA,87,31.0,94.455,30.039,38.448,25.968,2.0,HARD,2.0,True,Haas F1 Team,1,17.0,True,290.0,261.0,248.0,319.0,,,False,,False
6482.874,BEA,87,32.0,94.854,30.107,38.593,26.154,2.0,HARD,3.0,True,Haas F1 Team,1,17.0,True,288.0,254.0,246.0,298.0,,,False,,False
6577.88,BEA,87,33.0,95.006,30.146,38.598,26.262,2.0,HARD,4.0,True,Haas F1 Team,1,17.0,True,291.0,255.0,244.0,303.0,,,False,,False
6672.445,BEA,87,34.0,94.565,29.872,39.047,25.646,2.0,HARD,5.0,True,Haas F1 Team,1,16.0,True,308.0,259.0,245.0,322.0,,,False,,False
6767.797,BEA,87,35.0,95.352,30.459,38.784,26.109,2.0,HARD,6.0,True,Haas F1 Team,1,16.0,True,288.0,257.0,246.0,303.0,,,False,,False
6862.801,BEA,87,36.0,95.004,30.282,38.567,26.155,2.0,HARD,7.0,True,Haas F1 Team,1,16.0,True,287.0,256.0,245.0,295.0,,,False,,False
6962.687,BEA,87,37.0,99.886,30.398,38.725,30.763,2.0,HARD,8.0,True,Haas F1 Team,126,14.0,False,287.0,257.0,165.0,297.0,,,False,,False
7075.696,BEA,87,38.0,113.009,42.055,45.093,25.861,2.0,HARD,9.0,True,Haas F1 Team,671,14.0,False,218.0,260.0,246.0,319.0,,,False,,False
7172.127,BEA,87,39.0,96.431,30.137,40.253,26.041,2.0,HARD,10.0,True,Haas F1 Team,1,14.0,True,288.0,259.0,244.0,323.0,,,False,,False
7267.591,BEA,87,40.0,95.464,30.143,39.141,26.18,2.0,HARD,11.0,True,Haas F1 Team,1,15.0,True,306.0,260.0,244.0,307.0,,,False,,False
7362.754,BEA,87,41.0,95.163,30.255,38.803,26.105,2.0,HARD,12.0,True,Haas F1 Team,1,15.0,True,292.0,259.0,245.0,305.0,,,False,,False
7457.743,BEA,87,42.0,94.989,30.134,38.71,26.145,2.0,HARD,13.0,True,Haas F1 Team,1,15.0,True,291.0,260.0,242.0,305.0,,,False,,False
7553.619,BEA,87,43.0,95.876,30.909,38.897,26.07,2.0,HARD,14.0,True,Haas F1 Team,1,15.0,True,297.0,260.0,244.0,311.0,,,False,,False
7649.613,BEA,87,44.0,95.994,30.273,38.571,27.15,2.0,HARD,15.0,True,Haas F1 Team,1,15.0,True,290.0,261.0,240.0,306.0,,,False,,False
7744.529,BEA,87,45.0,94.916,30.11,38.607,26.199,2.0,HARD,16.0,True,Haas F1 Team,1,15.0,True,307.0,259.0,243.0,301.0,,,False,,False
7845.279,BEA,87,46.0,100.75,29.922,38.767,32.061,2.0,HARD,17.0,True,Haas F1 Team,124,15.0,False,307.0,259.0,128.0,312.0,,,False,,False
7967.543,BEA,87,47.0,122.264,41.072,48.081,33.111,2.0,HARD,18.0,True,Haas F1 Team,4,14.0,False,270.0,192.0,,215.0,,7961.735,False,,False
8110.815,BEA,87,48.0,143.272,58.881,51.057,33.334,3.0,SOFT,4.0,False,Haas F1 Team,4,14.0,False,184.0,154.0,252.0,179.0,7991.94,,False,,False
8260.547,BEA,87,49.0,149.732,33.07,68.25,48.412,3.0,SOFT,5.0,False,Haas F1 Team,4,14.0,False,196.0,108.0,90.0,108.0,,,False,,False
8363.259,BEA,87,50.0,102.712,37.14,39.158,26.414,3.0,SOFT,6.0,False,Haas F1 Team,4,14.0,False,227.0,263.0,248.0,280.0,,,False,,False
8459.433,BEA,87,51.0,96.174,29.887,39.571,26.716,3.0,SOFT,7.0,False,Haas F1 Team,4,14.0,False,275.0,263.0,245.0,273.0,,,False,,False
8576.378,BEA,87,52.0,116.945,30.246,54.01,32.689,3.0,SOFT,8.0,False,Haas F1 Team,4,14.0,False,234.0,174.0,248.0,245.0,,,False,,False
